,Unnamed: 0,image,depth,meta,dataset,control_geo
0,0,../../data/moge_dataset/DDAD/val/000007/CAMERA_06/image.jpg,../../data/moge_dataset/DDAD/val/000007/CAMERA_06/depth.png,../../data/moge_dataset/DDAD/val/000007/CAMERA_06/meta.json,DDAD,../../data/depthanything/moge_dataset/DDAD/val/000007/CAMERA_06/image.png
1,1,../../data/moge_dataset/DDAD/val/000016/CAMERA_05/image.jpg,../../data/moge_dataset/DDAD/val/000016/CAMERA_05/depth.png,../../data/moge_dataset/DDAD/val/000016/CAMERA_05/meta.json,DDAD,../../data/depthanything/moge_dataset/DDAD/val/000016/CAMERA_05/image.png
2,2,../../data/moge_dataset/DDAD/val/000019/CAMERA_05/image.jpg,../../data/moge_dataset/DDAD/val/000019/CAMERA_05/depth.png,../../data/moge_dataset/DDAD/val/000019/CAMERA_05/meta.json,DDAD,../../data/depthanything/moge_dataset/DDAD/val/000019/CAMERA_05/image.png
3,3,../../data/moge_dataset/DDAD/val/000024/CAMERA_01/image.jpg,../../data/moge_dataset/DDAD/val/000024/CAMERA_01/depth.png,../../data/moge_dataset/DDAD/val/000024/CAMERA_01/meta.json,DDAD,../../data/depthanything/moge_dataset/DDAD/val/000024/CAMERA_01/image.png
4,4,../../data/moge_dataset/DDAD/val/000033/CAMERA_06/image.jpg,../../data/moge_dataset/DDAD/val/000033/CAMERA_06/depth.png,../../data/moge_dataset/DDAD/val/000033/CAMERA_06/meta.json,DDAD,../../data/depthanything/moge_dataset/DDAD/val/000033/CAMERA_06/image.png
5,5,../../data/moge_dataset/DDAD/val/000034/CAMERA_09/image.jpg,../../data/moge_dataset/DDAD/val/000034/CAMERA_09/depth.png,../../data/moge_dataset/DDAD/val/000034/CAMERA_09/meta.json,DDAD,../../data/depthanything/moge_dataset/DDAD/val/000034/CAMERA_09/image.png
6,6,../../data/moge_dataset/DDAD/val/000037/CAMERA_01/image.jpg,../../data/moge_dataset/DDAD/val/000037/CAMERA_01/depth.png,../../data/moge_dataset/DDAD/val/000037/CAMERA_01/meta.json,DDAD,../../data/depthanything/moge_dataset/DDAD/val/000037/CAMERA_01/image.png
7,7,../../data/moge_dataset/DDAD/val/000040/CAMERA_06/image.jpg,../../data/moge_dataset/DDAD/val/000040/CAMERA_06/depth.png,../../data/moge_dataset/DDAD/val/000040/CAMERA_06/meta.json,DDAD,../../data/depthanything/moge_dataset/DDAD/val/000040/CAMERA_06/image.png
8,8,../../data/moge_dataset/DDAD/val/000050/CAMERA_01/image.jpg,../../data/moge_dataset/DDAD/val/000050/CAMERA_01/depth.png,../../data/moge_dataset/DDAD/val/000050/CAMERA_01/meta.json,DDAD,../../data/depthanything/moge_dataset/DDAD/val/000050/CAMERA_01/image.png
9,9,../../data/moge_dataset/DDAD/val/000055/CAMERA_05/image.jpg,../../data/moge_dataset/DDAD/val/000055/CAMERA_05/depth.png,../../data/moge_dataset/DDAD/val/000055/CAMERA_05/meta.json,DDAD,../../data/depthanything/moge_dataset/DDAD/val/000055/CAMERA_05/image.png
10,10,../../data/moge_dataset/DDAD/val/000056/CAMERA_06/image.jpg,../../data/moge_dataset/DDAD/val/000056/CAMERA_06/depth.png,../../data/moge_dataset/DDAD/val/000056/CAMERA_06/meta.json,DDAD,../../data/depthanything/moge_dataset/DDAD/val/000056/CAMERA_06/image.png
11,11,../../data/moge_dataset/DDAD/val/000061/CAMERA_06/image.jpg,../../data/moge_dataset/DDAD/val/000061/CAMERA_06/depth.png,../../data/moge_dataset/DDAD/val/000061/CAMERA_06/meta.json,DDAD,../../data/depthanything/moge_dataset/DDAD/val/000061/CAMERA_06/image.png
12,12,../../data/moge_dataset/DDAD/val/000061/CAMERA_09/image.jpg,../../data/moge_dataset/DDAD/val/000061/CAMERA_09/depth.png,../../data/moge_dataset/DDAD/val/000061/CAMERA_09/meta.json,DDAD,../../data/depthanything/moge_dataset/DDAD/val/000061/CAMERA_09/image.png
13,13,../../data/moge_dataset/DDAD/val/000065/CAMERA_06/image.jpg,../../data/moge_dataset/DDAD/val/000065/CAMERA_06/depth.png,../../data/moge_dataset/DDAD/val/000065/CAMERA_06/meta.json,DDAD,../../data/depthanything/moge_dataset/DDAD/val/000065/CAMERA_06/image.png
14,14,../../data/moge_dataset/DDAD/val/000065/CAMERA_09/image.jpg,../../data/moge_dataset/DDAD/val/000065/CAMERA_09/depth.png,../../data/moge_dataset/DDAD/val/000065/CAMERA_09/meta.json,DDAD,../../data/depthanything/moge_dataset/DDAD/val/000065/CAMERA_09/image.png
15,15,../../data/moge_dataset/DDAD/val/000068/CAMERA_06/image.jpg,../../data/moge_dataset/DDAD/val/000068/CAMERA_06/depth.png,../../data/moge_dataset/DDAD/val/000068/CAMERA_06/meta.json,DDAD,../../data/depthanything/moge_dataset/DDAD/val/000068/CAMERA_06/image.png
16,16,../../data/moge_dataset/DDAD/val/000080/CAMERA_05/image.jpg,../../data/moge_dataset/DDAD/val/000080/CAMERA_05/depth.png,../../data/moge_dataset/DDAD/val/000080/CAMERA_05/meta.json,DDAD,../../data/depthanything/moge_dataset/DDAD/val/000080/CAMERA_05/image.png
17,17,../../data/moge_dataset/DDAD/val/000094/CAMERA_06/image.jpg,../../data/moge_dataset/DDAD/val/000094/CAMERA_06/depth.png,../../data/moge_dataset/DDAD/val/000094/CAMERA_06/meta.json,DDAD,../../data/depthanything/moge_dataset/DDAD/val/000094/CAMERA_06/image.png
18,18,../../data/moge_dataset/DDAD/val/000095/CAMERA_06/image.jpg,../../data/moge_dataset/DDAD/val/000095/CAMERA_06/depth.png,../../data/moge_dataset/DDAD/val/000095/CAMERA_06/meta.json,DDAD,../../data/depthanything/moge_dataset/DDAD/val/000095/CAMERA_06/image.png
19,19,../../data/moge_dataset/DDAD/val/000100/CAMERA_01/image.jpg,../../data/moge_dataset/DDAD/val/000100/CAMERA_01/depth.png,../../data/moge_dataset/DDAD/val/000100/CAMERA_01/meta.json,DDAD,../../data/depthanything/moge_dataset/DDAD/val/000100/CAMERA_01/image.png
20,20,../../data/moge_dataset/DDAD/val/000101/CAMERA_09/image.jpg,../../data/moge_dataset/DDAD/val/000101/CAMERA_09/depth.png,../../data/moge_dataset/DDAD/val/000101/CAMERA_09/meta.json,DDAD,../../data/depthanything/moge_dataset/DDAD/val/000101/CAMERA_09/image.png
21,21,../../data/moge_dataset/DDAD/val/000104/CAMERA_05/image.jpg,../../data/moge_dataset/DDAD/val/000104/CAMERA_05/depth.png,../../data/moge_dataset/DDAD/val/000104/CAMERA_05/meta.json,DDAD,../../data/depthanything/moge_dataset/DDAD/val/000104/CAMERA_05/image.png
22,22,../../data/moge_dataset/DDAD/val/000106/CAMERA_05/image.jpg,../../data/moge_dataset/DDAD/val/000106/CAMERA_05/depth.png,../../data/moge_dataset/DDAD/val/000106/CAMERA_05/meta.json,DDAD,../../data/depthanything/moge_dataset/DDAD/val/000106/CAMERA_05/image.png
23,23,../../data/moge_dataset/DDAD/val/000106/CAMERA_06/image.jpg,../../data/moge_dataset/DDAD/val/000106/CAMERA_06/depth.png,../../data/moge_dataset/DDAD/val/000106/CAMERA_06/meta.json,DDAD,../../data/depthanything/moge_dataset/DDAD/val/000106/CAMERA_06/image.png
24,24,../../data/moge_dataset/DDAD/val/000108/CAMERA_01/image.jpg,../../data/moge_dataset/DDAD/val/000108/CAMERA_01/depth.png,../../data/moge_dataset/DDAD/val/000108/CAMERA_01/meta.json,DDAD,../../data/depthanything/moge_dataset/DDAD/val/000108/CAMERA_01/image.png
25,25,../../data/moge_dataset/DDAD/val/000111/CAMERA_05/image.jpg,../../data/moge_dataset/DDAD/val/000111/CAMERA_05/depth.png,../../data/moge_dataset/DDAD/val/000111/CAMERA_05/meta.json,DDAD,../../data/depthanything/moge_dataset/DDAD/val/000111/CAMERA_05/image.png
26,26,../../data/moge_dataset/DDAD/val/000112/CAMERA_06/image.jpg,../../data/moge_dataset/DDAD/val/000112/CAMERA_06/depth.png,../../data/moge_dataset/DDAD/val/000112/CAMERA_06/meta.json,DDAD,../../data/depthanything/moge_dataset/DDAD/val/000112/CAMERA_06/image.png
27,27,../../data/moge_dataset/DDAD/val/000122/CAMERA_01/image.jpg,../../data/moge_dataset/DDAD/val/000122/CAMERA_01/depth.png,../../data/moge_dataset/DDAD/val/000122/CAMERA_01/meta.json,DDAD,../../data/depthanything/moge_dataset/DDAD/val/000122/CAMERA_01/image.png
28,28,../../data/moge_dataset/DDAD/val/000122/CAMERA_06/image.jpg,../../data/moge_dataset/DDAD/val/000122/CAMERA_06/depth.png,../../data/moge_dataset/DDAD/val/000122/CAMERA_06/meta.json,DDAD,../../data/depthanything/moge_dataset/DDAD/val/000122/CAMERA_06/image.png
29,29,../../data/moge_dataset/DDAD/val/000125/CAMERA_05/image.jpg,../../data/moge_dataset/DDAD/val/000125/CAMERA_05/depth.png,../../data/moge_dataset/DDAD/val/000125/CAMERA_05/meta.json,DDAD,../../data/depthanything/moge_dataset/DDAD/val/000125/CAMERA_05/image.png
30,30,../../data/moge_dataset/DDAD/val/000127/CAMERA_06/image.jpg,../../data/moge_dataset/DDAD/val/000127/CAMERA_06/depth.png,../../data/moge_dataset/DDAD/val/000127/CAMERA_06/meta.json,DDAD,../../data/depthanything/moge_dataset/DDAD/val/000127/CAMERA_06/image.png
31,31,../../data/moge_dataset/DDAD/val/000130/CAMERA_01/image.jpg,../../data/moge_dataset/DDAD/val/000130/CAMERA_01/depth.png,../../data/moge_dataset/DDAD/val/000130/CAMERA_01/meta.json,DDAD,../../data/depthanything/moge_dataset/DDAD/val/000130/CAMERA_01/image.png
32,32,../../data/moge_dataset/DDAD/val/000131/CAMERA_09/image.jpg,../../data/moge_dataset/DDAD/val/000131/CAMERA_09/depth.png,../../data/moge_dataset/DDAD/val/000131/CAMERA_09/meta.json,DDAD,../../data/depthanything/moge_dataset/DDAD/val/000131/CAMERA_09/image.png
33,33,../../data/moge_dataset/DDAD/val/000144/CAMERA_01/image.jpg,../../data/moge_dataset/DDAD/val/000144/CAMERA_01/depth.png,../../data/moge_dataset/DDAD/val/000144/CAMERA_01/meta.json,DDAD,../../data/depthanything/moge_dataset/DDAD/val/000144/CAMERA_01/image.png
34,34,../../data/moge_dataset/DDAD/val/000145/CAMERA_06/image.jpg,../../data/moge_dataset/DDAD/val/000145/CAMERA_06/depth.png,../../data/moge_dataset/DDAD/val/000145/CAMERA_06/meta.json,DDAD,../../data/depthanything/moge_dataset/DDAD/val/000145/CAMERA_06/image.png
35,35,../../data/moge_dataset/DDAD/val/000148/CAMERA_05/image.jpg,../../data/moge_dataset/DDAD/val/000148/CAMERA_05/depth.png,../../data/moge_dataset/DDAD/val/000148/CAMERA_05/meta.json,DDAD,../../data/depthanything/moge_dataset/DDAD/val/000148/CAMERA_05/image.png
36,36,../../data/moge_dataset/DDAD/val/000152/CAMERA_09/image.jpg,../../data/moge_dataset/DDAD/val/000152/CAMERA_09/depth.png,../../data/moge_dataset/DDAD/val/000152/CAMERA_09/meta.json,DDAD,../../data/depthanything/moge_dataset/DDAD/val/000152/CAMERA_09/image.png
37,37,../../data/moge_dataset/DDAD/val/000154/CAMERA_01/image.jpg,../../data/moge_dataset/DDAD/val/000154/CAMERA_01/depth.png,../../data/moge_dataset/DDAD/val/000154/CAMERA_01/meta.json,DDAD,../../data/depthanything/moge_dataset/DDAD/val/000154/CAMERA_01/image.png
38,38,../../data/moge_dataset/DDAD/val/000154/CAMERA_09/image.jpg,../../data/moge_dataset/DDAD/val/000154/CAMERA_09/depth.png,../../data/moge_dataset/DDAD/val/000154/CAMERA_09/meta.json,DDAD,../../data/depthanything/moge_dataset/DDAD/val/000154/CAMERA_09/image.png
39,39,../../data/moge_dataset/DDAD/val/000157/CAMERA_09/image.jpg,../../data/moge_dataset/DDAD/val/000157/CAMERA_09/depth.png,../../data/moge_dataset/DDAD/val/000157/CAMERA_09/meta.json,DDAD,../../data/depthanything/moge_dataset/DDAD/val/000157/CAMERA_09/image.png
40,40,../../data/moge_dataset/DDAD/val/000164/CAMERA_06/image.jpg,../../data/moge_dataset/DDAD/val/000164/CAMERA_06/depth.png,../../data/moge_dataset/DDAD/val/000164/CAMERA_06/meta.json,DDAD,../../data/depthanything/moge_dataset/DDAD/val/000164/CAMERA_06/image.png
41,41,../../data/moge_dataset/DDAD/val/000182/CAMERA_05/image.jpg,../../data/moge_dataset/DDAD/val/000182/CAMERA_05/depth.png,../../data/moge_dataset/DDAD/val/000182/CAMERA_05/meta.json,DDAD,../../data/depthanything/moge_dataset/DDAD/val/000182/CAMERA_05/image.png
42,42,../../data/moge_dataset/DDAD/val/000184/CAMERA_06/image.jpg,../../data/moge_dataset/DDAD/val/000184/CAMERA_06/depth.png,../../data/moge_dataset/DDAD/val/000184/CAMERA_06/meta.json,DDAD,../../data/depthanything/moge_dataset/DDAD/val/000184/CAMERA_06/image.png
43,43,../../data/moge_dataset/DDAD/val/000187/CAMERA_05/image.jpg,../../data/moge_dataset/DDAD/val/000187/CAMERA_05/depth.png,../../data/moge_dataset/DDAD/val/000187/CAMERA_05/meta.json,DDAD,../../data/depthanything/moge_dataset/DDAD/val/000187/CAMERA_05/image.png
44,44,../../data/moge_dataset/DDAD/val/000187/CAMERA_09/image.jpg,../../data/moge_dataset/DDAD/val/000187/CAMERA_09/depth.png,../../data/moge_dataset/DDAD/val/000187/CAMERA_09/meta.json,DDAD,../../data/depthanything/moge_dataset/DDAD/val/000187/CAMERA_09/image.png
45,45,../../data/moge_dataset/DDAD/val/000189/CAMERA_01/image.jpg,../../data/moge_dataset/DDAD/val/000189/CAMERA_01/depth.png,../../data/moge_dataset/DDAD/val/000189/CAMERA_01/meta.json,DDAD,../../data/depthanything/moge_dataset/DDAD/val/000189/CAMERA_01/image.png
46,46,../../data/moge_dataset/DDAD/val/000191/CAMERA_06/image.jpg,../../data/moge_dataset/DDAD/val/000191/CAMERA_06/depth.png,../../data/moge_dataset/DDAD/val/000191/CAMERA_06/meta.json,DDAD,../../data/depthanything/moge_dataset/DDAD/val/000191/CAMERA_06/image.png
47,47,../../data/moge_dataset/DDAD/val/000196/CAMERA_06/image.jpg,../../data/moge_dataset/DDAD/val/000196/CAMERA_06/depth.png,../../data/moge_dataset/DDAD/val/000196/CAMERA_06/meta.json,DDAD,../../data/depthanything/moge_dataset/DDAD/val/000196/CAMERA_06/image.png
48,48,../../data/moge_dataset/DDAD/val/000207/CAMERA_09/image.jpg,../../data/moge_dataset/DDAD/val/000207/CAMERA_09/depth.png,../../data/moge_dataset/DDAD/val/000207/CAMERA_09/meta.json,DDAD,../../data/depthanything/moge_dataset/DDAD/val/000207/CAMERA_09/image.png
49,49,../../data/moge_dataset/DDAD/val/000216/CAMERA_05/image.jpg,../../data/moge_dataset/DDAD/val/000216/CAMERA_05/depth.png,../../data/moge_dataset/DDAD/val/000216/CAMERA_05/meta.json,DDAD,../../data/depthanything/moge_dataset/DDAD/val/000216/CAMERA_05/image.png
50,50,../../data/moge_dataset/DDAD/val/000219/CAMERA_05/image.jpg,../../data/moge_dataset/DDAD/val/000219/CAMERA_05/depth.png,../../data/moge_dataset/DDAD/val/000219/CAMERA_05/meta.json,DDAD,../../data/depthanything/moge_dataset/DDAD/val/000219/CAMERA_05/image.png
51,51,../../data/moge_dataset/DDAD/val/000222/CAMERA_09/image.jpg,../../data/moge_dataset/DDAD/val/000222/CAMERA_09/depth.png,../../data/moge_dataset/DDAD/val/000222/CAMERA_09/meta.json,DDAD,../../data/depthanything/moge_dataset/DDAD/val/000222/CAMERA_09/image.png
52,52,../../data/moge_dataset/DDAD/val/000230/CAMERA_09/image.jpg,../../data/moge_dataset/DDAD/val/000230/CAMERA_09/depth.png,../../data/moge_dataset/DDAD/val/000230/CAMERA_09/meta.json,DDAD,../../data/depthanything/moge_dataset/DDAD/val/000230/CAMERA_09/image.png
53,53,../../data/moge_dataset/DDAD/val/000237/CAMERA_06/image.jpg,../../data/moge_dataset/DDAD/val/000237/CAMERA_06/depth.png,../../data/moge_dataset/DDAD/val/000237/CAMERA_06/meta.json,DDAD,../../data/depthanything/moge_dataset/DDAD/val/000237/CAMERA_06/image.png
54,54,../../data/moge_dataset/DDAD/val/000247/CAMERA_09/image.jpg,../../data/moge_dataset/DDAD/val/000247/CAMERA_09/depth.png,../../data/moge_dataset/DDAD/val/000247/CAMERA_09/meta.json,DDAD,../../data/depthanything/moge_dataset/DDAD/val/000247/CAMERA_09/image.png
55,55,../../data/moge_dataset/DDAD/val/000251/CAMERA_09/image.jpg,../../data/moge_dataset/DDAD/val/000251/CAMERA_09/depth.png,../../data/moge_dataset/DDAD/val/000251/CAMERA_09/meta.json,DDAD,../../data/depthanything/moge_dataset/DDAD/val/000251/CAMERA_09/image.png
56,56,../../data/moge_dataset/DDAD/val/000254/CAMERA_05/image.jpg,../../data/moge_dataset/DDAD/val/000254/CAMERA_05/depth.png,../../data/moge_dataset/DDAD/val/000254/CAMERA_05/meta.json,DDAD,../../data/depthanything/moge_dataset/DDAD/val/000254/CAMERA_05/image.png
57,57,../../data/moge_dataset/DDAD/val/000256/CAMERA_06/image.jpg,../../data/moge_dataset/DDAD/val/000256/CAMERA_06/depth.png,../../data/moge_dataset/DDAD/val/000256/CAMERA_06/meta.json,DDAD,../../data/depthanything/moge_dataset/DDAD/val/000256/CAMERA_06/image.png
58,58,../../data/moge_dataset/DDAD/val/000258/CAMERA_01/image.jpg,../../data/moge_dataset/DDAD/val/000258/CAMERA_01/depth.png,../../data/moge_dataset/DDAD/val/000258/CAMERA_01/meta.json,DDAD,../../data/depthanything/moge_dataset/DDAD/val/000258/CAMERA_01/image.png
59,59,../../data/moge_dataset/DDAD/val/000258/CAMERA_05/image.jpg,../../data/moge_dataset/DDAD/val/000258/CAMERA_05/depth.png,../../data/moge_dataset/DDAD/val/000258/CAMERA_05/meta.json,DDAD,../../data/depthanything/moge_dataset/DDAD/val/000258/CAMERA_05/image.png
60,60,../../data/moge_dataset/DDAD/val/000258/CAMERA_09/image.jpg,../../data/moge_dataset/DDAD/val/000258/CAMERA_09/depth.png,../../data/moge_dataset/DDAD/val/000258/CAMERA_09/meta.json,DDAD,../../data/depthanything/moge_dataset/DDAD/val/000258/CAMERA_09/image.png
61,61,../../data/moge_dataset/DDAD/val/000260/CAMERA_05/image.jpg,../../data/moge_dataset/DDAD/val/000260/CAMERA_05/depth.png,../../data/moge_dataset/DDAD/val/000260/CAMERA_05/meta.json,DDAD,../../data/depthanything/moge_dataset/DDAD/val/000260/CAMERA_05/image.png
62,62,../../data/moge_dataset/DDAD/val/000263/CAMERA_05/image.jpg,../../data/moge_dataset/DDAD/val/000263/CAMERA_05/depth.png,../../data/moge_dataset/DDAD/val/000263/CAMERA_05/meta.json,DDAD,../../data/depthanything/moge_dataset/DDAD/val/000263/CAMERA_05/image.png
63,63,../../data/moge_dataset/DDAD/val/000265/CAMERA_09/image.jpg,../../data/moge_dataset/DDAD/val/000265/CAMERA_09/depth.png,../../data/moge_dataset/DDAD/val/000265/CAMERA_09/meta.json,DDAD,../../data/depthanything/moge_dataset/DDAD/val/000265/CAMERA_09/image.png
64,64,../../data/moge_dataset/DDAD/val/000266/CAMERA_05/image.jpg,../../data/moge_dataset/DDAD/val/000266/CAMERA_05/depth.png,../../data/moge_dataset/DDAD/val/000266/CAMERA_05/meta.json,DDAD,../../data/depthanything/moge_dataset/DDAD/val/000266/CAMERA_05/image.png
65,65,../../data/moge_dataset/DDAD/val/000274/CAMERA_06/image.jpg,../../data/moge_dataset/DDAD/val/000274/CAMERA_06/depth.png,../../data/moge_dataset/DDAD/val/000274/CAMERA_06/meta.json,DDAD,../../data/depthanything/moge_dataset/DDAD/val/000274/CAMERA_06/image.png
66,66,../../data/moge_dataset/DDAD/val/000274/CAMERA_09/image.jpg,../../data/moge_dataset/DDAD/val/000274/CAMERA_09/depth.png,../../data/moge_dataset/DDAD/val/000274/CAMERA_09/meta.json,DDAD,../../data/depthanything/moge_dataset/DDAD/val/000274/CAMERA_09/image.png
67,67,../../data/moge_dataset/DDAD/val/000276/CAMERA_01/image.jpg,../../data/moge_dataset/DDAD/val/000276/CAMERA_01/depth.png,../../data/moge_dataset/DDAD/val/000276/CAMERA_01/meta.json,DDAD,../../data/depthanything/moge_dataset/DDAD/val/000276/CAMERA_01/image.png
68,68,../../data/moge_dataset/DDAD/val/000276/CAMERA_09/image.jpg,../../data/moge_dataset/DDAD/val/000276/CAMERA_09/depth.png,../../data/moge_dataset/DDAD/val/000276/CAMERA_09/meta.json,DDAD,../../data/depthanything/moge_dataset/DDAD/val/000276/CAMERA_09/image.png
69,69,../../data/moge_dataset/DDAD/val/000277/CAMERA_05/image.jpg,../../data/moge_dataset/DDAD/val/000277/CAMERA_05/depth.png,../../data/moge_dataset/DDAD/val/000277/CAMERA_05/meta.json,DDAD,../../data/depthanything/moge_dataset/DDAD/val/000277/CAMERA_05/image.png
70,70,../../data/moge_dataset/DDAD/val/000278/CAMERA_05/image.jpg,../../data/moge_dataset/DDAD/val/000278/CAMERA_05/depth.png,../../data/moge_dataset/DDAD/val/000278/CAMERA_05/meta.json,DDAD,../../data/depthanything/moge_dataset/DDAD/val/000278/CAMERA_05/image.png
71,71,../../data/moge_dataset/DDAD/val/000286/CAMERA_01/image.jpg,../../data/moge_dataset/DDAD/val/000286/CAMERA_01/depth.png,../../data/moge_dataset/DDAD/val/000286/CAMERA_01/meta.json,DDAD,../../data/depthanything/moge_dataset/DDAD/val/000286/CAMERA_01/image.png
72,72,../../data/moge_dataset/DDAD/val/000286/CAMERA_06/image.jpg,../../data/moge_dataset/DDAD/val/000286/CAMERA_06/depth.png,../../data/moge_dataset/DDAD/val/000286/CAMERA_06/meta.json,DDAD,../../data/depthanything/moge_dataset/DDAD/val/000286/CAMERA_06/image.png
73,73,../../data/moge_dataset/DDAD/val/000287/CAMERA_09/image.jpg,../../data/moge_dataset/DDAD/val/000287/CAMERA_09/depth.png,../../data/moge_dataset/DDAD/val/000287/CAMERA_09/meta.json,DDAD,../../data/depthanything/moge_dataset/DDAD/val/000287/CAMERA_09/image.png
74,74,../../data/moge_dataset/DDAD/val/000288/CAMERA_09/image.jpg,../../data/moge_dataset/DDAD/val/000288/CAMERA_09/depth.png,../../data/moge_dataset/DDAD/val/000288/CAMERA_09/meta.json,DDAD,../../data/depthanything/moge_dataset/DDAD/val/000288/CAMERA_09/image.png
75,75,../../data/moge_dataset/DDAD/val/000290/CAMERA_06/image.jpg,../../data/moge_dataset/DDAD/val/000290/CAMERA_06/depth.png,../../data/moge_dataset/DDAD/val/000290/CAMERA_06/meta.json,DDAD,../../data/depthanything/moge_dataset/DDAD/val/000290/CAMERA_06/image.png
76,76,../../data/moge_dataset/DDAD/val/000294/CAMERA_09/image.jpg,../../data/moge_dataset/DDAD/val/000294/CAMERA_09/depth.png,../../data/moge_dataset/DDAD/val/000294/CAMERA_09/meta.json,DDAD,../../data/depthanything/moge_dataset/DDAD/val/000294/CAMERA_09/image.png
77,77,../../data/moge_dataset/DDAD/val/000297/CAMERA_05/image.jpg,../../data/moge_dataset/DDAD/val/000297/CAMERA_05/depth.png,../../data/moge_dataset/DDAD/val/000297/CAMERA_05/meta.json,DDAD,../../data/depthanything/moge_dataset/DDAD/val/000297/CAMERA_05/image.png
78,78,../../data/moge_dataset/DDAD/val/000301/CAMERA_05/image.jpg,../../data/moge_dataset/DDAD/val/000301/CAMERA_05/depth.png,../../data/moge_dataset/DDAD/val/000301/CAMERA_05/meta.json,DDAD,../../data/depthanything/moge_dataset/DDAD/val/000301/CAMERA_05/image.png
79,79,../../data/moge_dataset/DDAD/val/000305/CAMERA_06/image.jpg,../../data/moge_dataset/DDAD/val/000305/CAMERA_06/depth.png,../../data/moge_dataset/DDAD/val/000305/CAMERA_06/meta.json,DDAD,../../data/depthanything/moge_dataset/DDAD/val/000305/CAMERA_06/image.png
80,80,../../data/moge_dataset/DDAD/val/000306/CAMERA_01/image.jpg,../../data/moge_dataset/DDAD/val/000306/CAMERA_01/depth.png,../../data/moge_dataset/DDAD/val/000306/CAMERA_01/meta.json,DDAD,../../data/depthanything/moge_dataset/DDAD/val/000306/CAMERA_01/image.png
81,81,../../data/moge_dataset/DDAD/val/000309/CAMERA_05/image.jpg,../../data/moge_dataset/DDAD/val/000309/CAMERA_05/depth.png,../../data/moge_dataset/DDAD/val/000309/CAMERA_05/meta.json,DDAD,../../data/depthanything/moge_dataset/DDAD/val/000309/CAMERA_05/image.png
82,82,../../data/moge_dataset/DDAD/val/000311/CAMERA_01/image.jpg,../../data/moge_dataset/DDAD/val/000311/CAMERA_01/depth.png,../../data/moge_dataset/DDAD/val/000311/CAMERA_01/meta.json,DDAD,../../data/depthanything/moge_dataset/DDAD/val/000311/CAMERA_01/image.png
83,83,../../data/moge_dataset/DDAD/val/000311/CAMERA_05/image.jpg,../../data/moge_dataset/DDAD/val/000311/CAMERA_05/depth.png,../../data/moge_dataset/DDAD/val/000311/CAMERA_05/meta.json,DDAD,../../data/depthanything/moge_dataset/DDAD/val/000311/CAMERA_05/image.png
84,84,../../data/moge_dataset/DDAD/val/000313/CAMERA_06/image.jpg,../../data/moge_dataset/DDAD/val/000313/CAMERA_06/depth.png,../../data/moge_dataset/DDAD/val/000313/CAMERA_06/meta.json,DDAD,../../data/depthanything/moge_dataset/DDAD/val/000313/CAMERA_06/image.png
85,85,../../data/moge_dataset/DDAD/val/000318/CAMERA_06/image.jpg,../../data/moge_dataset/DDAD/val/000318/CAMERA_06/depth.png,../../data/moge_dataset/DDAD/val/000318/CAMERA_06/meta.json,DDAD,../../data/depthanything/moge_dataset/DDAD/val/000318/CAMERA_06/image.png
86,86,../../data/moge_dataset/DDAD/val/000318/CAMERA_09/image.jpg,../../data/moge_dataset/DDAD/val/000318/CAMERA_09/depth.png,../../data/moge_dataset/DDAD/val/000318/CAMERA_09/meta.json,DDAD,../../data/depthanything/moge_dataset/DDAD/val/000318/CAMERA_09/image.png
87,87,../../data/moge_dataset/DDAD/val/000321/CAMERA_06/image.jpg,../../data/moge_dataset/DDAD/val/000321/CAMERA_06/depth.png,../../data/moge_dataset/DDAD/val/000321/CAMERA_06/meta.json,DDAD,../../data/depthanything/moge_dataset/DDAD/val/000321/CAMERA_06/image.png
88,88,../../data/moge_dataset/DDAD/val/000322/CAMERA_09/image.jpg,../../data/moge_dataset/DDAD/val/000322/CAMERA_09/depth.png,../../data/moge_dataset/DDAD/val/000322/CAMERA_09/meta.json,DDAD,../../data/depthanything/moge_dataset/DDAD/val/000322/CAMERA_09/image.png
89,89,../../data/moge_dataset/DDAD/val/000326/CAMERA_06/image.jpg,../../data/moge_dataset/DDAD/val/000326/CAMERA_06/depth.png,../../data/moge_dataset/DDAD/val/000326/CAMERA_06/meta.json,DDAD,../../data/depthanything/moge_dataset/DDAD/val/000326/CAMERA_06/image.png
90,90,../../data/moge_dataset/DDAD/val/000332/CAMERA_06/image.jpg,../../data/moge_dataset/DDAD/val/000332/CAMERA_06/depth.png,../../data/moge_dataset/DDAD/val/000332/CAMERA_06/meta.json,DDAD,../../data/depthanything/moge_dataset/DDAD/val/000332/CAMERA_06/image.png
91,91,../../data/moge_dataset/DDAD/val/000335/CAMERA_09/image.jpg,../../data/moge_dataset/DDAD/val/000335/CAMERA_09/depth.png,../../data/moge_dataset/DDAD/val/000335/CAMERA_09/meta.json,DDAD,../../data/depthanything/moge_dataset/DDAD/val/000335/CAMERA_09/image.png
92,92,../../data/moge_dataset/DDAD/val/000338/CAMERA_06/image.jpg,../../data/moge_dataset/DDAD/val/000338/CAMERA_06/depth.png,../../data/moge_dataset/DDAD/val/000338/CAMERA_06/meta.json,DDAD,../../data/depthanything/moge_dataset/DDAD/val/000338/CAMERA_06/image.png
93,93,../../data/moge_dataset/DDAD/val/000339/CAMERA_01/image.jpg,../../data/moge_dataset/DDAD/val/000339/CAMERA_01/depth.png,../../data/moge_dataset/DDAD/val/000339/CAMERA_01/meta.json,DDAD,../../data/depthanything/moge_dataset/DDAD/val/000339/CAMERA_01/image.png
94,94,../../data/moge_dataset/DDAD/val/000344/CAMERA_05/image.jpg,../../data/moge_dataset/DDAD/val/000344/CAMERA_05/depth.png,../../data/moge_dataset/DDAD/val/000344/CAMERA_05/meta.json,DDAD,../../data/depthanything/moge_dataset/DDAD/val/000344/CAMERA_05/image.png
95,95,../../data/moge_dataset/DDAD/val/000348/CAMERA_05/image.jpg,../../data/moge_dataset/DDAD/val/000348/CAMERA_05/depth.png,../../data/moge_dataset/DDAD/val/000348/CAMERA_05/meta.json,DDAD,../../data/depthanything/moge_dataset/DDAD/val/000348/CAMERA_05/image.png
96,96,../../data/moge_dataset/DDAD/val/000356/CAMERA_05/image.jpg,../../data/moge_dataset/DDAD/val/000356/CAMERA_05/depth.png,../../data/moge_dataset/DDAD/val/000356/CAMERA_05/meta.json,DDAD,../../data/depthanything/moge_dataset/DDAD/val/000356/CAMERA_05/image.png
97,97,../../data/moge_dataset/DDAD/val/000366/CAMERA_06/image.jpg,../../data/moge_dataset/DDAD/val/000366/CAMERA_06/depth.png,../../data/moge_dataset/DDAD/val/000366/CAMERA_06/meta.json,DDAD,../../data/depthanything/moge_dataset/DDAD/val/000366/CAMERA_06/image.png
98,98,../../data/moge_dataset/DDAD/val/000379/CAMERA_06/image.jpg,../../data/moge_dataset/DDAD/val/000379/CAMERA_06/depth.png,../../data/moge_dataset/DDAD/val/000379/CAMERA_06/meta.json,DDAD,../../data/depthanything/moge_dataset/DDAD/val/000379/CAMERA_06/image.png
99,99,../../data/moge_dataset/DDAD/val/000389/CAMERA_09/image.jpg,../../data/moge_dataset/DDAD/val/000389/CAMERA_09/depth.png,../../data/moge_dataset/DDAD/val/000389/CAMERA_09/meta.json,DDAD,../../data/depthanything/moge_dataset/DDAD/val/000389/CAMERA_09/image.png
100,100,../../data/moge_dataset/DDAD/val/000393/CAMERA_05/image.jpg,../../data/moge_dataset/DDAD/val/000393/CAMERA_05/depth.png,../../data/moge_dataset/DDAD/val/000393/CAMERA_05/meta.json,DDAD,../../data/depthanything/moge_dataset/DDAD/val/000393/CAMERA_05/image.png
101,101,../../data/moge_dataset/DDAD/val/000397/CAMERA_09/image.jpg,../../data/moge_dataset/DDAD/val/000397/CAMERA_09/depth.png,../../data/moge_dataset/DDAD/val/000397/CAMERA_09/meta.json,DDAD,../../data/depthanything/moge_dataset/DDAD/val/000397/CAMERA_09/image.png
102,102,../../data/moge_dataset/DDAD/val/000398/CAMERA_09/image.jpg,../../data/moge_dataset/DDAD/val/000398/CAMERA_09/depth.png,../../data/moge_dataset/DDAD/val/000398/CAMERA_09/meta.json,DDAD,../../data/depthanything/moge_dataset/DDAD/val/000398/CAMERA_09/image.png
103,103,../../data/moge_dataset/DDAD/val/000401/CAMERA_05/image.jpg,../../data/moge_dataset/DDAD/val/000401/CAMERA_05/depth.png,../../data/moge_dataset/DDAD/val/000401/CAMERA_05/meta.json,DDAD,../../data/depthanything/moge_dataset/DDAD/val/000401/CAMERA_05/image.png
104,104,../../data/moge_dataset/DDAD/val/000402/CAMERA_09/image.jpg,../../data/moge_dataset/DDAD/val/000402/CAMERA_09/depth.png,../../data/moge_dataset/DDAD/val/000402/CAMERA_09/meta.json,DDAD,../../data/depthanything/moge_dataset/DDAD/val/000402/CAMERA_09/image.png
105,105,../../data/moge_dataset/DDAD/val/000407/CAMERA_05/image.jpg,../../data/moge_dataset/DDAD/val/000407/CAMERA_05/depth.png,../../data/moge_dataset/DDAD/val/000407/CAMERA_05/meta.json,DDAD,../../data/depthanything/moge_dataset/DDAD/val/000407/CAMERA_05/image.png
106,106,../../data/moge_dataset/DDAD/val/000408/CAMERA_06/image.jpg,../../data/moge_dataset/DDAD/val/000408/CAMERA_06/depth.png,../../data/moge_dataset/DDAD/val/000408/CAMERA_06/meta.json,DDAD,../../data/depthanything/moge_dataset/DDAD/val/000408/CAMERA_06/image.png
107,107,../../data/moge_dataset/DDAD/val/000417/CAMERA_06/image.jpg,../../data/moge_dataset/DDAD/val/000417/CAMERA_06/depth.png,../../data/moge_dataset/DDAD/val/000417/CAMERA_06/meta.json,DDAD,../../data/depthanything/moge_dataset/DDAD/val/000417/CAMERA_06/image.png
108,108,../../data/moge_dataset/DDAD/val/000421/CAMERA_05/image.jpg,../../data/moge_dataset/DDAD/val/000421/CAMERA_05/depth.png,../../data/moge_dataset/DDAD/val/000421/CAMERA_05/meta.json,DDAD,../../data/depthanything/moge_dataset/DDAD/val/000421/CAMERA_05/image.png
109,109,../../data/moge_dataset/DDAD/val/000422/CAMERA_09/image.jpg,../../data/moge_dataset/DDAD/val/000422/CAMERA_09/depth.png,../../data/moge_dataset/DDAD/val/000422/CAMERA_09/meta.json,DDAD,../../data/depthanything/moge_dataset/DDAD/val/000422/CAMERA_09/image.png
110,110,../../data/moge_dataset/DDAD/val/000425/CAMERA_06/image.jpg,../../data/moge_dataset/DDAD/val/000425/CAMERA_06/depth.png,../../data/moge_dataset/DDAD/val/000425/CAMERA_06/meta.json,DDAD,../../data/depthanything/moge_dataset/DDAD/val/000425/CAMERA_06/image.png
111,111,../../data/moge_dataset/DDAD/val/000432/CAMERA_05/image.jpg,../../data/moge_dataset/DDAD/val/000432/CAMERA_05/depth.png,../../data/moge_dataset/DDAD/val/000432/CAMERA_05/meta.json,DDAD,../../data/depthanything/moge_dataset/DDAD/val/000432/CAMERA_05/image.png
112,112,../../data/moge_dataset/DDAD/val/000434/CAMERA_05/image.jpg,../../data/moge_dataset/DDAD/val/000434/CAMERA_05/depth.png,../../data/moge_dataset/DDAD/val/000434/CAMERA_05/meta.json,DDAD,../../data/depthanything/moge_dataset/DDAD/val/000434/CAMERA_05/image.png
113,113,../../data/moge_dataset/DDAD/val/000438/CAMERA_05/image.jpg,../../data/moge_dataset/DDAD/val/000438/CAMERA_05/depth.png,../../data/moge_dataset/DDAD/val/000438/CAMERA_05/meta.json,DDAD,../../data/depthanything/moge_dataset/DDAD/val/000438/CAMERA_05/image.png
114,114,../../data/moge_dataset/DDAD/val/000439/CAMERA_06/image.jpg,../../data/moge_dataset/DDAD/val/000439/CAMERA_06/depth.png,../../data/moge_dataset/DDAD/val/000439/CAMERA_06/meta.json,DDAD,../../data/depthanything/moge_dataset/DDAD/val/000439/CAMERA_06/image.png
115,115,../../data/moge_dataset/DDAD/val/000442/CAMERA_05/image.jpg,../../data/moge_dataset/DDAD/val/000442/CAMERA_05/depth.png,../../data/moge_dataset/DDAD/val/000442/CAMERA_05/meta.json,DDAD,../../data/depthanything/moge_dataset/DDAD/val/000442/CAMERA_05/image.png
116,116,../../data/moge_dataset/DDAD/val/000450/CAMERA_06/image.jpg,../../data/moge_dataset/DDAD/val/000450/CAMERA_06/depth.png,../../data/moge_dataset/DDAD/val/000450/CAMERA_06/meta.json,DDAD,../../data/depthanything/moge_dataset/DDAD/val/000450/CAMERA_06/image.png
117,117,../../data/moge_dataset/DDAD/val/000452/CAMERA_06/image.jpg,../../data/moge_dataset/DDAD/val/000452/CAMERA_06/depth.png,../../data/moge_dataset/DDAD/val/000452/CAMERA_06/meta.json,DDAD,../../data/depthanything/moge_dataset/DDAD/val/000452/CAMERA_06/image.png
118,118,../../data/moge_dataset/DDAD/val/000454/CAMERA_01/image.jpg,../../data/moge_dataset/DDAD/val/000454/CAMERA_01/depth.png,../../data/moge_dataset/DDAD/val/000454/CAMERA_01/meta.json,DDAD,../../data/depthanything/moge_dataset/DDAD/val/000454/CAMERA_01/image.png
119,119,../../data/moge_dataset/DDAD/val/000458/CAMERA_01/image.jpg,../../data/moge_dataset/DDAD/val/000458/CAMERA_01/depth.png,../../data/moge_dataset/DDAD/val/000458/CAMERA_01/meta.json,DDAD,../../data/depthanything/moge_dataset/DDAD/val/000458/CAMERA_01/image.png
120,120,../../data/moge_dataset/DDAD/val/000460/CAMERA_06/image.jpg,../../data/moge_dataset/DDAD/val/000460/CAMERA_06/depth.png,../../data/moge_dataset/DDAD/val/000460/CAMERA_06/meta.json,DDAD,../../data/depthanything/moge_dataset/DDAD/val/000460/CAMERA_06/image.png
121,121,../../data/moge_dataset/DDAD/val/000463/CAMERA_09/image.jpg,../../data/moge_dataset/DDAD/val/000463/CAMERA_09/depth.png,../../data/moge_dataset/DDAD/val/000463/CAMERA_09/meta.json,DDAD,../../data/depthanything/moge_dataset/DDAD/val/000463/CAMERA_09/image.png
122,122,../../data/moge_dataset/DDAD/val/000464/CAMERA_05/image.jpg,../../data/moge_dataset/DDAD/val/000464/CAMERA_05/depth.png,../../data/moge_dataset/DDAD/val/000464/CAMERA_05/meta.json,DDAD,../../data/depthanything/moge_dataset/DDAD/val/000464/CAMERA_05/image.png
123,123,../../data/moge_dataset/DDAD/val/000468/CAMERA_06/image.jpg,../../data/moge_dataset/DDAD/val/000468/CAMERA_06/depth.png,../../data/moge_dataset/DDAD/val/000468/CAMERA_06/meta.json,DDAD,../../data/depthanything/moge_dataset/DDAD/val/000468/CAMERA_06/image.png
124,124,../../data/moge_dataset/DDAD/val/000470/CAMERA_05/image.jpg,../../data/moge_dataset/DDAD/val/000470/CAMERA_05/depth.png,../../data/moge_dataset/DDAD/val/000470/CAMERA_05/meta.json,DDAD,../../data/depthanything/moge_dataset/DDAD/val/000470/CAMERA_05/image.png
125,125,../../data/moge_dataset/DDAD/val/000475/CAMERA_05/image.jpg,../../data/moge_dataset/DDAD/val/000475/CAMERA_05/depth.png,../../data/moge_dataset/DDAD/val/000475/CAMERA_05/meta.json,DDAD,../../data/depthanything/moge_dataset/DDAD/val/000475/CAMERA_05/image.png
126,126,../../data/moge_dataset/DDAD/val/000478/CAMERA_01/image.jpg,../../data/moge_dataset/DDAD/val/000478/CAMERA_01/depth.png,../../data/moge_dataset/DDAD/val/000478/CAMERA_01/meta.json,DDAD,../../data/depthanything/moge_dataset/DDAD/val/000478/CAMERA_01/image.png
127,127,../../data/moge_dataset/DDAD/val/000480/CAMERA_05/image.jpg,../../data/moge_dataset/DDAD/val/000480/CAMERA_05/depth.png,../../data/moge_dataset/DDAD/val/000480/CAMERA_05/meta.json,DDAD,../../data/depthanything/moge_dataset/DDAD/val/000480/CAMERA_05/image.png
128,128,../../data/moge_dataset/DDAD/val/000489/CAMERA_06/image.jpg,../../data/moge_dataset/DDAD/val/000489/CAMERA_06/depth.png,../../data/moge_dataset/DDAD/val/000489/CAMERA_06/meta.json,DDAD,../../data/depthanything/moge_dataset/DDAD/val/000489/CAMERA_06/image.png
129,129,../../data/moge_dataset/DDAD/val/000491/CAMERA_05/image.jpg,../../data/moge_dataset/DDAD/val/000491/CAMERA_05/depth.png,../../data/moge_dataset/DDAD/val/000491/CAMERA_05/meta.json,DDAD,../../data/depthanything/moge_dataset/DDAD/val/000491/CAMERA_05/image.png
130,130,../../data/moge_dataset/DDAD/val/000494/CAMERA_05/image.jpg,../../data/moge_dataset/DDAD/val/000494/CAMERA_05/depth.png,../../data/moge_dataset/DDAD/val/000494/CAMERA_05/meta.json,DDAD,../../data/depthanything/moge_dataset/DDAD/val/000494/CAMERA_05/image.png
131,131,../../data/moge_dataset/DDAD/val/000495/CAMERA_06/image.jpg,../../data/moge_dataset/DDAD/val/000495/CAMERA_06/depth.png,../../data/moge_dataset/DDAD/val/000495/CAMERA_06/meta.json,DDAD,../../data/depthanything/moge_dataset/DDAD/val/000495/CAMERA_06/image.png
132,132,../../data/moge_dataset/DDAD/val/000500/CAMERA_05/image.jpg,../../data/moge_dataset/DDAD/val/000500/CAMERA_05/depth.png,../../data/moge_dataset/DDAD/val/000500/CAMERA_05/meta.json,DDAD,../../data/depthanything/moge_dataset/DDAD/val/000500/CAMERA_05/image.png
133,133,../../data/moge_dataset/DDAD/val/000504/CAMERA_05/image.jpg,../../data/moge_dataset/DDAD/val/000504/CAMERA_05/depth.png,../../data/moge_dataset/DDAD/val/000504/CAMERA_05/meta.json,DDAD,../../data/depthanything/moge_dataset/DDAD/val/000504/CAMERA_05/image.png
134,134,../../data/moge_dataset/DDAD/val/000505/CAMERA_05/image.jpg,../../data/moge_dataset/DDAD/val/000505/CAMERA_05/depth.png,../../data/moge_dataset/DDAD/val/000505/CAMERA_05/meta.json,DDAD,../../data/depthanything/moge_dataset/DDAD/val/000505/CAMERA_05/image.png
135,135,../../data/moge_dataset/DDAD/val/000508/CAMERA_05/image.jpg,../../data/moge_dataset/DDAD/val/000508/CAMERA_05/depth.png,../../data/moge_dataset/DDAD/val/000508/CAMERA_05/meta.json,DDAD,../../data/depthanything/moge_dataset/DDAD/val/000508/CAMERA_05/image.png
136,136,../../data/moge_dataset/DDAD/val/000510/CAMERA_05/image.jpg,../../data/moge_dataset/DDAD/val/000510/CAMERA_05/depth.png,../../data/moge_dataset/DDAD/val/000510/CAMERA_05/meta.json,DDAD,../../data/depthanything/moge_dataset/DDAD/val/000510/CAMERA_05/image.png
137,137,../../data/moge_dataset/DDAD/val/000512/CAMERA_09/image.jpg,../../data/moge_dataset/DDAD/val/000512/CAMERA_09/depth.png,../../data/moge_dataset/DDAD/val/000512/CAMERA_09/meta.json,DDAD,../../data/depthanything/moge_dataset/DDAD/val/000512/CAMERA_09/image.png
138,138,../../data/moge_dataset/DDAD/val/000513/CAMERA_05/image.jpg,../../data/moge_dataset/DDAD/val/000513/CAMERA_05/depth.png,../../data/moge_dataset/DDAD/val/000513/CAMERA_05/meta.json,DDAD,../../data/depthanything/moge_dataset/DDAD/val/000513/CAMERA_05/image.png
139,139,../../data/moge_dataset/DDAD/val/000514/CAMERA_01/image.jpg,../../data/moge_dataset/DDAD/val/000514/CAMERA_01/depth.png,../../data/moge_dataset/DDAD/val/000514/CAMERA_01/meta.json,DDAD,../../data/depthanything/moge_dataset/DDAD/val/000514/CAMERA_01/image.png
140,140,../../data/moge_dataset/DDAD/val/000524/CAMERA_06/image.jpg,../../data/moge_dataset/DDAD/val/000524/CAMERA_06/depth.png,../../data/moge_dataset/DDAD/val/000524/CAMERA_06/meta.json,DDAD,../../data/depthanything/moge_dataset/DDAD/val/000524/CAMERA_06/image.png
141,141,../../data/moge_dataset/DDAD/val/000531/CAMERA_09/image.jpg,../../data/moge_dataset/DDAD/val/000531/CAMERA_09/depth.png,../../data/moge_dataset/DDAD/val/000531/CAMERA_09/meta.json,DDAD,../../data/depthanything/moge_dataset/DDAD/val/000531/CAMERA_09/image.png
142,142,../../data/moge_dataset/DDAD/val/000539/CAMERA_05/image.jpg,../../data/moge_dataset/DDAD/val/000539/CAMERA_05/depth.png,../../data/moge_dataset/DDAD/val/000539/CAMERA_05/meta.json,DDAD,../../data/depthanything/moge_dataset/DDAD/val/000539/CAMERA_05/image.png
143,143,../../data/moge_dataset/DDAD/val/000541/CAMERA_09/image.jpg,../../data/moge_dataset/DDAD/val/000541/CAMERA_09/depth.png,../../data/moge_dataset/DDAD/val/000541/CAMERA_09/meta.json,DDAD,../../data/depthanything/moge_dataset/DDAD/val/000541/CAMERA_09/image.png
144,144,../../data/moge_dataset/DDAD/val/000543/CAMERA_05/image.jpg,../../data/moge_dataset/DDAD/val/000543/CAMERA_05/depth.png,../../data/moge_dataset/DDAD/val/000543/CAMERA_05/meta.json,DDAD,../../data/depthanything/moge_dataset/DDAD/val/000543/CAMERA_05/image.png
145,145,../../data/moge_dataset/DDAD/val/000546/CAMERA_06/image.jpg,../../data/moge_dataset/DDAD/val/000546/CAMERA_06/depth.png,../../data/moge_dataset/DDAD/val/000546/CAMERA_06/meta.json,DDAD,../../data/depthanything/moge_dataset/DDAD/val/000546/CAMERA_06/image.png
146,146,../../data/moge_dataset/DDAD/val/000547/CAMERA_01/image.jpg,../../data/moge_dataset/DDAD/val/000547/CAMERA_01/depth.png,../../data/moge_dataset/DDAD/val/000547/CAMERA_01/meta.json,DDAD,../../data/depthanything/moge_dataset/DDAD/val/000547/CAMERA_01/image.png
147,147,../../data/moge_dataset/DDAD/val/000548/CAMERA_06/image.jpg,../../data/moge_dataset/DDAD/val/000548/CAMERA_06/depth.png,../../data/moge_dataset/DDAD/val/000548/CAMERA_06/meta.json,DDAD,../../data/depthanything/moge_dataset/DDAD/val/000548/CAMERA_06/image.png
148,148,../../data/moge_dataset/DDAD/val/000553/CAMERA_01/image.jpg,../../data/moge_dataset/DDAD/val/000553/CAMERA_01/depth.png,../../data/moge_dataset/DDAD/val/000553/CAMERA_01/meta.json,DDAD,../../data/depthanything/moge_dataset/DDAD/val/000553/CAMERA_01/image.png
149,149,../../data/moge_dataset/DDAD/val/000559/CAMERA_06/image.jpg,../../data/moge_dataset/DDAD/val/000559/CAMERA_06/depth.png,../../data/moge_dataset/DDAD/val/000559/CAMERA_06/meta.json,DDAD,../../data/depthanything/moge_dataset/DDAD/val/000559/CAMERA_06/image.png
150,150,../../data/moge_dataset/DDAD/val/000564/CAMERA_01/image.jpg,../../data/moge_dataset/DDAD/val/000564/CAMERA_01/depth.png,../../data/moge_dataset/DDAD/val/000564/CAMERA_01/meta.json,DDAD,../../data/depthanything/moge_dataset/DDAD/val/000564/CAMERA_01/image.png
151,151,../../data/moge_dataset/DDAD/val/000566/CAMERA_06/image.jpg,../../data/moge_dataset/DDAD/val/000566/CAMERA_06/depth.png,../../data/moge_dataset/DDAD/val/000566/CAMERA_06/meta.json,DDAD,../../data/depthanything/moge_dataset/DDAD/val/000566/CAMERA_06/image.png
152,152,../../data/moge_dataset/DDAD/val/000568/CAMERA_01/image.jpg,../../data/moge_dataset/DDAD/val/000568/CAMERA_01/depth.png,../../data/moge_dataset/DDAD/val/000568/CAMERA_01/meta.json,DDAD,../../data/depthanything/moge_dataset/DDAD/val/000568/CAMERA_01/image.png
153,153,../../data/moge_dataset/DDAD/val/000579/CAMERA_01/image.jpg,../../data/moge_dataset/DDAD/val/000579/CAMERA_01/depth.png,../../data/moge_dataset/DDAD/val/000579/CAMERA_01/meta.json,DDAD,../../data/depthanything/moge_dataset/DDAD/val/000579/CAMERA_01/image.png
154,154,../../data/moge_dataset/DDAD/val/000580/CAMERA_01/image.jpg,../../data/moge_dataset/DDAD/val/000580/CAMERA_01/depth.png,../../data/moge_dataset/DDAD/val/000580/CAMERA_01/meta.json,DDAD,../../data/depthanything/moge_dataset/DDAD/val/000580/CAMERA_01/image.png
155,155,../../data/moge_dataset/DDAD/val/000586/CAMERA_09/image.jpg,../../data/moge_dataset/DDAD/val/000586/CAMERA_09/depth.png,../../data/moge_dataset/DDAD/val/000586/CAMERA_09/meta.json,DDAD,../../data/depthanything/moge_dataset/DDAD/val/000586/CAMERA_09/image.png
156,156,../../data/moge_dataset/DDAD/val/000588/CAMERA_05/image.jpg,../../data/moge_dataset/DDAD/val/000588/CAMERA_05/depth.png,../../data/moge_dataset/DDAD/val/000588/CAMERA_05/meta.json,DDAD,../../data/depthanything/moge_dataset/DDAD/val/000588/CAMERA_05/image.png
157,157,../../data/moge_dataset/DDAD/val/000593/CAMERA_05/image.jpg,../../data/moge_dataset/DDAD/val/000593/CAMERA_05/depth.png,../../data/moge_dataset/DDAD/val/000593/CAMERA_05/meta.json,DDAD,../../data/depthanything/moge_dataset/DDAD/val/000593/CAMERA_05/image.png
158,158,../../data/moge_dataset/DDAD/val/000594/CAMERA_09/image.jpg,../../data/moge_dataset/DDAD/val/000594/CAMERA_09/depth.png,../../data/moge_dataset/DDAD/val/000594/CAMERA_09/meta.json,DDAD,../../data/depthanything/moge_dataset/DDAD/val/000594/CAMERA_09/image.png
159,159,../../data/moge_dataset/DDAD/val/000598/CAMERA_01/image.jpg,../../data/moge_dataset/DDAD/val/000598/CAMERA_01/depth.png,../../data/moge_dataset/DDAD/val/000598/CAMERA_01/meta.json,DDAD,../../data/depthanything/moge_dataset/DDAD/val/000598/CAMERA_01/image.png
160,160,../../data/moge_dataset/DDAD/val/000598/CAMERA_06/image.jpg,../../data/moge_dataset/DDAD/val/000598/CAMERA_06/depth.png,../../data/moge_dataset/DDAD/val/000598/CAMERA_06/meta.json,DDAD,../../data/depthanything/moge_dataset/DDAD/val/000598/CAMERA_06/image.png
161,161,../../data/moge_dataset/DDAD/val/000602/CAMERA_01/image.jpg,../../data/moge_dataset/DDAD/val/000602/CAMERA_01/depth.png,../../data/moge_dataset/DDAD/val/000602/CAMERA_01/meta.json,DDAD,../../data/depthanything/moge_dataset/DDAD/val/000602/CAMERA_01/image.png
162,162,../../data/moge_dataset/DDAD/val/000605/CAMERA_06/image.jpg,../../data/moge_dataset/DDAD/val/000605/CAMERA_06/depth.png,../../data/moge_dataset/DDAD/val/000605/CAMERA_06/meta.json,DDAD,../../data/depthanything/moge_dataset/DDAD/val/000605/CAMERA_06/image.png
163,163,../../data/moge_dataset/DDAD/val/000610/CAMERA_09/image.jpg,../../data/moge_dataset/DDAD/val/000610/CAMERA_09/depth.png,../../data/moge_dataset/DDAD/val/000610/CAMERA_09/meta.json,DDAD,../../data/depthanything/moge_dataset/DDAD/val/000610/CAMERA_09/image.png
164,164,../../data/moge_dataset/DDAD/val/000612/CAMERA_09/image.jpg,../../data/moge_dataset/DDAD/val/000612/CAMERA_09/depth.png,../../data/moge_dataset/DDAD/val/000612/CAMERA_09/meta.json,DDAD,../../data/depthanything/moge_dataset/DDAD/val/000612/CAMERA_09/image.png
165,165,../../data/moge_dataset/DDAD/val/000614/CAMERA_06/image.jpg,../../data/moge_dataset/DDAD/val/000614/CAMERA_06/depth.png,../../data/moge_dataset/DDAD/val/000614/CAMERA_06/meta.json,DDAD,../../data/depthanything/moge_dataset/DDAD/val/000614/CAMERA_06/image.png
166,166,../../data/moge_dataset/DDAD/val/000615/CAMERA_06/image.jpg,../../data/moge_dataset/DDAD/val/000615/CAMERA_06/depth.png,../../data/moge_dataset/DDAD/val/000615/CAMERA_06/meta.json,DDAD,../../data/depthanything/moge_dataset/DDAD/val/000615/CAMERA_06/image.png
167,167,../../data/moge_dataset/DDAD/val/000615/CAMERA_09/image.jpg,../../data/moge_dataset/DDAD/val/000615/CAMERA_09/depth.png,../../data/moge_dataset/DDAD/val/000615/CAMERA_09/meta.json,DDAD,../../data/depthanything/moge_dataset/DDAD/val/000615/CAMERA_09/image.png
168,168,../../data/moge_dataset/DDAD/val/000625/CAMERA_05/image.jpg,../../data/moge_dataset/DDAD/val/000625/CAMERA_05/depth.png,../../data/moge_dataset/DDAD/val/000625/CAMERA_05/meta.json,DDAD,../../data/depthanything/moge_dataset/DDAD/val/000625/CAMERA_05/image.png
169,169,../../data/moge_dataset/DDAD/val/000629/CAMERA_09/image.jpg,../../data/moge_dataset/DDAD/val/000629/CAMERA_09/depth.png,../../data/moge_dataset/DDAD/val/000629/CAMERA_09/meta.json,DDAD,../../data/depthanything/moge_dataset/DDAD/val/000629/CAMERA_09/image.png
170,170,../../data/moge_dataset/DDAD/val/000639/CAMERA_06/image.jpg,../../data/moge_dataset/DDAD/val/000639/CAMERA_06/depth.png,../../data/moge_dataset/DDAD/val/000639/CAMERA_06/meta.json,DDAD,../../data/depthanything/moge_dataset/DDAD/val/000639/CAMERA_06/image.png
171,171,../../data/moge_dataset/DDAD/val/000642/CAMERA_01/image.jpg,../../data/moge_dataset/DDAD/val/000642/CAMERA_01/depth.png,../../data/moge_dataset/DDAD/val/000642/CAMERA_01/meta.json,DDAD,../../data/depthanything/moge_dataset/DDAD/val/000642/CAMERA_01/image.png
172,172,../../data/moge_dataset/DDAD/val/000645/CAMERA_05/image.jpg,../../data/moge_dataset/DDAD/val/000645/CAMERA_05/depth.png,../../data/moge_dataset/DDAD/val/000645/CAMERA_05/meta.json,DDAD,../../data/depthanything/moge_dataset/DDAD/val/000645/CAMERA_05/image.png
173,173,../../data/moge_dataset/DDAD/val/000654/CAMERA_01/image.jpg,../../data/moge_dataset/DDAD/val/000654/CAMERA_01/depth.png,../../data/moge_dataset/DDAD/val/000654/CAMERA_01/meta.json,DDAD,../../data/depthanything/moge_dataset/DDAD/val/000654/CAMERA_01/image.png
174,174,../../data/moge_dataset/DDAD/val/000657/CAMERA_05/image.jpg,../../data/moge_dataset/DDAD/val/000657/CAMERA_05/depth.png,../../data/moge_dataset/DDAD/val/000657/CAMERA_05/meta.json,DDAD,../../data/depthanything/moge_dataset/DDAD/val/000657/CAMERA_05/image.png
175,175,../../data/moge_dataset/DDAD/val/000661/CAMERA_05/image.jpg,../../data/moge_dataset/DDAD/val/000661/CAMERA_05/depth.png,../../data/moge_dataset/DDAD/val/000661/CAMERA_05/meta.json,DDAD,../../data/depthanything/moge_dataset/DDAD/val/000661/CAMERA_05/image.png
176,176,../../data/moge_dataset/DDAD/val/000663/CAMERA_01/image.jpg,../../data/moge_dataset/DDAD/val/000663/CAMERA_01/depth.png,../../data/moge_dataset/DDAD/val/000663/CAMERA_01/meta.json,DDAD,../../data/depthanything/moge_dataset/DDAD/val/000663/CAMERA_01/image.png
177,177,../../data/moge_dataset/DDAD/val/000664/CAMERA_06/image.jpg,../../data/moge_dataset/DDAD/val/000664/CAMERA_06/depth.png,../../data/moge_dataset/DDAD/val/000664/CAMERA_06/meta.json,DDAD,../../data/depthanything/moge_dataset/DDAD/val/000664/CAMERA_06/image.png
178,178,../../data/moge_dataset/DDAD/val/000666/CAMERA_05/image.jpg,../../data/moge_dataset/DDAD/val/000666/CAMERA_05/depth.png,../../data/moge_dataset/DDAD/val/000666/CAMERA_05/meta.json,DDAD,../../data/depthanything/moge_dataset/DDAD/val/000666/CAMERA_05/image.png
179,179,../../data/moge_dataset/DDAD/val/000675/CAMERA_01/image.jpg,../../data/moge_dataset/DDAD/val/000675/CAMERA_01/depth.png,../../data/moge_dataset/DDAD/val/000675/CAMERA_01/meta.json,DDAD,../../data/depthanything/moge_dataset/DDAD/val/000675/CAMERA_01/image.png
180,180,../../data/moge_dataset/DDAD/val/000678/CAMERA_09/image.jpg,../../data/moge_dataset/DDAD/val/000678/CAMERA_09/depth.png,../../data/moge_dataset/DDAD/val/000678/CAMERA_09/meta.json,DDAD,../../data/depthanything/moge_dataset/DDAD/val/000678/CAMERA_09/image.png
181,181,../../data/moge_dataset/DDAD/val/000683/CAMERA_01/image.jpg,../../data/moge_dataset/DDAD/val/000683/CAMERA_01/depth.png,../../data/moge_dataset/DDAD/val/000683/CAMERA_01/meta.json,DDAD,../../data/depthanything/moge_dataset/DDAD/val/000683/CAMERA_01/image.png
182,182,../../data/moge_dataset/DDAD/val/000684/CAMERA_09/image.jpg,../../data/moge_dataset/DDAD/val/000684/CAMERA_09/depth.png,../../data/moge_dataset/DDAD/val/000684/CAMERA_09/meta.json,DDAD,../../data/depthanything/moge_dataset/DDAD/val/000684/CAMERA_09/image.png
183,183,../../data/moge_dataset/DDAD/val/000690/CAMERA_05/image.jpg,../../data/moge_dataset/DDAD/val/000690/CAMERA_05/depth.png,../../data/moge_dataset/DDAD/val/000690/CAMERA_05/meta.json,DDAD,../../data/depthanything/moge_dataset/DDAD/val/000690/CAMERA_05/image.png
184,184,../../data/moge_dataset/DDAD/val/000704/CAMERA_06/image.jpg,../../data/moge_dataset/DDAD/val/000704/CAMERA_06/depth.png,../../data/moge_dataset/DDAD/val/000704/CAMERA_06/meta.json,DDAD,../../data/depthanything/moge_dataset/DDAD/val/000704/CAMERA_06/image.png
185,185,../../data/moge_dataset/DDAD/val/000705/CAMERA_09/image.jpg,../../data/moge_dataset/DDAD/val/000705/CAMERA_09/depth.png,../../data/moge_dataset/DDAD/val/000705/CAMERA_09/meta.json,DDAD,../../data/depthanything/moge_dataset/DDAD/val/000705/CAMERA_09/image.png
186,186,../../data/moge_dataset/DDAD/val/000713/CAMERA_06/image.jpg,../../data/moge_dataset/DDAD/val/000713/CAMERA_06/depth.png,../../data/moge_dataset/DDAD/val/000713/CAMERA_06/meta.json,DDAD,../../data/depthanything/moge_dataset/DDAD/val/000713/CAMERA_06/image.png
187,187,../../data/moge_dataset/DDAD/val/000717/CAMERA_01/image.jpg,../../data/moge_dataset/DDAD/val/000717/CAMERA_01/depth.png,../../data/moge_dataset/DDAD/val/000717/CAMERA_01/meta.json,DDAD,../../data/depthanything/moge_dataset/DDAD/val/000717/CAMERA_01/image.png
188,188,../../data/moge_dataset/DDAD/val/000718/CAMERA_01/image.jpg,../../data/moge_dataset/DDAD/val/000718/CAMERA_01/depth.png,../../data/moge_dataset/DDAD/val/000718/CAMERA_01/meta.json,DDAD,../../data/depthanything/moge_dataset/DDAD/val/000718/CAMERA_01/image.png
189,189,../../data/moge_dataset/DDAD/val/000718/CAMERA_05/image.jpg,../../data/moge_dataset/DDAD/val/000718/CAMERA_05/depth.png,../../data/moge_dataset/DDAD/val/000718/CAMERA_05/meta.json,DDAD,../../data/depthanything/moge_dataset/DDAD/val/000718/CAMERA_05/image.png
190,190,../../data/moge_dataset/DDAD/val/000720/CAMERA_06/image.jpg,../../data/moge_dataset/DDAD/val/000720/CAMERA_06/depth.png,../../data/moge_dataset/DDAD/val/000720/CAMERA_06/meta.json,DDAD,../../data/depthanything/moge_dataset/DDAD/val/000720/CAMERA_06/image.png
191,191,../../data/moge_dataset/DDAD/val/000726/CAMERA_05/image.jpg,../../data/moge_dataset/DDAD/val/000726/CAMERA_05/depth.png,../../data/moge_dataset/DDAD/val/000726/CAMERA_05/meta.json,DDAD,../../data/depthanything/moge_dataset/DDAD/val/000726/CAMERA_05/image.png
192,192,../../data/moge_dataset/DDAD/val/000732/CAMERA_06/image.jpg,../../data/moge_dataset/DDAD/val/000732/CAMERA_06/depth.png,../../data/moge_dataset/DDAD/val/000732/CAMERA_06/meta.json,DDAD,../../data/depthanything/moge_dataset/DDAD/val/000732/CAMERA_06/image.png
193,193,../../data/moge_dataset/DDAD/val/000737/CAMERA_06/image.jpg,../../data/moge_dataset/DDAD/val/000737/CAMERA_06/depth.png,../../data/moge_dataset/DDAD/val/000737/CAMERA_06/meta.json,DDAD,../../data/depthanything/moge_dataset/DDAD/val/000737/CAMERA_06/image.png
194,194,../../data/moge_dataset/DDAD/val/000745/CAMERA_09/image.jpg,../../data/moge_dataset/DDAD/val/000745/CAMERA_09/depth.png,../../data/moge_dataset/DDAD/val/000745/CAMERA_09/meta.json,DDAD,../../data/depthanything/moge_dataset/DDAD/val/000745/CAMERA_09/image.png
195,195,../../data/moge_dataset/DDAD/val/000755/CAMERA_09/image.jpg,../../data/moge_dataset/DDAD/val/000755/CAMERA_09/depth.png,../../data/moge_dataset/DDAD/val/000755/CAMERA_09/meta.json,DDAD,../../data/depthanything/moge_dataset/DDAD/val/000755/CAMERA_09/image.png
196,196,../../data/moge_dataset/DDAD/val/000757/CAMERA_05/image.jpg,../../data/moge_dataset/DDAD/val/000757/CAMERA_05/depth.png,../../data/moge_dataset/DDAD/val/000757/CAMERA_05/meta.json,DDAD,../../data/depthanything/moge_dataset/DDAD/val/000757/CAMERA_05/image.png
197,197,../../data/moge_dataset/DDAD/val/000762/CAMERA_06/image.jpg,../../data/moge_dataset/DDAD/val/000762/CAMERA_06/depth.png,../../data/moge_dataset/DDAD/val/000762/CAMERA_06/meta.json,DDAD,../../data/depthanything/moge_dataset/DDAD/val/000762/CAMERA_06/image.png
198,198,../../data/moge_dataset/DDAD/val/000763/CAMERA_09/image.jpg,../../data/moge_dataset/DDAD/val/000763/CAMERA_09/depth.png,../../data/moge_dataset/DDAD/val/000763/CAMERA_09/meta.json,DDAD,../../data/depthanything/moge_dataset/DDAD/val/000763/CAMERA_09/image.png
199,199,../../data/moge_dataset/DDAD/val/000777/CAMERA_06/image.jpg,../../data/moge_dataset/DDAD/val/000777/CAMERA_06/depth.png,../../data/moge_dataset/DDAD/val/000777/CAMERA_06/meta.json,DDAD,../../data/depthanything/moge_dataset/DDAD/val/000777/CAMERA_06/image.png
200,200,../../data/moge_dataset/DDAD/val/000788/CAMERA_06/image.jpg,../../data/moge_dataset/DDAD/val/000788/CAMERA_06/depth.png,../../data/moge_dataset/DDAD/val/000788/CAMERA_06/meta.json,DDAD,../../data/depthanything/moge_dataset/DDAD/val/000788/CAMERA_06/image.png
201,201,../../data/moge_dataset/DDAD/val/000789/CAMERA_09/image.jpg,../../data/moge_dataset/DDAD/val/000789/CAMERA_09/depth.png,../../data/moge_dataset/DDAD/val/000789/CAMERA_09/meta.json,DDAD,../../data/depthanything/moge_dataset/DDAD/val/000789/CAMERA_09/image.png
202,202,../../data/moge_dataset/DDAD/val/000791/CAMERA_05/image.jpg,../../data/moge_dataset/DDAD/val/000791/CAMERA_05/depth.png,../../data/moge_dataset/DDAD/val/000791/CAMERA_05/meta.json,DDAD,../../data/depthanything/moge_dataset/DDAD/val/000791/CAMERA_05/image.png
203,203,../../data/moge_dataset/DDAD/val/000805/CAMERA_05/image.jpg,../../data/moge_dataset/DDAD/val/000805/CAMERA_05/depth.png,../../data/moge_dataset/DDAD/val/000805/CAMERA_05/meta.json,DDAD,../../data/depthanything/moge_dataset/DDAD/val/000805/CAMERA_05/image.png
204,204,../../data/moge_dataset/DDAD/val/000806/CAMERA_05/image.jpg,../../data/moge_dataset/DDAD/val/000806/CAMERA_05/depth.png,../../data/moge_dataset/DDAD/val/000806/CAMERA_05/meta.json,DDAD,../../data/depthanything/moge_dataset/DDAD/val/000806/CAMERA_05/image.png
205,205,../../data/moge_dataset/DDAD/val/000809/CAMERA_06/image.jpg,../../data/moge_dataset/DDAD/val/000809/CAMERA_06/depth.png,../../data/moge_dataset/DDAD/val/000809/CAMERA_06/meta.json,DDAD,../../data/depthanything/moge_dataset/DDAD/val/000809/CAMERA_06/image.png
206,206,../../data/moge_dataset/DDAD/val/000814/CAMERA_01/image.jpg,../../data/moge_dataset/DDAD/val/000814/CAMERA_01/depth.png,../../data/moge_dataset/DDAD/val/000814/CAMERA_01/meta.json,DDAD,../../data/depthanything/moge_dataset/DDAD/val/000814/CAMERA_01/image.png
207,207,../../data/moge_dataset/DDAD/val/000821/CAMERA_09/image.jpg,../../data/moge_dataset/DDAD/val/000821/CAMERA_09/depth.png,../../data/moge_dataset/DDAD/val/000821/CAMERA_09/meta.json,DDAD,../../data/depthanything/moge_dataset/DDAD/val/000821/CAMERA_09/image.png
208,208,../../data/moge_dataset/DDAD/val/000826/CAMERA_09/image.jpg,../../data/moge_dataset/DDAD/val/000826/CAMERA_09/depth.png,../../data/moge_dataset/DDAD/val/000826/CAMERA_09/meta.json,DDAD,../../data/depthanything/moge_dataset/DDAD/val/000826/CAMERA_09/image.png
209,209,../../data/moge_dataset/DDAD/val/000828/CAMERA_05/image.jpg,../../data/moge_dataset/DDAD/val/000828/CAMERA_05/depth.png,../../data/moge_dataset/DDAD/val/000828/CAMERA_05/meta.json,DDAD,../../data/depthanything/moge_dataset/DDAD/val/000828/CAMERA_05/image.png
210,210,../../data/moge_dataset/DDAD/val/000829/CAMERA_05/image.jpg,../../data/moge_dataset/DDAD/val/000829/CAMERA_05/depth.png,../../data/moge_dataset/DDAD/val/000829/CAMERA_05/meta.json,DDAD,../../data/depthanything/moge_dataset/DDAD/val/000829/CAMERA_05/image.png
211,211,../../data/moge_dataset/DDAD/val/000838/CAMERA_05/image.jpg,../../data/moge_dataset/DDAD/val/000838/CAMERA_05/depth.png,../../data/moge_dataset/DDAD/val/000838/CAMERA_05/meta.json,DDAD,../../data/depthanything/moge_dataset/DDAD/val/000838/CAMERA_05/image.png
212,212,../../data/moge_dataset/DDAD/val/000839/CAMERA_06/image.jpg,../../data/moge_dataset/DDAD/val/000839/CAMERA_06/depth.png,../../data/moge_dataset/DDAD/val/000839/CAMERA_06/meta.json,DDAD,../../data/depthanything/moge_dataset/DDAD/val/000839/CAMERA_06/image.png
213,213,../../data/moge_dataset/DDAD/val/000847/CAMERA_01/image.jpg,../../data/moge_dataset/DDAD/val/000847/CAMERA_01/depth.png,../../data/moge_dataset/DDAD/val/000847/CAMERA_01/meta.json,DDAD,../../data/depthanything/moge_dataset/DDAD/val/000847/CAMERA_01/image.png
214,214,../../data/moge_dataset/DDAD/val/000849/CAMERA_05/image.jpg,../../data/moge_dataset/DDAD/val/000849/CAMERA_05/depth.png,../../data/moge_dataset/DDAD/val/000849/CAMERA_05/meta.json,DDAD,../../data/depthanything/moge_dataset/DDAD/val/000849/CAMERA_05/image.png
215,215,../../data/moge_dataset/DDAD/val/000850/CAMERA_05/image.jpg,../../data/moge_dataset/DDAD/val/000850/CAMERA_05/depth.png,../../data/moge_dataset/DDAD/val/000850/CAMERA_05/meta.json,DDAD,../../data/depthanything/moge_dataset/DDAD/val/000850/CAMERA_05/image.png
216,216,../../data/moge_dataset/DDAD/val/000860/CAMERA_09/image.jpg,../../data/moge_dataset/DDAD/val/000860/CAMERA_09/depth.png,../../data/moge_dataset/DDAD/val/000860/CAMERA_09/meta.json,DDAD,../../data/depthanything/moge_dataset/DDAD/val/000860/CAMERA_09/image.png
217,217,../../data/moge_dataset/DDAD/val/000862/CAMERA_09/image.jpg,../../data/moge_dataset/DDAD/val/000862/CAMERA_09/depth.png,../../data/moge_dataset/DDAD/val/000862/CAMERA_09/meta.json,DDAD,../../data/depthanything/moge_dataset/DDAD/val/000862/CAMERA_09/image.png
218,218,../../data/moge_dataset/DDAD/val/000864/CAMERA_01/image.jpg,../../data/moge_dataset/DDAD/val/000864/CAMERA_01/depth.png,../../data/moge_dataset/DDAD/val/000864/CAMERA_01/meta.json,DDAD,../../data/depthanything/moge_dataset/DDAD/val/000864/CAMERA_01/image.png
219,219,../../data/moge_dataset/DDAD/val/000864/CAMERA_09/image.jpg,../../data/moge_dataset/DDAD/val/000864/CAMERA_09/depth.png,../../data/moge_dataset/DDAD/val/000864/CAMERA_09/meta.json,DDAD,../../data/depthanything/moge_dataset/DDAD/val/000864/CAMERA_09/image.png
220,220,../../data/moge_dataset/DDAD/val/000865/CAMERA_05/image.jpg,../../data/moge_dataset/DDAD/val/000865/CAMERA_05/depth.png,../../data/moge_dataset/DDAD/val/000865/CAMERA_05/meta.json,DDAD,../../data/depthanything/moge_dataset/DDAD/val/000865/CAMERA_05/image.png
221,221,../../data/moge_dataset/DDAD/val/000866/CAMERA_05/image.jpg,../../data/moge_dataset/DDAD/val/000866/CAMERA_05/depth.png,../../data/moge_dataset/DDAD/val/000866/CAMERA_05/meta.json,DDAD,../../data/depthanything/moge_dataset/DDAD/val/000866/CAMERA_05/image.png
222,222,../../data/moge_dataset/DDAD/val/000867/CAMERA_06/image.jpg,../../data/moge_dataset/DDAD/val/000867/CAMERA_06/depth.png,../../data/moge_dataset/DDAD/val/000867/CAMERA_06/meta.json,DDAD,../../data/depthanything/moge_dataset/DDAD/val/000867/CAMERA_06/image.png
223,223,../../data/moge_dataset/DDAD/val/000869/CAMERA_09/image.jpg,../../data/moge_dataset/DDAD/val/000869/CAMERA_09/depth.png,../../data/moge_dataset/DDAD/val/000869/CAMERA_09/meta.json,DDAD,../../data/depthanything/moge_dataset/DDAD/val/000869/CAMERA_09/image.png
224,224,../../data/moge_dataset/DDAD/val/000879/CAMERA_05/image.jpg,../../data/moge_dataset/DDAD/val/000879/CAMERA_05/depth.png,../../data/moge_dataset/DDAD/val/000879/CAMERA_05/meta.json,DDAD,../../data/depthanything/moge_dataset/DDAD/val/000879/CAMERA_05/image.png
225,225,../../data/moge_dataset/DDAD/val/000886/CAMERA_05/image.jpg,../../data/moge_dataset/DDAD/val/000886/CAMERA_05/depth.png,../../data/moge_dataset/DDAD/val/000886/CAMERA_05/meta.json,DDAD,../../data/depthanything/moge_dataset/DDAD/val/000886/CAMERA_05/image.png
226,226,../../data/moge_dataset/DDAD/val/000887/CAMERA_05/image.jpg,../../data/moge_dataset/DDAD/val/000887/CAMERA_05/depth.png,../../data/moge_dataset/DDAD/val/000887/CAMERA_05/meta.json,DDAD,../../data/depthanything/moge_dataset/DDAD/val/000887/CAMERA_05/image.png
227,227,../../data/moge_dataset/DDAD/val/000889/CAMERA_05/image.jpg,../../data/moge_dataset/DDAD/val/000889/CAMERA_05/depth.png,../../data/moge_dataset/DDAD/val/000889/CAMERA_05/meta.json,DDAD,../../data/depthanything/moge_dataset/DDAD/val/000889/CAMERA_05/image.png
228,228,../../data/moge_dataset/DDAD/val/000891/CAMERA_09/image.jpg,../../data/moge_dataset/DDAD/val/000891/CAMERA_09/depth.png,../../data/moge_dataset/DDAD/val/000891/CAMERA_09/meta.json,DDAD,../../data/depthanything/moge_dataset/DDAD/val/000891/CAMERA_09/image.png
229,229,../../data/moge_dataset/DDAD/val/000899/CAMERA_06/image.jpg,../../data/moge_dataset/DDAD/val/000899/CAMERA_06/depth.png,../../data/moge_dataset/DDAD/val/000899/CAMERA_06/meta.json,DDAD,../../data/depthanything/moge_dataset/DDAD/val/000899/CAMERA_06/image.png
230,230,../../data/moge_dataset/DDAD/val/000903/CAMERA_05/image.jpg,../../data/moge_dataset/DDAD/val/000903/CAMERA_05/depth.png,../../data/moge_dataset/DDAD/val/000903/CAMERA_05/meta.json,DDAD,../../data/depthanything/moge_dataset/DDAD/val/000903/CAMERA_05/image.png
231,231,../../data/moge_dataset/DDAD/val/000906/CAMERA_05/image.jpg,../../data/moge_dataset/DDAD/val/000906/CAMERA_05/depth.png,../../data/moge_dataset/DDAD/val/000906/CAMERA_05/meta.json,DDAD,../../data/depthanything/moge_dataset/DDAD/val/000906/CAMERA_05/image.png
232,232,../../data/moge_dataset/DDAD/val/000908/CAMERA_09/image.jpg,../../data/moge_dataset/DDAD/val/000908/CAMERA_09/depth.png,../../data/moge_dataset/DDAD/val/000908/CAMERA_09/meta.json,DDAD,../../data/depthanything/moge_dataset/DDAD/val/000908/CAMERA_09/image.png
233,233,../../data/moge_dataset/DDAD/val/000930/CAMERA_05/image.jpg,../../data/moge_dataset/DDAD/val/000930/CAMERA_05/depth.png,../../data/moge_dataset/DDAD/val/000930/CAMERA_05/meta.json,DDAD,../../data/depthanything/moge_dataset/DDAD/val/000930/CAMERA_05/image.png
234,234,../../data/moge_dataset/DDAD/val/000939/CAMERA_05/image.jpg,../../data/moge_dataset/DDAD/val/000939/CAMERA_05/depth.png,../../data/moge_dataset/DDAD/val/000939/CAMERA_05/meta.json,DDAD,../../data/depthanything/moge_dataset/DDAD/val/000939/CAMERA_05/image.png
235,235,../../data/moge_dataset/DDAD/val/000941/CAMERA_06/image.jpg,../../data/moge_dataset/DDAD/val/000941/CAMERA_06/depth.png,../../data/moge_dataset/DDAD/val/000941/CAMERA_06/meta.json,DDAD,../../data/depthanything/moge_dataset/DDAD/val/000941/CAMERA_06/image.png
236,236,../../data/moge_dataset/DDAD/val/000949/CAMERA_05/image.jpg,../../data/moge_dataset/DDAD/val/000949/CAMERA_05/depth.png,../../data/moge_dataset/DDAD/val/000949/CAMERA_05/meta.json,DDAD,../../data/depthanything/moge_dataset/DDAD/val/000949/CAMERA_05/image.png
237,237,../../data/moge_dataset/DDAD/val/000950/CAMERA_06/image.jpg,../../data/moge_dataset/DDAD/val/000950/CAMERA_06/depth.png,../../data/moge_dataset/DDAD/val/000950/CAMERA_06/meta.json,DDAD,../../data/depthanything/moge_dataset/DDAD/val/000950/CAMERA_06/image.png
238,238,../../data/moge_dataset/DDAD/val/000951/CAMERA_05/image.jpg,../../data/moge_dataset/DDAD/val/000951/CAMERA_05/depth.png,../../data/moge_dataset/DDAD/val/000951/CAMERA_05/meta.json,DDAD,../../data/depthanything/moge_dataset/DDAD/val/000951/CAMERA_05/image.png
239,239,../../data/moge_dataset/DDAD/val/000958/CAMERA_01/image.jpg,../../data/moge_dataset/DDAD/val/000958/CAMERA_01/depth.png,../../data/moge_dataset/DDAD/val/000958/CAMERA_01/meta.json,DDAD,../../data/depthanything/moge_dataset/DDAD/val/000958/CAMERA_01/image.png
240,240,../../data/moge_dataset/DDAD/val/000959/CAMERA_05/image.jpg,../../data/moge_dataset/DDAD/val/000959/CAMERA_05/depth.png,../../data/moge_dataset/DDAD/val/000959/CAMERA_05/meta.json,DDAD,../../data/depthanything/moge_dataset/DDAD/val/000959/CAMERA_05/image.png
241,241,../../data/moge_dataset/DDAD/val/000970/CAMERA_09/image.jpg,../../data/moge_dataset/DDAD/val/000970/CAMERA_09/depth.png,../../data/moge_dataset/DDAD/val/000970/CAMERA_09/meta.json,DDAD,../../data/depthanything/moge_dataset/DDAD/val/000970/CAMERA_09/image.png
242,242,../../data/moge_dataset/DDAD/val/000971/CAMERA_01/image.jpg,../../data/moge_dataset/DDAD/val/000971/CAMERA_01/depth.png,../../data/moge_dataset/DDAD/val/000971/CAMERA_01/meta.json,DDAD,../../data/depthanything/moge_dataset/DDAD/val/000971/CAMERA_01/image.png
243,243,../../data/moge_dataset/DDAD/val/000985/CAMERA_06/image.jpg,../../data/moge_dataset/DDAD/val/000985/CAMERA_06/depth.png,../../data/moge_dataset/DDAD/val/000985/CAMERA_06/meta.json,DDAD,../../data/depthanything/moge_dataset/DDAD/val/000985/CAMERA_06/image.png
244,244,../../data/moge_dataset/DDAD/val/000998/CAMERA_01/image.jpg,../../data/moge_dataset/DDAD/val/000998/CAMERA_01/depth.png,../../data/moge_dataset/DDAD/val/000998/CAMERA_01/meta.json,DDAD,../../data/depthanything/moge_dataset/DDAD/val/000998/CAMERA_01/image.png
245,245,../../data/moge_dataset/DDAD/val/000998/CAMERA_06/image.jpg,../../data/moge_dataset/DDAD/val/000998/CAMERA_06/depth.png,../../data/moge_dataset/DDAD/val/000998/CAMERA_06/meta.json,DDAD,../../data/depthanything/moge_dataset/DDAD/val/000998/CAMERA_06/image.png
246,246,../../data/moge_dataset/DDAD/val/000998/CAMERA_09/image.jpg,../../data/moge_dataset/DDAD/val/000998/CAMERA_09/depth.png,../../data/moge_dataset/DDAD/val/000998/CAMERA_09/meta.json,DDAD,../../data/depthanything/moge_dataset/DDAD/val/000998/CAMERA_09/image.png
247,247,../../data/moge_dataset/DDAD/val/001003/CAMERA_09/image.jpg,../../data/moge_dataset/DDAD/val/001003/CAMERA_09/depth.png,../../data/moge_dataset/DDAD/val/001003/CAMERA_09/meta.json,DDAD,../../data/depthanything/moge_dataset/DDAD/val/001003/CAMERA_09/image.png
248,248,../../data/moge_dataset/DDAD/val/001016/CAMERA_01/image.jpg,../../data/moge_dataset/DDAD/val/001016/CAMERA_01/depth.png,../../data/moge_dataset/DDAD/val/001016/CAMERA_01/meta.json,DDAD,../../data/depthanything/moge_dataset/DDAD/val/001016/CAMERA_01/image.png
249,249,../../data/moge_dataset/DDAD/val/001020/CAMERA_09/image.jpg,../../data/moge_dataset/DDAD/val/001020/CAMERA_09/depth.png,../../data/moge_dataset/DDAD/val/001020/CAMERA_09/meta.json,DDAD,../../data/depthanything/moge_dataset/DDAD/val/001020/CAMERA_09/image.png
250,250,../../data/moge_dataset/DDAD/val/001031/CAMERA_09/image.jpg,../../data/moge_dataset/DDAD/val/001031/CAMERA_09/depth.png,../../data/moge_dataset/DDAD/val/001031/CAMERA_09/meta.json,DDAD,../../data/depthanything/moge_dataset/DDAD/val/001031/CAMERA_09/image.png
251,251,../../data/moge_dataset/DDAD/val/001033/CAMERA_05/image.jpg,../../data/moge_dataset/DDAD/val/001033/CAMERA_05/depth.png,../../data/moge_dataset/DDAD/val/001033/CAMERA_05/meta.json,DDAD,../../data/depthanything/moge_dataset/DDAD/val/001033/CAMERA_05/image.png
252,252,../../data/moge_dataset/DDAD/val/001034/CAMERA_01/image.jpg,../../data/moge_dataset/DDAD/val/001034/CAMERA_01/depth.png,../../data/moge_dataset/DDAD/val/001034/CAMERA_01/meta.json,DDAD,../../data/depthanything/moge_dataset/DDAD/val/001034/CAMERA_01/image.png
253,253,../../data/moge_dataset/DDAD/val/001042/CAMERA_06/image.jpg,../../data/moge_dataset/DDAD/val/001042/CAMERA_06/depth.png,../../data/moge_dataset/DDAD/val/001042/CAMERA_06/meta.json,DDAD,../../data/depthanything/moge_dataset/DDAD/val/001042/CAMERA_06/image.png
254,254,../../data/moge_dataset/DDAD/val/001043/CAMERA_01/image.jpg,../../data/moge_dataset/DDAD/val/001043/CAMERA_01/depth.png,../../data/moge_dataset/DDAD/val/001043/CAMERA_01/meta.json,DDAD,../../data/depthanything/moge_dataset/DDAD/val/001043/CAMERA_01/image.png
255,255,../../data/moge_dataset/DDAD/val/001047/CAMERA_06/image.jpg,../../data/moge_dataset/DDAD/val/001047/CAMERA_06/depth.png,../../data/moge_dataset/DDAD/val/001047/CAMERA_06/meta.json,DDAD,../../data/depthanything/moge_dataset/DDAD/val/001047/CAMERA_06/image.png
256,256,../../data/moge_dataset/DDAD/val/001047/CAMERA_09/image.jpg,../../data/moge_dataset/DDAD/val/001047/CAMERA_09/depth.png,../../data/moge_dataset/DDAD/val/001047/CAMERA_09/meta.json,DDAD,../../data/depthanything/moge_dataset/DDAD/val/001047/CAMERA_09/image.png
257,257,../../data/moge_dataset/DDAD/val/001049/CAMERA_01/image.jpg,../../data/moge_dataset/DDAD/val/001049/CAMERA_01/depth.png,../../data/moge_dataset/DDAD/val/001049/CAMERA_01/meta.json,DDAD,../../data/depthanything/moge_dataset/DDAD/val/001049/CAMERA_01/image.png
258,258,../../data/moge_dataset/DDAD/val/001051/CAMERA_05/image.jpg,../../data/moge_dataset/DDAD/val/001051/CAMERA_05/depth.png,../../data/moge_dataset/DDAD/val/001051/CAMERA_05/meta.json,DDAD,../../data/depthanything/moge_dataset/DDAD/val/001051/CAMERA_05/image.png
259,259,../../data/moge_dataset/DDAD/val/001055/CAMERA_09/image.jpg,../../data/moge_dataset/DDAD/val/001055/CAMERA_09/depth.png,../../data/moge_dataset/DDAD/val/001055/CAMERA_09/meta.json,DDAD,../../data/depthanything/moge_dataset/DDAD/val/001055/CAMERA_09/image.png
260,260,../../data/moge_dataset/DDAD/val/001066/CAMERA_05/image.jpg,../../data/moge_dataset/DDAD/val/001066/CAMERA_05/depth.png,../../data/moge_dataset/DDAD/val/001066/CAMERA_05/meta.json,DDAD,../../data/depthanything/moge_dataset/DDAD/val/001066/CAMERA_05/image.png
261,261,../../data/moge_dataset/DDAD/val/001069/CAMERA_06/image.jpg,../../data/moge_dataset/DDAD/val/001069/CAMERA_06/depth.png,../../data/moge_dataset/DDAD/val/001069/CAMERA_06/meta.json,DDAD,../../data/depthanything/moge_dataset/DDAD/val/001069/CAMERA_06/image.png
262,262,../../data/moge_dataset/DDAD/val/001071/CAMERA_05/image.jpg,../../data/moge_dataset/DDAD/val/001071/CAMERA_05/depth.png,../../data/moge_dataset/DDAD/val/001071/CAMERA_05/meta.json,DDAD,../../data/depthanything/moge_dataset/DDAD/val/001071/CAMERA_05/image.png
263,263,../../data/moge_dataset/DDAD/val/001085/CAMERA_05/image.jpg,../../data/moge_dataset/DDAD/val/001085/CAMERA_05/depth.png,../../data/moge_dataset/DDAD/val/001085/CAMERA_05/meta.json,DDAD,../../data/depthanything/moge_dataset/DDAD/val/001085/CAMERA_05/image.png
264,264,../../data/moge_dataset/DDAD/val/001085/CAMERA_06/image.jpg,../../data/moge_dataset/DDAD/val/001085/CAMERA_06/depth.png,../../data/moge_dataset/DDAD/val/001085/CAMERA_06/meta.json,DDAD,../../data/depthanything/moge_dataset/DDAD/val/001085/CAMERA_06/image.png
265,265,../../data/moge_dataset/DDAD/val/001090/CAMERA_06/image.jpg,../../data/moge_dataset/DDAD/val/001090/CAMERA_06/depth.png,../../data/moge_dataset/DDAD/val/001090/CAMERA_06/meta.json,DDAD,../../data/depthanything/moge_dataset/DDAD/val/001090/CAMERA_06/image.png
266,266,../../data/moge_dataset/DDAD/val/001093/CAMERA_05/image.jpg,../../data/moge_dataset/DDAD/val/001093/CAMERA_05/depth.png,../../data/moge_dataset/DDAD/val/001093/CAMERA_05/meta.json,DDAD,../../data/depthanything/moge_dataset/DDAD/val/001093/CAMERA_05/image.png
267,267,../../data/moge_dataset/DDAD/val/001106/CAMERA_09/image.jpg,../../data/moge_dataset/DDAD/val/001106/CAMERA_09/depth.png,../../data/moge_dataset/DDAD/val/001106/CAMERA_09/meta.json,DDAD,../../data/depthanything/moge_dataset/DDAD/val/001106/CAMERA_09/image.png
268,268,../../data/moge_dataset/DDAD/val/001108/CAMERA_06/image.jpg,../../data/moge_dataset/DDAD/val/001108/CAMERA_06/depth.png,../../data/moge_dataset/DDAD/val/001108/CAMERA_06/meta.json,DDAD,../../data/depthanything/moge_dataset/DDAD/val/001108/CAMERA_06/image.png
269,269,../../data/moge_dataset/DDAD/val/001109/CAMERA_09/image.jpg,../../data/moge_dataset/DDAD/val/001109/CAMERA_09/depth.png,../../data/moge_dataset/DDAD/val/001109/CAMERA_09/meta.json,DDAD,../../data/depthanything/moge_dataset/DDAD/val/001109/CAMERA_09/image.png
270,270,../../data/moge_dataset/DDAD/val/001110/CAMERA_01/image.jpg,../../data/moge_dataset/DDAD/val/001110/CAMERA_01/depth.png,../../data/moge_dataset/DDAD/val/001110/CAMERA_01/meta.json,DDAD,../../data/depthanything/moge_dataset/DDAD/val/001110/CAMERA_01/image.png
271,271,../../data/moge_dataset/DDAD/val/001111/CAMERA_09/image.jpg,../../data/moge_dataset/DDAD/val/001111/CAMERA_09/depth.png,../../data/moge_dataset/DDAD/val/001111/CAMERA_09/meta.json,DDAD,../../data/depthanything/moge_dataset/DDAD/val/001111/CAMERA_09/image.png
272,272,../../data/moge_dataset/DDAD/val/001113/CAMERA_05/image.jpg,../../data/moge_dataset/DDAD/val/001113/CAMERA_05/depth.png,../../data/moge_dataset/DDAD/val/001113/CAMERA_05/meta.json,DDAD,../../data/depthanything/moge_dataset/DDAD/val/001113/CAMERA_05/image.png
273,273,../../data/moge_dataset/DDAD/val/001129/CAMERA_09/image.jpg,../../data/moge_dataset/DDAD/val/001129/CAMERA_09/depth.png,../../data/moge_dataset/DDAD/val/001129/CAMERA_09/meta.json,DDAD,../../data/depthanything/moge_dataset/DDAD/val/001129/CAMERA_09/image.png
274,274,../../data/moge_dataset/DDAD/val/001130/CAMERA_06/image.jpg,../../data/moge_dataset/DDAD/val/001130/CAMERA_06/depth.png,../../data/moge_dataset/DDAD/val/001130/CAMERA_06/meta.json,DDAD,../../data/depthanything/moge_dataset/DDAD/val/001130/CAMERA_06/image.png
275,275,../../data/moge_dataset/DDAD/val/001136/CAMERA_01/image.jpg,../../data/moge_dataset/DDAD/val/001136/CAMERA_01/depth.png,../../data/moge_dataset/DDAD/val/001136/CAMERA_01/meta.json,DDAD,../../data/depthanything/moge_dataset/DDAD/val/001136/CAMERA_01/image.png
276,276,../../data/moge_dataset/DDAD/val/001141/CAMERA_09/image.jpg,../../data/moge_dataset/DDAD/val/001141/CAMERA_09/depth.png,../../data/moge_dataset/DDAD/val/001141/CAMERA_09/meta.json,DDAD,../../data/depthanything/moge_dataset/DDAD/val/001141/CAMERA_09/image.png
277,277,../../data/moge_dataset/DDAD/val/001142/CAMERA_06/image.jpg,../../data/moge_dataset/DDAD/val/001142/CAMERA_06/depth.png,../../data/moge_dataset/DDAD/val/001142/CAMERA_06/meta.json,DDAD,../../data/depthanything/moge_dataset/DDAD/val/001142/CAMERA_06/image.png
278,278,../../data/moge_dataset/DDAD/val/001146/CAMERA_06/image.jpg,../../data/moge_dataset/DDAD/val/001146/CAMERA_06/depth.png,../../data/moge_dataset/DDAD/val/001146/CAMERA_06/meta.json,DDAD,../../data/depthanything/moge_dataset/DDAD/val/001146/CAMERA_06/image.png
279,279,../../data/moge_dataset/DDAD/val/001151/CAMERA_05/image.jpg,../../data/moge_dataset/DDAD/val/001151/CAMERA_05/depth.png,../../data/moge_dataset/DDAD/val/001151/CAMERA_05/meta.json,DDAD,../../data/depthanything/moge_dataset/DDAD/val/001151/CAMERA_05/image.png
280,280,../../data/moge_dataset/DDAD/val/001155/CAMERA_05/image.jpg,../../data/moge_dataset/DDAD/val/001155/CAMERA_05/depth.png,../../data/moge_dataset/DDAD/val/001155/CAMERA_05/meta.json,DDAD,../../data/depthanything/moge_dataset/DDAD/val/001155/CAMERA_05/image.png
281,281,../../data/moge_dataset/DDAD/val/001155/CAMERA_06/image.jpg,../../data/moge_dataset/DDAD/val/001155/CAMERA_06/depth.png,../../data/moge_dataset/DDAD/val/001155/CAMERA_06/meta.json,DDAD,../../data/depthanything/moge_dataset/DDAD/val/001155/CAMERA_06/image.png
282,282,../../data/moge_dataset/DDAD/val/001158/CAMERA_06/image.jpg,../../data/moge_dataset/DDAD/val/001158/CAMERA_06/depth.png,../../data/moge_dataset/DDAD/val/001158/CAMERA_06/meta.json,DDAD,../../data/depthanything/moge_dataset/DDAD/val/001158/CAMERA_06/image.png
283,283,../../data/moge_dataset/DDAD/val/001163/CAMERA_01/image.jpg,../../data/moge_dataset/DDAD/val/001163/CAMERA_01/depth.png,../../data/moge_dataset/DDAD/val/001163/CAMERA_01/meta.json,DDAD,../../data/depthanything/moge_dataset/DDAD/val/001163/CAMERA_01/image.png
284,284,../../data/moge_dataset/DDAD/val/001168/CAMERA_09/image.jpg,../../data/moge_dataset/DDAD/val/001168/CAMERA_09/depth.png,../../data/moge_dataset/DDAD/val/001168/CAMERA_09/meta.json,DDAD,../../data/depthanything/moge_dataset/DDAD/val/001168/CAMERA_09/image.png
285,285,../../data/moge_dataset/DDAD/val/001172/CAMERA_05/image.jpg,../../data/moge_dataset/DDAD/val/001172/CAMERA_05/depth.png,../../data/moge_dataset/DDAD/val/001172/CAMERA_05/meta.json,DDAD,../../data/depthanything/moge_dataset/DDAD/val/001172/CAMERA_05/image.png
286,286,../../data/moge_dataset/DDAD/val/001175/CAMERA_06/image.jpg,../../data/moge_dataset/DDAD/val/001175/CAMERA_06/depth.png,../../data/moge_dataset/DDAD/val/001175/CAMERA_06/meta.json,DDAD,../../data/depthanything/moge_dataset/DDAD/val/001175/CAMERA_06/image.png
287,287,../../data/moge_dataset/DDAD/val/001177/CAMERA_06/image.jpg,../../data/moge_dataset/DDAD/val/001177/CAMERA_06/depth.png,../../data/moge_dataset/DDAD/val/001177/CAMERA_06/meta.json,DDAD,../../data/depthanything/moge_dataset/DDAD/val/001177/CAMERA_06/image.png
288,288,../../data/moge_dataset/DDAD/val/001191/CAMERA_01/image.jpg,../../data/moge_dataset/DDAD/val/001191/CAMERA_01/depth.png,../../data/moge_dataset/DDAD/val/001191/CAMERA_01/meta.json,DDAD,../../data/depthanything/moge_dataset/DDAD/val/001191/CAMERA_01/image.png
289,289,../../data/moge_dataset/DDAD/val/001194/CAMERA_05/image.jpg,../../data/moge_dataset/DDAD/val/001194/CAMERA_05/depth.png,../../data/moge_dataset/DDAD/val/001194/CAMERA_05/meta.json,DDAD,../../data/depthanything/moge_dataset/DDAD/val/001194/CAMERA_05/image.png
290,290,../../data/moge_dataset/DDAD/val/001196/CAMERA_01/image.jpg,../../data/moge_dataset/DDAD/val/001196/CAMERA_01/depth.png,../../data/moge_dataset/DDAD/val/001196/CAMERA_01/meta.json,DDAD,../../data/depthanything/moge_dataset/DDAD/val/001196/CAMERA_01/image.png
291,291,../../data/moge_dataset/DDAD/val/001200/CAMERA_01/image.jpg,../../data/moge_dataset/DDAD/val/001200/CAMERA_01/depth.png,../../data/moge_dataset/DDAD/val/001200/CAMERA_01/meta.json,DDAD,../../data/depthanything/moge_dataset/DDAD/val/001200/CAMERA_01/image.png
292,292,../../data/moge_dataset/DDAD/val/001201/CAMERA_06/image.jpg,../../data/moge_dataset/DDAD/val/001201/CAMERA_06/depth.png,../../data/moge_dataset/DDAD/val/001201/CAMERA_06/meta.json,DDAD,../../data/depthanything/moge_dataset/DDAD/val/001201/CAMERA_06/image.png
293,293,../../data/moge_dataset/DDAD/val/001205/CAMERA_05/image.jpg,../../data/moge_dataset/DDAD/val/001205/CAMERA_05/depth.png,../../data/moge_dataset/DDAD/val/001205/CAMERA_05/meta.json,DDAD,../../data/depthanything/moge_dataset/DDAD/val/001205/CAMERA_05/image.png
294,294,../../data/moge_dataset/DDAD/val/001206/CAMERA_01/image.jpg,../../data/moge_dataset/DDAD/val/001206/CAMERA_01/depth.png,../../data/moge_dataset/DDAD/val/001206/CAMERA_01/meta.json,DDAD,../../data/depthanything/moge_dataset/DDAD/val/001206/CAMERA_01/image.png
295,295,../../data/moge_dataset/DDAD/val/001213/CAMERA_09/image.jpg,../../data/moge_dataset/DDAD/val/001213/CAMERA_09/depth.png,../../data/moge_dataset/DDAD/val/001213/CAMERA_09/meta.json,DDAD,../../data/depthanything/moge_dataset/DDAD/val/001213/CAMERA_09/image.png
296,296,../../data/moge_dataset/DDAD/val/001214/CAMERA_06/image.jpg,../../data/moge_dataset/DDAD/val/001214/CAMERA_06/depth.png,../../data/moge_dataset/DDAD/val/001214/CAMERA_06/meta.json,DDAD,../../data/depthanything/moge_dataset/DDAD/val/001214/CAMERA_06/image.png
297,297,../../data/moge_dataset/DDAD/val/001222/CAMERA_05/image.jpg,../../data/moge_dataset/DDAD/val/001222/CAMERA_05/depth.png,../../data/moge_dataset/DDAD/val/001222/CAMERA_05/meta.json,DDAD,../../data/depthanything/moge_dataset/DDAD/val/001222/CAMERA_05/image.png
298,298,../../data/moge_dataset/DDAD/val/001222/CAMERA_09/image.jpg,../../data/moge_dataset/DDAD/val/001222/CAMERA_09/depth.png,../../data/moge_dataset/DDAD/val/001222/CAMERA_09/meta.json,DDAD,../../data/depthanything/moge_dataset/DDAD/val/001222/CAMERA_09/image.png
299,299,../../data/moge_dataset/DDAD/val/001230/CAMERA_06/image.jpg,../../data/moge_dataset/DDAD/val/001230/CAMERA_06/depth.png,../../data/moge_dataset/DDAD/val/001230/CAMERA_06/meta.json,DDAD,../../data/depthanything/moge_dataset/DDAD/val/001230/CAMERA_06/image.png
300,300,../../data/moge_dataset/DDAD/val/001231/CAMERA_05/image.jpg,../../data/moge_dataset/DDAD/val/001231/CAMERA_05/depth.png,../../data/moge_dataset/DDAD/val/001231/CAMERA_05/meta.json,DDAD,../../data/depthanything/moge_dataset/DDAD/val/001231/CAMERA_05/image.png
301,301,../../data/moge_dataset/DDAD/val/001236/CAMERA_05/image.jpg,../../data/moge_dataset/DDAD/val/001236/CAMERA_05/depth.png,../../data/moge_dataset/DDAD/val/001236/CAMERA_05/meta.json,DDAD,../../data/depthanything/moge_dataset/DDAD/val/001236/CAMERA_05/image.png
302,302,../../data/moge_dataset/DDAD/val/001236/CAMERA_09/image.jpg,../../data/moge_dataset/DDAD/val/001236/CAMERA_09/depth.png,../../data/moge_dataset/DDAD/val/001236/CAMERA_09/meta.json,DDAD,../../data/depthanything/moge_dataset/DDAD/val/001236/CAMERA_09/image.png
303,303,../../data/moge_dataset/DDAD/val/001244/CAMERA_05/image.jpg,../../data/moge_dataset/DDAD/val/001244/CAMERA_05/depth.png,../../data/moge_dataset/DDAD/val/001244/CAMERA_05/meta.json,DDAD,../../data/depthanything/moge_dataset/DDAD/val/001244/CAMERA_05/image.png
304,304,../../data/moge_dataset/DDAD/val/001248/CAMERA_06/image.jpg,../../data/moge_dataset/DDAD/val/001248/CAMERA_06/depth.png,../../data/moge_dataset/DDAD/val/001248/CAMERA_06/meta.json,DDAD,../../data/depthanything/moge_dataset/DDAD/val/001248/CAMERA_06/image.png
305,305,../../data/moge_dataset/DDAD/val/001249/CAMERA_05/image.jpg,../../data/moge_dataset/DDAD/val/001249/CAMERA_05/depth.png,../../data/moge_dataset/DDAD/val/001249/CAMERA_05/meta.json,DDAD,../../data/depthanything/moge_dataset/DDAD/val/001249/CAMERA_05/image.png
306,306,../../data/moge_dataset/DDAD/val/001250/CAMERA_01/image.jpg,../../data/moge_dataset/DDAD/val/001250/CAMERA_01/depth.png,../../data/moge_dataset/DDAD/val/001250/CAMERA_01/meta.json,DDAD,../../data/depthanything/moge_dataset/DDAD/val/001250/CAMERA_01/image.png
307,307,../../data/moge_dataset/DDAD/val/001262/CAMERA_05/image.jpg,../../data/moge_dataset/DDAD/val/001262/CAMERA_05/depth.png,../../data/moge_dataset/DDAD/val/001262/CAMERA_05/meta.json,DDAD,../../data/depthanything/moge_dataset/DDAD/val/001262/CAMERA_05/image.png
308,308,../../data/moge_dataset/DDAD/val/001267/CAMERA_09/image.jpg,../../data/moge_dataset/DDAD/val/001267/CAMERA_09/depth.png,../../data/moge_dataset/DDAD/val/001267/CAMERA_09/meta.json,DDAD,../../data/depthanything/moge_dataset/DDAD/val/001267/CAMERA_09/image.png
309,309,../../data/moge_dataset/DDAD/val/001274/CAMERA_05/image.jpg,../../data/moge_dataset/DDAD/val/001274/CAMERA_05/depth.png,../../data/moge_dataset/DDAD/val/001274/CAMERA_05/meta.json,DDAD,../../data/depthanything/moge_dataset/DDAD/val/001274/CAMERA_05/image.png
310,310,../../data/moge_dataset/DDAD/val/001275/CAMERA_05/image.jpg,../../data/moge_dataset/DDAD/val/001275/CAMERA_05/depth.png,../../data/moge_dataset/DDAD/val/001275/CAMERA_05/meta.json,DDAD,../../data/depthanything/moge_dataset/DDAD/val/001275/CAMERA_05/image.png
311,311,../../data/moge_dataset/DDAD/val/001277/CAMERA_06/image.jpg,../../data/moge_dataset/DDAD/val/001277/CAMERA_06/depth.png,../../data/moge_dataset/DDAD/val/001277/CAMERA_06/meta.json,DDAD,../../data/depthanything/moge_dataset/DDAD/val/001277/CAMERA_06/image.png
312,312,../../data/moge_dataset/DDAD/val/001278/CAMERA_06/image.jpg,../../data/moge_dataset/DDAD/val/001278/CAMERA_06/depth.png,../../data/moge_dataset/DDAD/val/001278/CAMERA_06/meta.json,DDAD,../../data/depthanything/moge_dataset/DDAD/val/001278/CAMERA_06/image.png
313,313,../../data/moge_dataset/DDAD/val/001289/CAMERA_09/image.jpg,../../data/moge_dataset/DDAD/val/001289/CAMERA_09/depth.png,../../data/moge_dataset/DDAD/val/001289/CAMERA_09/meta.json,DDAD,../../data/depthanything/moge_dataset/DDAD/val/001289/CAMERA_09/image.png
314,314,../../data/moge_dataset/DDAD/val/001292/CAMERA_05/image.jpg,../../data/moge_dataset/DDAD/val/001292/CAMERA_05/depth.png,../../data/moge_dataset/DDAD/val/001292/CAMERA_05/meta.json,DDAD,../../data/depthanything/moge_dataset/DDAD/val/001292/CAMERA_05/image.png
315,315,../../data/moge_dataset/DDAD/val/001294/CAMERA_05/image.jpg,../../data/moge_dataset/DDAD/val/001294/CAMERA_05/depth.png,../../data/moge_dataset/DDAD/val/001294/CAMERA_05/meta.json,DDAD,../../data/depthanything/moge_dataset/DDAD/val/001294/CAMERA_05/image.png
316,316,../../data/moge_dataset/DDAD/val/001298/CAMERA_09/image.jpg,../../data/moge_dataset/DDAD/val/001298/CAMERA_09/depth.png,../../data/moge_dataset/DDAD/val/001298/CAMERA_09/meta.json,DDAD,../../data/depthanything/moge_dataset/DDAD/val/001298/CAMERA_09/image.png
317,317,../../data/moge_dataset/DDAD/val/001302/CAMERA_06/image.jpg,../../data/moge_dataset/DDAD/val/001302/CAMERA_06/depth.png,../../data/moge_dataset/DDAD/val/001302/CAMERA_06/meta.json,DDAD,../../data/depthanything/moge_dataset/DDAD/val/001302/CAMERA_06/image.png
318,318,../../data/moge_dataset/DDAD/val/001318/CAMERA_09/image.jpg,../../data/moge_dataset/DDAD/val/001318/CAMERA_09/depth.png,../../data/moge_dataset/DDAD/val/001318/CAMERA_09/meta.json,DDAD,../../data/depthanything/moge_dataset/DDAD/val/001318/CAMERA_09/image.png
319,319,../../data/moge_dataset/DDAD/val/001321/CAMERA_01/image.jpg,../../data/moge_dataset/DDAD/val/001321/CAMERA_01/depth.png,../../data/moge_dataset/DDAD/val/001321/CAMERA_01/meta.json,DDAD,../../data/depthanything/moge_dataset/DDAD/val/001321/CAMERA_01/image.png
320,320,../../data/moge_dataset/DDAD/val/001321/CAMERA_05/image.jpg,../../data/moge_dataset/DDAD/val/001321/CAMERA_05/depth.png,../../data/moge_dataset/DDAD/val/001321/CAMERA_05/meta.json,DDAD,../../data/depthanything/moge_dataset/DDAD/val/001321/CAMERA_05/image.png
321,321,../../data/moge_dataset/DDAD/val/001325/CAMERA_06/image.jpg,../../data/moge_dataset/DDAD/val/001325/CAMERA_06/depth.png,../../data/moge_dataset/DDAD/val/001325/CAMERA_06/meta.json,DDAD,../../data/depthanything/moge_dataset/DDAD/val/001325/CAMERA_06/image.png
322,322,../../data/moge_dataset/DDAD/val/001327/CAMERA_06/image.jpg,../../data/moge_dataset/DDAD/val/001327/CAMERA_06/depth.png,../../data/moge_dataset/DDAD/val/001327/CAMERA_06/meta.json,DDAD,../../data/depthanything/moge_dataset/DDAD/val/001327/CAMERA_06/image.png
323,323,../../data/moge_dataset/DDAD/val/001336/CAMERA_06/image.jpg,../../data/moge_dataset/DDAD/val/001336/CAMERA_06/depth.png,../../data/moge_dataset/DDAD/val/001336/CAMERA_06/meta.json,DDAD,../../data/depthanything/moge_dataset/DDAD/val/001336/CAMERA_06/image.png
324,324,../../data/moge_dataset/DDAD/val/001341/CAMERA_06/image.jpg,../../data/moge_dataset/DDAD/val/001341/CAMERA_06/depth.png,../../data/moge_dataset/DDAD/val/001341/CAMERA_06/meta.json,DDAD,../../data/depthanything/moge_dataset/DDAD/val/001341/CAMERA_06/image.png
325,325,../../data/moge_dataset/DDAD/val/001344/CAMERA_09/image.jpg,../../data/moge_dataset/DDAD/val/001344/CAMERA_09/depth.png,../../data/moge_dataset/DDAD/val/001344/CAMERA_09/meta.json,DDAD,../../data/depthanything/moge_dataset/DDAD/val/001344/CAMERA_09/image.png
326,326,../../data/moge_dataset/DDAD/val/001345/CAMERA_01/image.jpg,../../data/moge_dataset/DDAD/val/001345/CAMERA_01/depth.png,../../data/moge_dataset/DDAD/val/001345/CAMERA_01/meta.json,DDAD,../../data/depthanything/moge_dataset/DDAD/val/001345/CAMERA_01/image.png
327,327,../../data/moge_dataset/DDAD/val/001348/CAMERA_05/image.jpg,../../data/moge_dataset/DDAD/val/001348/CAMERA_05/depth.png,../../data/moge_dataset/DDAD/val/001348/CAMERA_05/meta.json,DDAD,../../data/depthanything/moge_dataset/DDAD/val/001348/CAMERA_05/image.png
328,328,../../data/moge_dataset/DDAD/val/001353/CAMERA_05/image.jpg,../../data/moge_dataset/DDAD/val/001353/CAMERA_05/depth.png,../../data/moge_dataset/DDAD/val/001353/CAMERA_05/meta.json,DDAD,../../data/depthanything/moge_dataset/DDAD/val/001353/CAMERA_05/image.png
329,329,../../data/moge_dataset/DDAD/val/001370/CAMERA_09/image.jpg,../../data/moge_dataset/DDAD/val/001370/CAMERA_09/depth.png,../../data/moge_dataset/DDAD/val/001370/CAMERA_09/meta.json,DDAD,../../data/depthanything/moge_dataset/DDAD/val/001370/CAMERA_09/image.png
330,330,../../data/moge_dataset/DDAD/val/001373/CAMERA_09/image.jpg,../../data/moge_dataset/DDAD/val/001373/CAMERA_09/depth.png,../../data/moge_dataset/DDAD/val/001373/CAMERA_09/meta.json,DDAD,../../data/depthanything/moge_dataset/DDAD/val/001373/CAMERA_09/image.png
331,331,../../data/moge_dataset/DDAD/val/001374/CAMERA_05/image.jpg,../../data/moge_dataset/DDAD/val/001374/CAMERA_05/depth.png,../../data/moge_dataset/DDAD/val/001374/CAMERA_05/meta.json,DDAD,../../data/depthanything/moge_dataset/DDAD/val/001374/CAMERA_05/image.png
332,332,../../data/moge_dataset/DDAD/val/001379/CAMERA_01/image.jpg,../../data/moge_dataset/DDAD/val/001379/CAMERA_01/depth.png,../../data/moge_dataset/DDAD/val/001379/CAMERA_01/meta.json,DDAD,../../data/depthanything/moge_dataset/DDAD/val/001379/CAMERA_01/image.png
333,333,../../data/moge_dataset/DDAD/val/001382/CAMERA_05/image.jpg,../../data/moge_dataset/DDAD/val/001382/CAMERA_05/depth.png,../../data/moge_dataset/DDAD/val/001382/CAMERA_05/meta.json,DDAD,../../data/depthanything/moge_dataset/DDAD/val/001382/CAMERA_05/image.png
334,334,../../data/moge_dataset/DDAD/val/001389/CAMERA_01/image.jpg,../../data/moge_dataset/DDAD/val/001389/CAMERA_01/depth.png,../../data/moge_dataset/DDAD/val/001389/CAMERA_01/meta.json,DDAD,../../data/depthanything/moge_dataset/DDAD/val/001389/CAMERA_01/image.png
335,335,../../data/moge_dataset/DDAD/val/001392/CAMERA_06/image.jpg,../../data/moge_dataset/DDAD/val/001392/CAMERA_06/depth.png,../../data/moge_dataset/DDAD/val/001392/CAMERA_06/meta.json,DDAD,../../data/depthanything/moge_dataset/DDAD/val/001392/CAMERA_06/image.png
336,336,../../data/moge_dataset/DDAD/val/001393/CAMERA_09/image.jpg,../../data/moge_dataset/DDAD/val/001393/CAMERA_09/depth.png,../../data/moge_dataset/DDAD/val/001393/CAMERA_09/meta.json,DDAD,../../data/depthanything/moge_dataset/DDAD/val/001393/CAMERA_09/image.png
337,337,../../data/moge_dataset/DDAD/val/001397/CAMERA_06/image.jpg,../../data/moge_dataset/DDAD/val/001397/CAMERA_06/depth.png,../../data/moge_dataset/DDAD/val/001397/CAMERA_06/meta.json,DDAD,../../data/depthanything/moge_dataset/DDAD/val/001397/CAMERA_06/image.png
338,338,../../data/moge_dataset/DDAD/val/001399/CAMERA_01/image.jpg,../../data/moge_dataset/DDAD/val/001399/CAMERA_01/depth.png,../../data/moge_dataset/DDAD/val/001399/CAMERA_01/meta.json,DDAD,../../data/depthanything/moge_dataset/DDAD/val/001399/CAMERA_01/image.png
339,339,../../data/moge_dataset/DDAD/val/001400/CAMERA_06/image.jpg,../../data/moge_dataset/DDAD/val/001400/CAMERA_06/depth.png,../../data/moge_dataset/DDAD/val/001400/CAMERA_06/meta.json,DDAD,../../data/depthanything/moge_dataset/DDAD/val/001400/CAMERA_06/image.png
340,340,../../data/moge_dataset/DDAD/val/001407/CAMERA_01/image.jpg,../../data/moge_dataset/DDAD/val/001407/CAMERA_01/depth.png,../../data/moge_dataset/DDAD/val/001407/CAMERA_01/meta.json,DDAD,../../data/depthanything/moge_dataset/DDAD/val/001407/CAMERA_01/image.png
341,341,../../data/moge_dataset/DDAD/val/001420/CAMERA_06/image.jpg,../../data/moge_dataset/DDAD/val/001420/CAMERA_06/depth.png,../../data/moge_dataset/DDAD/val/001420/CAMERA_06/meta.json,DDAD,../../data/depthanything/moge_dataset/DDAD/val/001420/CAMERA_06/image.png
342,342,../../data/moge_dataset/DDAD/val/001428/CAMERA_05/image.jpg,../../data/moge_dataset/DDAD/val/001428/CAMERA_05/depth.png,../../data/moge_dataset/DDAD/val/001428/CAMERA_05/meta.json,DDAD,../../data/depthanything/moge_dataset/DDAD/val/001428/CAMERA_05/image.png
343,343,../../data/moge_dataset/DDAD/val/001434/CAMERA_01/image.jpg,../../data/moge_dataset/DDAD/val/001434/CAMERA_01/depth.png,../../data/moge_dataset/DDAD/val/001434/CAMERA_01/meta.json,DDAD,../../data/depthanything/moge_dataset/DDAD/val/001434/CAMERA_01/image.png
344,344,../../data/moge_dataset/DDAD/val/001435/CAMERA_05/image.jpg,../../data/moge_dataset/DDAD/val/001435/CAMERA_05/depth.png,../../data/moge_dataset/DDAD/val/001435/CAMERA_05/meta.json,DDAD,../../data/depthanything/moge_dataset/DDAD/val/001435/CAMERA_05/image.png
345,345,../../data/moge_dataset/DDAD/val/001437/CAMERA_05/image.jpg,../../data/moge_dataset/DDAD/val/001437/CAMERA_05/depth.png,../../data/moge_dataset/DDAD/val/001437/CAMERA_05/meta.json,DDAD,../../data/depthanything/moge_dataset/DDAD/val/001437/CAMERA_05/image.png
346,346,../../data/moge_dataset/DDAD/val/001443/CAMERA_05/image.jpg,../../data/moge_dataset/DDAD/val/001443/CAMERA_05/depth.png,../../data/moge_dataset/DDAD/val/001443/CAMERA_05/meta.json,DDAD,../../data/depthanything/moge_dataset/DDAD/val/001443/CAMERA_05/image.png
347,347,../../data/moge_dataset/DDAD/val/001459/CAMERA_06/image.jpg,../../data/moge_dataset/DDAD/val/001459/CAMERA_06/depth.png,../../data/moge_dataset/DDAD/val/001459/CAMERA_06/meta.json,DDAD,../../data/depthanything/moge_dataset/DDAD/val/001459/CAMERA_06/image.png
348,348,../../data/moge_dataset/DDAD/val/001461/CAMERA_05/image.jpg,../../data/moge_dataset/DDAD/val/001461/CAMERA_05/depth.png,../../data/moge_dataset/DDAD/val/001461/CAMERA_05/meta.json,DDAD,../../data/depthanything/moge_dataset/DDAD/val/001461/CAMERA_05/image.png
349,349,../../data/moge_dataset/DDAD/val/001465/CAMERA_01/image.jpg,../../data/moge_dataset/DDAD/val/001465/CAMERA_01/depth.png,../../data/moge_dataset/DDAD/val/001465/CAMERA_01/meta.json,DDAD,../../data/depthanything/moge_dataset/DDAD/val/001465/CAMERA_01/image.png
350,350,../../data/moge_dataset/DDAD/val/001471/CAMERA_09/image.jpg,../../data/moge_dataset/DDAD/val/001471/CAMERA_09/depth.png,../../data/moge_dataset/DDAD/val/001471/CAMERA_09/meta.json,DDAD,../../data/depthanything/moge_dataset/DDAD/val/001471/CAMERA_09/image.png
351,351,../../data/moge_dataset/DDAD/val/001473/CAMERA_06/image.jpg,../../data/moge_dataset/DDAD/val/001473/CAMERA_06/depth.png,../../data/moge_dataset/DDAD/val/001473/CAMERA_06/meta.json,DDAD,../../data/depthanything/moge_dataset/DDAD/val/001473/CAMERA_06/image.png
352,352,../../data/moge_dataset/DDAD/val/001474/CAMERA_09/image.jpg,../../data/moge_dataset/DDAD/val/001474/CAMERA_09/depth.png,../../data/moge_dataset/DDAD/val/001474/CAMERA_09/meta.json,DDAD,../../data/depthanything/moge_dataset/DDAD/val/001474/CAMERA_09/image.png
353,353,../../data/moge_dataset/DDAD/val/001480/CAMERA_01/image.jpg,../../data/moge_dataset/DDAD/val/001480/CAMERA_01/depth.png,../../data/moge_dataset/DDAD/val/001480/CAMERA_01/meta.json,DDAD,../../data/depthanything/moge_dataset/DDAD/val/001480/CAMERA_01/image.png
354,354,../../data/moge_dataset/DDAD/val/001488/CAMERA_01/image.jpg,../../data/moge_dataset/DDAD/val/001488/CAMERA_01/depth.png,../../data/moge_dataset/DDAD/val/001488/CAMERA_01/meta.json,DDAD,../../data/depthanything/moge_dataset/DDAD/val/001488/CAMERA_01/image.png
355,355,../../data/moge_dataset/DDAD/val/001491/CAMERA_06/image.jpg,../../data/moge_dataset/DDAD/val/001491/CAMERA_06/depth.png,../../data/moge_dataset/DDAD/val/001491/CAMERA_06/meta.json,DDAD,../../data/depthanything/moge_dataset/DDAD/val/001491/CAMERA_06/image.png
356,356,../../data/moge_dataset/DDAD/val/001497/CAMERA_09/image.jpg,../../data/moge_dataset/DDAD/val/001497/CAMERA_09/depth.png,../../data/moge_dataset/DDAD/val/001497/CAMERA_09/meta.json,DDAD,../../data/depthanything/moge_dataset/DDAD/val/001497/CAMERA_09/image.png
357,357,../../data/moge_dataset/DDAD/val/001500/CAMERA_06/image.jpg,../../data/moge_dataset/DDAD/val/001500/CAMERA_06/depth.png,../../data/moge_dataset/DDAD/val/001500/CAMERA_06/meta.json,DDAD,../../data/depthanything/moge_dataset/DDAD/val/001500/CAMERA_06/image.png
358,358,../../data/moge_dataset/DDAD/val/001501/CAMERA_05/image.jpg,../../data/moge_dataset/DDAD/val/001501/CAMERA_05/depth.png,../../data/moge_dataset/DDAD/val/001501/CAMERA_05/meta.json,DDAD,../../data/depthanything/moge_dataset/DDAD/val/001501/CAMERA_05/image.png
359,359,../../data/moge_dataset/DDAD/val/001502/CAMERA_01/image.jpg,../../data/moge_dataset/DDAD/val/001502/CAMERA_01/depth.png,../../data/moge_dataset/DDAD/val/001502/CAMERA_01/meta.json,DDAD,../../data/depthanything/moge_dataset/DDAD/val/001502/CAMERA_01/image.png
360,360,../../data/moge_dataset/DDAD/val/001506/CAMERA_01/image.jpg,../../data/moge_dataset/DDAD/val/001506/CAMERA_01/depth.png,../../data/moge_dataset/DDAD/val/001506/CAMERA_01/meta.json,DDAD,../../data/depthanything/moge_dataset/DDAD/val/001506/CAMERA_01/image.png
361,361,../../data/moge_dataset/DDAD/val/001509/CAMERA_06/image.jpg,../../data/moge_dataset/DDAD/val/001509/CAMERA_06/depth.png,../../data/moge_dataset/DDAD/val/001509/CAMERA_06/meta.json,DDAD,../../data/depthanything/moge_dataset/DDAD/val/001509/CAMERA_06/image.png
362,362,../../data/moge_dataset/DDAD/val/001512/CAMERA_06/image.jpg,../../data/moge_dataset/DDAD/val/001512/CAMERA_06/depth.png,../../data/moge_dataset/DDAD/val/001512/CAMERA_06/meta.json,DDAD,../../data/depthanything/moge_dataset/DDAD/val/001512/CAMERA_06/image.png
363,363,../../data/moge_dataset/DDAD/val/001514/CAMERA_06/image.jpg,../../data/moge_dataset/DDAD/val/001514/CAMERA_06/depth.png,../../data/moge_dataset/DDAD/val/001514/CAMERA_06/meta.json,DDAD,../../data/depthanything/moge_dataset/DDAD/val/001514/CAMERA_06/image.png
364,364,../../data/moge_dataset/DDAD/val/001515/CAMERA_05/image.jpg,../../data/moge_dataset/DDAD/val/001515/CAMERA_05/depth.png,../../data/moge_dataset/DDAD/val/001515/CAMERA_05/meta.json,DDAD,../../data/depthanything/moge_dataset/DDAD/val/001515/CAMERA_05/image.png
365,365,../../data/moge_dataset/DDAD/val/001518/CAMERA_06/image.jpg,../../data/moge_dataset/DDAD/val/001518/CAMERA_06/depth.png,../../data/moge_dataset/DDAD/val/001518/CAMERA_06/meta.json,DDAD,../../data/depthanything/moge_dataset/DDAD/val/001518/CAMERA_06/image.png
366,366,../../data/moge_dataset/DDAD/val/001520/CAMERA_06/image.jpg,../../data/moge_dataset/DDAD/val/001520/CAMERA_06/depth.png,../../data/moge_dataset/DDAD/val/001520/CAMERA_06/meta.json,DDAD,../../data/depthanything/moge_dataset/DDAD/val/001520/CAMERA_06/image.png
367,367,../../data/moge_dataset/DDAD/val/001525/CAMERA_01/image.jpg,../../data/moge_dataset/DDAD/val/001525/CAMERA_01/depth.png,../../data/moge_dataset/DDAD/val/001525/CAMERA_01/meta.json,DDAD,../../data/depthanything/moge_dataset/DDAD/val/001525/CAMERA_01/image.png
368,368,../../data/moge_dataset/DDAD/val/001529/CAMERA_05/image.jpg,../../data/moge_dataset/DDAD/val/001529/CAMERA_05/depth.png,../../data/moge_dataset/DDAD/val/001529/CAMERA_05/meta.json,DDAD,../../data/depthanything/moge_dataset/DDAD/val/001529/CAMERA_05/image.png
369,369,../../data/moge_dataset/DDAD/val/001531/CAMERA_09/image.jpg,../../data/moge_dataset/DDAD/val/001531/CAMERA_09/depth.png,../../data/moge_dataset/DDAD/val/001531/CAMERA_09/meta.json,DDAD,../../data/depthanything/moge_dataset/DDAD/val/001531/CAMERA_09/image.png
370,370,../../data/moge_dataset/DDAD/val/001534/CAMERA_01/image.jpg,../../data/moge_dataset/DDAD/val/001534/CAMERA_01/depth.png,../../data/moge_dataset/DDAD/val/001534/CAMERA_01/meta.json,DDAD,../../data/depthanything/moge_dataset/DDAD/val/001534/CAMERA_01/image.png
371,371,../../data/moge_dataset/DDAD/val/001542/CAMERA_06/image.jpg,../../data/moge_dataset/DDAD/val/001542/CAMERA_06/depth.png,../../data/moge_dataset/DDAD/val/001542/CAMERA_06/meta.json,DDAD,../../data/depthanything/moge_dataset/DDAD/val/001542/CAMERA_06/image.png
372,372,../../data/moge_dataset/DDAD/val/001545/CAMERA_01/image.jpg,../../data/moge_dataset/DDAD/val/001545/CAMERA_01/depth.png,../../data/moge_dataset/DDAD/val/001545/CAMERA_01/meta.json,DDAD,../../data/depthanything/moge_dataset/DDAD/val/001545/CAMERA_01/image.png
373,373,../../data/moge_dataset/DDAD/val/001550/CAMERA_05/image.jpg,../../data/moge_dataset/DDAD/val/001550/CAMERA_05/depth.png,../../data/moge_dataset/DDAD/val/001550/CAMERA_05/meta.json,DDAD,../../data/depthanything/moge_dataset/DDAD/val/001550/CAMERA_05/image.png
374,374,../../data/moge_dataset/DDAD/val/001552/CAMERA_01/image.jpg,../../data/moge_dataset/DDAD/val/001552/CAMERA_01/depth.png,../../data/moge_dataset/DDAD/val/001552/CAMERA_01/meta.json,DDAD,../../data/depthanything/moge_dataset/DDAD/val/001552/CAMERA_01/image.png
375,375,../../data/moge_dataset/DDAD/val/001552/CAMERA_09/image.jpg,../../data/moge_dataset/DDAD/val/001552/CAMERA_09/depth.png,../../data/moge_dataset/DDAD/val/001552/CAMERA_09/meta.json,DDAD,../../data/depthanything/moge_dataset/DDAD/val/001552/CAMERA_09/image.png
376,376,../../data/moge_dataset/DDAD/val/001559/CAMERA_01/image.jpg,../../data/moge_dataset/DDAD/val/001559/CAMERA_01/depth.png,../../data/moge_dataset/DDAD/val/001559/CAMERA_01/meta.json,DDAD,../../data/depthanything/moge_dataset/DDAD/val/001559/CAMERA_01/image.png
377,377,../../data/moge_dataset/DDAD/val/001561/CAMERA_05/image.jpg,../../data/moge_dataset/DDAD/val/001561/CAMERA_05/depth.png,../../data/moge_dataset/DDAD/val/001561/CAMERA_05/meta.json,DDAD,../../data/depthanything/moge_dataset/DDAD/val/001561/CAMERA_05/image.png
378,378,../../data/moge_dataset/DDAD/val/001563/CAMERA_01/image.jpg,../../data/moge_dataset/DDAD/val/001563/CAMERA_01/depth.png,../../data/moge_dataset/DDAD/val/001563/CAMERA_01/meta.json,DDAD,../../data/depthanything/moge_dataset/DDAD/val/001563/CAMERA_01/image.png
379,379,../../data/moge_dataset/DDAD/val/001564/CAMERA_01/image.jpg,../../data/moge_dataset/DDAD/val/001564/CAMERA_01/depth.png,../../data/moge_dataset/DDAD/val/001564/CAMERA_01/meta.json,DDAD,../../data/depthanything/moge_dataset/DDAD/val/001564/CAMERA_01/image.png
380,380,../../data/moge_dataset/DDAD/val/001565/CAMERA_01/image.jpg,../../data/moge_dataset/DDAD/val/001565/CAMERA_01/depth.png,../../data/moge_dataset/DDAD/val/001565/CAMERA_01/meta.json,DDAD,../../data/depthanything/moge_dataset/DDAD/val/001565/CAMERA_01/image.png
381,381,../../data/moge_dataset/DDAD/val/001568/CAMERA_01/image.jpg,../../data/moge_dataset/DDAD/val/001568/CAMERA_01/depth.png,../../data/moge_dataset/DDAD/val/001568/CAMERA_01/meta.json,DDAD,../../data/depthanything/moge_dataset/DDAD/val/001568/CAMERA_01/image.png
382,382,../../data/moge_dataset/DDAD/val/001568/CAMERA_05/image.jpg,../../data/moge_dataset/DDAD/val/001568/CAMERA_05/depth.png,../../data/moge_dataset/DDAD/val/001568/CAMERA_05/meta.json,DDAD,../../data/depthanything/moge_dataset/DDAD/val/001568/CAMERA_05/image.png
383,383,../../data/moge_dataset/DDAD/val/001577/CAMERA_05/image.jpg,../../data/moge_dataset/DDAD/val/001577/CAMERA_05/depth.png,../../data/moge_dataset/DDAD/val/001577/CAMERA_05/meta.json,DDAD,../../data/depthanything/moge_dataset/DDAD/val/001577/CAMERA_05/image.png
384,384,../../data/moge_dataset/DDAD/val/001578/CAMERA_06/image.jpg,../../data/moge_dataset/DDAD/val/001578/CAMERA_06/depth.png,../../data/moge_dataset/DDAD/val/001578/CAMERA_06/meta.json,DDAD,../../data/depthanything/moge_dataset/DDAD/val/001578/CAMERA_06/image.png
385,385,../../data/moge_dataset/DDAD/val/001582/CAMERA_05/image.jpg,../../data/moge_dataset/DDAD/val/001582/CAMERA_05/depth.png,../../data/moge_dataset/DDAD/val/001582/CAMERA_05/meta.json,DDAD,../../data/depthanything/moge_dataset/DDAD/val/001582/CAMERA_05/image.png
386,386,../../data/moge_dataset/DDAD/val/001582/CAMERA_06/image.jpg,../../data/moge_dataset/DDAD/val/001582/CAMERA_06/depth.png,../../data/moge_dataset/DDAD/val/001582/CAMERA_06/meta.json,DDAD,../../data/depthanything/moge_dataset/DDAD/val/001582/CAMERA_06/image.png
387,387,../../data/moge_dataset/DDAD/val/001589/CAMERA_05/image.jpg,../../data/moge_dataset/DDAD/val/001589/CAMERA_05/depth.png,../../data/moge_dataset/DDAD/val/001589/CAMERA_05/meta.json,DDAD,../../data/depthanything/moge_dataset/DDAD/val/001589/CAMERA_05/image.png
388,388,../../data/moge_dataset/DDAD/val/001596/CAMERA_09/image.jpg,../../data/moge_dataset/DDAD/val/001596/CAMERA_09/depth.png,../../data/moge_dataset/DDAD/val/001596/CAMERA_09/meta.json,DDAD,../../data/depthanything/moge_dataset/DDAD/val/001596/CAMERA_09/image.png
389,389,../../data/moge_dataset/DDAD/val/001598/CAMERA_06/image.jpg,../../data/moge_dataset/DDAD/val/001598/CAMERA_06/depth.png,../../data/moge_dataset/DDAD/val/001598/CAMERA_06/meta.json,DDAD,../../data/depthanything/moge_dataset/DDAD/val/001598/CAMERA_06/image.png
390,390,../../data/moge_dataset/DDAD/val/001607/CAMERA_09/image.jpg,../../data/moge_dataset/DDAD/val/001607/CAMERA_09/depth.png,../../data/moge_dataset/DDAD/val/001607/CAMERA_09/meta.json,DDAD,../../data/depthanything/moge_dataset/DDAD/val/001607/CAMERA_09/image.png
391,391,../../data/moge_dataset/DDAD/val/001609/CAMERA_06/image.jpg,../../data/moge_dataset/DDAD/val/001609/CAMERA_06/depth.png,../../data/moge_dataset/DDAD/val/001609/CAMERA_06/meta.json,DDAD,../../data/depthanything/moge_dataset/DDAD/val/001609/CAMERA_06/image.png
392,392,../../data/moge_dataset/DDAD/val/001614/CAMERA_05/image.jpg,../../data/moge_dataset/DDAD/val/001614/CAMERA_05/depth.png,../../data/moge_dataset/DDAD/val/001614/CAMERA_05/meta.json,DDAD,../../data/depthanything/moge_dataset/DDAD/val/001614/CAMERA_05/image.png
393,393,../../data/moge_dataset/DDAD/val/001618/CAMERA_05/image.jpg,../../data/moge_dataset/DDAD/val/001618/CAMERA_05/depth.png,../../data/moge_dataset/DDAD/val/001618/CAMERA_05/meta.json,DDAD,../../data/depthanything/moge_dataset/DDAD/val/001618/CAMERA_05/image.png
394,394,../../data/moge_dataset/DDAD/val/001623/CAMERA_05/image.jpg,../../data/moge_dataset/DDAD/val/001623/CAMERA_05/depth.png,../../data/moge_dataset/DDAD/val/001623/CAMERA_05/meta.json,DDAD,../../data/depthanything/moge_dataset/DDAD/val/001623/CAMERA_05/image.png
395,395,../../data/moge_dataset/DDAD/val/001625/CAMERA_09/image.jpg,../../data/moge_dataset/DDAD/val/001625/CAMERA_09/depth.png,../../data/moge_dataset/DDAD/val/001625/CAMERA_09/meta.json,DDAD,../../data/depthanything/moge_dataset/DDAD/val/001625/CAMERA_09/image.png
396,396,../../data/moge_dataset/DDAD/val/001627/CAMERA_01/image.jpg,../../data/moge_dataset/DDAD/val/001627/CAMERA_01/depth.png,../../data/moge_dataset/DDAD/val/001627/CAMERA_01/meta.json,DDAD,../../data/depthanything/moge_dataset/DDAD/val/001627/CAMERA_01/image.png
397,397,../../data/moge_dataset/DDAD/val/001630/CAMERA_05/image.jpg,../../data/moge_dataset/DDAD/val/001630/CAMERA_05/depth.png,../../data/moge_dataset/DDAD/val/001630/CAMERA_05/meta.json,DDAD,../../data/depthanything/moge_dataset/DDAD/val/001630/CAMERA_05/image.png
398,398,../../data/moge_dataset/DDAD/val/001631/CAMERA_06/image.jpg,../../data/moge_dataset/DDAD/val/001631/CAMERA_06/depth.png,../../data/moge_dataset/DDAD/val/001631/CAMERA_06/meta.json,DDAD,../../data/depthanything/moge_dataset/DDAD/val/001631/CAMERA_06/image.png
399,399,../../data/moge_dataset/DDAD/val/001632/CAMERA_01/image.jpg,../../data/moge_dataset/DDAD/val/001632/CAMERA_01/depth.png,../../data/moge_dataset/DDAD/val/001632/CAMERA_01/meta.json,DDAD,../../data/depthanything/moge_dataset/DDAD/val/001632/CAMERA_01/image.png
400,400,../../data/moge_dataset/DDAD/val/001637/CAMERA_09/image.jpg,../../data/moge_dataset/DDAD/val/001637/CAMERA_09/depth.png,../../data/moge_dataset/DDAD/val/001637/CAMERA_09/meta.json,DDAD,../../data/depthanything/moge_dataset/DDAD/val/001637/CAMERA_09/image.png
401,401,../../data/moge_dataset/DDAD/val/001638/CAMERA_01/image.jpg,../../data/moge_dataset/DDAD/val/001638/CAMERA_01/depth.png,../../data/moge_dataset/DDAD/val/001638/CAMERA_01/meta.json,DDAD,../../data/depthanything/moge_dataset/DDAD/val/001638/CAMERA_01/image.png
402,402,../../data/moge_dataset/DDAD/val/001651/CAMERA_09/image.jpg,../../data/moge_dataset/DDAD/val/001651/CAMERA_09/depth.png,../../data/moge_dataset/DDAD/val/001651/CAMERA_09/meta.json,DDAD,../../data/depthanything/moge_dataset/DDAD/val/001651/CAMERA_09/image.png
403,403,../../data/moge_dataset/DDAD/val/001654/CAMERA_06/image.jpg,../../data/moge_dataset/DDAD/val/001654/CAMERA_06/depth.png,../../data/moge_dataset/DDAD/val/001654/CAMERA_06/meta.json,DDAD,../../data/depthanything/moge_dataset/DDAD/val/001654/CAMERA_06/image.png
404,404,../../data/moge_dataset/DDAD/val/001669/CAMERA_06/image.jpg,../../data/moge_dataset/DDAD/val/001669/CAMERA_06/depth.png,../../data/moge_dataset/DDAD/val/001669/CAMERA_06/meta.json,DDAD,../../data/depthanything/moge_dataset/DDAD/val/001669/CAMERA_06/image.png
405,405,../../data/moge_dataset/DDAD/val/001674/CAMERA_09/image.jpg,../../data/moge_dataset/DDAD/val/001674/CAMERA_09/depth.png,../../data/moge_dataset/DDAD/val/001674/CAMERA_09/meta.json,DDAD,../../data/depthanything/moge_dataset/DDAD/val/001674/CAMERA_09/image.png
406,406,../../data/moge_dataset/DDAD/val/001678/CAMERA_09/image.jpg,../../data/moge_dataset/DDAD/val/001678/CAMERA_09/depth.png,../../data/moge_dataset/DDAD/val/001678/CAMERA_09/meta.json,DDAD,../../data/depthanything/moge_dataset/DDAD/val/001678/CAMERA_09/image.png
407,407,../../data/moge_dataset/DDAD/val/001682/CAMERA_09/image.jpg,../../data/moge_dataset/DDAD/val/001682/CAMERA_09/depth.png,../../data/moge_dataset/DDAD/val/001682/CAMERA_09/meta.json,DDAD,../../data/depthanything/moge_dataset/DDAD/val/001682/CAMERA_09/image.png
408,408,../../data/moge_dataset/DDAD/val/001686/CAMERA_05/image.jpg,../../data/moge_dataset/DDAD/val/001686/CAMERA_05/depth.png,../../data/moge_dataset/DDAD/val/001686/CAMERA_05/meta.json,DDAD,../../data/depthanything/moge_dataset/DDAD/val/001686/CAMERA_05/image.png
409,409,../../data/moge_dataset/DDAD/val/001687/CAMERA_09/image.jpg,../../data/moge_dataset/DDAD/val/001687/CAMERA_09/depth.png,../../data/moge_dataset/DDAD/val/001687/CAMERA_09/meta.json,DDAD,../../data/depthanything/moge_dataset/DDAD/val/001687/CAMERA_09/image.png
410,410,../../data/moge_dataset/DDAD/val/001691/CAMERA_05/image.jpg,../../data/moge_dataset/DDAD/val/001691/CAMERA_05/depth.png,../../data/moge_dataset/DDAD/val/001691/CAMERA_05/meta.json,DDAD,../../data/depthanything/moge_dataset/DDAD/val/001691/CAMERA_05/image.png
411,411,../../data/moge_dataset/DDAD/val/001700/CAMERA_05/image.jpg,../../data/moge_dataset/DDAD/val/001700/CAMERA_05/depth.png,../../data/moge_dataset/DDAD/val/001700/CAMERA_05/meta.json,DDAD,../../data/depthanything/moge_dataset/DDAD/val/001700/CAMERA_05/image.png
412,412,../../data/moge_dataset/DDAD/val/001701/CAMERA_09/image.jpg,../../data/moge_dataset/DDAD/val/001701/CAMERA_09/depth.png,../../data/moge_dataset/DDAD/val/001701/CAMERA_09/meta.json,DDAD,../../data/depthanything/moge_dataset/DDAD/val/001701/CAMERA_09/image.png
413,413,../../data/moge_dataset/DDAD/val/001702/CAMERA_09/image.jpg,../../data/moge_dataset/DDAD/val/001702/CAMERA_09/depth.png,../../data/moge_dataset/DDAD/val/001702/CAMERA_09/meta.json,DDAD,../../data/depthanything/moge_dataset/DDAD/val/001702/CAMERA_09/image.png
414,414,../../data/moge_dataset/DDAD/val/001703/CAMERA_09/image.jpg,../../data/moge_dataset/DDAD/val/001703/CAMERA_09/depth.png,../../data/moge_dataset/DDAD/val/001703/CAMERA_09/meta.json,DDAD,../../data/depthanything/moge_dataset/DDAD/val/001703/CAMERA_09/image.png
415,415,../../data/moge_dataset/DDAD/val/001704/CAMERA_01/image.jpg,../../data/moge_dataset/DDAD/val/001704/CAMERA_01/depth.png,../../data/moge_dataset/DDAD/val/001704/CAMERA_01/meta.json,DDAD,../../data/depthanything/moge_dataset/DDAD/val/001704/CAMERA_01/image.png
416,416,../../data/moge_dataset/DDAD/val/001705/CAMERA_05/image.jpg,../../data/moge_dataset/DDAD/val/001705/CAMERA_05/depth.png,../../data/moge_dataset/DDAD/val/001705/CAMERA_05/meta.json,DDAD,../../data/depthanything/moge_dataset/DDAD/val/001705/CAMERA_05/image.png
417,417,../../data/moge_dataset/DDAD/val/001708/CAMERA_01/image.jpg,../../data/moge_dataset/DDAD/val/001708/CAMERA_01/depth.png,../../data/moge_dataset/DDAD/val/001708/CAMERA_01/meta.json,DDAD,../../data/depthanything/moge_dataset/DDAD/val/001708/CAMERA_01/image.png
418,418,../../data/moge_dataset/DDAD/val/001719/CAMERA_05/image.jpg,../../data/moge_dataset/DDAD/val/001719/CAMERA_05/depth.png,../../data/moge_dataset/DDAD/val/001719/CAMERA_05/meta.json,DDAD,../../data/depthanything/moge_dataset/DDAD/val/001719/CAMERA_05/image.png
419,419,../../data/moge_dataset/DDAD/val/001720/CAMERA_05/image.jpg,../../data/moge_dataset/DDAD/val/001720/CAMERA_05/depth.png,../../data/moge_dataset/DDAD/val/001720/CAMERA_05/meta.json,DDAD,../../data/depthanything/moge_dataset/DDAD/val/001720/CAMERA_05/image.png
420,420,../../data/moge_dataset/DDAD/val/001726/CAMERA_09/image.jpg,../../data/moge_dataset/DDAD/val/001726/CAMERA_09/depth.png,../../data/moge_dataset/DDAD/val/001726/CAMERA_09/meta.json,DDAD,../../data/depthanything/moge_dataset/DDAD/val/001726/CAMERA_09/image.png
421,421,../../data/moge_dataset/DDAD/val/001727/CAMERA_06/image.jpg,../../data/moge_dataset/DDAD/val/001727/CAMERA_06/depth.png,../../data/moge_dataset/DDAD/val/001727/CAMERA_06/meta.json,DDAD,../../data/depthanything/moge_dataset/DDAD/val/001727/CAMERA_06/image.png
422,422,../../data/moge_dataset/DDAD/val/001732/CAMERA_05/image.jpg,../../data/moge_dataset/DDAD/val/001732/CAMERA_05/depth.png,../../data/moge_dataset/DDAD/val/001732/CAMERA_05/meta.json,DDAD,../../data/depthanything/moge_dataset/DDAD/val/001732/CAMERA_05/image.png
423,423,../../data/moge_dataset/DDAD/val/001733/CAMERA_01/image.jpg,../../data/moge_dataset/DDAD/val/001733/CAMERA_01/depth.png,../../data/moge_dataset/DDAD/val/001733/CAMERA_01/meta.json,DDAD,../../data/depthanything/moge_dataset/DDAD/val/001733/CAMERA_01/image.png
424,424,../../data/moge_dataset/DDAD/val/001735/CAMERA_06/image.jpg,../../data/moge_dataset/DDAD/val/001735/CAMERA_06/depth.png,../../data/moge_dataset/DDAD/val/001735/CAMERA_06/meta.json,DDAD,../../data/depthanything/moge_dataset/DDAD/val/001735/CAMERA_06/image.png
425,425,../../data/moge_dataset/DDAD/val/001741/CAMERA_01/image.jpg,../../data/moge_dataset/DDAD/val/001741/CAMERA_01/depth.png,../../data/moge_dataset/DDAD/val/001741/CAMERA_01/meta.json,DDAD,../../data/depthanything/moge_dataset/DDAD/val/001741/CAMERA_01/image.png
426,426,../../data/moge_dataset/DDAD/val/001745/CAMERA_06/image.jpg,../../data/moge_dataset/DDAD/val/001745/CAMERA_06/depth.png,../../data/moge_dataset/DDAD/val/001745/CAMERA_06/meta.json,DDAD,../../data/depthanything/moge_dataset/DDAD/val/001745/CAMERA_06/image.png
427,427,../../data/moge_dataset/DDAD/val/001755/CAMERA_06/image.jpg,../../data/moge_dataset/DDAD/val/001755/CAMERA_06/depth.png,../../data/moge_dataset/DDAD/val/001755/CAMERA_06/meta.json,DDAD,../../data/depthanything/moge_dataset/DDAD/val/001755/CAMERA_06/image.png
428,428,../../data/moge_dataset/DDAD/val/001757/CAMERA_05/image.jpg,../../data/moge_dataset/DDAD/val/001757/CAMERA_05/depth.png,../../data/moge_dataset/DDAD/val/001757/CAMERA_05/meta.json,DDAD,../../data/depthanything/moge_dataset/DDAD/val/001757/CAMERA_05/image.png
429,429,../../data/moge_dataset/DDAD/val/001768/CAMERA_05/image.jpg,../../data/moge_dataset/DDAD/val/001768/CAMERA_05/depth.png,../../data/moge_dataset/DDAD/val/001768/CAMERA_05/meta.json,DDAD,../../data/depthanything/moge_dataset/DDAD/val/001768/CAMERA_05/image.png
430,430,../../data/moge_dataset/DDAD/val/001768/CAMERA_06/image.jpg,../../data/moge_dataset/DDAD/val/001768/CAMERA_06/depth.png,../../data/moge_dataset/DDAD/val/001768/CAMERA_06/meta.json,DDAD,../../data/depthanything/moge_dataset/DDAD/val/001768/CAMERA_06/image.png
431,431,../../data/moge_dataset/DDAD/val/001776/CAMERA_09/image.jpg,../../data/moge_dataset/DDAD/val/001776/CAMERA_09/depth.png,../../data/moge_dataset/DDAD/val/001776/CAMERA_09/meta.json,DDAD,../../data/depthanything/moge_dataset/DDAD/val/001776/CAMERA_09/image.png
432,432,../../data/moge_dataset/DDAD/val/001782/CAMERA_05/image.jpg,../../data/moge_dataset/DDAD/val/001782/CAMERA_05/depth.png,../../data/moge_dataset/DDAD/val/001782/CAMERA_05/meta.json,DDAD,../../data/depthanything/moge_dataset/DDAD/val/001782/CAMERA_05/image.png
433,433,../../data/moge_dataset/DDAD/val/001784/CAMERA_05/image.jpg,../../data/moge_dataset/DDAD/val/001784/CAMERA_05/depth.png,../../data/moge_dataset/DDAD/val/001784/CAMERA_05/meta.json,DDAD,../../data/depthanything/moge_dataset/DDAD/val/001784/CAMERA_05/image.png
434,434,../../data/moge_dataset/DDAD/val/001802/CAMERA_05/image.jpg,../../data/moge_dataset/DDAD/val/001802/CAMERA_05/depth.png,../../data/moge_dataset/DDAD/val/001802/CAMERA_05/meta.json,DDAD,../../data/depthanything/moge_dataset/DDAD/val/001802/CAMERA_05/image.png
435,435,../../data/moge_dataset/DDAD/val/001815/CAMERA_01/image.jpg,../../data/moge_dataset/DDAD/val/001815/CAMERA_01/depth.png,../../data/moge_dataset/DDAD/val/001815/CAMERA_01/meta.json,DDAD,../../data/depthanything/moge_dataset/DDAD/val/001815/CAMERA_01/image.png
436,436,../../data/moge_dataset/DDAD/val/001815/CAMERA_09/image.jpg,../../data/moge_dataset/DDAD/val/001815/CAMERA_09/depth.png,../../data/moge_dataset/DDAD/val/001815/CAMERA_09/meta.json,DDAD,../../data/depthanything/moge_dataset/DDAD/val/001815/CAMERA_09/image.png
437,437,../../data/moge_dataset/DDAD/val/001817/CAMERA_05/image.jpg,../../data/moge_dataset/DDAD/val/001817/CAMERA_05/depth.png,../../data/moge_dataset/DDAD/val/001817/CAMERA_05/meta.json,DDAD,../../data/depthanything/moge_dataset/DDAD/val/001817/CAMERA_05/image.png
438,438,../../data/moge_dataset/DDAD/val/001823/CAMERA_09/image.jpg,../../data/moge_dataset/DDAD/val/001823/CAMERA_09/depth.png,../../data/moge_dataset/DDAD/val/001823/CAMERA_09/meta.json,DDAD,../../data/depthanything/moge_dataset/DDAD/val/001823/CAMERA_09/image.png
439,439,../../data/moge_dataset/DDAD/val/001834/CAMERA_05/image.jpg,../../data/moge_dataset/DDAD/val/001834/CAMERA_05/depth.png,../../data/moge_dataset/DDAD/val/001834/CAMERA_05/meta.json,DDAD,../../data/depthanything/moge_dataset/DDAD/val/001834/CAMERA_05/image.png
440,440,../../data/moge_dataset/DDAD/val/001838/CAMERA_01/image.jpg,../../data/moge_dataset/DDAD/val/001838/CAMERA_01/depth.png,../../data/moge_dataset/DDAD/val/001838/CAMERA_01/meta.json,DDAD,../../data/depthanything/moge_dataset/DDAD/val/001838/CAMERA_01/image.png
441,441,../../data/moge_dataset/DDAD/val/001839/CAMERA_06/image.jpg,../../data/moge_dataset/DDAD/val/001839/CAMERA_06/depth.png,../../data/moge_dataset/DDAD/val/001839/CAMERA_06/meta.json,DDAD,../../data/depthanything/moge_dataset/DDAD/val/001839/CAMERA_06/image.png
442,442,../../data/moge_dataset/DDAD/val/001848/CAMERA_05/image.jpg,../../data/moge_dataset/DDAD/val/001848/CAMERA_05/depth.png,../../data/moge_dataset/DDAD/val/001848/CAMERA_05/meta.json,DDAD,../../data/depthanything/moge_dataset/DDAD/val/001848/CAMERA_05/image.png
443,443,../../data/moge_dataset/DDAD/val/001849/CAMERA_09/image.jpg,../../data/moge_dataset/DDAD/val/001849/CAMERA_09/depth.png,../../data/moge_dataset/DDAD/val/001849/CAMERA_09/meta.json,DDAD,../../data/depthanything/moge_dataset/DDAD/val/001849/CAMERA_09/image.png
444,444,../../data/moge_dataset/DDAD/val/001853/CAMERA_05/image.jpg,../../data/moge_dataset/DDAD/val/001853/CAMERA_05/depth.png,../../data/moge_dataset/DDAD/val/001853/CAMERA_05/meta.json,DDAD,../../data/depthanything/moge_dataset/DDAD/val/001853/CAMERA_05/image.png
445,445,../../data/moge_dataset/DDAD/val/001865/CAMERA_01/image.jpg,../../data/moge_dataset/DDAD/val/001865/CAMERA_01/depth.png,../../data/moge_dataset/DDAD/val/001865/CAMERA_01/meta.json,DDAD,../../data/depthanything/moge_dataset/DDAD/val/001865/CAMERA_01/image.png
446,446,../../data/moge_dataset/DDAD/val/001867/CAMERA_05/image.jpg,../../data/moge_dataset/DDAD/val/001867/CAMERA_05/depth.png,../../data/moge_dataset/DDAD/val/001867/CAMERA_05/meta.json,DDAD,../../data/depthanything/moge_dataset/DDAD/val/001867/CAMERA_05/image.png
447,447,../../data/moge_dataset/DDAD/val/001868/CAMERA_06/image.jpg,../../data/moge_dataset/DDAD/val/001868/CAMERA_06/depth.png,../../data/moge_dataset/DDAD/val/001868/CAMERA_06/meta.json,DDAD,../../data/depthanything/moge_dataset/DDAD/val/001868/CAMERA_06/image.png
448,448,../../data/moge_dataset/DDAD/val/001879/CAMERA_05/image.jpg,../../data/moge_dataset/DDAD/val/001879/CAMERA_05/depth.png,../../data/moge_dataset/DDAD/val/001879/CAMERA_05/meta.json,DDAD,../../data/depthanything/moge_dataset/DDAD/val/001879/CAMERA_05/image.png
449,449,../../data/moge_dataset/DDAD/val/001881/CAMERA_01/image.jpg,../../data/moge_dataset/DDAD/val/001881/CAMERA_01/depth.png,../../data/moge_dataset/DDAD/val/001881/CAMERA_01/meta.json,DDAD,../../data/depthanything/moge_dataset/DDAD/val/001881/CAMERA_01/image.png
450,450,../../data/moge_dataset/DDAD/val/001886/CAMERA_01/image.jpg,../../data/moge_dataset/DDAD/val/001886/CAMERA_01/depth.png,../../data/moge_dataset/DDAD/val/001886/CAMERA_01/meta.json,DDAD,../../data/depthanything/moge_dataset/DDAD/val/001886/CAMERA_01/image.png
451,451,../../data/moge_dataset/DDAD/val/001888/CAMERA_05/image.jpg,../../data/moge_dataset/DDAD/val/001888/CAMERA_05/depth.png,../../data/moge_dataset/DDAD/val/001888/CAMERA_05/meta.json,DDAD,../../data/depthanything/moge_dataset/DDAD/val/001888/CAMERA_05/image.png
452,452,../../data/moge_dataset/DDAD/val/001892/CAMERA_01/image.jpg,../../data/moge_dataset/DDAD/val/001892/CAMERA_01/depth.png,../../data/moge_dataset/DDAD/val/001892/CAMERA_01/meta.json,DDAD,../../data/depthanything/moge_dataset/DDAD/val/001892/CAMERA_01/image.png
453,453,../../data/moge_dataset/DDAD/val/001892/CAMERA_06/image.jpg,../../data/moge_dataset/DDAD/val/001892/CAMERA_06/depth.png,../../data/moge_dataset/DDAD/val/001892/CAMERA_06/meta.json,DDAD,../../data/depthanything/moge_dataset/DDAD/val/001892/CAMERA_06/image.png
454,454,../../data/moge_dataset/DDAD/val/001892/CAMERA_09/image.jpg,../../data/moge_dataset/DDAD/val/001892/CAMERA_09/depth.png,../../data/moge_dataset/DDAD/val/001892/CAMERA_09/meta.json,DDAD,../../data/depthanything/moge_dataset/DDAD/val/001892/CAMERA_09/image.png
455,455,../../data/moge_dataset/DDAD/val/001893/CAMERA_09/image.jpg,../../data/moge_dataset/DDAD/val/001893/CAMERA_09/depth.png,../../data/moge_dataset/DDAD/val/001893/CAMERA_09/meta.json,DDAD,../../data/depthanything/moge_dataset/DDAD/val/001893/CAMERA_09/image.png
456,456,../../data/moge_dataset/DDAD/val/001897/CAMERA_06/image.jpg,../../data/moge_dataset/DDAD/val/001897/CAMERA_06/depth.png,../../data/moge_dataset/DDAD/val/001897/CAMERA_06/meta.json,DDAD,../../data/depthanything/moge_dataset/DDAD/val/001897/CAMERA_06/image.png
457,457,../../data/moge_dataset/DDAD/val/001903/CAMERA_01/image.jpg,../../data/moge_dataset/DDAD/val/001903/CAMERA_01/depth.png,../../data/moge_dataset/DDAD/val/001903/CAMERA_01/meta.json,DDAD,../../data/depthanything/moge_dataset/DDAD/val/001903/CAMERA_01/image.png
458,458,../../data/moge_dataset/DDAD/val/001907/CAMERA_01/image.jpg,../../data/moge_dataset/DDAD/val/001907/CAMERA_01/depth.png,../../data/moge_dataset/DDAD/val/001907/CAMERA_01/meta.json,DDAD,../../data/depthanything/moge_dataset/DDAD/val/001907/CAMERA_01/image.png
459,459,../../data/moge_dataset/DDAD/val/001911/CAMERA_05/image.jpg,../../data/moge_dataset/DDAD/val/001911/CAMERA_05/depth.png,../../data/moge_dataset/DDAD/val/001911/CAMERA_05/meta.json,DDAD,../../data/depthanything/moge_dataset/DDAD/val/001911/CAMERA_05/image.png
460,460,../../data/moge_dataset/DDAD/val/001911/CAMERA_06/image.jpg,../../data/moge_dataset/DDAD/val/001911/CAMERA_06/depth.png,../../data/moge_dataset/DDAD/val/001911/CAMERA_06/meta.json,DDAD,../../data/depthanything/moge_dataset/DDAD/val/001911/CAMERA_06/image.png
461,461,../../data/moge_dataset/DDAD/val/001912/CAMERA_05/image.jpg,../../data/moge_dataset/DDAD/val/001912/CAMERA_05/depth.png,../../data/moge_dataset/DDAD/val/001912/CAMERA_05/meta.json,DDAD,../../data/depthanything/moge_dataset/DDAD/val/001912/CAMERA_05/image.png
462,462,../../data/moge_dataset/DDAD/val/001913/CAMERA_05/image.jpg,../../data/moge_dataset/DDAD/val/001913/CAMERA_05/depth.png,../../data/moge_dataset/DDAD/val/001913/CAMERA_05/meta.json,DDAD,../../data/depthanything/moge_dataset/DDAD/val/001913/CAMERA_05/image.png
463,463,../../data/moge_dataset/DDAD/val/001930/CAMERA_06/image.jpg,../../data/moge_dataset/DDAD/val/001930/CAMERA_06/depth.png,../../data/moge_dataset/DDAD/val/001930/CAMERA_06/meta.json,DDAD,../../data/depthanything/moge_dataset/DDAD/val/001930/CAMERA_06/image.png
464,464,../../data/moge_dataset/DDAD/val/001931/CAMERA_09/image.jpg,../../data/moge_dataset/DDAD/val/001931/CAMERA_09/depth.png,../../data/moge_dataset/DDAD/val/001931/CAMERA_09/meta.json,DDAD,../../data/depthanything/moge_dataset/DDAD/val/001931/CAMERA_09/image.png
465,465,../../data/moge_dataset/DDAD/val/001934/CAMERA_09/image.jpg,../../data/moge_dataset/DDAD/val/001934/CAMERA_09/depth.png,../../data/moge_dataset/DDAD/val/001934/CAMERA_09/meta.json,DDAD,../../data/depthanything/moge_dataset/DDAD/val/001934/CAMERA_09/image.png
466,466,../../data/moge_dataset/DDAD/val/001944/CAMERA_06/image.jpg,../../data/moge_dataset/DDAD/val/001944/CAMERA_06/depth.png,../../data/moge_dataset/DDAD/val/001944/CAMERA_06/meta.json,DDAD,../../data/depthanything/moge_dataset/DDAD/val/001944/CAMERA_06/image.png
467,467,../../data/moge_dataset/DDAD/val/001947/CAMERA_01/image.jpg,../../data/moge_dataset/DDAD/val/001947/CAMERA_01/depth.png,../../data/moge_dataset/DDAD/val/001947/CAMERA_01/meta.json,DDAD,../../data/depthanything/moge_dataset/DDAD/val/001947/CAMERA_01/image.png
468,468,../../data/moge_dataset/DDAD/val/001950/CAMERA_05/image.jpg,../../data/moge_dataset/DDAD/val/001950/CAMERA_05/depth.png,../../data/moge_dataset/DDAD/val/001950/CAMERA_05/meta.json,DDAD,../../data/depthanything/moge_dataset/DDAD/val/001950/CAMERA_05/image.png
469,469,../../data/moge_dataset/DDAD/val/001951/CAMERA_05/image.jpg,../../data/moge_dataset/DDAD/val/001951/CAMERA_05/depth.png,../../data/moge_dataset/DDAD/val/001951/CAMERA_05/meta.json,DDAD,../../data/depthanything/moge_dataset/DDAD/val/001951/CAMERA_05/image.png
470,470,../../data/moge_dataset/DDAD/val/001952/CAMERA_01/image.jpg,../../data/moge_dataset/DDAD/val/001952/CAMERA_01/depth.png,../../data/moge_dataset/DDAD/val/001952/CAMERA_01/meta.json,DDAD,../../data/depthanything/moge_dataset/DDAD/val/001952/CAMERA_01/image.png
471,471,../../data/moge_dataset/DDAD/val/001953/CAMERA_06/image.jpg,../../data/moge_dataset/DDAD/val/001953/CAMERA_06/depth.png,../../data/moge_dataset/DDAD/val/001953/CAMERA_06/meta.json,DDAD,../../data/depthanything/moge_dataset/DDAD/val/001953/CAMERA_06/image.png
472,472,../../data/moge_dataset/DDAD/val/001953/CAMERA_09/image.jpg,../../data/moge_dataset/DDAD/val/001953/CAMERA_09/depth.png,../../data/moge_dataset/DDAD/val/001953/CAMERA_09/meta.json,DDAD,../../data/depthanything/moge_dataset/DDAD/val/001953/CAMERA_09/image.png
473,473,../../data/moge_dataset/DDAD/val/001954/CAMERA_09/image.jpg,../../data/moge_dataset/DDAD/val/001954/CAMERA_09/depth.png,../../data/moge_dataset/DDAD/val/001954/CAMERA_09/meta.json,DDAD,../../data/depthanything/moge_dataset/DDAD/val/001954/CAMERA_09/image.png
474,474,../../data/moge_dataset/DDAD/val/001957/CAMERA_06/image.jpg,../../data/moge_dataset/DDAD/val/001957/CAMERA_06/depth.png,../../data/moge_dataset/DDAD/val/001957/CAMERA_06/meta.json,DDAD,../../data/depthanything/moge_dataset/DDAD/val/001957/CAMERA_06/image.png
475,475,../../data/moge_dataset/DDAD/val/001958/CAMERA_01/image.jpg,../../data/moge_dataset/DDAD/val/001958/CAMERA_01/depth.png,../../data/moge_dataset/DDAD/val/001958/CAMERA_01/meta.json,DDAD,../../data/depthanything/moge_dataset/DDAD/val/001958/CAMERA_01/image.png
476,476,../../data/moge_dataset/DDAD/val/001958/CAMERA_06/image.jpg,../../data/moge_dataset/DDAD/val/001958/CAMERA_06/depth.png,../../data/moge_dataset/DDAD/val/001958/CAMERA_06/meta.json,DDAD,../../data/depthanything/moge_dataset/DDAD/val/001958/CAMERA_06/image.png
477,477,../../data/moge_dataset/DDAD/val/001961/CAMERA_05/image.jpg,../../data/moge_dataset/DDAD/val/001961/CAMERA_05/depth.png,../../data/moge_dataset/DDAD/val/001961/CAMERA_05/meta.json,DDAD,../../data/depthanything/moge_dataset/DDAD/val/001961/CAMERA_05/image.png
478,478,../../data/moge_dataset/DDAD/val/001966/CAMERA_09/image.jpg,../../data/moge_dataset/DDAD/val/001966/CAMERA_09/depth.png,../../data/moge_dataset/DDAD/val/001966/CAMERA_09/meta.json,DDAD,../../data/depthanything/moge_dataset/DDAD/val/001966/CAMERA_09/image.png
479,479,../../data/moge_dataset/DDAD/val/001969/CAMERA_01/image.jpg,../../data/moge_dataset/DDAD/val/001969/CAMERA_01/depth.png,../../data/moge_dataset/DDAD/val/001969/CAMERA_01/meta.json,DDAD,../../data/depthanything/moge_dataset/DDAD/val/001969/CAMERA_01/image.png
480,480,../../data/moge_dataset/DDAD/val/001971/CAMERA_05/image.jpg,../../data/moge_dataset/DDAD/val/001971/CAMERA_05/depth.png,../../data/moge_dataset/DDAD/val/001971/CAMERA_05/meta.json,DDAD,../../data/depthanything/moge_dataset/DDAD/val/001971/CAMERA_05/image.png
481,481,../../data/moge_dataset/DDAD/val/001971/CAMERA_06/image.jpg,../../data/moge_dataset/DDAD/val/001971/CAMERA_06/depth.png,../../data/moge_dataset/DDAD/val/001971/CAMERA_06/meta.json,DDAD,../../data/depthanything/moge_dataset/DDAD/val/001971/CAMERA_06/image.png
482,482,../../data/moge_dataset/DDAD/val/001971/CAMERA_09/image.jpg,../../data/moge_dataset/DDAD/val/001971/CAMERA_09/depth.png,../../data/moge_dataset/DDAD/val/001971/CAMERA_09/meta.json,DDAD,../../data/depthanything/moge_dataset/DDAD/val/001971/CAMERA_09/image.png
483,483,../../data/moge_dataset/DDAD/val/001974/CAMERA_05/image.jpg,../../data/moge_dataset/DDAD/val/001974/CAMERA_05/depth.png,../../data/moge_dataset/DDAD/val/001974/CAMERA_05/meta.json,DDAD,../../data/depthanything/moge_dataset/DDAD/val/001974/CAMERA_05/image.png
484,484,../../data/moge_dataset/DDAD/val/001974/CAMERA_09/image.jpg,../../data/moge_dataset/DDAD/val/001974/CAMERA_09/depth.png,../../data/moge_dataset/DDAD/val/001974/CAMERA_09/meta.json,DDAD,../../data/depthanything/moge_dataset/DDAD/val/001974/CAMERA_09/image.png
485,485,../../data/moge_dataset/DDAD/val/001975/CAMERA_01/image.jpg,../../data/moge_dataset/DDAD/val/001975/CAMERA_01/depth.png,../../data/moge_dataset/DDAD/val/001975/CAMERA_01/meta.json,DDAD,../../data/depthanything/moge_dataset/DDAD/val/001975/CAMERA_01/image.png
486,486,../../data/moge_dataset/DDAD/val/001979/CAMERA_06/image.jpg,../../data/moge_dataset/DDAD/val/001979/CAMERA_06/depth.png,../../data/moge_dataset/DDAD/val/001979/CAMERA_06/meta.json,DDAD,../../data/depthanything/moge_dataset/DDAD/val/001979/CAMERA_06/image.png
487,487,../../data/moge_dataset/DDAD/val/001982/CAMERA_01/image.jpg,../../data/moge_dataset/DDAD/val/001982/CAMERA_01/depth.png,../../data/moge_dataset/DDAD/val/001982/CAMERA_01/meta.json,DDAD,../../data/depthanything/moge_dataset/DDAD/val/001982/CAMERA_01/image.png
488,488,../../data/moge_dataset/DDAD/val/001984/CAMERA_05/image.jpg,../../data/moge_dataset/DDAD/val/001984/CAMERA_05/depth.png,../../data/moge_dataset/DDAD/val/001984/CAMERA_05/meta.json,DDAD,../../data/depthanything/moge_dataset/DDAD/val/001984/CAMERA_05/image.png
489,489,../../data/moge_dataset/DDAD/val/001989/CAMERA_01/image.jpg,../../data/moge_dataset/DDAD/val/001989/CAMERA_01/depth.png,../../data/moge_dataset/DDAD/val/001989/CAMERA_01/meta.json,DDAD,../../data/depthanything/moge_dataset/DDAD/val/001989/CAMERA_01/image.png
490,490,../../data/moge_dataset/DDAD/val/001995/CAMERA_05/image.jpg,../../data/moge_dataset/DDAD/val/001995/CAMERA_05/depth.png,../../data/moge_dataset/DDAD/val/001995/CAMERA_05/meta.json,DDAD,../../data/depthanything/moge_dataset/DDAD/val/001995/CAMERA_05/image.png
491,491,../../data/moge_dataset/DDAD/val/001995/CAMERA_09/image.jpg,../../data/moge_dataset/DDAD/val/001995/CAMERA_09/depth.png,../../data/moge_dataset/DDAD/val/001995/CAMERA_09/meta.json,DDAD,../../data/depthanything/moge_dataset/DDAD/val/001995/CAMERA_09/image.png
492,492,../../data/moge_dataset/DDAD/val/001996/CAMERA_06/image.jpg,../../data/moge_dataset/DDAD/val/001996/CAMERA_06/depth.png,../../data/moge_dataset/DDAD/val/001996/CAMERA_06/meta.json,DDAD,../../data/depthanything/moge_dataset/DDAD/val/001996/CAMERA_06/image.png
493,493,../../data/moge_dataset/DDAD/val/001998/CAMERA_05/image.jpg,../../data/moge_dataset/DDAD/val/001998/CAMERA_05/depth.png,../../data/moge_dataset/DDAD/val/001998/CAMERA_05/meta.json,DDAD,../../data/depthanything/moge_dataset/DDAD/val/001998/CAMERA_05/image.png
494,494,../../data/moge_dataset/DDAD/val/001999/CAMERA_05/image.jpg,../../data/moge_dataset/DDAD/val/001999/CAMERA_05/depth.png,../../data/moge_dataset/DDAD/val/001999/CAMERA_05/meta.json,DDAD,../../data/depthanything/moge_dataset/DDAD/val/001999/CAMERA_05/image.png
495,495,../../data/moge_dataset/DDAD/val/002000/CAMERA_05/image.jpg,../../data/moge_dataset/DDAD/val/002000/CAMERA_05/depth.png,../../data/moge_dataset/DDAD/val/002000/CAMERA_05/meta.json,DDAD,../../data/depthanything/moge_dataset/DDAD/val/002000/CAMERA_05/image.png
496,496,../../data/moge_dataset/DDAD/val/002001/CAMERA_09/image.jpg,../../data/moge_dataset/DDAD/val/002001/CAMERA_09/depth.png,../../data/moge_dataset/DDAD/val/002001/CAMERA_09/meta.json,DDAD,../../data/depthanything/moge_dataset/DDAD/val/002001/CAMERA_09/image.png
497,497,../../data/moge_dataset/DDAD/val/002013/CAMERA_06/image.jpg,../../data/moge_dataset/DDAD/val/002013/CAMERA_06/depth.png,../../data/moge_dataset/DDAD/val/002013/CAMERA_06/meta.json,DDAD,../../data/depthanything/moge_dataset/DDAD/val/002013/CAMERA_06/image.png
498,498,../../data/moge_dataset/DDAD/val/002013/CAMERA_09/image.jpg,../../data/moge_dataset/DDAD/val/002013/CAMERA_09/depth.png,../../data/moge_dataset/DDAD/val/002013/CAMERA_09/meta.json,DDAD,../../data/depthanything/moge_dataset/DDAD/val/002013/CAMERA_09/image.png
499,499,../../data/moge_dataset/DDAD/val/002017/CAMERA_09/image.jpg,../../data/moge_dataset/DDAD/val/002017/CAMERA_09/depth.png,../../data/moge_dataset/DDAD/val/002017/CAMERA_09/meta.json,DDAD,../../data/depthanything/moge_dataset/DDAD/val/002017/CAMERA_09/image.png
500,500,../../data/moge_dataset/DDAD/val/002019/CAMERA_01/image.jpg,../../data/moge_dataset/DDAD/val/002019/CAMERA_01/depth.png,../../data/moge_dataset/DDAD/val/002019/CAMERA_01/meta.json,DDAD,../../data/depthanything/moge_dataset/DDAD/val/002019/CAMERA_01/image.png
501,501,../../data/moge_dataset/DDAD/val/002030/CAMERA_01/image.jpg,../../data/moge_dataset/DDAD/val/002030/CAMERA_01/depth.png,../../data/moge_dataset/DDAD/val/002030/CAMERA_01/meta.json,DDAD,../../data/depthanything/moge_dataset/DDAD/val/002030/CAMERA_01/image.png
502,502,../../data/moge_dataset/DDAD/val/002040/CAMERA_05/image.jpg,../../data/moge_dataset/DDAD/val/002040/CAMERA_05/depth.png,../../data/moge_dataset/DDAD/val/002040/CAMERA_05/meta.json,DDAD,../../data/depthanything/moge_dataset/DDAD/val/002040/CAMERA_05/image.png
503,503,../../data/moge_dataset/DDAD/val/002044/CAMERA_01/image.jpg,../../data/moge_dataset/DDAD/val/002044/CAMERA_01/depth.png,../../data/moge_dataset/DDAD/val/002044/CAMERA_01/meta.json,DDAD,../../data/depthanything/moge_dataset/DDAD/val/002044/CAMERA_01/image.png
504,504,../../data/moge_dataset/DDAD/val/002052/CAMERA_01/image.jpg,../../data/moge_dataset/DDAD/val/002052/CAMERA_01/depth.png,../../data/moge_dataset/DDAD/val/002052/CAMERA_01/meta.json,DDAD,../../data/depthanything/moge_dataset/DDAD/val/002052/CAMERA_01/image.png
505,505,../../data/moge_dataset/DDAD/val/002073/CAMERA_06/image.jpg,../../data/moge_dataset/DDAD/val/002073/CAMERA_06/depth.png,../../data/moge_dataset/DDAD/val/002073/CAMERA_06/meta.json,DDAD,../../data/depthanything/moge_dataset/DDAD/val/002073/CAMERA_06/image.png
506,506,../../data/moge_dataset/DDAD/val/002074/CAMERA_05/image.jpg,../../data/moge_dataset/DDAD/val/002074/CAMERA_05/depth.png,../../data/moge_dataset/DDAD/val/002074/CAMERA_05/meta.json,DDAD,../../data/depthanything/moge_dataset/DDAD/val/002074/CAMERA_05/image.png
507,507,../../data/moge_dataset/DDAD/val/002077/CAMERA_06/image.jpg,../../data/moge_dataset/DDAD/val/002077/CAMERA_06/depth.png,../../data/moge_dataset/DDAD/val/002077/CAMERA_06/meta.json,DDAD,../../data/depthanything/moge_dataset/DDAD/val/002077/CAMERA_06/image.png
508,508,../../data/moge_dataset/DDAD/val/002078/CAMERA_09/image.jpg,../../data/moge_dataset/DDAD/val/002078/CAMERA_09/depth.png,../../data/moge_dataset/DDAD/val/002078/CAMERA_09/meta.json,DDAD,../../data/depthanything/moge_dataset/DDAD/val/002078/CAMERA_09/image.png
509,509,../../data/moge_dataset/DDAD/val/002088/CAMERA_01/image.jpg,../../data/moge_dataset/DDAD/val/002088/CAMERA_01/depth.png,../../data/moge_dataset/DDAD/val/002088/CAMERA_01/meta.json,DDAD,../../data/depthanything/moge_dataset/DDAD/val/002088/CAMERA_01/image.png
510,510,../../data/moge_dataset/DDAD/val/002090/CAMERA_06/image.jpg,../../data/moge_dataset/DDAD/val/002090/CAMERA_06/depth.png,../../data/moge_dataset/DDAD/val/002090/CAMERA_06/meta.json,DDAD,../../data/depthanything/moge_dataset/DDAD/val/002090/CAMERA_06/image.png
511,511,../../data/moge_dataset/DDAD/val/002091/CAMERA_06/image.jpg,../../data/moge_dataset/DDAD/val/002091/CAMERA_06/depth.png,../../data/moge_dataset/DDAD/val/002091/CAMERA_06/meta.json,DDAD,../../data/depthanything/moge_dataset/DDAD/val/002091/CAMERA_06/image.png
512,512,../../data/moge_dataset/DDAD/val/002091/CAMERA_09/image.jpg,../../data/moge_dataset/DDAD/val/002091/CAMERA_09/depth.png,../../data/moge_dataset/DDAD/val/002091/CAMERA_09/meta.json,DDAD,../../data/depthanything/moge_dataset/DDAD/val/002091/CAMERA_09/image.png
513,513,../../data/moge_dataset/DDAD/val/002100/CAMERA_06/image.jpg,../../data/moge_dataset/DDAD/val/002100/CAMERA_06/depth.png,../../data/moge_dataset/DDAD/val/002100/CAMERA_06/meta.json,DDAD,../../data/depthanything/moge_dataset/DDAD/val/002100/CAMERA_06/image.png
514,514,../../data/moge_dataset/DDAD/val/002108/CAMERA_06/image.jpg,../../data/moge_dataset/DDAD/val/002108/CAMERA_06/depth.png,../../data/moge_dataset/DDAD/val/002108/CAMERA_06/meta.json,DDAD,../../data/depthanything/moge_dataset/DDAD/val/002108/CAMERA_06/image.png
515,515,../../data/moge_dataset/DDAD/val/002111/CAMERA_06/image.jpg,../../data/moge_dataset/DDAD/val/002111/CAMERA_06/depth.png,../../data/moge_dataset/DDAD/val/002111/CAMERA_06/meta.json,DDAD,../../data/depthanything/moge_dataset/DDAD/val/002111/CAMERA_06/image.png
516,516,../../data/moge_dataset/DDAD/val/002120/CAMERA_01/image.jpg,../../data/moge_dataset/DDAD/val/002120/CAMERA_01/depth.png,../../data/moge_dataset/DDAD/val/002120/CAMERA_01/meta.json,DDAD,../../data/depthanything/moge_dataset/DDAD/val/002120/CAMERA_01/image.png
517,517,../../data/moge_dataset/DDAD/val/002120/CAMERA_05/image.jpg,../../data/moge_dataset/DDAD/val/002120/CAMERA_05/depth.png,../../data/moge_dataset/DDAD/val/002120/CAMERA_05/meta.json,DDAD,../../data/depthanything/moge_dataset/DDAD/val/002120/CAMERA_05/image.png
518,518,../../data/moge_dataset/DDAD/val/002122/CAMERA_01/image.jpg,../../data/moge_dataset/DDAD/val/002122/CAMERA_01/depth.png,../../data/moge_dataset/DDAD/val/002122/CAMERA_01/meta.json,DDAD,../../data/depthanything/moge_dataset/DDAD/val/002122/CAMERA_01/image.png
519,519,../../data/moge_dataset/DDAD/val/002122/CAMERA_05/image.jpg,../../data/moge_dataset/DDAD/val/002122/CAMERA_05/depth.png,../../data/moge_dataset/DDAD/val/002122/CAMERA_05/meta.json,DDAD,../../data/depthanything/moge_dataset/DDAD/val/002122/CAMERA_05/image.png
520,520,../../data/moge_dataset/DDAD/val/002130/CAMERA_01/image.jpg,../../data/moge_dataset/DDAD/val/002130/CAMERA_01/depth.png,../../data/moge_dataset/DDAD/val/002130/CAMERA_01/meta.json,DDAD,../../data/depthanything/moge_dataset/DDAD/val/002130/CAMERA_01/image.png
521,521,../../data/moge_dataset/DDAD/val/002133/CAMERA_09/image.jpg,../../data/moge_dataset/DDAD/val/002133/CAMERA_09/depth.png,../../data/moge_dataset/DDAD/val/002133/CAMERA_09/meta.json,DDAD,../../data/depthanything/moge_dataset/DDAD/val/002133/CAMERA_09/image.png
522,522,../../data/moge_dataset/DDAD/val/002137/CAMERA_01/image.jpg,../../data/moge_dataset/DDAD/val/002137/CAMERA_01/depth.png,../../data/moge_dataset/DDAD/val/002137/CAMERA_01/meta.json,DDAD,../../data/depthanything/moge_dataset/DDAD/val/002137/CAMERA_01/image.png
523,523,../../data/moge_dataset/DDAD/val/002137/CAMERA_06/image.jpg,../../data/moge_dataset/DDAD/val/002137/CAMERA_06/depth.png,../../data/moge_dataset/DDAD/val/002137/CAMERA_06/meta.json,DDAD,../../data/depthanything/moge_dataset/DDAD/val/002137/CAMERA_06/image.png
524,524,../../data/moge_dataset/DDAD/val/002139/CAMERA_05/image.jpg,../../data/moge_dataset/DDAD/val/002139/CAMERA_05/depth.png,../../data/moge_dataset/DDAD/val/002139/CAMERA_05/meta.json,DDAD,../../data/depthanything/moge_dataset/DDAD/val/002139/CAMERA_05/image.png
525,525,../../data/moge_dataset/DDAD/val/002139/CAMERA_09/image.jpg,../../data/moge_dataset/DDAD/val/002139/CAMERA_09/depth.png,../../data/moge_dataset/DDAD/val/002139/CAMERA_09/meta.json,DDAD,../../data/depthanything/moge_dataset/DDAD/val/002139/CAMERA_09/image.png
526,526,../../data/moge_dataset/DDAD/val/002141/CAMERA_09/image.jpg,../../data/moge_dataset/DDAD/val/002141/CAMERA_09/depth.png,../../data/moge_dataset/DDAD/val/002141/CAMERA_09/meta.json,DDAD,../../data/depthanything/moge_dataset/DDAD/val/002141/CAMERA_09/image.png
527,527,../../data/moge_dataset/DDAD/val/002147/CAMERA_09/image.jpg,../../data/moge_dataset/DDAD/val/002147/CAMERA_09/depth.png,../../data/moge_dataset/DDAD/val/002147/CAMERA_09/meta.json,DDAD,../../data/depthanything/moge_dataset/DDAD/val/002147/CAMERA_09/image.png
528,528,../../data/moge_dataset/DDAD/val/002148/CAMERA_09/image.jpg,../../data/moge_dataset/DDAD/val/002148/CAMERA_09/depth.png,../../data/moge_dataset/DDAD/val/002148/CAMERA_09/meta.json,DDAD,../../data/depthanything/moge_dataset/DDAD/val/002148/CAMERA_09/image.png
529,529,../../data/moge_dataset/DDAD/val/002151/CAMERA_05/image.jpg,../../data/moge_dataset/DDAD/val/002151/CAMERA_05/depth.png,../../data/moge_dataset/DDAD/val/002151/CAMERA_05/meta.json,DDAD,../../data/depthanything/moge_dataset/DDAD/val/002151/CAMERA_05/image.png
530,530,../../data/moge_dataset/DDAD/val/002167/CAMERA_06/image.jpg,../../data/moge_dataset/DDAD/val/002167/CAMERA_06/depth.png,../../data/moge_dataset/DDAD/val/002167/CAMERA_06/meta.json,DDAD,../../data/depthanything/moge_dataset/DDAD/val/002167/CAMERA_06/image.png
531,531,../../data/moge_dataset/DDAD/val/002167/CAMERA_09/image.jpg,../../data/moge_dataset/DDAD/val/002167/CAMERA_09/depth.png,../../data/moge_dataset/DDAD/val/002167/CAMERA_09/meta.json,DDAD,../../data/depthanything/moge_dataset/DDAD/val/002167/CAMERA_09/image.png
532,532,../../data/moge_dataset/DDAD/val/002170/CAMERA_09/image.jpg,../../data/moge_dataset/DDAD/val/002170/CAMERA_09/depth.png,../../data/moge_dataset/DDAD/val/002170/CAMERA_09/meta.json,DDAD,../../data/depthanything/moge_dataset/DDAD/val/002170/CAMERA_09/image.png
533,533,../../data/moge_dataset/DDAD/val/002185/CAMERA_05/image.jpg,../../data/moge_dataset/DDAD/val/002185/CAMERA_05/depth.png,../../data/moge_dataset/DDAD/val/002185/CAMERA_05/meta.json,DDAD,../../data/depthanything/moge_dataset/DDAD/val/002185/CAMERA_05/image.png
534,534,../../data/moge_dataset/DDAD/val/002187/CAMERA_05/image.jpg,../../data/moge_dataset/DDAD/val/002187/CAMERA_05/depth.png,../../data/moge_dataset/DDAD/val/002187/CAMERA_05/meta.json,DDAD,../../data/depthanything/moge_dataset/DDAD/val/002187/CAMERA_05/image.png
535,535,../../data/moge_dataset/DDAD/val/002188/CAMERA_01/image.jpg,../../data/moge_dataset/DDAD/val/002188/CAMERA_01/depth.png,../../data/moge_dataset/DDAD/val/002188/CAMERA_01/meta.json,DDAD,../../data/depthanything/moge_dataset/DDAD/val/002188/CAMERA_01/image.png
536,536,../../data/moge_dataset/DDAD/val/002188/CAMERA_05/image.jpg,../../data/moge_dataset/DDAD/val/002188/CAMERA_05/depth.png,../../data/moge_dataset/DDAD/val/002188/CAMERA_05/meta.json,DDAD,../../data/depthanything/moge_dataset/DDAD/val/002188/CAMERA_05/image.png
537,537,../../data/moge_dataset/DDAD/val/002193/CAMERA_09/image.jpg,../../data/moge_dataset/DDAD/val/002193/CAMERA_09/depth.png,../../data/moge_dataset/DDAD/val/002193/CAMERA_09/meta.json,DDAD,../../data/depthanything/moge_dataset/DDAD/val/002193/CAMERA_09/image.png
538,538,../../data/moge_dataset/DDAD/val/002199/CAMERA_06/image.jpg,../../data/moge_dataset/DDAD/val/002199/CAMERA_06/depth.png,../../data/moge_dataset/DDAD/val/002199/CAMERA_06/meta.json,DDAD,../../data/depthanything/moge_dataset/DDAD/val/002199/CAMERA_06/image.png
539,539,../../data/moge_dataset/DDAD/val/002209/CAMERA_05/image.jpg,../../data/moge_dataset/DDAD/val/002209/CAMERA_05/depth.png,../../data/moge_dataset/DDAD/val/002209/CAMERA_05/meta.json,DDAD,../../data/depthanything/moge_dataset/DDAD/val/002209/CAMERA_05/image.png
540,540,../../data/moge_dataset/DDAD/val/002214/CAMERA_01/image.jpg,../../data/moge_dataset/DDAD/val/002214/CAMERA_01/depth.png,../../data/moge_dataset/DDAD/val/002214/CAMERA_01/meta.json,DDAD,../../data/depthanything/moge_dataset/DDAD/val/002214/CAMERA_01/image.png
541,541,../../data/moge_dataset/DDAD/val/002216/CAMERA_01/image.jpg,../../data/moge_dataset/DDAD/val/002216/CAMERA_01/depth.png,../../data/moge_dataset/DDAD/val/002216/CAMERA_01/meta.json,DDAD,../../data/depthanything/moge_dataset/DDAD/val/002216/CAMERA_01/image.png
542,542,../../data/moge_dataset/DDAD/val/002220/CAMERA_05/image.jpg,../../data/moge_dataset/DDAD/val/002220/CAMERA_05/depth.png,../../data/moge_dataset/DDAD/val/002220/CAMERA_05/meta.json,DDAD,../../data/depthanything/moge_dataset/DDAD/val/002220/CAMERA_05/image.png
543,543,../../data/moge_dataset/DDAD/val/002221/CAMERA_09/image.jpg,../../data/moge_dataset/DDAD/val/002221/CAMERA_09/depth.png,../../data/moge_dataset/DDAD/val/002221/CAMERA_09/meta.json,DDAD,../../data/depthanything/moge_dataset/DDAD/val/002221/CAMERA_09/image.png
544,544,../../data/moge_dataset/DDAD/val/002223/CAMERA_01/image.jpg,../../data/moge_dataset/DDAD/val/002223/CAMERA_01/depth.png,../../data/moge_dataset/DDAD/val/002223/CAMERA_01/meta.json,DDAD,../../data/depthanything/moge_dataset/DDAD/val/002223/CAMERA_01/image.png
545,545,../../data/moge_dataset/DDAD/val/002224/CAMERA_05/image.jpg,../../data/moge_dataset/DDAD/val/002224/CAMERA_05/depth.png,../../data/moge_dataset/DDAD/val/002224/CAMERA_05/meta.json,DDAD,../../data/depthanything/moge_dataset/DDAD/val/002224/CAMERA_05/image.png
546,546,../../data/moge_dataset/DDAD/val/002226/CAMERA_06/image.jpg,../../data/moge_dataset/DDAD/val/002226/CAMERA_06/depth.png,../../data/moge_dataset/DDAD/val/002226/CAMERA_06/meta.json,DDAD,../../data/depthanything/moge_dataset/DDAD/val/002226/CAMERA_06/image.png
547,547,../../data/moge_dataset/DDAD/val/002234/CAMERA_05/image.jpg,../../data/moge_dataset/DDAD/val/002234/CAMERA_05/depth.png,../../data/moge_dataset/DDAD/val/002234/CAMERA_05/meta.json,DDAD,../../data/depthanything/moge_dataset/DDAD/val/002234/CAMERA_05/image.png
548,548,../../data/moge_dataset/DDAD/val/002235/CAMERA_05/image.jpg,../../data/moge_dataset/DDAD/val/002235/CAMERA_05/depth.png,../../data/moge_dataset/DDAD/val/002235/CAMERA_05/meta.json,DDAD,../../data/depthanything/moge_dataset/DDAD/val/002235/CAMERA_05/image.png
549,549,../../data/moge_dataset/DDAD/val/002237/CAMERA_01/image.jpg,../../data/moge_dataset/DDAD/val/002237/CAMERA_01/depth.png,../../data/moge_dataset/DDAD/val/002237/CAMERA_01/meta.json,DDAD,../../data/depthanything/moge_dataset/DDAD/val/002237/CAMERA_01/image.png
550,550,../../data/moge_dataset/DDAD/val/002249/CAMERA_01/image.jpg,../../data/moge_dataset/DDAD/val/002249/CAMERA_01/depth.png,../../data/moge_dataset/DDAD/val/002249/CAMERA_01/meta.json,DDAD,../../data/depthanything/moge_dataset/DDAD/val/002249/CAMERA_01/image.png
551,551,../../data/moge_dataset/DDAD/val/002249/CAMERA_05/image.jpg,../../data/moge_dataset/DDAD/val/002249/CAMERA_05/depth.png,../../data/moge_dataset/DDAD/val/002249/CAMERA_05/meta.json,DDAD,../../data/depthanything/moge_dataset/DDAD/val/002249/CAMERA_05/image.png
552,552,../../data/moge_dataset/DDAD/val/002251/CAMERA_01/image.jpg,../../data/moge_dataset/DDAD/val/002251/CAMERA_01/depth.png,../../data/moge_dataset/DDAD/val/002251/CAMERA_01/meta.json,DDAD,../../data/depthanything/moge_dataset/DDAD/val/002251/CAMERA_01/image.png
553,553,../../data/moge_dataset/DDAD/val/002258/CAMERA_05/image.jpg,../../data/moge_dataset/DDAD/val/002258/CAMERA_05/depth.png,../../data/moge_dataset/DDAD/val/002258/CAMERA_05/meta.json,DDAD,../../data/depthanything/moge_dataset/DDAD/val/002258/CAMERA_05/image.png
554,554,../../data/moge_dataset/DDAD/val/002263/CAMERA_01/image.jpg,../../data/moge_dataset/DDAD/val/002263/CAMERA_01/depth.png,../../data/moge_dataset/DDAD/val/002263/CAMERA_01/meta.json,DDAD,../../data/depthanything/moge_dataset/DDAD/val/002263/CAMERA_01/image.png
555,555,../../data/moge_dataset/DDAD/val/002265/CAMERA_01/image.jpg,../../data/moge_dataset/DDAD/val/002265/CAMERA_01/depth.png,../../data/moge_dataset/DDAD/val/002265/CAMERA_01/meta.json,DDAD,../../data/depthanything/moge_dataset/DDAD/val/002265/CAMERA_01/image.png
556,556,../../data/moge_dataset/DDAD/val/002269/CAMERA_09/image.jpg,../../data/moge_dataset/DDAD/val/002269/CAMERA_09/depth.png,../../data/moge_dataset/DDAD/val/002269/CAMERA_09/meta.json,DDAD,../../data/depthanything/moge_dataset/DDAD/val/002269/CAMERA_09/image.png
557,557,../../data/moge_dataset/DDAD/val/002272/CAMERA_01/image.jpg,../../data/moge_dataset/DDAD/val/002272/CAMERA_01/depth.png,../../data/moge_dataset/DDAD/val/002272/CAMERA_01/meta.json,DDAD,../../data/depthanything/moge_dataset/DDAD/val/002272/CAMERA_01/image.png
558,558,../../data/moge_dataset/DDAD/val/002277/CAMERA_05/image.jpg,../../data/moge_dataset/DDAD/val/002277/CAMERA_05/depth.png,../../data/moge_dataset/DDAD/val/002277/CAMERA_05/meta.json,DDAD,../../data/depthanything/moge_dataset/DDAD/val/002277/CAMERA_05/image.png
559,559,../../data/moge_dataset/DDAD/val/002278/CAMERA_05/image.jpg,../../data/moge_dataset/DDAD/val/002278/CAMERA_05/depth.png,../../data/moge_dataset/DDAD/val/002278/CAMERA_05/meta.json,DDAD,../../data/depthanything/moge_dataset/DDAD/val/002278/CAMERA_05/image.png
560,560,../../data/moge_dataset/DDAD/val/002282/CAMERA_01/image.jpg,../../data/moge_dataset/DDAD/val/002282/CAMERA_01/depth.png,../../data/moge_dataset/DDAD/val/002282/CAMERA_01/meta.json,DDAD,../../data/depthanything/moge_dataset/DDAD/val/002282/CAMERA_01/image.png
561,561,../../data/moge_dataset/DDAD/val/002283/CAMERA_05/image.jpg,../../data/moge_dataset/DDAD/val/002283/CAMERA_05/depth.png,../../data/moge_dataset/DDAD/val/002283/CAMERA_05/meta.json,DDAD,../../data/depthanything/moge_dataset/DDAD/val/002283/CAMERA_05/image.png
562,562,../../data/moge_dataset/DDAD/val/002284/CAMERA_05/image.jpg,../../data/moge_dataset/DDAD/val/002284/CAMERA_05/depth.png,../../data/moge_dataset/DDAD/val/002284/CAMERA_05/meta.json,DDAD,../../data/depthanything/moge_dataset/DDAD/val/002284/CAMERA_05/image.png
563,563,../../data/moge_dataset/DDAD/val/002286/CAMERA_01/image.jpg,../../data/moge_dataset/DDAD/val/002286/CAMERA_01/depth.png,../../data/moge_dataset/DDAD/val/002286/CAMERA_01/meta.json,DDAD,../../data/depthanything/moge_dataset/DDAD/val/002286/CAMERA_01/image.png
564,564,../../data/moge_dataset/DDAD/val/002290/CAMERA_05/image.jpg,../../data/moge_dataset/DDAD/val/002290/CAMERA_05/depth.png,../../data/moge_dataset/DDAD/val/002290/CAMERA_05/meta.json,DDAD,../../data/depthanything/moge_dataset/DDAD/val/002290/CAMERA_05/image.png
565,565,../../data/moge_dataset/DDAD/val/002291/CAMERA_05/image.jpg,../../data/moge_dataset/DDAD/val/002291/CAMERA_05/depth.png,../../data/moge_dataset/DDAD/val/002291/CAMERA_05/meta.json,DDAD,../../data/depthanything/moge_dataset/DDAD/val/002291/CAMERA_05/image.png
566,566,../../data/moge_dataset/DDAD/val/002291/CAMERA_09/image.jpg,../../data/moge_dataset/DDAD/val/002291/CAMERA_09/depth.png,../../data/moge_dataset/DDAD/val/002291/CAMERA_09/meta.json,DDAD,../../data/depthanything/moge_dataset/DDAD/val/002291/CAMERA_09/image.png
567,567,../../data/moge_dataset/DDAD/val/002297/CAMERA_09/image.jpg,../../data/moge_dataset/DDAD/val/002297/CAMERA_09/depth.png,../../data/moge_dataset/DDAD/val/002297/CAMERA_09/meta.json,DDAD,../../data/depthanything/moge_dataset/DDAD/val/002297/CAMERA_09/image.png
568,568,../../data/moge_dataset/DDAD/val/002298/CAMERA_09/image.jpg,../../data/moge_dataset/DDAD/val/002298/CAMERA_09/depth.png,../../data/moge_dataset/DDAD/val/002298/CAMERA_09/meta.json,DDAD,../../data/depthanything/moge_dataset/DDAD/val/002298/CAMERA_09/image.png
569,569,../../data/moge_dataset/DDAD/val/002305/CAMERA_06/image.jpg,../../data/moge_dataset/DDAD/val/002305/CAMERA_06/depth.png,../../data/moge_dataset/DDAD/val/002305/CAMERA_06/meta.json,DDAD,../../data/depthanything/moge_dataset/DDAD/val/002305/CAMERA_06/image.png
570,570,../../data/moge_dataset/DDAD/val/002310/CAMERA_01/image.jpg,../../data/moge_dataset/DDAD/val/002310/CAMERA_01/depth.png,../../data/moge_dataset/DDAD/val/002310/CAMERA_01/meta.json,DDAD,../../data/depthanything/moge_dataset/DDAD/val/002310/CAMERA_01/image.png
571,571,../../data/moge_dataset/DDAD/val/002317/CAMERA_06/image.jpg,../../data/moge_dataset/DDAD/val/002317/CAMERA_06/depth.png,../../data/moge_dataset/DDAD/val/002317/CAMERA_06/meta.json,DDAD,../../data/depthanything/moge_dataset/DDAD/val/002317/CAMERA_06/image.png
572,572,../../data/moge_dataset/DDAD/val/002319/CAMERA_09/image.jpg,../../data/moge_dataset/DDAD/val/002319/CAMERA_09/depth.png,../../data/moge_dataset/DDAD/val/002319/CAMERA_09/meta.json,DDAD,../../data/depthanything/moge_dataset/DDAD/val/002319/CAMERA_09/image.png
573,573,../../data/moge_dataset/DDAD/val/002322/CAMERA_01/image.jpg,../../data/moge_dataset/DDAD/val/002322/CAMERA_01/depth.png,../../data/moge_dataset/DDAD/val/002322/CAMERA_01/meta.json,DDAD,../../data/depthanything/moge_dataset/DDAD/val/002322/CAMERA_01/image.png
574,574,../../data/moge_dataset/DDAD/val/002322/CAMERA_06/image.jpg,../../data/moge_dataset/DDAD/val/002322/CAMERA_06/depth.png,../../data/moge_dataset/DDAD/val/002322/CAMERA_06/meta.json,DDAD,../../data/depthanything/moge_dataset/DDAD/val/002322/CAMERA_06/image.png
575,575,../../data/moge_dataset/DDAD/val/002328/CAMERA_01/image.jpg,../../data/moge_dataset/DDAD/val/002328/CAMERA_01/depth.png,../../data/moge_dataset/DDAD/val/002328/CAMERA_01/meta.json,DDAD,../../data/depthanything/moge_dataset/DDAD/val/002328/CAMERA_01/image.png
576,576,../../data/moge_dataset/DDAD/val/002328/CAMERA_05/image.jpg,../../data/moge_dataset/DDAD/val/002328/CAMERA_05/depth.png,../../data/moge_dataset/DDAD/val/002328/CAMERA_05/meta.json,DDAD,../../data/depthanything/moge_dataset/DDAD/val/002328/CAMERA_05/image.png
577,577,../../data/moge_dataset/DDAD/val/002331/CAMERA_05/image.jpg,../../data/moge_dataset/DDAD/val/002331/CAMERA_05/depth.png,../../data/moge_dataset/DDAD/val/002331/CAMERA_05/meta.json,DDAD,../../data/depthanything/moge_dataset/DDAD/val/002331/CAMERA_05/image.png
578,578,../../data/moge_dataset/DDAD/val/002332/CAMERA_06/image.jpg,../../data/moge_dataset/DDAD/val/002332/CAMERA_06/depth.png,../../data/moge_dataset/DDAD/val/002332/CAMERA_06/meta.json,DDAD,../../data/depthanything/moge_dataset/DDAD/val/002332/CAMERA_06/image.png
579,579,../../data/moge_dataset/DDAD/val/002333/CAMERA_09/image.jpg,../../data/moge_dataset/DDAD/val/002333/CAMERA_09/depth.png,../../data/moge_dataset/DDAD/val/002333/CAMERA_09/meta.json,DDAD,../../data/depthanything/moge_dataset/DDAD/val/002333/CAMERA_09/image.png
580,580,../../data/moge_dataset/DDAD/val/002336/CAMERA_06/image.jpg,../../data/moge_dataset/DDAD/val/002336/CAMERA_06/depth.png,../../data/moge_dataset/DDAD/val/002336/CAMERA_06/meta.json,DDAD,../../data/depthanything/moge_dataset/DDAD/val/002336/CAMERA_06/image.png
581,581,../../data/moge_dataset/DDAD/val/002338/CAMERA_05/image.jpg,../../data/moge_dataset/DDAD/val/002338/CAMERA_05/depth.png,../../data/moge_dataset/DDAD/val/002338/CAMERA_05/meta.json,DDAD,../../data/depthanything/moge_dataset/DDAD/val/002338/CAMERA_05/image.png
582,582,../../data/moge_dataset/DDAD/val/002339/CAMERA_06/image.jpg,../../data/moge_dataset/DDAD/val/002339/CAMERA_06/depth.png,../../data/moge_dataset/DDAD/val/002339/CAMERA_06/meta.json,DDAD,../../data/depthanything/moge_dataset/DDAD/val/002339/CAMERA_06/image.png
583,583,../../data/moge_dataset/DDAD/val/002339/CAMERA_09/image.jpg,../../data/moge_dataset/DDAD/val/002339/CAMERA_09/depth.png,../../data/moge_dataset/DDAD/val/002339/CAMERA_09/meta.json,DDAD,../../data/depthanything/moge_dataset/DDAD/val/002339/CAMERA_09/image.png
584,584,../../data/moge_dataset/DDAD/val/002341/CAMERA_06/image.jpg,../../data/moge_dataset/DDAD/val/002341/CAMERA_06/depth.png,../../data/moge_dataset/DDAD/val/002341/CAMERA_06/meta.json,DDAD,../../data/depthanything/moge_dataset/DDAD/val/002341/CAMERA_06/image.png
585,585,../../data/moge_dataset/DDAD/val/002344/CAMERA_01/image.jpg,../../data/moge_dataset/DDAD/val/002344/CAMERA_01/depth.png,../../data/moge_dataset/DDAD/val/002344/CAMERA_01/meta.json,DDAD,../../data/depthanything/moge_dataset/DDAD/val/002344/CAMERA_01/image.png
586,586,../../data/moge_dataset/DDAD/val/002344/CAMERA_06/image.jpg,../../data/moge_dataset/DDAD/val/002344/CAMERA_06/depth.png,../../data/moge_dataset/DDAD/val/002344/CAMERA_06/meta.json,DDAD,../../data/depthanything/moge_dataset/DDAD/val/002344/CAMERA_06/image.png
587,587,../../data/moge_dataset/DDAD/val/002344/CAMERA_09/image.jpg,../../data/moge_dataset/DDAD/val/002344/CAMERA_09/depth.png,../../data/moge_dataset/DDAD/val/002344/CAMERA_09/meta.json,DDAD,../../data/depthanything/moge_dataset/DDAD/val/002344/CAMERA_09/image.png
588,588,../../data/moge_dataset/DDAD/val/002345/CAMERA_01/image.jpg,../../data/moge_dataset/DDAD/val/002345/CAMERA_01/depth.png,../../data/moge_dataset/DDAD/val/002345/CAMERA_01/meta.json,DDAD,../../data/depthanything/moge_dataset/DDAD/val/002345/CAMERA_01/image.png
589,589,../../data/moge_dataset/DDAD/val/002350/CAMERA_09/image.jpg,../../data/moge_dataset/DDAD/val/002350/CAMERA_09/depth.png,../../data/moge_dataset/DDAD/val/002350/CAMERA_09/meta.json,DDAD,../../data/depthanything/moge_dataset/DDAD/val/002350/CAMERA_09/image.png
590,590,../../data/moge_dataset/DDAD/val/002358/CAMERA_05/image.jpg,../../data/moge_dataset/DDAD/val/002358/CAMERA_05/depth.png,../../data/moge_dataset/DDAD/val/002358/CAMERA_05/meta.json,DDAD,../../data/depthanything/moge_dataset/DDAD/val/002358/CAMERA_05/image.png
591,591,../../data/moge_dataset/DDAD/val/002359/CAMERA_09/image.jpg,../../data/moge_dataset/DDAD/val/002359/CAMERA_09/depth.png,../../data/moge_dataset/DDAD/val/002359/CAMERA_09/meta.json,DDAD,../../data/depthanything/moge_dataset/DDAD/val/002359/CAMERA_09/image.png
592,592,../../data/moge_dataset/DDAD/val/002360/CAMERA_05/image.jpg,../../data/moge_dataset/DDAD/val/002360/CAMERA_05/depth.png,../../data/moge_dataset/DDAD/val/002360/CAMERA_05/meta.json,DDAD,../../data/depthanything/moge_dataset/DDAD/val/002360/CAMERA_05/image.png
593,593,../../data/moge_dataset/DDAD/val/002365/CAMERA_09/image.jpg,../../data/moge_dataset/DDAD/val/002365/CAMERA_09/depth.png,../../data/moge_dataset/DDAD/val/002365/CAMERA_09/meta.json,DDAD,../../data/depthanything/moge_dataset/DDAD/val/002365/CAMERA_09/image.png
594,594,../../data/moge_dataset/DDAD/val/002366/CAMERA_05/image.jpg,../../data/moge_dataset/DDAD/val/002366/CAMERA_05/depth.png,../../data/moge_dataset/DDAD/val/002366/CAMERA_05/meta.json,DDAD,../../data/depthanything/moge_dataset/DDAD/val/002366/CAMERA_05/image.png
595,595,../../data/moge_dataset/DDAD/val/002368/CAMERA_01/image.jpg,../../data/moge_dataset/DDAD/val/002368/CAMERA_01/depth.png,../../data/moge_dataset/DDAD/val/002368/CAMERA_01/meta.json,DDAD,../../data/depthanything/moge_dataset/DDAD/val/002368/CAMERA_01/image.png
596,596,../../data/moge_dataset/DDAD/val/002368/CAMERA_05/image.jpg,../../data/moge_dataset/DDAD/val/002368/CAMERA_05/depth.png,../../data/moge_dataset/DDAD/val/002368/CAMERA_05/meta.json,DDAD,../../data/depthanything/moge_dataset/DDAD/val/002368/CAMERA_05/image.png
597,597,../../data/moge_dataset/DDAD/val/002370/CAMERA_06/image.jpg,../../data/moge_dataset/DDAD/val/002370/CAMERA_06/depth.png,../../data/moge_dataset/DDAD/val/002370/CAMERA_06/meta.json,DDAD,../../data/depthanything/moge_dataset/DDAD/val/002370/CAMERA_06/image.png
598,598,../../data/moge_dataset/DDAD/val/002371/CAMERA_06/image.jpg,../../data/moge_dataset/DDAD/val/002371/CAMERA_06/depth.png,../../data/moge_dataset/DDAD/val/002371/CAMERA_06/meta.json,DDAD,../../data/depthanything/moge_dataset/DDAD/val/002371/CAMERA_06/image.png
599,599,../../data/moge_dataset/DDAD/val/002373/CAMERA_01/image.jpg,../../data/moge_dataset/DDAD/val/002373/CAMERA_01/depth.png,../../data/moge_dataset/DDAD/val/002373/CAMERA_01/meta.json,DDAD,../../data/depthanything/moge_dataset/DDAD/val/002373/CAMERA_01/image.png
600,600,../../data/moge_dataset/DDAD/val/002378/CAMERA_01/image.jpg,../../data/moge_dataset/DDAD/val/002378/CAMERA_01/depth.png,../../data/moge_dataset/DDAD/val/002378/CAMERA_01/meta.json,DDAD,../../data/depthanything/moge_dataset/DDAD/val/002378/CAMERA_01/image.png
601,601,../../data/moge_dataset/DDAD/val/002378/CAMERA_05/image.jpg,../../data/moge_dataset/DDAD/val/002378/CAMERA_05/depth.png,../../data/moge_dataset/DDAD/val/002378/CAMERA_05/meta.json,DDAD,../../data/depthanything/moge_dataset/DDAD/val/002378/CAMERA_05/image.png
602,602,../../data/moge_dataset/DDAD/val/002379/CAMERA_05/image.jpg,../../data/moge_dataset/DDAD/val/002379/CAMERA_05/depth.png,../../data/moge_dataset/DDAD/val/002379/CAMERA_05/meta.json,DDAD,../../data/depthanything/moge_dataset/DDAD/val/002379/CAMERA_05/image.png
603,603,../../data/moge_dataset/DDAD/val/002382/CAMERA_06/image.jpg,../../data/moge_dataset/DDAD/val/002382/CAMERA_06/depth.png,../../data/moge_dataset/DDAD/val/002382/CAMERA_06/meta.json,DDAD,../../data/depthanything/moge_dataset/DDAD/val/002382/CAMERA_06/image.png
604,604,../../data/moge_dataset/DDAD/val/002382/CAMERA_09/image.jpg,../../data/moge_dataset/DDAD/val/002382/CAMERA_09/depth.png,../../data/moge_dataset/DDAD/val/002382/CAMERA_09/meta.json,DDAD,../../data/depthanything/moge_dataset/DDAD/val/002382/CAMERA_09/image.png
605,605,../../data/moge_dataset/DDAD/val/002384/CAMERA_09/image.jpg,../../data/moge_dataset/DDAD/val/002384/CAMERA_09/depth.png,../../data/moge_dataset/DDAD/val/002384/CAMERA_09/meta.json,DDAD,../../data/depthanything/moge_dataset/DDAD/val/002384/CAMERA_09/image.png
606,606,../../data/moge_dataset/DDAD/val/002391/CAMERA_01/image.jpg,../../data/moge_dataset/DDAD/val/002391/CAMERA_01/depth.png,../../data/moge_dataset/DDAD/val/002391/CAMERA_01/meta.json,DDAD,../../data/depthanything/moge_dataset/DDAD/val/002391/CAMERA_01/image.png
607,607,../../data/moge_dataset/DDAD/val/002393/CAMERA_05/image.jpg,../../data/moge_dataset/DDAD/val/002393/CAMERA_05/depth.png,../../data/moge_dataset/DDAD/val/002393/CAMERA_05/meta.json,DDAD,../../data/depthanything/moge_dataset/DDAD/val/002393/CAMERA_05/image.png
608,608,../../data/moge_dataset/DDAD/val/002394/CAMERA_05/image.jpg,../../data/moge_dataset/DDAD/val/002394/CAMERA_05/depth.png,../../data/moge_dataset/DDAD/val/002394/CAMERA_05/meta.json,DDAD,../../data/depthanything/moge_dataset/DDAD/val/002394/CAMERA_05/image.png
609,609,../../data/moge_dataset/DDAD/val/002396/CAMERA_01/image.jpg,../../data/moge_dataset/DDAD/val/002396/CAMERA_01/depth.png,../../data/moge_dataset/DDAD/val/002396/CAMERA_01/meta.json,DDAD,../../data/depthanything/moge_dataset/DDAD/val/002396/CAMERA_01/image.png
610,610,../../data/moge_dataset/DDAD/val/002403/CAMERA_09/image.jpg,../../data/moge_dataset/DDAD/val/002403/CAMERA_09/depth.png,../../data/moge_dataset/DDAD/val/002403/CAMERA_09/meta.json,DDAD,../../data/depthanything/moge_dataset/DDAD/val/002403/CAMERA_09/image.png
611,611,../../data/moge_dataset/DDAD/val/002406/CAMERA_05/image.jpg,../../data/moge_dataset/DDAD/val/002406/CAMERA_05/depth.png,../../data/moge_dataset/DDAD/val/002406/CAMERA_05/meta.json,DDAD,../../data/depthanything/moge_dataset/DDAD/val/002406/CAMERA_05/image.png
612,612,../../data/moge_dataset/DDAD/val/002407/CAMERA_01/image.jpg,../../data/moge_dataset/DDAD/val/002407/CAMERA_01/depth.png,../../data/moge_dataset/DDAD/val/002407/CAMERA_01/meta.json,DDAD,../../data/depthanything/moge_dataset/DDAD/val/002407/CAMERA_01/image.png
613,613,../../data/moge_dataset/DDAD/val/002410/CAMERA_06/image.jpg,../../data/moge_dataset/DDAD/val/002410/CAMERA_06/depth.png,../../data/moge_dataset/DDAD/val/002410/CAMERA_06/meta.json,DDAD,../../data/depthanything/moge_dataset/DDAD/val/002410/CAMERA_06/image.png
614,614,../../data/moge_dataset/DDAD/val/002413/CAMERA_06/image.jpg,../../data/moge_dataset/DDAD/val/002413/CAMERA_06/depth.png,../../data/moge_dataset/DDAD/val/002413/CAMERA_06/meta.json,DDAD,../../data/depthanything/moge_dataset/DDAD/val/002413/CAMERA_06/image.png
615,615,../../data/moge_dataset/DDAD/val/002416/CAMERA_06/image.jpg,../../data/moge_dataset/DDAD/val/002416/CAMERA_06/depth.png,../../data/moge_dataset/DDAD/val/002416/CAMERA_06/meta.json,DDAD,../../data/depthanything/moge_dataset/DDAD/val/002416/CAMERA_06/image.png
616,616,../../data/moge_dataset/DDAD/val/002417/CAMERA_06/image.jpg,../../data/moge_dataset/DDAD/val/002417/CAMERA_06/depth.png,../../data/moge_dataset/DDAD/val/002417/CAMERA_06/meta.json,DDAD,../../data/depthanything/moge_dataset/DDAD/val/002417/CAMERA_06/image.png
617,617,../../data/moge_dataset/DDAD/val/002419/CAMERA_06/image.jpg,../../data/moge_dataset/DDAD/val/002419/CAMERA_06/depth.png,../../data/moge_dataset/DDAD/val/002419/CAMERA_06/meta.json,DDAD,../../data/depthanything/moge_dataset/DDAD/val/002419/CAMERA_06/image.png
618,618,../../data/moge_dataset/DDAD/val/002422/CAMERA_09/image.jpg,../../data/moge_dataset/DDAD/val/002422/CAMERA_09/depth.png,../../data/moge_dataset/DDAD/val/002422/CAMERA_09/meta.json,DDAD,../../data/depthanything/moge_dataset/DDAD/val/002422/CAMERA_09/image.png
619,619,../../data/moge_dataset/DDAD/val/002435/CAMERA_01/image.jpg,../../data/moge_dataset/DDAD/val/002435/CAMERA_01/depth.png,../../data/moge_dataset/DDAD/val/002435/CAMERA_01/meta.json,DDAD,../../data/depthanything/moge_dataset/DDAD/val/002435/CAMERA_01/image.png
620,620,../../data/moge_dataset/DDAD/val/002437/CAMERA_06/image.jpg,../../data/moge_dataset/DDAD/val/002437/CAMERA_06/depth.png,../../data/moge_dataset/DDAD/val/002437/CAMERA_06/meta.json,DDAD,../../data/depthanything/moge_dataset/DDAD/val/002437/CAMERA_06/image.png
621,621,../../data/moge_dataset/DDAD/val/002439/CAMERA_05/image.jpg,../../data/moge_dataset/DDAD/val/002439/CAMERA_05/depth.png,../../data/moge_dataset/DDAD/val/002439/CAMERA_05/meta.json,DDAD,../../data/depthanything/moge_dataset/DDAD/val/002439/CAMERA_05/image.png
622,622,../../data/moge_dataset/DDAD/val/002441/CAMERA_01/image.jpg,../../data/moge_dataset/DDAD/val/002441/CAMERA_01/depth.png,../../data/moge_dataset/DDAD/val/002441/CAMERA_01/meta.json,DDAD,../../data/depthanything/moge_dataset/DDAD/val/002441/CAMERA_01/image.png
623,623,../../data/moge_dataset/DDAD/val/002442/CAMERA_06/image.jpg,../../data/moge_dataset/DDAD/val/002442/CAMERA_06/depth.png,../../data/moge_dataset/DDAD/val/002442/CAMERA_06/meta.json,DDAD,../../data/depthanything/moge_dataset/DDAD/val/002442/CAMERA_06/image.png
624,624,../../data/moge_dataset/DDAD/val/002444/CAMERA_05/image.jpg,../../data/moge_dataset/DDAD/val/002444/CAMERA_05/depth.png,../../data/moge_dataset/DDAD/val/002444/CAMERA_05/meta.json,DDAD,../../data/depthanything/moge_dataset/DDAD/val/002444/CAMERA_05/image.png
625,625,../../data/moge_dataset/DDAD/val/002447/CAMERA_05/image.jpg,../../data/moge_dataset/DDAD/val/002447/CAMERA_05/depth.png,../../data/moge_dataset/DDAD/val/002447/CAMERA_05/meta.json,DDAD,../../data/depthanything/moge_dataset/DDAD/val/002447/CAMERA_05/image.png
626,626,../../data/moge_dataset/DDAD/val/002450/CAMERA_06/image.jpg,../../data/moge_dataset/DDAD/val/002450/CAMERA_06/depth.png,../../data/moge_dataset/DDAD/val/002450/CAMERA_06/meta.json,DDAD,../../data/depthanything/moge_dataset/DDAD/val/002450/CAMERA_06/image.png
627,627,../../data/moge_dataset/DDAD/val/002456/CAMERA_05/image.jpg,../../data/moge_dataset/DDAD/val/002456/CAMERA_05/depth.png,../../data/moge_dataset/DDAD/val/002456/CAMERA_05/meta.json,DDAD,../../data/depthanything/moge_dataset/DDAD/val/002456/CAMERA_05/image.png
628,628,../../data/moge_dataset/DDAD/val/002460/CAMERA_01/image.jpg,../../data/moge_dataset/DDAD/val/002460/CAMERA_01/depth.png,../../data/moge_dataset/DDAD/val/002460/CAMERA_01/meta.json,DDAD,../../data/depthanything/moge_dataset/DDAD/val/002460/CAMERA_01/image.png
629,629,../../data/moge_dataset/DDAD/val/002461/CAMERA_01/image.jpg,../../data/moge_dataset/DDAD/val/002461/CAMERA_01/depth.png,../../data/moge_dataset/DDAD/val/002461/CAMERA_01/meta.json,DDAD,../../data/depthanything/moge_dataset/DDAD/val/002461/CAMERA_01/image.png
630,630,../../data/moge_dataset/DDAD/val/002470/CAMERA_09/image.jpg,../../data/moge_dataset/DDAD/val/002470/CAMERA_09/depth.png,../../data/moge_dataset/DDAD/val/002470/CAMERA_09/meta.json,DDAD,../../data/depthanything/moge_dataset/DDAD/val/002470/CAMERA_09/image.png
631,631,../../data/moge_dataset/DDAD/val/002476/CAMERA_01/image.jpg,../../data/moge_dataset/DDAD/val/002476/CAMERA_01/depth.png,../../data/moge_dataset/DDAD/val/002476/CAMERA_01/meta.json,DDAD,../../data/depthanything/moge_dataset/DDAD/val/002476/CAMERA_01/image.png
632,632,../../data/moge_dataset/DDAD/val/002476/CAMERA_09/image.jpg,../../data/moge_dataset/DDAD/val/002476/CAMERA_09/depth.png,../../data/moge_dataset/DDAD/val/002476/CAMERA_09/meta.json,DDAD,../../data/depthanything/moge_dataset/DDAD/val/002476/CAMERA_09/image.png
633,633,../../data/moge_dataset/DDAD/val/002477/CAMERA_06/image.jpg,../../data/moge_dataset/DDAD/val/002477/CAMERA_06/depth.png,../../data/moge_dataset/DDAD/val/002477/CAMERA_06/meta.json,DDAD,../../data/depthanything/moge_dataset/DDAD/val/002477/CAMERA_06/image.png
634,634,../../data/moge_dataset/DDAD/val/002478/CAMERA_09/image.jpg,../../data/moge_dataset/DDAD/val/002478/CAMERA_09/depth.png,../../data/moge_dataset/DDAD/val/002478/CAMERA_09/meta.json,DDAD,../../data/depthanything/moge_dataset/DDAD/val/002478/CAMERA_09/image.png
635,635,../../data/moge_dataset/DDAD/val/002481/CAMERA_09/image.jpg,../../data/moge_dataset/DDAD/val/002481/CAMERA_09/depth.png,../../data/moge_dataset/DDAD/val/002481/CAMERA_09/meta.json,DDAD,../../data/depthanything/moge_dataset/DDAD/val/002481/CAMERA_09/image.png
636,636,../../data/moge_dataset/DDAD/val/002482/CAMERA_01/image.jpg,../../data/moge_dataset/DDAD/val/002482/CAMERA_01/depth.png,../../data/moge_dataset/DDAD/val/002482/CAMERA_01/meta.json,DDAD,../../data/depthanything/moge_dataset/DDAD/val/002482/CAMERA_01/image.png
637,637,../../data/moge_dataset/DDAD/val/002484/CAMERA_09/image.jpg,../../data/moge_dataset/DDAD/val/002484/CAMERA_09/depth.png,../../data/moge_dataset/DDAD/val/002484/CAMERA_09/meta.json,DDAD,../../data/depthanything/moge_dataset/DDAD/val/002484/CAMERA_09/image.png
638,638,../../data/moge_dataset/DDAD/val/002485/CAMERA_09/image.jpg,../../data/moge_dataset/DDAD/val/002485/CAMERA_09/depth.png,../../data/moge_dataset/DDAD/val/002485/CAMERA_09/meta.json,DDAD,../../data/depthanything/moge_dataset/DDAD/val/002485/CAMERA_09/image.png
639,639,../../data/moge_dataset/DDAD/val/002494/CAMERA_01/image.jpg,../../data/moge_dataset/DDAD/val/002494/CAMERA_01/depth.png,../../data/moge_dataset/DDAD/val/002494/CAMERA_01/meta.json,DDAD,../../data/depthanything/moge_dataset/DDAD/val/002494/CAMERA_01/image.png
640,640,../../data/moge_dataset/DDAD/val/002498/CAMERA_06/image.jpg,../../data/moge_dataset/DDAD/val/002498/CAMERA_06/depth.png,../../data/moge_dataset/DDAD/val/002498/CAMERA_06/meta.json,DDAD,../../data/depthanything/moge_dataset/DDAD/val/002498/CAMERA_06/image.png
641,641,../../data/moge_dataset/DDAD/val/002502/CAMERA_05/image.jpg,../../data/moge_dataset/DDAD/val/002502/CAMERA_05/depth.png,../../data/moge_dataset/DDAD/val/002502/CAMERA_05/meta.json,DDAD,../../data/depthanything/moge_dataset/DDAD/val/002502/CAMERA_05/image.png
642,642,../../data/moge_dataset/DDAD/val/002506/CAMERA_05/image.jpg,../../data/moge_dataset/DDAD/val/002506/CAMERA_05/depth.png,../../data/moge_dataset/DDAD/val/002506/CAMERA_05/meta.json,DDAD,../../data/depthanything/moge_dataset/DDAD/val/002506/CAMERA_05/image.png
643,643,../../data/moge_dataset/DDAD/val/002513/CAMERA_05/image.jpg,../../data/moge_dataset/DDAD/val/002513/CAMERA_05/depth.png,../../data/moge_dataset/DDAD/val/002513/CAMERA_05/meta.json,DDAD,../../data/depthanything/moge_dataset/DDAD/val/002513/CAMERA_05/image.png
644,644,../../data/moge_dataset/DDAD/val/002513/CAMERA_06/image.jpg,../../data/moge_dataset/DDAD/val/002513/CAMERA_06/depth.png,../../data/moge_dataset/DDAD/val/002513/CAMERA_06/meta.json,DDAD,../../data/depthanything/moge_dataset/DDAD/val/002513/CAMERA_06/image.png
645,645,../../data/moge_dataset/DDAD/val/002517/CAMERA_06/image.jpg,../../data/moge_dataset/DDAD/val/002517/CAMERA_06/depth.png,../../data/moge_dataset/DDAD/val/002517/CAMERA_06/meta.json,DDAD,../../data/depthanything/moge_dataset/DDAD/val/002517/CAMERA_06/image.png
646,646,../../data/moge_dataset/DDAD/val/002518/CAMERA_05/image.jpg,../../data/moge_dataset/DDAD/val/002518/CAMERA_05/depth.png,../../data/moge_dataset/DDAD/val/002518/CAMERA_05/meta.json,DDAD,../../data/depthanything/moge_dataset/DDAD/val/002518/CAMERA_05/image.png
647,647,../../data/moge_dataset/DDAD/val/002520/CAMERA_09/image.jpg,../../data/moge_dataset/DDAD/val/002520/CAMERA_09/depth.png,../../data/moge_dataset/DDAD/val/002520/CAMERA_09/meta.json,DDAD,../../data/depthanything/moge_dataset/DDAD/val/002520/CAMERA_09/image.png
648,648,../../data/moge_dataset/DDAD/val/002530/CAMERA_05/image.jpg,../../data/moge_dataset/DDAD/val/002530/CAMERA_05/depth.png,../../data/moge_dataset/DDAD/val/002530/CAMERA_05/meta.json,DDAD,../../data/depthanything/moge_dataset/DDAD/val/002530/CAMERA_05/image.png
649,649,../../data/moge_dataset/DDAD/val/002538/CAMERA_09/image.jpg,../../data/moge_dataset/DDAD/val/002538/CAMERA_09/depth.png,../../data/moge_dataset/DDAD/val/002538/CAMERA_09/meta.json,DDAD,../../data/depthanything/moge_dataset/DDAD/val/002538/CAMERA_09/image.png
650,650,../../data/moge_dataset/DDAD/val/002543/CAMERA_06/image.jpg,../../data/moge_dataset/DDAD/val/002543/CAMERA_06/depth.png,../../data/moge_dataset/DDAD/val/002543/CAMERA_06/meta.json,DDAD,../../data/depthanything/moge_dataset/DDAD/val/002543/CAMERA_06/image.png
651,651,../../data/moge_dataset/DDAD/val/002549/CAMERA_06/image.jpg,../../data/moge_dataset/DDAD/val/002549/CAMERA_06/depth.png,../../data/moge_dataset/DDAD/val/002549/CAMERA_06/meta.json,DDAD,../../data/depthanything/moge_dataset/DDAD/val/002549/CAMERA_06/image.png
652,652,../../data/moge_dataset/DDAD/val/002552/CAMERA_05/image.jpg,../../data/moge_dataset/DDAD/val/002552/CAMERA_05/depth.png,../../data/moge_dataset/DDAD/val/002552/CAMERA_05/meta.json,DDAD,../../data/depthanything/moge_dataset/DDAD/val/002552/CAMERA_05/image.png
653,653,../../data/moge_dataset/DDAD/val/002553/CAMERA_05/image.jpg,../../data/moge_dataset/DDAD/val/002553/CAMERA_05/depth.png,../../data/moge_dataset/DDAD/val/002553/CAMERA_05/meta.json,DDAD,../../data/depthanything/moge_dataset/DDAD/val/002553/CAMERA_05/image.png
654,654,../../data/moge_dataset/DDAD/val/002555/CAMERA_05/image.jpg,../../data/moge_dataset/DDAD/val/002555/CAMERA_05/depth.png,../../data/moge_dataset/DDAD/val/002555/CAMERA_05/meta.json,DDAD,../../data/depthanything/moge_dataset/DDAD/val/002555/CAMERA_05/image.png
655,655,../../data/moge_dataset/DDAD/val/002558/CAMERA_09/image.jpg,../../data/moge_dataset/DDAD/val/002558/CAMERA_09/depth.png,../../data/moge_dataset/DDAD/val/002558/CAMERA_09/meta.json,DDAD,../../data/depthanything/moge_dataset/DDAD/val/002558/CAMERA_09/image.png
656,656,../../data/moge_dataset/DDAD/val/002561/CAMERA_09/image.jpg,../../data/moge_dataset/DDAD/val/002561/CAMERA_09/depth.png,../../data/moge_dataset/DDAD/val/002561/CAMERA_09/meta.json,DDAD,../../data/depthanything/moge_dataset/DDAD/val/002561/CAMERA_09/image.png
657,657,../../data/moge_dataset/DDAD/val/002565/CAMERA_01/image.jpg,../../data/moge_dataset/DDAD/val/002565/CAMERA_01/depth.png,../../data/moge_dataset/DDAD/val/002565/CAMERA_01/meta.json,DDAD,../../data/depthanything/moge_dataset/DDAD/val/002565/CAMERA_01/image.png
658,658,../../data/moge_dataset/DDAD/val/002568/CAMERA_06/image.jpg,../../data/moge_dataset/DDAD/val/002568/CAMERA_06/depth.png,../../data/moge_dataset/DDAD/val/002568/CAMERA_06/meta.json,DDAD,../../data/depthanything/moge_dataset/DDAD/val/002568/CAMERA_06/image.png
659,659,../../data/moge_dataset/DDAD/val/002572/CAMERA_06/image.jpg,../../data/moge_dataset/DDAD/val/002572/CAMERA_06/depth.png,../../data/moge_dataset/DDAD/val/002572/CAMERA_06/meta.json,DDAD,../../data/depthanything/moge_dataset/DDAD/val/002572/CAMERA_06/image.png
660,660,../../data/moge_dataset/DDAD/val/002583/CAMERA_06/image.jpg,../../data/moge_dataset/DDAD/val/002583/CAMERA_06/depth.png,../../data/moge_dataset/DDAD/val/002583/CAMERA_06/meta.json,DDAD,../../data/depthanything/moge_dataset/DDAD/val/002583/CAMERA_06/image.png
661,661,../../data/moge_dataset/DDAD/val/002586/CAMERA_01/image.jpg,../../data/moge_dataset/DDAD/val/002586/CAMERA_01/depth.png,../../data/moge_dataset/DDAD/val/002586/CAMERA_01/meta.json,DDAD,../../data/depthanything/moge_dataset/DDAD/val/002586/CAMERA_01/image.png
662,662,../../data/moge_dataset/DDAD/val/002593/CAMERA_06/image.jpg,../../data/moge_dataset/DDAD/val/002593/CAMERA_06/depth.png,../../data/moge_dataset/DDAD/val/002593/CAMERA_06/meta.json,DDAD,../../data/depthanything/moge_dataset/DDAD/val/002593/CAMERA_06/image.png
663,663,../../data/moge_dataset/DDAD/val/002597/CAMERA_09/image.jpg,../../data/moge_dataset/DDAD/val/002597/CAMERA_09/depth.png,../../data/moge_dataset/DDAD/val/002597/CAMERA_09/meta.json,DDAD,../../data/depthanything/moge_dataset/DDAD/val/002597/CAMERA_09/image.png
664,664,../../data/moge_dataset/DDAD/val/002598/CAMERA_05/image.jpg,../../data/moge_dataset/DDAD/val/002598/CAMERA_05/depth.png,../../data/moge_dataset/DDAD/val/002598/CAMERA_05/meta.json,DDAD,../../data/depthanything/moge_dataset/DDAD/val/002598/CAMERA_05/image.png
665,665,../../data/moge_dataset/DDAD/val/002607/CAMERA_06/image.jpg,../../data/moge_dataset/DDAD/val/002607/CAMERA_06/depth.png,../../data/moge_dataset/DDAD/val/002607/CAMERA_06/meta.json,DDAD,../../data/depthanything/moge_dataset/DDAD/val/002607/CAMERA_06/image.png
666,666,../../data/moge_dataset/DDAD/val/002615/CAMERA_05/image.jpg,../../data/moge_dataset/DDAD/val/002615/CAMERA_05/depth.png,../../data/moge_dataset/DDAD/val/002615/CAMERA_05/meta.json,DDAD,../../data/depthanything/moge_dataset/DDAD/val/002615/CAMERA_05/image.png
667,667,../../data/moge_dataset/DDAD/val/002622/CAMERA_06/image.jpg,../../data/moge_dataset/DDAD/val/002622/CAMERA_06/depth.png,../../data/moge_dataset/DDAD/val/002622/CAMERA_06/meta.json,DDAD,../../data/depthanything/moge_dataset/DDAD/val/002622/CAMERA_06/image.png
668,668,../../data/moge_dataset/DDAD/val/002625/CAMERA_01/image.jpg,../../data/moge_dataset/DDAD/val/002625/CAMERA_01/depth.png,../../data/moge_dataset/DDAD/val/002625/CAMERA_01/meta.json,DDAD,../../data/depthanything/moge_dataset/DDAD/val/002625/CAMERA_01/image.png
669,669,../../data/moge_dataset/DDAD/val/002626/CAMERA_06/image.jpg,../../data/moge_dataset/DDAD/val/002626/CAMERA_06/depth.png,../../data/moge_dataset/DDAD/val/002626/CAMERA_06/meta.json,DDAD,../../data/depthanything/moge_dataset/DDAD/val/002626/CAMERA_06/image.png
670,670,../../data/moge_dataset/DDAD/val/002627/CAMERA_05/image.jpg,../../data/moge_dataset/DDAD/val/002627/CAMERA_05/depth.png,../../data/moge_dataset/DDAD/val/002627/CAMERA_05/meta.json,DDAD,../../data/depthanything/moge_dataset/DDAD/val/002627/CAMERA_05/image.png
671,671,../../data/moge_dataset/DDAD/val/002628/CAMERA_09/image.jpg,../../data/moge_dataset/DDAD/val/002628/CAMERA_09/depth.png,../../data/moge_dataset/DDAD/val/002628/CAMERA_09/meta.json,DDAD,../../data/depthanything/moge_dataset/DDAD/val/002628/CAMERA_09/image.png
672,672,../../data/moge_dataset/DDAD/val/002629/CAMERA_06/image.jpg,../../data/moge_dataset/DDAD/val/002629/CAMERA_06/depth.png,../../data/moge_dataset/DDAD/val/002629/CAMERA_06/meta.json,DDAD,../../data/depthanything/moge_dataset/DDAD/val/002629/CAMERA_06/image.png
673,673,../../data/moge_dataset/DDAD/val/002630/CAMERA_01/image.jpg,../../data/moge_dataset/DDAD/val/002630/CAMERA_01/depth.png,../../data/moge_dataset/DDAD/val/002630/CAMERA_01/meta.json,DDAD,../../data/depthanything/moge_dataset/DDAD/val/002630/CAMERA_01/image.png
674,674,../../data/moge_dataset/DDAD/val/002633/CAMERA_05/image.jpg,../../data/moge_dataset/DDAD/val/002633/CAMERA_05/depth.png,../../data/moge_dataset/DDAD/val/002633/CAMERA_05/meta.json,DDAD,../../data/depthanything/moge_dataset/DDAD/val/002633/CAMERA_05/image.png
675,675,../../data/moge_dataset/DDAD/val/002637/CAMERA_09/image.jpg,../../data/moge_dataset/DDAD/val/002637/CAMERA_09/depth.png,../../data/moge_dataset/DDAD/val/002637/CAMERA_09/meta.json,DDAD,../../data/depthanything/moge_dataset/DDAD/val/002637/CAMERA_09/image.png
676,676,../../data/moge_dataset/DDAD/val/002638/CAMERA_01/image.jpg,../../data/moge_dataset/DDAD/val/002638/CAMERA_01/depth.png,../../data/moge_dataset/DDAD/val/002638/CAMERA_01/meta.json,DDAD,../../data/depthanything/moge_dataset/DDAD/val/002638/CAMERA_01/image.png
677,677,../../data/moge_dataset/DDAD/val/002644/CAMERA_09/image.jpg,../../data/moge_dataset/DDAD/val/002644/CAMERA_09/depth.png,../../data/moge_dataset/DDAD/val/002644/CAMERA_09/meta.json,DDAD,../../data/depthanything/moge_dataset/DDAD/val/002644/CAMERA_09/image.png
678,678,../../data/moge_dataset/DDAD/val/002647/CAMERA_09/image.jpg,../../data/moge_dataset/DDAD/val/002647/CAMERA_09/depth.png,../../data/moge_dataset/DDAD/val/002647/CAMERA_09/meta.json,DDAD,../../data/depthanything/moge_dataset/DDAD/val/002647/CAMERA_09/image.png
679,679,../../data/moge_dataset/DDAD/val/002649/CAMERA_01/image.jpg,../../data/moge_dataset/DDAD/val/002649/CAMERA_01/depth.png,../../data/moge_dataset/DDAD/val/002649/CAMERA_01/meta.json,DDAD,../../data/depthanything/moge_dataset/DDAD/val/002649/CAMERA_01/image.png
680,680,../../data/moge_dataset/DDAD/val/002652/CAMERA_05/image.jpg,../../data/moge_dataset/DDAD/val/002652/CAMERA_05/depth.png,../../data/moge_dataset/DDAD/val/002652/CAMERA_05/meta.json,DDAD,../../data/depthanything/moge_dataset/DDAD/val/002652/CAMERA_05/image.png
681,681,../../data/moge_dataset/DDAD/val/002653/CAMERA_06/image.jpg,../../data/moge_dataset/DDAD/val/002653/CAMERA_06/depth.png,../../data/moge_dataset/DDAD/val/002653/CAMERA_06/meta.json,DDAD,../../data/depthanything/moge_dataset/DDAD/val/002653/CAMERA_06/image.png
682,682,../../data/moge_dataset/DDAD/val/002659/CAMERA_06/image.jpg,../../data/moge_dataset/DDAD/val/002659/CAMERA_06/depth.png,../../data/moge_dataset/DDAD/val/002659/CAMERA_06/meta.json,DDAD,../../data/depthanything/moge_dataset/DDAD/val/002659/CAMERA_06/image.png
683,683,../../data/moge_dataset/DDAD/val/002666/CAMERA_05/image.jpg,../../data/moge_dataset/DDAD/val/002666/CAMERA_05/depth.png,../../data/moge_dataset/DDAD/val/002666/CAMERA_05/meta.json,DDAD,../../data/depthanything/moge_dataset/DDAD/val/002666/CAMERA_05/image.png
684,684,../../data/moge_dataset/DDAD/val/002667/CAMERA_05/image.jpg,../../data/moge_dataset/DDAD/val/002667/CAMERA_05/depth.png,../../data/moge_dataset/DDAD/val/002667/CAMERA_05/meta.json,DDAD,../../data/depthanything/moge_dataset/DDAD/val/002667/CAMERA_05/image.png
685,685,../../data/moge_dataset/DDAD/val/002670/CAMERA_06/image.jpg,../../data/moge_dataset/DDAD/val/002670/CAMERA_06/depth.png,../../data/moge_dataset/DDAD/val/002670/CAMERA_06/meta.json,DDAD,../../data/depthanything/moge_dataset/DDAD/val/002670/CAMERA_06/image.png
686,686,../../data/moge_dataset/DDAD/val/002671/CAMERA_06/image.jpg,../../data/moge_dataset/DDAD/val/002671/CAMERA_06/depth.png,../../data/moge_dataset/DDAD/val/002671/CAMERA_06/meta.json,DDAD,../../data/depthanything/moge_dataset/DDAD/val/002671/CAMERA_06/image.png
687,687,../../data/moge_dataset/DDAD/val/002674/CAMERA_06/image.jpg,../../data/moge_dataset/DDAD/val/002674/CAMERA_06/depth.png,../../data/moge_dataset/DDAD/val/002674/CAMERA_06/meta.json,DDAD,../../data/depthanything/moge_dataset/DDAD/val/002674/CAMERA_06/image.png
688,688,../../data/moge_dataset/DDAD/val/002694/CAMERA_09/image.jpg,../../data/moge_dataset/DDAD/val/002694/CAMERA_09/depth.png,../../data/moge_dataset/DDAD/val/002694/CAMERA_09/meta.json,DDAD,../../data/depthanything/moge_dataset/DDAD/val/002694/CAMERA_09/image.png
689,689,../../data/moge_dataset/DDAD/val/002696/CAMERA_05/image.jpg,../../data/moge_dataset/DDAD/val/002696/CAMERA_05/depth.png,../../data/moge_dataset/DDAD/val/002696/CAMERA_05/meta.json,DDAD,../../data/depthanything/moge_dataset/DDAD/val/002696/CAMERA_05/image.png
690,690,../../data/moge_dataset/DDAD/val/002705/CAMERA_01/image.jpg,../../data/moge_dataset/DDAD/val/002705/CAMERA_01/depth.png,../../data/moge_dataset/DDAD/val/002705/CAMERA_01/meta.json,DDAD,../../data/depthanything/moge_dataset/DDAD/val/002705/CAMERA_01/image.png
691,691,../../data/moge_dataset/DDAD/val/002706/CAMERA_05/image.jpg,../../data/moge_dataset/DDAD/val/002706/CAMERA_05/depth.png,../../data/moge_dataset/DDAD/val/002706/CAMERA_05/meta.json,DDAD,../../data/depthanything/moge_dataset/DDAD/val/002706/CAMERA_05/image.png
692,692,../../data/moge_dataset/DDAD/val/002710/CAMERA_05/image.jpg,../../data/moge_dataset/DDAD/val/002710/CAMERA_05/depth.png,../../data/moge_dataset/DDAD/val/002710/CAMERA_05/meta.json,DDAD,../../data/depthanything/moge_dataset/DDAD/val/002710/CAMERA_05/image.png
693,693,../../data/moge_dataset/DDAD/val/002718/CAMERA_06/image.jpg,../../data/moge_dataset/DDAD/val/002718/CAMERA_06/depth.png,../../data/moge_dataset/DDAD/val/002718/CAMERA_06/meta.json,DDAD,../../data/depthanything/moge_dataset/DDAD/val/002718/CAMERA_06/image.png
694,694,../../data/moge_dataset/DDAD/val/002721/CAMERA_05/image.jpg,../../data/moge_dataset/DDAD/val/002721/CAMERA_05/depth.png,../../data/moge_dataset/DDAD/val/002721/CAMERA_05/meta.json,DDAD,../../data/depthanything/moge_dataset/DDAD/val/002721/CAMERA_05/image.png
695,695,../../data/moge_dataset/DDAD/val/002721/CAMERA_09/image.jpg,../../data/moge_dataset/DDAD/val/002721/CAMERA_09/depth.png,../../data/moge_dataset/DDAD/val/002721/CAMERA_09/meta.json,DDAD,../../data/depthanything/moge_dataset/DDAD/val/002721/CAMERA_09/image.png
696,696,../../data/moge_dataset/DDAD/val/002722/CAMERA_09/image.jpg,../../data/moge_dataset/DDAD/val/002722/CAMERA_09/depth.png,../../data/moge_dataset/DDAD/val/002722/CAMERA_09/meta.json,DDAD,../../data/depthanything/moge_dataset/DDAD/val/002722/CAMERA_09/image.png
697,697,../../data/moge_dataset/DDAD/val/002723/CAMERA_01/image.jpg,../../data/moge_dataset/DDAD/val/002723/CAMERA_01/depth.png,../../data/moge_dataset/DDAD/val/002723/CAMERA_01/meta.json,DDAD,../../data/depthanything/moge_dataset/DDAD/val/002723/CAMERA_01/image.png
698,698,../../data/moge_dataset/DDAD/val/002724/CAMERA_01/image.jpg,../../data/moge_dataset/DDAD/val/002724/CAMERA_01/depth.png,../../data/moge_dataset/DDAD/val/002724/CAMERA_01/meta.json,DDAD,../../data/depthanything/moge_dataset/DDAD/val/002724/CAMERA_01/image.png
699,699,../../data/moge_dataset/DDAD/val/002727/CAMERA_01/image.jpg,../../data/moge_dataset/DDAD/val/002727/CAMERA_01/depth.png,../../data/moge_dataset/DDAD/val/002727/CAMERA_01/meta.json,DDAD,../../data/depthanything/moge_dataset/DDAD/val/002727/CAMERA_01/image.png
700,700,../../data/moge_dataset/DDAD/val/002729/CAMERA_09/image.jpg,../../data/moge_dataset/DDAD/val/002729/CAMERA_09/depth.png,../../data/moge_dataset/DDAD/val/002729/CAMERA_09/meta.json,DDAD,../../data/depthanything/moge_dataset/DDAD/val/002729/CAMERA_09/image.png
701,701,../../data/moge_dataset/DDAD/val/002730/CAMERA_01/image.jpg,../../data/moge_dataset/DDAD/val/002730/CAMERA_01/depth.png,../../data/moge_dataset/DDAD/val/002730/CAMERA_01/meta.json,DDAD,../../data/depthanything/moge_dataset/DDAD/val/002730/CAMERA_01/image.png
702,702,../../data/moge_dataset/DDAD/val/002732/CAMERA_09/image.jpg,../../data/moge_dataset/DDAD/val/002732/CAMERA_09/depth.png,../../data/moge_dataset/DDAD/val/002732/CAMERA_09/meta.json,DDAD,../../data/depthanything/moge_dataset/DDAD/val/002732/CAMERA_09/image.png
703,703,../../data/moge_dataset/DDAD/val/002737/CAMERA_05/image.jpg,../../data/moge_dataset/DDAD/val/002737/CAMERA_05/depth.png,../../data/moge_dataset/DDAD/val/002737/CAMERA_05/meta.json,DDAD,../../data/depthanything/moge_dataset/DDAD/val/002737/CAMERA_05/image.png
704,704,../../data/moge_dataset/DDAD/val/002738/CAMERA_05/image.jpg,../../data/moge_dataset/DDAD/val/002738/CAMERA_05/depth.png,../../data/moge_dataset/DDAD/val/002738/CAMERA_05/meta.json,DDAD,../../data/depthanything/moge_dataset/DDAD/val/002738/CAMERA_05/image.png
705,705,../../data/moge_dataset/DDAD/val/002741/CAMERA_01/image.jpg,../../data/moge_dataset/DDAD/val/002741/CAMERA_01/depth.png,../../data/moge_dataset/DDAD/val/002741/CAMERA_01/meta.json,DDAD,../../data/depthanything/moge_dataset/DDAD/val/002741/CAMERA_01/image.png
706,706,../../data/moge_dataset/DDAD/val/002764/CAMERA_01/image.jpg,../../data/moge_dataset/DDAD/val/002764/CAMERA_01/depth.png,../../data/moge_dataset/DDAD/val/002764/CAMERA_01/meta.json,DDAD,../../data/depthanything/moge_dataset/DDAD/val/002764/CAMERA_01/image.png
707,707,../../data/moge_dataset/DDAD/val/002765/CAMERA_01/image.jpg,../../data/moge_dataset/DDAD/val/002765/CAMERA_01/depth.png,../../data/moge_dataset/DDAD/val/002765/CAMERA_01/meta.json,DDAD,../../data/depthanything/moge_dataset/DDAD/val/002765/CAMERA_01/image.png
708,708,../../data/moge_dataset/DDAD/val/002768/CAMERA_09/image.jpg,../../data/moge_dataset/DDAD/val/002768/CAMERA_09/depth.png,../../data/moge_dataset/DDAD/val/002768/CAMERA_09/meta.json,DDAD,../../data/depthanything/moge_dataset/DDAD/val/002768/CAMERA_09/image.png
709,709,../../data/moge_dataset/DDAD/val/002769/CAMERA_09/image.jpg,../../data/moge_dataset/DDAD/val/002769/CAMERA_09/depth.png,../../data/moge_dataset/DDAD/val/002769/CAMERA_09/meta.json,DDAD,../../data/depthanything/moge_dataset/DDAD/val/002769/CAMERA_09/image.png
710,710,../../data/moge_dataset/DDAD/val/002770/CAMERA_05/image.jpg,../../data/moge_dataset/DDAD/val/002770/CAMERA_05/depth.png,../../data/moge_dataset/DDAD/val/002770/CAMERA_05/meta.json,DDAD,../../data/depthanything/moge_dataset/DDAD/val/002770/CAMERA_05/image.png
711,711,../../data/moge_dataset/DDAD/val/002771/CAMERA_09/image.jpg,../../data/moge_dataset/DDAD/val/002771/CAMERA_09/depth.png,../../data/moge_dataset/DDAD/val/002771/CAMERA_09/meta.json,DDAD,../../data/depthanything/moge_dataset/DDAD/val/002771/CAMERA_09/image.png
712,712,../../data/moge_dataset/DDAD/val/002773/CAMERA_06/image.jpg,../../data/moge_dataset/DDAD/val/002773/CAMERA_06/depth.png,../../data/moge_dataset/DDAD/val/002773/CAMERA_06/meta.json,DDAD,../../data/depthanything/moge_dataset/DDAD/val/002773/CAMERA_06/image.png
713,713,../../data/moge_dataset/DDAD/val/002774/CAMERA_05/image.jpg,../../data/moge_dataset/DDAD/val/002774/CAMERA_05/depth.png,../../data/moge_dataset/DDAD/val/002774/CAMERA_05/meta.json,DDAD,../../data/depthanything/moge_dataset/DDAD/val/002774/CAMERA_05/image.png
714,714,../../data/moge_dataset/DDAD/val/002774/CAMERA_09/image.jpg,../../data/moge_dataset/DDAD/val/002774/CAMERA_09/depth.png,../../data/moge_dataset/DDAD/val/002774/CAMERA_09/meta.json,DDAD,../../data/depthanything/moge_dataset/DDAD/val/002774/CAMERA_09/image.png
715,715,../../data/moge_dataset/DDAD/val/002778/CAMERA_06/image.jpg,../../data/moge_dataset/DDAD/val/002778/CAMERA_06/depth.png,../../data/moge_dataset/DDAD/val/002778/CAMERA_06/meta.json,DDAD,../../data/depthanything/moge_dataset/DDAD/val/002778/CAMERA_06/image.png
716,716,../../data/moge_dataset/DDAD/val/002781/CAMERA_05/image.jpg,../../data/moge_dataset/DDAD/val/002781/CAMERA_05/depth.png,../../data/moge_dataset/DDAD/val/002781/CAMERA_05/meta.json,DDAD,../../data/depthanything/moge_dataset/DDAD/val/002781/CAMERA_05/image.png
717,717,../../data/moge_dataset/DDAD/val/002788/CAMERA_09/image.jpg,../../data/moge_dataset/DDAD/val/002788/CAMERA_09/depth.png,../../data/moge_dataset/DDAD/val/002788/CAMERA_09/meta.json,DDAD,../../data/depthanything/moge_dataset/DDAD/val/002788/CAMERA_09/image.png
718,718,../../data/moge_dataset/DDAD/val/002790/CAMERA_05/image.jpg,../../data/moge_dataset/DDAD/val/002790/CAMERA_05/depth.png,../../data/moge_dataset/DDAD/val/002790/CAMERA_05/meta.json,DDAD,../../data/depthanything/moge_dataset/DDAD/val/002790/CAMERA_05/image.png
719,719,../../data/moge_dataset/DDAD/val/002796/CAMERA_01/image.jpg,../../data/moge_dataset/DDAD/val/002796/CAMERA_01/depth.png,../../data/moge_dataset/DDAD/val/002796/CAMERA_01/meta.json,DDAD,../../data/depthanything/moge_dataset/DDAD/val/002796/CAMERA_01/image.png
720,720,../../data/moge_dataset/DDAD/val/002797/CAMERA_01/image.jpg,../../data/moge_dataset/DDAD/val/002797/CAMERA_01/depth.png,../../data/moge_dataset/DDAD/val/002797/CAMERA_01/meta.json,DDAD,../../data/depthanything/moge_dataset/DDAD/val/002797/CAMERA_01/image.png
721,721,../../data/moge_dataset/DDAD/val/002798/CAMERA_01/image.jpg,../../data/moge_dataset/DDAD/val/002798/CAMERA_01/depth.png,../../data/moge_dataset/DDAD/val/002798/CAMERA_01/meta.json,DDAD,../../data/depthanything/moge_dataset/DDAD/val/002798/CAMERA_01/image.png
722,722,../../data/moge_dataset/DDAD/val/002809/CAMERA_06/image.jpg,../../data/moge_dataset/DDAD/val/002809/CAMERA_06/depth.png,../../data/moge_dataset/DDAD/val/002809/CAMERA_06/meta.json,DDAD,../../data/depthanything/moge_dataset/DDAD/val/002809/CAMERA_06/image.png
723,723,../../data/moge_dataset/DDAD/val/002810/CAMERA_05/image.jpg,../../data/moge_dataset/DDAD/val/002810/CAMERA_05/depth.png,../../data/moge_dataset/DDAD/val/002810/CAMERA_05/meta.json,DDAD,../../data/depthanything/moge_dataset/DDAD/val/002810/CAMERA_05/image.png
724,724,../../data/moge_dataset/DDAD/val/002813/CAMERA_05/image.jpg,../../data/moge_dataset/DDAD/val/002813/CAMERA_05/depth.png,../../data/moge_dataset/DDAD/val/002813/CAMERA_05/meta.json,DDAD,../../data/depthanything/moge_dataset/DDAD/val/002813/CAMERA_05/image.png
725,725,../../data/moge_dataset/DDAD/val/002814/CAMERA_01/image.jpg,../../data/moge_dataset/DDAD/val/002814/CAMERA_01/depth.png,../../data/moge_dataset/DDAD/val/002814/CAMERA_01/meta.json,DDAD,../../data/depthanything/moge_dataset/DDAD/val/002814/CAMERA_01/image.png
726,726,../../data/moge_dataset/DDAD/val/002818/CAMERA_01/image.jpg,../../data/moge_dataset/DDAD/val/002818/CAMERA_01/depth.png,../../data/moge_dataset/DDAD/val/002818/CAMERA_01/meta.json,DDAD,../../data/depthanything/moge_dataset/DDAD/val/002818/CAMERA_01/image.png
727,727,../../data/moge_dataset/DDAD/val/002819/CAMERA_01/image.jpg,../../data/moge_dataset/DDAD/val/002819/CAMERA_01/depth.png,../../data/moge_dataset/DDAD/val/002819/CAMERA_01/meta.json,DDAD,../../data/depthanything/moge_dataset/DDAD/val/002819/CAMERA_01/image.png
728,728,../../data/moge_dataset/DDAD/val/002820/CAMERA_06/image.jpg,../../data/moge_dataset/DDAD/val/002820/CAMERA_06/depth.png,../../data/moge_dataset/DDAD/val/002820/CAMERA_06/meta.json,DDAD,../../data/depthanything/moge_dataset/DDAD/val/002820/CAMERA_06/image.png
729,729,../../data/moge_dataset/DDAD/val/002821/CAMERA_06/image.jpg,../../data/moge_dataset/DDAD/val/002821/CAMERA_06/depth.png,../../data/moge_dataset/DDAD/val/002821/CAMERA_06/meta.json,DDAD,../../data/depthanything/moge_dataset/DDAD/val/002821/CAMERA_06/image.png
730,730,../../data/moge_dataset/DDAD/val/002823/CAMERA_05/image.jpg,../../data/moge_dataset/DDAD/val/002823/CAMERA_05/depth.png,../../data/moge_dataset/DDAD/val/002823/CAMERA_05/meta.json,DDAD,../../data/depthanything/moge_dataset/DDAD/val/002823/CAMERA_05/image.png
731,731,../../data/moge_dataset/DDAD/val/002823/CAMERA_06/image.jpg,../../data/moge_dataset/DDAD/val/002823/CAMERA_06/depth.png,../../data/moge_dataset/DDAD/val/002823/CAMERA_06/meta.json,DDAD,../../data/depthanything/moge_dataset/DDAD/val/002823/CAMERA_06/image.png
732,732,../../data/moge_dataset/DDAD/val/002831/CAMERA_05/image.jpg,../../data/moge_dataset/DDAD/val/002831/CAMERA_05/depth.png,../../data/moge_dataset/DDAD/val/002831/CAMERA_05/meta.json,DDAD,../../data/depthanything/moge_dataset/DDAD/val/002831/CAMERA_05/image.png
733,733,../../data/moge_dataset/DDAD/val/002833/CAMERA_05/image.jpg,../../data/moge_dataset/DDAD/val/002833/CAMERA_05/depth.png,../../data/moge_dataset/DDAD/val/002833/CAMERA_05/meta.json,DDAD,../../data/depthanything/moge_dataset/DDAD/val/002833/CAMERA_05/image.png
734,734,../../data/moge_dataset/DDAD/val/002833/CAMERA_09/image.jpg,../../data/moge_dataset/DDAD/val/002833/CAMERA_09/depth.png,../../data/moge_dataset/DDAD/val/002833/CAMERA_09/meta.json,DDAD,../../data/depthanything/moge_dataset/DDAD/val/002833/CAMERA_09/image.png
735,735,../../data/moge_dataset/DDAD/val/002834/CAMERA_09/image.jpg,../../data/moge_dataset/DDAD/val/002834/CAMERA_09/depth.png,../../data/moge_dataset/DDAD/val/002834/CAMERA_09/meta.json,DDAD,../../data/depthanything/moge_dataset/DDAD/val/002834/CAMERA_09/image.png
736,736,../../data/moge_dataset/DDAD/val/002840/CAMERA_06/image.jpg,../../data/moge_dataset/DDAD/val/002840/CAMERA_06/depth.png,../../data/moge_dataset/DDAD/val/002840/CAMERA_06/meta.json,DDAD,../../data/depthanything/moge_dataset/DDAD/val/002840/CAMERA_06/image.png
737,737,../../data/moge_dataset/DDAD/val/002841/CAMERA_01/image.jpg,../../data/moge_dataset/DDAD/val/002841/CAMERA_01/depth.png,../../data/moge_dataset/DDAD/val/002841/CAMERA_01/meta.json,DDAD,../../data/depthanything/moge_dataset/DDAD/val/002841/CAMERA_01/image.png
738,738,../../data/moge_dataset/DDAD/val/002842/CAMERA_01/image.jpg,../../data/moge_dataset/DDAD/val/002842/CAMERA_01/depth.png,../../data/moge_dataset/DDAD/val/002842/CAMERA_01/meta.json,DDAD,../../data/depthanything/moge_dataset/DDAD/val/002842/CAMERA_01/image.png
739,739,../../data/moge_dataset/DDAD/val/002843/CAMERA_01/image.jpg,../../data/moge_dataset/DDAD/val/002843/CAMERA_01/depth.png,../../data/moge_dataset/DDAD/val/002843/CAMERA_01/meta.json,DDAD,../../data/depthanything/moge_dataset/DDAD/val/002843/CAMERA_01/image.png
740,740,../../data/moge_dataset/DDAD/val/002843/CAMERA_05/image.jpg,../../data/moge_dataset/DDAD/val/002843/CAMERA_05/depth.png,../../data/moge_dataset/DDAD/val/002843/CAMERA_05/meta.json,DDAD,../../data/depthanything/moge_dataset/DDAD/val/002843/CAMERA_05/image.png
741,741,../../data/moge_dataset/DDAD/val/002844/CAMERA_06/image.jpg,../../data/moge_dataset/DDAD/val/002844/CAMERA_06/depth.png,../../data/moge_dataset/DDAD/val/002844/CAMERA_06/meta.json,DDAD,../../data/depthanything/moge_dataset/DDAD/val/002844/CAMERA_06/image.png
742,742,../../data/moge_dataset/DDAD/val/002849/CAMERA_01/image.jpg,../../data/moge_dataset/DDAD/val/002849/CAMERA_01/depth.png,../../data/moge_dataset/DDAD/val/002849/CAMERA_01/meta.json,DDAD,../../data/depthanything/moge_dataset/DDAD/val/002849/CAMERA_01/image.png
743,743,../../data/moge_dataset/DDAD/val/002875/CAMERA_05/image.jpg,../../data/moge_dataset/DDAD/val/002875/CAMERA_05/depth.png,../../data/moge_dataset/DDAD/val/002875/CAMERA_05/meta.json,DDAD,../../data/depthanything/moge_dataset/DDAD/val/002875/CAMERA_05/image.png
744,744,../../data/moge_dataset/DDAD/val/002878/CAMERA_05/image.jpg,../../data/moge_dataset/DDAD/val/002878/CAMERA_05/depth.png,../../data/moge_dataset/DDAD/val/002878/CAMERA_05/meta.json,DDAD,../../data/depthanything/moge_dataset/DDAD/val/002878/CAMERA_05/image.png
745,745,../../data/moge_dataset/DDAD/val/002882/CAMERA_06/image.jpg,../../data/moge_dataset/DDAD/val/002882/CAMERA_06/depth.png,../../data/moge_dataset/DDAD/val/002882/CAMERA_06/meta.json,DDAD,../../data/depthanything/moge_dataset/DDAD/val/002882/CAMERA_06/image.png
746,746,../../data/moge_dataset/DDAD/val/002883/CAMERA_05/image.jpg,../../data/moge_dataset/DDAD/val/002883/CAMERA_05/depth.png,../../data/moge_dataset/DDAD/val/002883/CAMERA_05/meta.json,DDAD,../../data/depthanything/moge_dataset/DDAD/val/002883/CAMERA_05/image.png
747,747,../../data/moge_dataset/DDAD/val/002891/CAMERA_05/image.jpg,../../data/moge_dataset/DDAD/val/002891/CAMERA_05/depth.png,../../data/moge_dataset/DDAD/val/002891/CAMERA_05/meta.json,DDAD,../../data/depthanything/moge_dataset/DDAD/val/002891/CAMERA_05/image.png
748,748,../../data/moge_dataset/DDAD/val/002896/CAMERA_01/image.jpg,../../data/moge_dataset/DDAD/val/002896/CAMERA_01/depth.png,../../data/moge_dataset/DDAD/val/002896/CAMERA_01/meta.json,DDAD,../../data/depthanything/moge_dataset/DDAD/val/002896/CAMERA_01/image.png
749,749,../../data/moge_dataset/DDAD/val/002896/CAMERA_05/image.jpg,../../data/moge_dataset/DDAD/val/002896/CAMERA_05/depth.png,../../data/moge_dataset/DDAD/val/002896/CAMERA_05/meta.json,DDAD,../../data/depthanything/moge_dataset/DDAD/val/002896/CAMERA_05/image.png
750,750,../../data/moge_dataset/DDAD/val/002911/CAMERA_06/image.jpg,../../data/moge_dataset/DDAD/val/002911/CAMERA_06/depth.png,../../data/moge_dataset/DDAD/val/002911/CAMERA_06/meta.json,DDAD,../../data/depthanything/moge_dataset/DDAD/val/002911/CAMERA_06/image.png
751,751,../../data/moge_dataset/DDAD/val/002912/CAMERA_09/image.jpg,../../data/moge_dataset/DDAD/val/002912/CAMERA_09/depth.png,../../data/moge_dataset/DDAD/val/002912/CAMERA_09/meta.json,DDAD,../../data/depthanything/moge_dataset/DDAD/val/002912/CAMERA_09/image.png
752,752,../../data/moge_dataset/DDAD/val/002916/CAMERA_01/image.jpg,../../data/moge_dataset/DDAD/val/002916/CAMERA_01/depth.png,../../data/moge_dataset/DDAD/val/002916/CAMERA_01/meta.json,DDAD,../../data/depthanything/moge_dataset/DDAD/val/002916/CAMERA_01/image.png
753,753,../../data/moge_dataset/DDAD/val/002925/CAMERA_06/image.jpg,../../data/moge_dataset/DDAD/val/002925/CAMERA_06/depth.png,../../data/moge_dataset/DDAD/val/002925/CAMERA_06/meta.json,DDAD,../../data/depthanything/moge_dataset/DDAD/val/002925/CAMERA_06/image.png
754,754,../../data/moge_dataset/DDAD/val/002928/CAMERA_06/image.jpg,../../data/moge_dataset/DDAD/val/002928/CAMERA_06/depth.png,../../data/moge_dataset/DDAD/val/002928/CAMERA_06/meta.json,DDAD,../../data/depthanything/moge_dataset/DDAD/val/002928/CAMERA_06/image.png
755,755,../../data/moge_dataset/DDAD/val/002929/CAMERA_06/image.jpg,../../data/moge_dataset/DDAD/val/002929/CAMERA_06/depth.png,../../data/moge_dataset/DDAD/val/002929/CAMERA_06/meta.json,DDAD,../../data/depthanything/moge_dataset/DDAD/val/002929/CAMERA_06/image.png
756,756,../../data/moge_dataset/DDAD/val/002930/CAMERA_06/image.jpg,../../data/moge_dataset/DDAD/val/002930/CAMERA_06/depth.png,../../data/moge_dataset/DDAD/val/002930/CAMERA_06/meta.json,DDAD,../../data/depthanything/moge_dataset/DDAD/val/002930/CAMERA_06/image.png
757,757,../../data/moge_dataset/DDAD/val/002945/CAMERA_01/image.jpg,../../data/moge_dataset/DDAD/val/002945/CAMERA_01/depth.png,../../data/moge_dataset/DDAD/val/002945/CAMERA_01/meta.json,DDAD,../../data/depthanything/moge_dataset/DDAD/val/002945/CAMERA_01/image.png
758,758,../../data/moge_dataset/DDAD/val/002950/CAMERA_05/image.jpg,../../data/moge_dataset/DDAD/val/002950/CAMERA_05/depth.png,../../data/moge_dataset/DDAD/val/002950/CAMERA_05/meta.json,DDAD,../../data/depthanything/moge_dataset/DDAD/val/002950/CAMERA_05/image.png
759,759,../../data/moge_dataset/DDAD/val/002960/CAMERA_06/image.jpg,../../data/moge_dataset/DDAD/val/002960/CAMERA_06/depth.png,../../data/moge_dataset/DDAD/val/002960/CAMERA_06/meta.json,DDAD,../../data/depthanything/moge_dataset/DDAD/val/002960/CAMERA_06/image.png
760,760,../../data/moge_dataset/DDAD/val/002965/CAMERA_09/image.jpg,../../data/moge_dataset/DDAD/val/002965/CAMERA_09/depth.png,../../data/moge_dataset/DDAD/val/002965/CAMERA_09/meta.json,DDAD,../../data/depthanything/moge_dataset/DDAD/val/002965/CAMERA_09/image.png
761,761,../../data/moge_dataset/DDAD/val/002984/CAMERA_09/image.jpg,../../data/moge_dataset/DDAD/val/002984/CAMERA_09/depth.png,../../data/moge_dataset/DDAD/val/002984/CAMERA_09/meta.json,DDAD,../../data/depthanything/moge_dataset/DDAD/val/002984/CAMERA_09/image.png
762,762,../../data/moge_dataset/DDAD/val/002985/CAMERA_01/image.jpg,../../data/moge_dataset/DDAD/val/002985/CAMERA_01/depth.png,../../data/moge_dataset/DDAD/val/002985/CAMERA_01/meta.json,DDAD,../../data/depthanything/moge_dataset/DDAD/val/002985/CAMERA_01/image.png
763,763,../../data/moge_dataset/DDAD/val/002986/CAMERA_06/image.jpg,../../data/moge_dataset/DDAD/val/002986/CAMERA_06/depth.png,../../data/moge_dataset/DDAD/val/002986/CAMERA_06/meta.json,DDAD,../../data/depthanything/moge_dataset/DDAD/val/002986/CAMERA_06/image.png
764,764,../../data/moge_dataset/DDAD/val/002987/CAMERA_06/image.jpg,../../data/moge_dataset/DDAD/val/002987/CAMERA_06/depth.png,../../data/moge_dataset/DDAD/val/002987/CAMERA_06/meta.json,DDAD,../../data/depthanything/moge_dataset/DDAD/val/002987/CAMERA_06/image.png
765,765,../../data/moge_dataset/DDAD/val/002988/CAMERA_05/image.jpg,../../data/moge_dataset/DDAD/val/002988/CAMERA_05/depth.png,../../data/moge_dataset/DDAD/val/002988/CAMERA_05/meta.json,DDAD,../../data/depthanything/moge_dataset/DDAD/val/002988/CAMERA_05/image.png
766,766,../../data/moge_dataset/DDAD/val/002991/CAMERA_01/image.jpg,../../data/moge_dataset/DDAD/val/002991/CAMERA_01/depth.png,../../data/moge_dataset/DDAD/val/002991/CAMERA_01/meta.json,DDAD,../../data/depthanything/moge_dataset/DDAD/val/002991/CAMERA_01/image.png
767,767,../../data/moge_dataset/DDAD/val/002996/CAMERA_06/image.jpg,../../data/moge_dataset/DDAD/val/002996/CAMERA_06/depth.png,../../data/moge_dataset/DDAD/val/002996/CAMERA_06/meta.json,DDAD,../../data/depthanything/moge_dataset/DDAD/val/002996/CAMERA_06/image.png
768,768,../../data/moge_dataset/DDAD/val/003001/CAMERA_09/image.jpg,../../data/moge_dataset/DDAD/val/003001/CAMERA_09/depth.png,../../data/moge_dataset/DDAD/val/003001/CAMERA_09/meta.json,DDAD,../../data/depthanything/moge_dataset/DDAD/val/003001/CAMERA_09/image.png
769,769,../../data/moge_dataset/DDAD/val/003004/CAMERA_01/image.jpg,../../data/moge_dataset/DDAD/val/003004/CAMERA_01/depth.png,../../data/moge_dataset/DDAD/val/003004/CAMERA_01/meta.json,DDAD,../../data/depthanything/moge_dataset/DDAD/val/003004/CAMERA_01/image.png
770,770,../../data/moge_dataset/DDAD/val/003009/CAMERA_06/image.jpg,../../data/moge_dataset/DDAD/val/003009/CAMERA_06/depth.png,../../data/moge_dataset/DDAD/val/003009/CAMERA_06/meta.json,DDAD,../../data/depthanything/moge_dataset/DDAD/val/003009/CAMERA_06/image.png
771,771,../../data/moge_dataset/DDAD/val/003009/CAMERA_09/image.jpg,../../data/moge_dataset/DDAD/val/003009/CAMERA_09/depth.png,../../data/moge_dataset/DDAD/val/003009/CAMERA_09/meta.json,DDAD,../../data/depthanything/moge_dataset/DDAD/val/003009/CAMERA_09/image.png
772,772,../../data/moge_dataset/DDAD/val/003011/CAMERA_09/image.jpg,../../data/moge_dataset/DDAD/val/003011/CAMERA_09/depth.png,../../data/moge_dataset/DDAD/val/003011/CAMERA_09/meta.json,DDAD,../../data/depthanything/moge_dataset/DDAD/val/003011/CAMERA_09/image.png
773,773,../../data/moge_dataset/DDAD/val/003015/CAMERA_05/image.jpg,../../data/moge_dataset/DDAD/val/003015/CAMERA_05/depth.png,../../data/moge_dataset/DDAD/val/003015/CAMERA_05/meta.json,DDAD,../../data/depthanything/moge_dataset/DDAD/val/003015/CAMERA_05/image.png
774,774,../../data/moge_dataset/DDAD/val/003017/CAMERA_09/image.jpg,../../data/moge_dataset/DDAD/val/003017/CAMERA_09/depth.png,../../data/moge_dataset/DDAD/val/003017/CAMERA_09/meta.json,DDAD,../../data/depthanything/moge_dataset/DDAD/val/003017/CAMERA_09/image.png
775,775,../../data/moge_dataset/DDAD/val/003022/CAMERA_05/image.jpg,../../data/moge_dataset/DDAD/val/003022/CAMERA_05/depth.png,../../data/moge_dataset/DDAD/val/003022/CAMERA_05/meta.json,DDAD,../../data/depthanything/moge_dataset/DDAD/val/003022/CAMERA_05/image.png
776,776,../../data/moge_dataset/DDAD/val/003026/CAMERA_06/image.jpg,../../data/moge_dataset/DDAD/val/003026/CAMERA_06/depth.png,../../data/moge_dataset/DDAD/val/003026/CAMERA_06/meta.json,DDAD,../../data/depthanything/moge_dataset/DDAD/val/003026/CAMERA_06/image.png
777,777,../../data/moge_dataset/DDAD/val/003027/CAMERA_09/image.jpg,../../data/moge_dataset/DDAD/val/003027/CAMERA_09/depth.png,../../data/moge_dataset/DDAD/val/003027/CAMERA_09/meta.json,DDAD,../../data/depthanything/moge_dataset/DDAD/val/003027/CAMERA_09/image.png
778,778,../../data/moge_dataset/DDAD/val/003039/CAMERA_06/image.jpg,../../data/moge_dataset/DDAD/val/003039/CAMERA_06/depth.png,../../data/moge_dataset/DDAD/val/003039/CAMERA_06/meta.json,DDAD,../../data/depthanything/moge_dataset/DDAD/val/003039/CAMERA_06/image.png
779,779,../../data/moge_dataset/DDAD/val/003042/CAMERA_09/image.jpg,../../data/moge_dataset/DDAD/val/003042/CAMERA_09/depth.png,../../data/moge_dataset/DDAD/val/003042/CAMERA_09/meta.json,DDAD,../../data/depthanything/moge_dataset/DDAD/val/003042/CAMERA_09/image.png
780,780,../../data/moge_dataset/DDAD/val/003046/CAMERA_06/image.jpg,../../data/moge_dataset/DDAD/val/003046/CAMERA_06/depth.png,../../data/moge_dataset/DDAD/val/003046/CAMERA_06/meta.json,DDAD,../../data/depthanything/moge_dataset/DDAD/val/003046/CAMERA_06/image.png
781,781,../../data/moge_dataset/DDAD/val/003046/CAMERA_09/image.jpg,../../data/moge_dataset/DDAD/val/003046/CAMERA_09/depth.png,../../data/moge_dataset/DDAD/val/003046/CAMERA_09/meta.json,DDAD,../../data/depthanything/moge_dataset/DDAD/val/003046/CAMERA_09/image.png
782,782,../../data/moge_dataset/DDAD/val/003048/CAMERA_01/image.jpg,../../data/moge_dataset/DDAD/val/003048/CAMERA_01/depth.png,../../data/moge_dataset/DDAD/val/003048/CAMERA_01/meta.json,DDAD,../../data/depthanything/moge_dataset/DDAD/val/003048/CAMERA_01/image.png
783,783,../../data/moge_dataset/DDAD/val/003049/CAMERA_06/image.jpg,../../data/moge_dataset/DDAD/val/003049/CAMERA_06/depth.png,../../data/moge_dataset/DDAD/val/003049/CAMERA_06/meta.json,DDAD,../../data/depthanything/moge_dataset/DDAD/val/003049/CAMERA_06/image.png
784,784,../../data/moge_dataset/DDAD/val/003051/CAMERA_01/image.jpg,../../data/moge_dataset/DDAD/val/003051/CAMERA_01/depth.png,../../data/moge_dataset/DDAD/val/003051/CAMERA_01/meta.json,DDAD,../../data/depthanything/moge_dataset/DDAD/val/003051/CAMERA_01/image.png
785,785,../../data/moge_dataset/DDAD/val/003051/CAMERA_09/image.jpg,../../data/moge_dataset/DDAD/val/003051/CAMERA_09/depth.png,../../data/moge_dataset/DDAD/val/003051/CAMERA_09/meta.json,DDAD,../../data/depthanything/moge_dataset/DDAD/val/003051/CAMERA_09/image.png
786,786,../../data/moge_dataset/DDAD/val/003053/CAMERA_05/image.jpg,../../data/moge_dataset/DDAD/val/003053/CAMERA_05/depth.png,../../data/moge_dataset/DDAD/val/003053/CAMERA_05/meta.json,DDAD,../../data/depthanything/moge_dataset/DDAD/val/003053/CAMERA_05/image.png
787,787,../../data/moge_dataset/DDAD/val/003056/CAMERA_05/image.jpg,../../data/moge_dataset/DDAD/val/003056/CAMERA_05/depth.png,../../data/moge_dataset/DDAD/val/003056/CAMERA_05/meta.json,DDAD,../../data/depthanything/moge_dataset/DDAD/val/003056/CAMERA_05/image.png
788,788,../../data/moge_dataset/DDAD/val/003058/CAMERA_05/image.jpg,../../data/moge_dataset/DDAD/val/003058/CAMERA_05/depth.png,../../data/moge_dataset/DDAD/val/003058/CAMERA_05/meta.json,DDAD,../../data/depthanything/moge_dataset/DDAD/val/003058/CAMERA_05/image.png
789,789,../../data/moge_dataset/DDAD/val/003060/CAMERA_01/image.jpg,../../data/moge_dataset/DDAD/val/003060/CAMERA_01/depth.png,../../data/moge_dataset/DDAD/val/003060/CAMERA_01/meta.json,DDAD,../../data/depthanything/moge_dataset/DDAD/val/003060/CAMERA_01/image.png
790,790,../../data/moge_dataset/DDAD/val/003060/CAMERA_06/image.jpg,../../data/moge_dataset/DDAD/val/003060/CAMERA_06/depth.png,../../data/moge_dataset/DDAD/val/003060/CAMERA_06/meta.json,DDAD,../../data/depthanything/moge_dataset/DDAD/val/003060/CAMERA_06/image.png
791,791,../../data/moge_dataset/DDAD/val/003072/CAMERA_09/image.jpg,../../data/moge_dataset/DDAD/val/003072/CAMERA_09/depth.png,../../data/moge_dataset/DDAD/val/003072/CAMERA_09/meta.json,DDAD,../../data/depthanything/moge_dataset/DDAD/val/003072/CAMERA_09/image.png
792,792,../../data/moge_dataset/DDAD/val/003077/CAMERA_09/image.jpg,../../data/moge_dataset/DDAD/val/003077/CAMERA_09/depth.png,../../data/moge_dataset/DDAD/val/003077/CAMERA_09/meta.json,DDAD,../../data/depthanything/moge_dataset/DDAD/val/003077/CAMERA_09/image.png
793,793,../../data/moge_dataset/DDAD/val/003078/CAMERA_01/image.jpg,../../data/moge_dataset/DDAD/val/003078/CAMERA_01/depth.png,../../data/moge_dataset/DDAD/val/003078/CAMERA_01/meta.json,DDAD,../../data/depthanything/moge_dataset/DDAD/val/003078/CAMERA_01/image.png
794,794,../../data/moge_dataset/DDAD/val/003081/CAMERA_06/image.jpg,../../data/moge_dataset/DDAD/val/003081/CAMERA_06/depth.png,../../data/moge_dataset/DDAD/val/003081/CAMERA_06/meta.json,DDAD,../../data/depthanything/moge_dataset/DDAD/val/003081/CAMERA_06/image.png
795,795,../../data/moge_dataset/DDAD/val/003085/CAMERA_05/image.jpg,../../data/moge_dataset/DDAD/val/003085/CAMERA_05/depth.png,../../data/moge_dataset/DDAD/val/003085/CAMERA_05/meta.json,DDAD,../../data/depthanything/moge_dataset/DDAD/val/003085/CAMERA_05/image.png
796,796,../../data/moge_dataset/DDAD/val/003105/CAMERA_09/image.jpg,../../data/moge_dataset/DDAD/val/003105/CAMERA_09/depth.png,../../data/moge_dataset/DDAD/val/003105/CAMERA_09/meta.json,DDAD,../../data/depthanything/moge_dataset/DDAD/val/003105/CAMERA_09/image.png
797,797,../../data/moge_dataset/DDAD/val/003109/CAMERA_05/image.jpg,../../data/moge_dataset/DDAD/val/003109/CAMERA_05/depth.png,../../data/moge_dataset/DDAD/val/003109/CAMERA_05/meta.json,DDAD,../../data/depthanything/moge_dataset/DDAD/val/003109/CAMERA_05/image.png
798,798,../../data/moge_dataset/DDAD/val/003113/CAMERA_01/image.jpg,../../data/moge_dataset/DDAD/val/003113/CAMERA_01/depth.png,../../data/moge_dataset/DDAD/val/003113/CAMERA_01/meta.json,DDAD,../../data/depthanything/moge_dataset/DDAD/val/003113/CAMERA_01/image.png
799,799,../../data/moge_dataset/DDAD/val/003129/CAMERA_09/image.jpg,../../data/moge_dataset/DDAD/val/003129/CAMERA_09/depth.png,../../data/moge_dataset/DDAD/val/003129/CAMERA_09/meta.json,DDAD,../../data/depthanything/moge_dataset/DDAD/val/003129/CAMERA_09/image.png
800,800,../../data/moge_dataset/DDAD/val/003133/CAMERA_05/image.jpg,../../data/moge_dataset/DDAD/val/003133/CAMERA_05/depth.png,../../data/moge_dataset/DDAD/val/003133/CAMERA_05/meta.json,DDAD,../../data/depthanything/moge_dataset/DDAD/val/003133/CAMERA_05/image.png
801,801,../../data/moge_dataset/DDAD/val/003135/CAMERA_05/image.jpg,../../data/moge_dataset/DDAD/val/003135/CAMERA_05/depth.png,../../data/moge_dataset/DDAD/val/003135/CAMERA_05/meta.json,DDAD,../../data/depthanything/moge_dataset/DDAD/val/003135/CAMERA_05/image.png
802,802,../../data/moge_dataset/DDAD/val/003140/CAMERA_05/image.jpg,../../data/moge_dataset/DDAD/val/003140/CAMERA_05/depth.png,../../data/moge_dataset/DDAD/val/003140/CAMERA_05/meta.json,DDAD,../../data/depthanything/moge_dataset/DDAD/val/003140/CAMERA_05/image.png
803,803,../../data/moge_dataset/DDAD/val/003146/CAMERA_09/image.jpg,../../data/moge_dataset/DDAD/val/003146/CAMERA_09/depth.png,../../data/moge_dataset/DDAD/val/003146/CAMERA_09/meta.json,DDAD,../../data/depthanything/moge_dataset/DDAD/val/003146/CAMERA_09/image.png
804,804,../../data/moge_dataset/DDAD/val/003150/CAMERA_01/image.jpg,../../data/moge_dataset/DDAD/val/003150/CAMERA_01/depth.png,../../data/moge_dataset/DDAD/val/003150/CAMERA_01/meta.json,DDAD,../../data/depthanything/moge_dataset/DDAD/val/003150/CAMERA_01/image.png
805,805,../../data/moge_dataset/DDAD/val/003150/CAMERA_06/image.jpg,../../data/moge_dataset/DDAD/val/003150/CAMERA_06/depth.png,../../data/moge_dataset/DDAD/val/003150/CAMERA_06/meta.json,DDAD,../../data/depthanything/moge_dataset/DDAD/val/003150/CAMERA_06/image.png
806,806,../../data/moge_dataset/DDAD/val/003158/CAMERA_09/image.jpg,../../data/moge_dataset/DDAD/val/003158/CAMERA_09/depth.png,../../data/moge_dataset/DDAD/val/003158/CAMERA_09/meta.json,DDAD,../../data/depthanything/moge_dataset/DDAD/val/003158/CAMERA_09/image.png
807,807,../../data/moge_dataset/DDAD/val/003159/CAMERA_06/image.jpg,../../data/moge_dataset/DDAD/val/003159/CAMERA_06/depth.png,../../data/moge_dataset/DDAD/val/003159/CAMERA_06/meta.json,DDAD,../../data/depthanything/moge_dataset/DDAD/val/003159/CAMERA_06/image.png
808,808,../../data/moge_dataset/DDAD/val/003159/CAMERA_09/image.jpg,../../data/moge_dataset/DDAD/val/003159/CAMERA_09/depth.png,../../data/moge_dataset/DDAD/val/003159/CAMERA_09/meta.json,DDAD,../../data/depthanything/moge_dataset/DDAD/val/003159/CAMERA_09/image.png
809,809,../../data/moge_dataset/DDAD/val/003162/CAMERA_06/image.jpg,../../data/moge_dataset/DDAD/val/003162/CAMERA_06/depth.png,../../data/moge_dataset/DDAD/val/003162/CAMERA_06/meta.json,DDAD,../../data/depthanything/moge_dataset/DDAD/val/003162/CAMERA_06/image.png
810,810,../../data/moge_dataset/DDAD/val/003164/CAMERA_05/image.jpg,../../data/moge_dataset/DDAD/val/003164/CAMERA_05/depth.png,../../data/moge_dataset/DDAD/val/003164/CAMERA_05/meta.json,DDAD,../../data/depthanything/moge_dataset/DDAD/val/003164/CAMERA_05/image.png
811,811,../../data/moge_dataset/DDAD/val/003171/CAMERA_05/image.jpg,../../data/moge_dataset/DDAD/val/003171/CAMERA_05/depth.png,../../data/moge_dataset/DDAD/val/003171/CAMERA_05/meta.json,DDAD,../../data/depthanything/moge_dataset/DDAD/val/003171/CAMERA_05/image.png
812,812,../../data/moge_dataset/DDAD/val/003171/CAMERA_06/image.jpg,../../data/moge_dataset/DDAD/val/003171/CAMERA_06/depth.png,../../data/moge_dataset/DDAD/val/003171/CAMERA_06/meta.json,DDAD,../../data/depthanything/moge_dataset/DDAD/val/003171/CAMERA_06/image.png
813,813,../../data/moge_dataset/DDAD/val/003175/CAMERA_01/image.jpg,../../data/moge_dataset/DDAD/val/003175/CAMERA_01/depth.png,../../data/moge_dataset/DDAD/val/003175/CAMERA_01/meta.json,DDAD,../../data/depthanything/moge_dataset/DDAD/val/003175/CAMERA_01/image.png
814,814,../../data/moge_dataset/DDAD/val/003180/CAMERA_05/image.jpg,../../data/moge_dataset/DDAD/val/003180/CAMERA_05/depth.png,../../data/moge_dataset/DDAD/val/003180/CAMERA_05/meta.json,DDAD,../../data/depthanything/moge_dataset/DDAD/val/003180/CAMERA_05/image.png
815,815,../../data/moge_dataset/DDAD/val/003183/CAMERA_09/image.jpg,../../data/moge_dataset/DDAD/val/003183/CAMERA_09/depth.png,../../data/moge_dataset/DDAD/val/003183/CAMERA_09/meta.json,DDAD,../../data/depthanything/moge_dataset/DDAD/val/003183/CAMERA_09/image.png
816,816,../../data/moge_dataset/DDAD/val/003191/CAMERA_01/image.jpg,../../data/moge_dataset/DDAD/val/003191/CAMERA_01/depth.png,../../data/moge_dataset/DDAD/val/003191/CAMERA_01/meta.json,DDAD,../../data/depthanything/moge_dataset/DDAD/val/003191/CAMERA_01/image.png
817,817,../../data/moge_dataset/DDAD/val/003192/CAMERA_05/image.jpg,../../data/moge_dataset/DDAD/val/003192/CAMERA_05/depth.png,../../data/moge_dataset/DDAD/val/003192/CAMERA_05/meta.json,DDAD,../../data/depthanything/moge_dataset/DDAD/val/003192/CAMERA_05/image.png
818,818,../../data/moge_dataset/DDAD/val/003195/CAMERA_09/image.jpg,../../data/moge_dataset/DDAD/val/003195/CAMERA_09/depth.png,../../data/moge_dataset/DDAD/val/003195/CAMERA_09/meta.json,DDAD,../../data/depthanything/moge_dataset/DDAD/val/003195/CAMERA_09/image.png
819,819,../../data/moge_dataset/DDAD/val/003196/CAMERA_09/image.jpg,../../data/moge_dataset/DDAD/val/003196/CAMERA_09/depth.png,../../data/moge_dataset/DDAD/val/003196/CAMERA_09/meta.json,DDAD,../../data/depthanything/moge_dataset/DDAD/val/003196/CAMERA_09/image.png
820,820,../../data/moge_dataset/DDAD/val/003201/CAMERA_01/image.jpg,../../data/moge_dataset/DDAD/val/003201/CAMERA_01/depth.png,../../data/moge_dataset/DDAD/val/003201/CAMERA_01/meta.json,DDAD,../../data/depthanything/moge_dataset/DDAD/val/003201/CAMERA_01/image.png
821,821,../../data/moge_dataset/DDAD/val/003202/CAMERA_05/image.jpg,../../data/moge_dataset/DDAD/val/003202/CAMERA_05/depth.png,../../data/moge_dataset/DDAD/val/003202/CAMERA_05/meta.json,DDAD,../../data/depthanything/moge_dataset/DDAD/val/003202/CAMERA_05/image.png
822,822,../../data/moge_dataset/DDAD/val/003202/CAMERA_09/image.jpg,../../data/moge_dataset/DDAD/val/003202/CAMERA_09/depth.png,../../data/moge_dataset/DDAD/val/003202/CAMERA_09/meta.json,DDAD,../../data/depthanything/moge_dataset/DDAD/val/003202/CAMERA_09/image.png
823,823,../../data/moge_dataset/DDAD/val/003208/CAMERA_09/image.jpg,../../data/moge_dataset/DDAD/val/003208/CAMERA_09/depth.png,../../data/moge_dataset/DDAD/val/003208/CAMERA_09/meta.json,DDAD,../../data/depthanything/moge_dataset/DDAD/val/003208/CAMERA_09/image.png
824,824,../../data/moge_dataset/DDAD/val/003226/CAMERA_05/image.jpg,../../data/moge_dataset/DDAD/val/003226/CAMERA_05/depth.png,../../data/moge_dataset/DDAD/val/003226/CAMERA_05/meta.json,DDAD,../../data/depthanything/moge_dataset/DDAD/val/003226/CAMERA_05/image.png
825,825,../../data/moge_dataset/DDAD/val/003231/CAMERA_06/image.jpg,../../data/moge_dataset/DDAD/val/003231/CAMERA_06/depth.png,../../data/moge_dataset/DDAD/val/003231/CAMERA_06/meta.json,DDAD,../../data/depthanything/moge_dataset/DDAD/val/003231/CAMERA_06/image.png
826,826,../../data/moge_dataset/DDAD/val/003234/CAMERA_05/image.jpg,../../data/moge_dataset/DDAD/val/003234/CAMERA_05/depth.png,../../data/moge_dataset/DDAD/val/003234/CAMERA_05/meta.json,DDAD,../../data/depthanything/moge_dataset/DDAD/val/003234/CAMERA_05/image.png
827,827,../../data/moge_dataset/DDAD/val/003236/CAMERA_06/image.jpg,../../data/moge_dataset/DDAD/val/003236/CAMERA_06/depth.png,../../data/moge_dataset/DDAD/val/003236/CAMERA_06/meta.json,DDAD,../../data/depthanything/moge_dataset/DDAD/val/003236/CAMERA_06/image.png
828,828,../../data/moge_dataset/DDAD/val/003237/CAMERA_05/image.jpg,../../data/moge_dataset/DDAD/val/003237/CAMERA_05/depth.png,../../data/moge_dataset/DDAD/val/003237/CAMERA_05/meta.json,DDAD,../../data/depthanything/moge_dataset/DDAD/val/003237/CAMERA_05/image.png
829,829,../../data/moge_dataset/DDAD/val/003243/CAMERA_05/image.jpg,../../data/moge_dataset/DDAD/val/003243/CAMERA_05/depth.png,../../data/moge_dataset/DDAD/val/003243/CAMERA_05/meta.json,DDAD,../../data/depthanything/moge_dataset/DDAD/val/003243/CAMERA_05/image.png
830,830,../../data/moge_dataset/DDAD/val/003248/CAMERA_06/image.jpg,../../data/moge_dataset/DDAD/val/003248/CAMERA_06/depth.png,../../data/moge_dataset/DDAD/val/003248/CAMERA_06/meta.json,DDAD,../../data/depthanything/moge_dataset/DDAD/val/003248/CAMERA_06/image.png
831,831,../../data/moge_dataset/DDAD/val/003250/CAMERA_05/image.jpg,../../data/moge_dataset/DDAD/val/003250/CAMERA_05/depth.png,../../data/moge_dataset/DDAD/val/003250/CAMERA_05/meta.json,DDAD,../../data/depthanything/moge_dataset/DDAD/val/003250/CAMERA_05/image.png
832,832,../../data/moge_dataset/DDAD/val/003250/CAMERA_09/image.jpg,../../data/moge_dataset/DDAD/val/003250/CAMERA_09/depth.png,../../data/moge_dataset/DDAD/val/003250/CAMERA_09/meta.json,DDAD,../../data/depthanything/moge_dataset/DDAD/val/003250/CAMERA_09/image.png
833,833,../../data/moge_dataset/DDAD/val/003253/CAMERA_06/image.jpg,../../data/moge_dataset/DDAD/val/003253/CAMERA_06/depth.png,../../data/moge_dataset/DDAD/val/003253/CAMERA_06/meta.json,DDAD,../../data/depthanything/moge_dataset/DDAD/val/003253/CAMERA_06/image.png
834,834,../../data/moge_dataset/DDAD/val/003253/CAMERA_09/image.jpg,../../data/moge_dataset/DDAD/val/003253/CAMERA_09/depth.png,../../data/moge_dataset/DDAD/val/003253/CAMERA_09/meta.json,DDAD,../../data/depthanything/moge_dataset/DDAD/val/003253/CAMERA_09/image.png
835,835,../../data/moge_dataset/DDAD/val/003256/CAMERA_01/image.jpg,../../data/moge_dataset/DDAD/val/003256/CAMERA_01/depth.png,../../data/moge_dataset/DDAD/val/003256/CAMERA_01/meta.json,DDAD,../../data/depthanything/moge_dataset/DDAD/val/003256/CAMERA_01/image.png
836,836,../../data/moge_dataset/DDAD/val/003259/CAMERA_05/image.jpg,../../data/moge_dataset/DDAD/val/003259/CAMERA_05/depth.png,../../data/moge_dataset/DDAD/val/003259/CAMERA_05/meta.json,DDAD,../../data/depthanything/moge_dataset/DDAD/val/003259/CAMERA_05/image.png
837,837,../../data/moge_dataset/DDAD/val/003267/CAMERA_06/image.jpg,../../data/moge_dataset/DDAD/val/003267/CAMERA_06/depth.png,../../data/moge_dataset/DDAD/val/003267/CAMERA_06/meta.json,DDAD,../../data/depthanything/moge_dataset/DDAD/val/003267/CAMERA_06/image.png
838,838,../../data/moge_dataset/DDAD/val/003294/CAMERA_06/image.jpg,../../data/moge_dataset/DDAD/val/003294/CAMERA_06/depth.png,../../data/moge_dataset/DDAD/val/003294/CAMERA_06/meta.json,DDAD,../../data/depthanything/moge_dataset/DDAD/val/003294/CAMERA_06/image.png
839,839,../../data/moge_dataset/DDAD/val/003294/CAMERA_09/image.jpg,../../data/moge_dataset/DDAD/val/003294/CAMERA_09/depth.png,../../data/moge_dataset/DDAD/val/003294/CAMERA_09/meta.json,DDAD,../../data/depthanything/moge_dataset/DDAD/val/003294/CAMERA_09/image.png
840,840,../../data/moge_dataset/DDAD/val/003298/CAMERA_05/image.jpg,../../data/moge_dataset/DDAD/val/003298/CAMERA_05/depth.png,../../data/moge_dataset/DDAD/val/003298/CAMERA_05/meta.json,DDAD,../../data/depthanything/moge_dataset/DDAD/val/003298/CAMERA_05/image.png
841,841,../../data/moge_dataset/DDAD/val/003300/CAMERA_01/image.jpg,../../data/moge_dataset/DDAD/val/003300/CAMERA_01/depth.png,../../data/moge_dataset/DDAD/val/003300/CAMERA_01/meta.json,DDAD,../../data/depthanything/moge_dataset/DDAD/val/003300/CAMERA_01/image.png
842,842,../../data/moge_dataset/DDAD/val/003301/CAMERA_06/image.jpg,../../data/moge_dataset/DDAD/val/003301/CAMERA_06/depth.png,../../data/moge_dataset/DDAD/val/003301/CAMERA_06/meta.json,DDAD,../../data/depthanything/moge_dataset/DDAD/val/003301/CAMERA_06/image.png
843,843,../../data/moge_dataset/DDAD/val/003301/CAMERA_09/image.jpg,../../data/moge_dataset/DDAD/val/003301/CAMERA_09/depth.png,../../data/moge_dataset/DDAD/val/003301/CAMERA_09/meta.json,DDAD,../../data/depthanything/moge_dataset/DDAD/val/003301/CAMERA_09/image.png
844,844,../../data/moge_dataset/DDAD/val/003302/CAMERA_01/image.jpg,../../data/moge_dataset/DDAD/val/003302/CAMERA_01/depth.png,../../data/moge_dataset/DDAD/val/003302/CAMERA_01/meta.json,DDAD,../../data/depthanything/moge_dataset/DDAD/val/003302/CAMERA_01/image.png
845,845,../../data/moge_dataset/DDAD/val/003309/CAMERA_01/image.jpg,../../data/moge_dataset/DDAD/val/003309/CAMERA_01/depth.png,../../data/moge_dataset/DDAD/val/003309/CAMERA_01/meta.json,DDAD,../../data/depthanything/moge_dataset/DDAD/val/003309/CAMERA_01/image.png
846,846,../../data/moge_dataset/DDAD/val/003312/CAMERA_06/image.jpg,../../data/moge_dataset/DDAD/val/003312/CAMERA_06/depth.png,../../data/moge_dataset/DDAD/val/003312/CAMERA_06/meta.json,DDAD,../../data/depthanything/moge_dataset/DDAD/val/003312/CAMERA_06/image.png
847,847,../../data/moge_dataset/DDAD/val/003320/CAMERA_01/image.jpg,../../data/moge_dataset/DDAD/val/003320/CAMERA_01/depth.png,../../data/moge_dataset/DDAD/val/003320/CAMERA_01/meta.json,DDAD,../../data/depthanything/moge_dataset/DDAD/val/003320/CAMERA_01/image.png
848,848,../../data/moge_dataset/DDAD/val/003332/CAMERA_01/image.jpg,../../data/moge_dataset/DDAD/val/003332/CAMERA_01/depth.png,../../data/moge_dataset/DDAD/val/003332/CAMERA_01/meta.json,DDAD,../../data/depthanything/moge_dataset/DDAD/val/003332/CAMERA_01/image.png
849,849,../../data/moge_dataset/DDAD/val/003336/CAMERA_09/image.jpg,../../data/moge_dataset/DDAD/val/003336/CAMERA_09/depth.png,../../data/moge_dataset/DDAD/val/003336/CAMERA_09/meta.json,DDAD,../../data/depthanything/moge_dataset/DDAD/val/003336/CAMERA_09/image.png
850,850,../../data/moge_dataset/DDAD/val/003337/CAMERA_05/image.jpg,../../data/moge_dataset/DDAD/val/003337/CAMERA_05/depth.png,../../data/moge_dataset/DDAD/val/003337/CAMERA_05/meta.json,DDAD,../../data/depthanything/moge_dataset/DDAD/val/003337/CAMERA_05/image.png
851,851,../../data/moge_dataset/DDAD/val/003344/CAMERA_05/image.jpg,../../data/moge_dataset/DDAD/val/003344/CAMERA_05/depth.png,../../data/moge_dataset/DDAD/val/003344/CAMERA_05/meta.json,DDAD,../../data/depthanything/moge_dataset/DDAD/val/003344/CAMERA_05/image.png
852,852,../../data/moge_dataset/DDAD/val/003353/CAMERA_01/image.jpg,../../data/moge_dataset/DDAD/val/003353/CAMERA_01/depth.png,../../data/moge_dataset/DDAD/val/003353/CAMERA_01/meta.json,DDAD,../../data/depthanything/moge_dataset/DDAD/val/003353/CAMERA_01/image.png
853,853,../../data/moge_dataset/DDAD/val/003353/CAMERA_09/image.jpg,../../data/moge_dataset/DDAD/val/003353/CAMERA_09/depth.png,../../data/moge_dataset/DDAD/val/003353/CAMERA_09/meta.json,DDAD,../../data/depthanything/moge_dataset/DDAD/val/003353/CAMERA_09/image.png
854,854,../../data/moge_dataset/DDAD/val/003361/CAMERA_06/image.jpg,../../data/moge_dataset/DDAD/val/003361/CAMERA_06/depth.png,../../data/moge_dataset/DDAD/val/003361/CAMERA_06/meta.json,DDAD,../../data/depthanything/moge_dataset/DDAD/val/003361/CAMERA_06/image.png
855,855,../../data/moge_dataset/DDAD/val/003364/CAMERA_09/image.jpg,../../data/moge_dataset/DDAD/val/003364/CAMERA_09/depth.png,../../data/moge_dataset/DDAD/val/003364/CAMERA_09/meta.json,DDAD,../../data/depthanything/moge_dataset/DDAD/val/003364/CAMERA_09/image.png
856,856,../../data/moge_dataset/DDAD/val/003366/CAMERA_09/image.jpg,../../data/moge_dataset/DDAD/val/003366/CAMERA_09/depth.png,../../data/moge_dataset/DDAD/val/003366/CAMERA_09/meta.json,DDAD,../../data/depthanything/moge_dataset/DDAD/val/003366/CAMERA_09/image.png
857,857,../../data/moge_dataset/DDAD/val/003369/CAMERA_01/image.jpg,../../data/moge_dataset/DDAD/val/003369/CAMERA_01/depth.png,../../data/moge_dataset/DDAD/val/003369/CAMERA_01/meta.json,DDAD,../../data/depthanything/moge_dataset/DDAD/val/003369/CAMERA_01/image.png
858,858,../../data/moge_dataset/DDAD/val/003370/CAMERA_05/image.jpg,../../data/moge_dataset/DDAD/val/003370/CAMERA_05/depth.png,../../data/moge_dataset/DDAD/val/003370/CAMERA_05/meta.json,DDAD,../../data/depthanything/moge_dataset/DDAD/val/003370/CAMERA_05/image.png
859,859,../../data/moge_dataset/DDAD/val/003376/CAMERA_05/image.jpg,../../data/moge_dataset/DDAD/val/003376/CAMERA_05/depth.png,../../data/moge_dataset/DDAD/val/003376/CAMERA_05/meta.json,DDAD,../../data/depthanything/moge_dataset/DDAD/val/003376/CAMERA_05/image.png
860,860,../../data/moge_dataset/DDAD/val/003385/CAMERA_06/image.jpg,../../data/moge_dataset/DDAD/val/003385/CAMERA_06/depth.png,../../data/moge_dataset/DDAD/val/003385/CAMERA_06/meta.json,DDAD,../../data/depthanything/moge_dataset/DDAD/val/003385/CAMERA_06/image.png
861,861,../../data/moge_dataset/DDAD/val/003388/CAMERA_05/image.jpg,../../data/moge_dataset/DDAD/val/003388/CAMERA_05/depth.png,../../data/moge_dataset/DDAD/val/003388/CAMERA_05/meta.json,DDAD,../../data/depthanything/moge_dataset/DDAD/val/003388/CAMERA_05/image.png
862,862,../../data/moge_dataset/DDAD/val/003388/CAMERA_06/image.jpg,../../data/moge_dataset/DDAD/val/003388/CAMERA_06/depth.png,../../data/moge_dataset/DDAD/val/003388/CAMERA_06/meta.json,DDAD,../../data/depthanything/moge_dataset/DDAD/val/003388/CAMERA_06/image.png
863,863,../../data/moge_dataset/DDAD/val/003391/CAMERA_06/image.jpg,../../data/moge_dataset/DDAD/val/003391/CAMERA_06/depth.png,../../data/moge_dataset/DDAD/val/003391/CAMERA_06/meta.json,DDAD,../../data/depthanything/moge_dataset/DDAD/val/003391/CAMERA_06/image.png
864,864,../../data/moge_dataset/DDAD/val/003399/CAMERA_09/image.jpg,../../data/moge_dataset/DDAD/val/003399/CAMERA_09/depth.png,../../data/moge_dataset/DDAD/val/003399/CAMERA_09/meta.json,DDAD,../../data/depthanything/moge_dataset/DDAD/val/003399/CAMERA_09/image.png
865,865,../../data/moge_dataset/DDAD/val/003410/CAMERA_05/image.jpg,../../data/moge_dataset/DDAD/val/003410/CAMERA_05/depth.png,../../data/moge_dataset/DDAD/val/003410/CAMERA_05/meta.json,DDAD,../../data/depthanything/moge_dataset/DDAD/val/003410/CAMERA_05/image.png
866,866,../../data/moge_dataset/DDAD/val/003416/CAMERA_05/image.jpg,../../data/moge_dataset/DDAD/val/003416/CAMERA_05/depth.png,../../data/moge_dataset/DDAD/val/003416/CAMERA_05/meta.json,DDAD,../../data/depthanything/moge_dataset/DDAD/val/003416/CAMERA_05/image.png
867,867,../../data/moge_dataset/DDAD/val/003423/CAMERA_01/image.jpg,../../data/moge_dataset/DDAD/val/003423/CAMERA_01/depth.png,../../data/moge_dataset/DDAD/val/003423/CAMERA_01/meta.json,DDAD,../../data/depthanything/moge_dataset/DDAD/val/003423/CAMERA_01/image.png
868,868,../../data/moge_dataset/DDAD/val/003428/CAMERA_06/image.jpg,../../data/moge_dataset/DDAD/val/003428/CAMERA_06/depth.png,../../data/moge_dataset/DDAD/val/003428/CAMERA_06/meta.json,DDAD,../../data/depthanything/moge_dataset/DDAD/val/003428/CAMERA_06/image.png
869,869,../../data/moge_dataset/DDAD/val/003436/CAMERA_01/image.jpg,../../data/moge_dataset/DDAD/val/003436/CAMERA_01/depth.png,../../data/moge_dataset/DDAD/val/003436/CAMERA_01/meta.json,DDAD,../../data/depthanything/moge_dataset/DDAD/val/003436/CAMERA_01/image.png
870,870,../../data/moge_dataset/DDAD/val/003436/CAMERA_06/image.jpg,../../data/moge_dataset/DDAD/val/003436/CAMERA_06/depth.png,../../data/moge_dataset/DDAD/val/003436/CAMERA_06/meta.json,DDAD,../../data/depthanything/moge_dataset/DDAD/val/003436/CAMERA_06/image.png
871,871,../../data/moge_dataset/DDAD/val/003439/CAMERA_06/image.jpg,../../data/moge_dataset/DDAD/val/003439/CAMERA_06/depth.png,../../data/moge_dataset/DDAD/val/003439/CAMERA_06/meta.json,DDAD,../../data/depthanything/moge_dataset/DDAD/val/003439/CAMERA_06/image.png
872,872,../../data/moge_dataset/DDAD/val/003442/CAMERA_09/image.jpg,../../data/moge_dataset/DDAD/val/003442/CAMERA_09/depth.png,../../data/moge_dataset/DDAD/val/003442/CAMERA_09/meta.json,DDAD,../../data/depthanything/moge_dataset/DDAD/val/003442/CAMERA_09/image.png
873,873,../../data/moge_dataset/DDAD/val/003449/CAMERA_01/image.jpg,../../data/moge_dataset/DDAD/val/003449/CAMERA_01/depth.png,../../data/moge_dataset/DDAD/val/003449/CAMERA_01/meta.json,DDAD,../../data/depthanything/moge_dataset/DDAD/val/003449/CAMERA_01/image.png
874,874,../../data/moge_dataset/DDAD/val/003451/CAMERA_09/image.jpg,../../data/moge_dataset/DDAD/val/003451/CAMERA_09/depth.png,../../data/moge_dataset/DDAD/val/003451/CAMERA_09/meta.json,DDAD,../../data/depthanything/moge_dataset/DDAD/val/003451/CAMERA_09/image.png
875,875,../../data/moge_dataset/DDAD/val/003452/CAMERA_05/image.jpg,../../data/moge_dataset/DDAD/val/003452/CAMERA_05/depth.png,../../data/moge_dataset/DDAD/val/003452/CAMERA_05/meta.json,DDAD,../../data/depthanything/moge_dataset/DDAD/val/003452/CAMERA_05/image.png
876,876,../../data/moge_dataset/DDAD/val/003453/CAMERA_05/image.jpg,../../data/moge_dataset/DDAD/val/003453/CAMERA_05/depth.png,../../data/moge_dataset/DDAD/val/003453/CAMERA_05/meta.json,DDAD,../../data/depthanything/moge_dataset/DDAD/val/003453/CAMERA_05/image.png
877,877,../../data/moge_dataset/DDAD/val/003457/CAMERA_06/image.jpg,../../data/moge_dataset/DDAD/val/003457/CAMERA_06/depth.png,../../data/moge_dataset/DDAD/val/003457/CAMERA_06/meta.json,DDAD,../../data/depthanything/moge_dataset/DDAD/val/003457/CAMERA_06/image.png
878,878,../../data/moge_dataset/DDAD/val/003460/CAMERA_06/image.jpg,../../data/moge_dataset/DDAD/val/003460/CAMERA_06/depth.png,../../data/moge_dataset/DDAD/val/003460/CAMERA_06/meta.json,DDAD,../../data/depthanything/moge_dataset/DDAD/val/003460/CAMERA_06/image.png
879,879,../../data/moge_dataset/DDAD/val/003466/CAMERA_05/image.jpg,../../data/moge_dataset/DDAD/val/003466/CAMERA_05/depth.png,../../data/moge_dataset/DDAD/val/003466/CAMERA_05/meta.json,DDAD,../../data/depthanything/moge_dataset/DDAD/val/003466/CAMERA_05/image.png
880,880,../../data/moge_dataset/DDAD/val/003472/CAMERA_01/image.jpg,../../data/moge_dataset/DDAD/val/003472/CAMERA_01/depth.png,../../data/moge_dataset/DDAD/val/003472/CAMERA_01/meta.json,DDAD,../../data/depthanything/moge_dataset/DDAD/val/003472/CAMERA_01/image.png
881,881,../../data/moge_dataset/DDAD/val/003491/CAMERA_06/image.jpg,../../data/moge_dataset/DDAD/val/003491/CAMERA_06/depth.png,../../data/moge_dataset/DDAD/val/003491/CAMERA_06/meta.json,DDAD,../../data/depthanything/moge_dataset/DDAD/val/003491/CAMERA_06/image.png
882,882,../../data/moge_dataset/DDAD/val/003494/CAMERA_09/image.jpg,../../data/moge_dataset/DDAD/val/003494/CAMERA_09/depth.png,../../data/moge_dataset/DDAD/val/003494/CAMERA_09/meta.json,DDAD,../../data/depthanything/moge_dataset/DDAD/val/003494/CAMERA_09/image.png
883,883,../../data/moge_dataset/DDAD/val/003495/CAMERA_01/image.jpg,../../data/moge_dataset/DDAD/val/003495/CAMERA_01/depth.png,../../data/moge_dataset/DDAD/val/003495/CAMERA_01/meta.json,DDAD,../../data/depthanything/moge_dataset/DDAD/val/003495/CAMERA_01/image.png
884,884,../../data/moge_dataset/DDAD/val/003497/CAMERA_05/image.jpg,../../data/moge_dataset/DDAD/val/003497/CAMERA_05/depth.png,../../data/moge_dataset/DDAD/val/003497/CAMERA_05/meta.json,DDAD,../../data/depthanything/moge_dataset/DDAD/val/003497/CAMERA_05/image.png
885,885,../../data/moge_dataset/DDAD/val/003499/CAMERA_09/image.jpg,../../data/moge_dataset/DDAD/val/003499/CAMERA_09/depth.png,../../data/moge_dataset/DDAD/val/003499/CAMERA_09/meta.json,DDAD,../../data/depthanything/moge_dataset/DDAD/val/003499/CAMERA_09/image.png
886,886,../../data/moge_dataset/DDAD/val/003500/CAMERA_05/image.jpg,../../data/moge_dataset/DDAD/val/003500/CAMERA_05/depth.png,../../data/moge_dataset/DDAD/val/003500/CAMERA_05/meta.json,DDAD,../../data/depthanything/moge_dataset/DDAD/val/003500/CAMERA_05/image.png
887,887,../../data/moge_dataset/DDAD/val/003510/CAMERA_01/image.jpg,../../data/moge_dataset/DDAD/val/003510/CAMERA_01/depth.png,../../data/moge_dataset/DDAD/val/003510/CAMERA_01/meta.json,DDAD,../../data/depthanything/moge_dataset/DDAD/val/003510/CAMERA_01/image.png
888,888,../../data/moge_dataset/DDAD/val/003522/CAMERA_09/image.jpg,../../data/moge_dataset/DDAD/val/003522/CAMERA_09/depth.png,../../data/moge_dataset/DDAD/val/003522/CAMERA_09/meta.json,DDAD,../../data/depthanything/moge_dataset/DDAD/val/003522/CAMERA_09/image.png
889,889,../../data/moge_dataset/DDAD/val/003523/CAMERA_01/image.jpg,../../data/moge_dataset/DDAD/val/003523/CAMERA_01/depth.png,../../data/moge_dataset/DDAD/val/003523/CAMERA_01/meta.json,DDAD,../../data/depthanything/moge_dataset/DDAD/val/003523/CAMERA_01/image.png
890,890,../../data/moge_dataset/DDAD/val/003528/CAMERA_01/image.jpg,../../data/moge_dataset/DDAD/val/003528/CAMERA_01/depth.png,../../data/moge_dataset/DDAD/val/003528/CAMERA_01/meta.json,DDAD,../../data/depthanything/moge_dataset/DDAD/val/003528/CAMERA_01/image.png
891,891,../../data/moge_dataset/DDAD/val/003536/CAMERA_01/image.jpg,../../data/moge_dataset/DDAD/val/003536/CAMERA_01/depth.png,../../data/moge_dataset/DDAD/val/003536/CAMERA_01/meta.json,DDAD,../../data/depthanything/moge_dataset/DDAD/val/003536/CAMERA_01/image.png
892,892,../../data/moge_dataset/DDAD/val/003539/CAMERA_09/image.jpg,../../data/moge_dataset/DDAD/val/003539/CAMERA_09/depth.png,../../data/moge_dataset/DDAD/val/003539/CAMERA_09/meta.json,DDAD,../../data/depthanything/moge_dataset/DDAD/val/003539/CAMERA_09/image.png
893,893,../../data/moge_dataset/DDAD/val/003544/CAMERA_01/image.jpg,../../data/moge_dataset/DDAD/val/003544/CAMERA_01/depth.png,../../data/moge_dataset/DDAD/val/003544/CAMERA_01/meta.json,DDAD,../../data/depthanything/moge_dataset/DDAD/val/003544/CAMERA_01/image.png
894,894,../../data/moge_dataset/DDAD/val/003552/CAMERA_09/image.jpg,../../data/moge_dataset/DDAD/val/003552/CAMERA_09/depth.png,../../data/moge_dataset/DDAD/val/003552/CAMERA_09/meta.json,DDAD,../../data/depthanything/moge_dataset/DDAD/val/003552/CAMERA_09/image.png
895,895,../../data/moge_dataset/DDAD/val/003567/CAMERA_05/image.jpg,../../data/moge_dataset/DDAD/val/003567/CAMERA_05/depth.png,../../data/moge_dataset/DDAD/val/003567/CAMERA_05/meta.json,DDAD,../../data/depthanything/moge_dataset/DDAD/val/003567/CAMERA_05/image.png
896,896,../../data/moge_dataset/DDAD/val/003575/CAMERA_01/image.jpg,../../data/moge_dataset/DDAD/val/003575/CAMERA_01/depth.png,../../data/moge_dataset/DDAD/val/003575/CAMERA_01/meta.json,DDAD,../../data/depthanything/moge_dataset/DDAD/val/003575/CAMERA_01/image.png
897,897,../../data/moge_dataset/DDAD/val/003575/CAMERA_05/image.jpg,../../data/moge_dataset/DDAD/val/003575/CAMERA_05/depth.png,../../data/moge_dataset/DDAD/val/003575/CAMERA_05/meta.json,DDAD,../../data/depthanything/moge_dataset/DDAD/val/003575/CAMERA_05/image.png
898,898,../../data/moge_dataset/DDAD/val/003584/CAMERA_01/image.jpg,../../data/moge_dataset/DDAD/val/003584/CAMERA_01/depth.png,../../data/moge_dataset/DDAD/val/003584/CAMERA_01/meta.json,DDAD,../../data/depthanything/moge_dataset/DDAD/val/003584/CAMERA_01/image.png
899,899,../../data/moge_dataset/DDAD/val/003586/CAMERA_09/image.jpg,../../data/moge_dataset/DDAD/val/003586/CAMERA_09/depth.png,../../data/moge_dataset/DDAD/val/003586/CAMERA_09/meta.json,DDAD,../../data/depthanything/moge_dataset/DDAD/val/003586/CAMERA_09/image.png
900,900,../../data/moge_dataset/DDAD/val/003606/CAMERA_05/image.jpg,../../data/moge_dataset/DDAD/val/003606/CAMERA_05/depth.png,../../data/moge_dataset/DDAD/val/003606/CAMERA_05/meta.json,DDAD,../../data/depthanything/moge_dataset/DDAD/val/003606/CAMERA_05/image.png
901,901,../../data/moge_dataset/DDAD/val/003607/CAMERA_06/image.jpg,../../data/moge_dataset/DDAD/val/003607/CAMERA_06/depth.png,../../data/moge_dataset/DDAD/val/003607/CAMERA_06/meta.json,DDAD,../../data/depthanything/moge_dataset/DDAD/val/003607/CAMERA_06/image.png
902,902,../../data/moge_dataset/DDAD/val/003608/CAMERA_05/image.jpg,../../data/moge_dataset/DDAD/val/003608/CAMERA_05/depth.png,../../data/moge_dataset/DDAD/val/003608/CAMERA_05/meta.json,DDAD,../../data/depthanything/moge_dataset/DDAD/val/003608/CAMERA_05/image.png
903,903,../../data/moge_dataset/DDAD/val/003613/CAMERA_06/image.jpg,../../data/moge_dataset/DDAD/val/003613/CAMERA_06/depth.png,../../data/moge_dataset/DDAD/val/003613/CAMERA_06/meta.json,DDAD,../../data/depthanything/moge_dataset/DDAD/val/003613/CAMERA_06/image.png
904,904,../../data/moge_dataset/DDAD/val/003617/CAMERA_09/image.jpg,../../data/moge_dataset/DDAD/val/003617/CAMERA_09/depth.png,../../data/moge_dataset/DDAD/val/003617/CAMERA_09/meta.json,DDAD,../../data/depthanything/moge_dataset/DDAD/val/003617/CAMERA_09/image.png
905,905,../../data/moge_dataset/DDAD/val/003620/CAMERA_09/image.jpg,../../data/moge_dataset/DDAD/val/003620/CAMERA_09/depth.png,../../data/moge_dataset/DDAD/val/003620/CAMERA_09/meta.json,DDAD,../../data/depthanything/moge_dataset/DDAD/val/003620/CAMERA_09/image.png
906,906,../../data/moge_dataset/DDAD/val/003624/CAMERA_06/image.jpg,../../data/moge_dataset/DDAD/val/003624/CAMERA_06/depth.png,../../data/moge_dataset/DDAD/val/003624/CAMERA_06/meta.json,DDAD,../../data/depthanything/moge_dataset/DDAD/val/003624/CAMERA_06/image.png
907,907,../../data/moge_dataset/DDAD/val/003625/CAMERA_06/image.jpg,../../data/moge_dataset/DDAD/val/003625/CAMERA_06/depth.png,../../data/moge_dataset/DDAD/val/003625/CAMERA_06/meta.json,DDAD,../../data/depthanything/moge_dataset/DDAD/val/003625/CAMERA_06/image.png
908,908,../../data/moge_dataset/DDAD/val/003631/CAMERA_05/image.jpg,../../data/moge_dataset/DDAD/val/003631/CAMERA_05/depth.png,../../data/moge_dataset/DDAD/val/003631/CAMERA_05/meta.json,DDAD,../../data/depthanything/moge_dataset/DDAD/val/003631/CAMERA_05/image.png
909,909,../../data/moge_dataset/DDAD/val/003633/CAMERA_06/image.jpg,../../data/moge_dataset/DDAD/val/003633/CAMERA_06/depth.png,../../data/moge_dataset/DDAD/val/003633/CAMERA_06/meta.json,DDAD,../../data/depthanything/moge_dataset/DDAD/val/003633/CAMERA_06/image.png
910,910,../../data/moge_dataset/DDAD/val/003634/CAMERA_09/image.jpg,../../data/moge_dataset/DDAD/val/003634/CAMERA_09/depth.png,../../data/moge_dataset/DDAD/val/003634/CAMERA_09/meta.json,DDAD,../../data/depthanything/moge_dataset/DDAD/val/003634/CAMERA_09/image.png
911,911,../../data/moge_dataset/DDAD/val/003639/CAMERA_06/image.jpg,../../data/moge_dataset/DDAD/val/003639/CAMERA_06/depth.png,../../data/moge_dataset/DDAD/val/003639/CAMERA_06/meta.json,DDAD,../../data/depthanything/moge_dataset/DDAD/val/003639/CAMERA_06/image.png
912,912,../../data/moge_dataset/DDAD/val/003650/CAMERA_01/image.jpg,../../data/moge_dataset/DDAD/val/003650/CAMERA_01/depth.png,../../data/moge_dataset/DDAD/val/003650/CAMERA_01/meta.json,DDAD,../../data/depthanything/moge_dataset/DDAD/val/003650/CAMERA_01/image.png
913,913,../../data/moge_dataset/DDAD/val/003653/CAMERA_01/image.jpg,../../data/moge_dataset/DDAD/val/003653/CAMERA_01/depth.png,../../data/moge_dataset/DDAD/val/003653/CAMERA_01/meta.json,DDAD,../../data/depthanything/moge_dataset/DDAD/val/003653/CAMERA_01/image.png
914,914,../../data/moge_dataset/DDAD/val/003663/CAMERA_09/image.jpg,../../data/moge_dataset/DDAD/val/003663/CAMERA_09/depth.png,../../data/moge_dataset/DDAD/val/003663/CAMERA_09/meta.json,DDAD,../../data/depthanything/moge_dataset/DDAD/val/003663/CAMERA_09/image.png
915,915,../../data/moge_dataset/DDAD/val/003664/CAMERA_01/image.jpg,../../data/moge_dataset/DDAD/val/003664/CAMERA_01/depth.png,../../data/moge_dataset/DDAD/val/003664/CAMERA_01/meta.json,DDAD,../../data/depthanything/moge_dataset/DDAD/val/003664/CAMERA_01/image.png
916,916,../../data/moge_dataset/DDAD/val/003668/CAMERA_09/image.jpg,../../data/moge_dataset/DDAD/val/003668/CAMERA_09/depth.png,../../data/moge_dataset/DDAD/val/003668/CAMERA_09/meta.json,DDAD,../../data/depthanything/moge_dataset/DDAD/val/003668/CAMERA_09/image.png
917,917,../../data/moge_dataset/DDAD/val/003670/CAMERA_06/image.jpg,../../data/moge_dataset/DDAD/val/003670/CAMERA_06/depth.png,../../data/moge_dataset/DDAD/val/003670/CAMERA_06/meta.json,DDAD,../../data/depthanything/moge_dataset/DDAD/val/003670/CAMERA_06/image.png
918,918,../../data/moge_dataset/DDAD/val/003678/CAMERA_06/image.jpg,../../data/moge_dataset/DDAD/val/003678/CAMERA_06/depth.png,../../data/moge_dataset/DDAD/val/003678/CAMERA_06/meta.json,DDAD,../../data/depthanything/moge_dataset/DDAD/val/003678/CAMERA_06/image.png
919,919,../../data/moge_dataset/DDAD/val/003679/CAMERA_09/image.jpg,../../data/moge_dataset/DDAD/val/003679/CAMERA_09/depth.png,../../data/moge_dataset/DDAD/val/003679/CAMERA_09/meta.json,DDAD,../../data/depthanything/moge_dataset/DDAD/val/003679/CAMERA_09/image.png
920,920,../../data/moge_dataset/DDAD/val/003682/CAMERA_01/image.jpg,../../data/moge_dataset/DDAD/val/003682/CAMERA_01/depth.png,../../data/moge_dataset/DDAD/val/003682/CAMERA_01/meta.json,DDAD,../../data/depthanything/moge_dataset/DDAD/val/003682/CAMERA_01/image.png
921,921,../../data/moge_dataset/DDAD/val/003683/CAMERA_01/image.jpg,../../data/moge_dataset/DDAD/val/003683/CAMERA_01/depth.png,../../data/moge_dataset/DDAD/val/003683/CAMERA_01/meta.json,DDAD,../../data/depthanything/moge_dataset/DDAD/val/003683/CAMERA_01/image.png
922,922,../../data/moge_dataset/DDAD/val/003690/CAMERA_06/image.jpg,../../data/moge_dataset/DDAD/val/003690/CAMERA_06/depth.png,../../data/moge_dataset/DDAD/val/003690/CAMERA_06/meta.json,DDAD,../../data/depthanything/moge_dataset/DDAD/val/003690/CAMERA_06/image.png
923,923,../../data/moge_dataset/DDAD/val/003694/CAMERA_01/image.jpg,../../data/moge_dataset/DDAD/val/003694/CAMERA_01/depth.png,../../data/moge_dataset/DDAD/val/003694/CAMERA_01/meta.json,DDAD,../../data/depthanything/moge_dataset/DDAD/val/003694/CAMERA_01/image.png
924,924,../../data/moge_dataset/DDAD/val/003694/CAMERA_09/image.jpg,../../data/moge_dataset/DDAD/val/003694/CAMERA_09/depth.png,../../data/moge_dataset/DDAD/val/003694/CAMERA_09/meta.json,DDAD,../../data/depthanything/moge_dataset/DDAD/val/003694/CAMERA_09/image.png
925,925,../../data/moge_dataset/DDAD/val/003707/CAMERA_05/image.jpg,../../data/moge_dataset/DDAD/val/003707/CAMERA_05/depth.png,../../data/moge_dataset/DDAD/val/003707/CAMERA_05/meta.json,DDAD,../../data/depthanything/moge_dataset/DDAD/val/003707/CAMERA_05/image.png
926,926,../../data/moge_dataset/DDAD/val/003710/CAMERA_01/image.jpg,../../data/moge_dataset/DDAD/val/003710/CAMERA_01/depth.png,../../data/moge_dataset/DDAD/val/003710/CAMERA_01/meta.json,DDAD,../../data/depthanything/moge_dataset/DDAD/val/003710/CAMERA_01/image.png
927,927,../../data/moge_dataset/DDAD/val/003710/CAMERA_06/image.jpg,../../data/moge_dataset/DDAD/val/003710/CAMERA_06/depth.png,../../data/moge_dataset/DDAD/val/003710/CAMERA_06/meta.json,DDAD,../../data/depthanything/moge_dataset/DDAD/val/003710/CAMERA_06/image.png
928,928,../../data/moge_dataset/DDAD/val/003719/CAMERA_01/image.jpg,../../data/moge_dataset/DDAD/val/003719/CAMERA_01/depth.png,../../data/moge_dataset/DDAD/val/003719/CAMERA_01/meta.json,DDAD,../../data/depthanything/moge_dataset/DDAD/val/003719/CAMERA_01/image.png
929,929,../../data/moge_dataset/DDAD/val/003725/CAMERA_05/image.jpg,../../data/moge_dataset/DDAD/val/003725/CAMERA_05/depth.png,../../data/moge_dataset/DDAD/val/003725/CAMERA_05/meta.json,DDAD,../../data/depthanything/moge_dataset/DDAD/val/003725/CAMERA_05/image.png
930,930,../../data/moge_dataset/DDAD/val/003725/CAMERA_06/image.jpg,../../data/moge_dataset/DDAD/val/003725/CAMERA_06/depth.png,../../data/moge_dataset/DDAD/val/003725/CAMERA_06/meta.json,DDAD,../../data/depthanything/moge_dataset/DDAD/val/003725/CAMERA_06/image.png
931,931,../../data/moge_dataset/DDAD/val/003728/CAMERA_09/image.jpg,../../data/moge_dataset/DDAD/val/003728/CAMERA_09/depth.png,../../data/moge_dataset/DDAD/val/003728/CAMERA_09/meta.json,DDAD,../../data/depthanything/moge_dataset/DDAD/val/003728/CAMERA_09/image.png
932,932,../../data/moge_dataset/DDAD/val/003729/CAMERA_09/image.jpg,../../data/moge_dataset/DDAD/val/003729/CAMERA_09/depth.png,../../data/moge_dataset/DDAD/val/003729/CAMERA_09/meta.json,DDAD,../../data/depthanything/moge_dataset/DDAD/val/003729/CAMERA_09/image.png
933,933,../../data/moge_dataset/DDAD/val/003734/CAMERA_09/image.jpg,../../data/moge_dataset/DDAD/val/003734/CAMERA_09/depth.png,../../data/moge_dataset/DDAD/val/003734/CAMERA_09/meta.json,DDAD,../../data/depthanything/moge_dataset/DDAD/val/003734/CAMERA_09/image.png
934,934,../../data/moge_dataset/DDAD/val/003751/CAMERA_09/image.jpg,../../data/moge_dataset/DDAD/val/003751/CAMERA_09/depth.png,../../data/moge_dataset/DDAD/val/003751/CAMERA_09/meta.json,DDAD,../../data/depthanything/moge_dataset/DDAD/val/003751/CAMERA_09/image.png
935,935,../../data/moge_dataset/DDAD/val/003757/CAMERA_09/image.jpg,../../data/moge_dataset/DDAD/val/003757/CAMERA_09/depth.png,../../data/moge_dataset/DDAD/val/003757/CAMERA_09/meta.json,DDAD,../../data/depthanything/moge_dataset/DDAD/val/003757/CAMERA_09/image.png
936,936,../../data/moge_dataset/DDAD/val/003759/CAMERA_05/image.jpg,../../data/moge_dataset/DDAD/val/003759/CAMERA_05/depth.png,../../data/moge_dataset/DDAD/val/003759/CAMERA_05/meta.json,DDAD,../../data/depthanything/moge_dataset/DDAD/val/003759/CAMERA_05/image.png
937,937,../../data/moge_dataset/DDAD/val/003760/CAMERA_01/image.jpg,../../data/moge_dataset/DDAD/val/003760/CAMERA_01/depth.png,../../data/moge_dataset/DDAD/val/003760/CAMERA_01/meta.json,DDAD,../../data/depthanything/moge_dataset/DDAD/val/003760/CAMERA_01/image.png
938,938,../../data/moge_dataset/DDAD/val/003760/CAMERA_06/image.jpg,../../data/moge_dataset/DDAD/val/003760/CAMERA_06/depth.png,../../data/moge_dataset/DDAD/val/003760/CAMERA_06/meta.json,DDAD,../../data/depthanything/moge_dataset/DDAD/val/003760/CAMERA_06/image.png
939,939,../../data/moge_dataset/DDAD/val/003761/CAMERA_05/image.jpg,../../data/moge_dataset/DDAD/val/003761/CAMERA_05/depth.png,../../data/moge_dataset/DDAD/val/003761/CAMERA_05/meta.json,DDAD,../../data/depthanything/moge_dataset/DDAD/val/003761/CAMERA_05/image.png
940,940,../../data/moge_dataset/DDAD/val/003762/CAMERA_06/image.jpg,../../data/moge_dataset/DDAD/val/003762/CAMERA_06/depth.png,../../data/moge_dataset/DDAD/val/003762/CAMERA_06/meta.json,DDAD,../../data/depthanything/moge_dataset/DDAD/val/003762/CAMERA_06/image.png
941,941,../../data/moge_dataset/DDAD/val/003764/CAMERA_01/image.jpg,../../data/moge_dataset/DDAD/val/003764/CAMERA_01/depth.png,../../data/moge_dataset/DDAD/val/003764/CAMERA_01/meta.json,DDAD,../../data/depthanything/moge_dataset/DDAD/val/003764/CAMERA_01/image.png
942,942,../../data/moge_dataset/DDAD/val/003770/CAMERA_01/image.jpg,../../data/moge_dataset/DDAD/val/003770/CAMERA_01/depth.png,../../data/moge_dataset/DDAD/val/003770/CAMERA_01/meta.json,DDAD,../../data/depthanything/moge_dataset/DDAD/val/003770/CAMERA_01/image.png
943,943,../../data/moge_dataset/DDAD/val/003777/CAMERA_06/image.jpg,../../data/moge_dataset/DDAD/val/003777/CAMERA_06/depth.png,../../data/moge_dataset/DDAD/val/003777/CAMERA_06/meta.json,DDAD,../../data/depthanything/moge_dataset/DDAD/val/003777/CAMERA_06/image.png
944,944,../../data/moge_dataset/DDAD/val/003781/CAMERA_09/image.jpg,../../data/moge_dataset/DDAD/val/003781/CAMERA_09/depth.png,../../data/moge_dataset/DDAD/val/003781/CAMERA_09/meta.json,DDAD,../../data/depthanything/moge_dataset/DDAD/val/003781/CAMERA_09/image.png
945,945,../../data/moge_dataset/DDAD/val/003784/CAMERA_05/image.jpg,../../data/moge_dataset/DDAD/val/003784/CAMERA_05/depth.png,../../data/moge_dataset/DDAD/val/003784/CAMERA_05/meta.json,DDAD,../../data/depthanything/moge_dataset/DDAD/val/003784/CAMERA_05/image.png
946,946,../../data/moge_dataset/DDAD/val/003784/CAMERA_06/image.jpg,../../data/moge_dataset/DDAD/val/003784/CAMERA_06/depth.png,../../data/moge_dataset/DDAD/val/003784/CAMERA_06/meta.json,DDAD,../../data/depthanything/moge_dataset/DDAD/val/003784/CAMERA_06/image.png
947,947,../../data/moge_dataset/DDAD/val/003792/CAMERA_09/image.jpg,../../data/moge_dataset/DDAD/val/003792/CAMERA_09/depth.png,../../data/moge_dataset/DDAD/val/003792/CAMERA_09/meta.json,DDAD,../../data/depthanything/moge_dataset/DDAD/val/003792/CAMERA_09/image.png
948,948,../../data/moge_dataset/DDAD/val/003793/CAMERA_01/image.jpg,../../data/moge_dataset/DDAD/val/003793/CAMERA_01/depth.png,../../data/moge_dataset/DDAD/val/003793/CAMERA_01/meta.json,DDAD,../../data/depthanything/moge_dataset/DDAD/val/003793/CAMERA_01/image.png
949,949,../../data/moge_dataset/DDAD/val/003794/CAMERA_05/image.jpg,../../data/moge_dataset/DDAD/val/003794/CAMERA_05/depth.png,../../data/moge_dataset/DDAD/val/003794/CAMERA_05/meta.json,DDAD,../../data/depthanything/moge_dataset/DDAD/val/003794/CAMERA_05/image.png
950,950,../../data/moge_dataset/DDAD/val/003795/CAMERA_09/image.jpg,../../data/moge_dataset/DDAD/val/003795/CAMERA_09/depth.png,../../data/moge_dataset/DDAD/val/003795/CAMERA_09/meta.json,DDAD,../../data/depthanything/moge_dataset/DDAD/val/003795/CAMERA_09/image.png
951,951,../../data/moge_dataset/DDAD/val/003797/CAMERA_06/image.jpg,../../data/moge_dataset/DDAD/val/003797/CAMERA_06/depth.png,../../data/moge_dataset/DDAD/val/003797/CAMERA_06/meta.json,DDAD,../../data/depthanything/moge_dataset/DDAD/val/003797/CAMERA_06/image.png
952,952,../../data/moge_dataset/DDAD/val/003797/CAMERA_09/image.jpg,../../data/moge_dataset/DDAD/val/003797/CAMERA_09/depth.png,../../data/moge_dataset/DDAD/val/003797/CAMERA_09/meta.json,DDAD,../../data/depthanything/moge_dataset/DDAD/val/003797/CAMERA_09/image.png
953,953,../../data/moge_dataset/DDAD/val/003806/CAMERA_06/image.jpg,../../data/moge_dataset/DDAD/val/003806/CAMERA_06/depth.png,../../data/moge_dataset/DDAD/val/003806/CAMERA_06/meta.json,DDAD,../../data/depthanything/moge_dataset/DDAD/val/003806/CAMERA_06/image.png
954,954,../../data/moge_dataset/DDAD/val/003808/CAMERA_06/image.jpg,../../data/moge_dataset/DDAD/val/003808/CAMERA_06/depth.png,../../data/moge_dataset/DDAD/val/003808/CAMERA_06/meta.json,DDAD,../../data/depthanything/moge_dataset/DDAD/val/003808/CAMERA_06/image.png
955,955,../../data/moge_dataset/DDAD/val/003809/CAMERA_09/image.jpg,../../data/moge_dataset/DDAD/val/003809/CAMERA_09/depth.png,../../data/moge_dataset/DDAD/val/003809/CAMERA_09/meta.json,DDAD,../../data/depthanything/moge_dataset/DDAD/val/003809/CAMERA_09/image.png
956,956,../../data/moge_dataset/DDAD/val/003817/CAMERA_06/image.jpg,../../data/moge_dataset/DDAD/val/003817/CAMERA_06/depth.png,../../data/moge_dataset/DDAD/val/003817/CAMERA_06/meta.json,DDAD,../../data/depthanything/moge_dataset/DDAD/val/003817/CAMERA_06/image.png
957,957,../../data/moge_dataset/DDAD/val/003820/CAMERA_06/image.jpg,../../data/moge_dataset/DDAD/val/003820/CAMERA_06/depth.png,../../data/moge_dataset/DDAD/val/003820/CAMERA_06/meta.json,DDAD,../../data/depthanything/moge_dataset/DDAD/val/003820/CAMERA_06/image.png
958,958,../../data/moge_dataset/DDAD/val/003821/CAMERA_01/image.jpg,../../data/moge_dataset/DDAD/val/003821/CAMERA_01/depth.png,../../data/moge_dataset/DDAD/val/003821/CAMERA_01/meta.json,DDAD,../../data/depthanything/moge_dataset/DDAD/val/003821/CAMERA_01/image.png
959,959,../../data/moge_dataset/DDAD/val/003821/CAMERA_05/image.jpg,../../data/moge_dataset/DDAD/val/003821/CAMERA_05/depth.png,../../data/moge_dataset/DDAD/val/003821/CAMERA_05/meta.json,DDAD,../../data/depthanything/moge_dataset/DDAD/val/003821/CAMERA_05/image.png
960,960,../../data/moge_dataset/DDAD/val/003823/CAMERA_06/image.jpg,../../data/moge_dataset/DDAD/val/003823/CAMERA_06/depth.png,../../data/moge_dataset/DDAD/val/003823/CAMERA_06/meta.json,DDAD,../../data/depthanything/moge_dataset/DDAD/val/003823/CAMERA_06/image.png
961,961,../../data/moge_dataset/DDAD/val/003823/CAMERA_09/image.jpg,../../data/moge_dataset/DDAD/val/003823/CAMERA_09/depth.png,../../data/moge_dataset/DDAD/val/003823/CAMERA_09/meta.json,DDAD,../../data/depthanything/moge_dataset/DDAD/val/003823/CAMERA_09/image.png
962,962,../../data/moge_dataset/DDAD/val/003830/CAMERA_01/image.jpg,../../data/moge_dataset/DDAD/val/003830/CAMERA_01/depth.png,../../data/moge_dataset/DDAD/val/003830/CAMERA_01/meta.json,DDAD,../../data/depthanything/moge_dataset/DDAD/val/003830/CAMERA_01/image.png
963,963,../../data/moge_dataset/DDAD/val/003830/CAMERA_06/image.jpg,../../data/moge_dataset/DDAD/val/003830/CAMERA_06/depth.png,../../data/moge_dataset/DDAD/val/003830/CAMERA_06/meta.json,DDAD,../../data/depthanything/moge_dataset/DDAD/val/003830/CAMERA_06/image.png
964,964,../../data/moge_dataset/DDAD/val/003831/CAMERA_01/image.jpg,../../data/moge_dataset/DDAD/val/003831/CAMERA_01/depth.png,../../data/moge_dataset/DDAD/val/003831/CAMERA_01/meta.json,DDAD,../../data/depthanything/moge_dataset/DDAD/val/003831/CAMERA_01/image.png
965,965,../../data/moge_dataset/DDAD/val/003831/CAMERA_09/image.jpg,../../data/moge_dataset/DDAD/val/003831/CAMERA_09/depth.png,../../data/moge_dataset/DDAD/val/003831/CAMERA_09/meta.json,DDAD,../../data/depthanything/moge_dataset/DDAD/val/003831/CAMERA_09/image.png
966,966,../../data/moge_dataset/DDAD/val/003836/CAMERA_05/image.jpg,../../data/moge_dataset/DDAD/val/003836/CAMERA_05/depth.png,../../data/moge_dataset/DDAD/val/003836/CAMERA_05/meta.json,DDAD,../../data/depthanything/moge_dataset/DDAD/val/003836/CAMERA_05/image.png
967,967,../../data/moge_dataset/DDAD/val/003836/CAMERA_09/image.jpg,../../data/moge_dataset/DDAD/val/003836/CAMERA_09/depth.png,../../data/moge_dataset/DDAD/val/003836/CAMERA_09/meta.json,DDAD,../../data/depthanything/moge_dataset/DDAD/val/003836/CAMERA_09/image.png
968,968,../../data/moge_dataset/DDAD/val/003842/CAMERA_09/image.jpg,../../data/moge_dataset/DDAD/val/003842/CAMERA_09/depth.png,../../data/moge_dataset/DDAD/val/003842/CAMERA_09/meta.json,DDAD,../../data/depthanything/moge_dataset/DDAD/val/003842/CAMERA_09/image.png
969,969,../../data/moge_dataset/DDAD/val/003845/CAMERA_05/image.jpg,../../data/moge_dataset/DDAD/val/003845/CAMERA_05/depth.png,../../data/moge_dataset/DDAD/val/003845/CAMERA_05/meta.json,DDAD,../../data/depthanything/moge_dataset/DDAD/val/003845/CAMERA_05/image.png
970,970,../../data/moge_dataset/DDAD/val/003846/CAMERA_06/image.jpg,../../data/moge_dataset/DDAD/val/003846/CAMERA_06/depth.png,../../data/moge_dataset/DDAD/val/003846/CAMERA_06/meta.json,DDAD,../../data/depthanything/moge_dataset/DDAD/val/003846/CAMERA_06/image.png
971,971,../../data/moge_dataset/DDAD/val/003847/CAMERA_01/image.jpg,../../data/moge_dataset/DDAD/val/003847/CAMERA_01/depth.png,../../data/moge_dataset/DDAD/val/003847/CAMERA_01/meta.json,DDAD,../../data/depthanything/moge_dataset/DDAD/val/003847/CAMERA_01/image.png
972,972,../../data/moge_dataset/DDAD/val/003847/CAMERA_05/image.jpg,../../data/moge_dataset/DDAD/val/003847/CAMERA_05/depth.png,../../data/moge_dataset/DDAD/val/003847/CAMERA_05/meta.json,DDAD,../../data/depthanything/moge_dataset/DDAD/val/003847/CAMERA_05/image.png
973,973,../../data/moge_dataset/DDAD/val/003856/CAMERA_09/image.jpg,../../data/moge_dataset/DDAD/val/003856/CAMERA_09/depth.png,../../data/moge_dataset/DDAD/val/003856/CAMERA_09/meta.json,DDAD,../../data/depthanything/moge_dataset/DDAD/val/003856/CAMERA_09/image.png
974,974,../../data/moge_dataset/DDAD/val/003858/CAMERA_01/image.jpg,../../data/moge_dataset/DDAD/val/003858/CAMERA_01/depth.png,../../data/moge_dataset/DDAD/val/003858/CAMERA_01/meta.json,DDAD,../../data/depthanything/moge_dataset/DDAD/val/003858/CAMERA_01/image.png
975,975,../../data/moge_dataset/DDAD/val/003867/CAMERA_06/image.jpg,../../data/moge_dataset/DDAD/val/003867/CAMERA_06/depth.png,../../data/moge_dataset/DDAD/val/003867/CAMERA_06/meta.json,DDAD,../../data/depthanything/moge_dataset/DDAD/val/003867/CAMERA_06/image.png
976,976,../../data/moge_dataset/DDAD/val/003868/CAMERA_05/image.jpg,../../data/moge_dataset/DDAD/val/003868/CAMERA_05/depth.png,../../data/moge_dataset/DDAD/val/003868/CAMERA_05/meta.json,DDAD,../../data/depthanything/moge_dataset/DDAD/val/003868/CAMERA_05/image.png
977,977,../../data/moge_dataset/DDAD/val/003878/CAMERA_05/image.jpg,../../data/moge_dataset/DDAD/val/003878/CAMERA_05/depth.png,../../data/moge_dataset/DDAD/val/003878/CAMERA_05/meta.json,DDAD,../../data/depthanything/moge_dataset/DDAD/val/003878/CAMERA_05/image.png
978,978,../../data/moge_dataset/DDAD/val/003879/CAMERA_09/image.jpg,../../data/moge_dataset/DDAD/val/003879/CAMERA_09/depth.png,../../data/moge_dataset/DDAD/val/003879/CAMERA_09/meta.json,DDAD,../../data/depthanything/moge_dataset/DDAD/val/003879/CAMERA_09/image.png
979,979,../../data/moge_dataset/DDAD/val/003880/CAMERA_05/image.jpg,../../data/moge_dataset/DDAD/val/003880/CAMERA_05/depth.png,../../data/moge_dataset/DDAD/val/003880/CAMERA_05/meta.json,DDAD,../../data/depthanything/moge_dataset/DDAD/val/003880/CAMERA_05/image.png
980,980,../../data/moge_dataset/DDAD/val/003881/CAMERA_01/image.jpg,../../data/moge_dataset/DDAD/val/003881/CAMERA_01/depth.png,../../data/moge_dataset/DDAD/val/003881/CAMERA_01/meta.json,DDAD,../../data/depthanything/moge_dataset/DDAD/val/003881/CAMERA_01/image.png
981,981,../../data/moge_dataset/DDAD/val/003884/CAMERA_01/image.jpg,../../data/moge_dataset/DDAD/val/003884/CAMERA_01/depth.png,../../data/moge_dataset/DDAD/val/003884/CAMERA_01/meta.json,DDAD,../../data/depthanything/moge_dataset/DDAD/val/003884/CAMERA_01/image.png
982,982,../../data/moge_dataset/DDAD/val/003885/CAMERA_01/image.jpg,../../data/moge_dataset/DDAD/val/003885/CAMERA_01/depth.png,../../data/moge_dataset/DDAD/val/003885/CAMERA_01/meta.json,DDAD,../../data/depthanything/moge_dataset/DDAD/val/003885/CAMERA_01/image.png
983,983,../../data/moge_dataset/DDAD/val/003890/CAMERA_05/image.jpg,../../data/moge_dataset/DDAD/val/003890/CAMERA_05/depth.png,../../data/moge_dataset/DDAD/val/003890/CAMERA_05/meta.json,DDAD,../../data/depthanything/moge_dataset/DDAD/val/003890/CAMERA_05/image.png
984,984,../../data/moge_dataset/DDAD/val/003893/CAMERA_05/image.jpg,../../data/moge_dataset/DDAD/val/003893/CAMERA_05/depth.png,../../data/moge_dataset/DDAD/val/003893/CAMERA_05/meta.json,DDAD,../../data/depthanything/moge_dataset/DDAD/val/003893/CAMERA_05/image.png
985,985,../../data/moge_dataset/DDAD/val/003894/CAMERA_06/image.jpg,../../data/moge_dataset/DDAD/val/003894/CAMERA_06/depth.png,../../data/moge_dataset/DDAD/val/003894/CAMERA_06/meta.json,DDAD,../../data/depthanything/moge_dataset/DDAD/val/003894/CAMERA_06/image.png
986,986,../../data/moge_dataset/DDAD/val/003894/CAMERA_09/image.jpg,../../data/moge_dataset/DDAD/val/003894/CAMERA_09/depth.png,../../data/moge_dataset/DDAD/val/003894/CAMERA_09/meta.json,DDAD,../../data/depthanything/moge_dataset/DDAD/val/003894/CAMERA_09/image.png
987,987,../../data/moge_dataset/DDAD/val/003896/CAMERA_06/image.jpg,../../data/moge_dataset/DDAD/val/003896/CAMERA_06/depth.png,../../data/moge_dataset/DDAD/val/003896/CAMERA_06/meta.json,DDAD,../../data/depthanything/moge_dataset/DDAD/val/003896/CAMERA_06/image.png
988,988,../../data/moge_dataset/DDAD/val/003897/CAMERA_09/image.jpg,../../data/moge_dataset/DDAD/val/003897/CAMERA_09/depth.png,../../data/moge_dataset/DDAD/val/003897/CAMERA_09/meta.json,DDAD,../../data/depthanything/moge_dataset/DDAD/val/003897/CAMERA_09/image.png
989,989,../../data/moge_dataset/DDAD/val/003902/CAMERA_06/image.jpg,../../data/moge_dataset/DDAD/val/003902/CAMERA_06/depth.png,../../data/moge_dataset/DDAD/val/003902/CAMERA_06/meta.json,DDAD,../../data/depthanything/moge_dataset/DDAD/val/003902/CAMERA_06/image.png
990,990,../../data/moge_dataset/DDAD/val/003911/CAMERA_05/image.jpg,../../data/moge_dataset/DDAD/val/003911/CAMERA_05/depth.png,../../data/moge_dataset/DDAD/val/003911/CAMERA_05/meta.json,DDAD,../../data/depthanything/moge_dataset/DDAD/val/003911/CAMERA_05/image.png
991,991,../../data/moge_dataset/DDAD/val/003913/CAMERA_06/image.jpg,../../data/moge_dataset/DDAD/val/003913/CAMERA_06/depth.png,../../data/moge_dataset/DDAD/val/003913/CAMERA_06/meta.json,DDAD,../../data/depthanything/moge_dataset/DDAD/val/003913/CAMERA_06/image.png
992,992,../../data/moge_dataset/DDAD/val/003919/CAMERA_05/image.jpg,../../data/moge_dataset/DDAD/val/003919/CAMERA_05/depth.png,../../data/moge_dataset/DDAD/val/003919/CAMERA_05/meta.json,DDAD,../../data/depthanything/moge_dataset/DDAD/val/003919/CAMERA_05/image.png
993,993,../../data/moge_dataset/DDAD/val/003924/CAMERA_09/image.jpg,../../data/moge_dataset/DDAD/val/003924/CAMERA_09/depth.png,../../data/moge_dataset/DDAD/val/003924/CAMERA_09/meta.json,DDAD,../../data/depthanything/moge_dataset/DDAD/val/003924/CAMERA_09/image.png
994,994,../../data/moge_dataset/DDAD/val/003935/CAMERA_06/image.jpg,../../data/moge_dataset/DDAD/val/003935/CAMERA_06/depth.png,../../data/moge_dataset/DDAD/val/003935/CAMERA_06/meta.json,DDAD,../../data/depthanything/moge_dataset/DDAD/val/003935/CAMERA_06/image.png
995,995,../../data/moge_dataset/DDAD/val/003936/CAMERA_06/image.jpg,../../data/moge_dataset/DDAD/val/003936/CAMERA_06/depth.png,../../data/moge_dataset/DDAD/val/003936/CAMERA_06/meta.json,DDAD,../../data/depthanything/moge_dataset/DDAD/val/003936/CAMERA_06/image.png
996,996,../../data/moge_dataset/DDAD/val/003940/CAMERA_01/image.jpg,../../data/moge_dataset/DDAD/val/003940/CAMERA_01/depth.png,../../data/moge_dataset/DDAD/val/003940/CAMERA_01/meta.json,DDAD,../../data/depthanything/moge_dataset/DDAD/val/003940/CAMERA_01/image.png
997,997,../../data/moge_dataset/DDAD/val/003940/CAMERA_06/image.jpg,../../data/moge_dataset/DDAD/val/003940/CAMERA_06/depth.png,../../data/moge_dataset/DDAD/val/003940/CAMERA_06/meta.json,DDAD,../../data/depthanything/moge_dataset/DDAD/val/003940/CAMERA_06/image.png
998,998,../../data/moge_dataset/DDAD/val/003943/CAMERA_01/image.jpg,../../data/moge_dataset/DDAD/val/003943/CAMERA_01/depth.png,../../data/moge_dataset/DDAD/val/003943/CAMERA_01/meta.json,DDAD,../../data/depthanything/moge_dataset/DDAD/val/003943/CAMERA_01/image.png
999,999,../../data/moge_dataset/DDAD/val/003946/CAMERA_01/image.jpg,../../data/moge_dataset/DDAD/val/003946/CAMERA_01/depth.png,../../data/moge_dataset/DDAD/val/003946/CAMERA_01/meta.json,DDAD,../../data/depthanything/moge_dataset/DDAD/val/003946/CAMERA_01/image.png
