,Unnamed: 0,image,depth,meta,dataset,control_geo
0,0,../../data/moge_dataset/DIODE/val/indoors/scene_00019/scan_00183/00019_00183_indoors_000_010/image.jpg,../../data/moge_dataset/DIODE/val/indoors/scene_00019/scan_00183/00019_00183_indoors_000_010/depth.png,../../data/moge_dataset/DIODE/val/indoors/scene_00019/scan_00183/00019_00183_indoors_000_010/meta.json,DIODE,../../data/depthanything/moge_dataset/DIODE/val/indoors/scene_00019/scan_00183/00019_00183_indoors_000_010/image.png
1,1,../../data/moge_dataset/DIODE/val/indoors/scene_00019/scan_00183/00019_00183_indoors_000_040/image.jpg,../../data/moge_dataset/DIODE/val/indoors/scene_00019/scan_00183/00019_00183_indoors_000_040/depth.png,../../data/moge_dataset/DIODE/val/indoors/scene_00019/scan_00183/00019_00183_indoors_000_040/meta.json,DIODE,../../data/depthanything/moge_dataset/DIODE/val/indoors/scene_00019/scan_00183/00019_00183_indoors_000_040/image.png
2,2,../../data/moge_dataset/DIODE/val/indoors/scene_00019/scan_00183/00019_00183_indoors_010_000/image.jpg,../../data/moge_dataset/DIODE/val/indoors/scene_00019/scan_00183/00019_00183_indoors_010_000/depth.png,../../data/moge_dataset/DIODE/val/indoors/scene_00019/scan_00183/00019_00183_indoors_010_000/meta.json,DIODE,../../data/depthanything/moge_dataset/DIODE/val/indoors/scene_00019/scan_00183/00019_00183_indoors_010_000/image.png
3,3,../../data/moge_dataset/DIODE/val/indoors/scene_00019/scan_00183/00019_00183_indoors_010_020/image.jpg,../../data/moge_dataset/DIODE/val/indoors/scene_00019/scan_00183/00019_00183_indoors_010_020/depth.png,../../data/moge_dataset/DIODE/val/indoors/scene_00019/scan_00183/00019_00183_indoors_010_020/meta.json,DIODE,../../data/depthanything/moge_dataset/DIODE/val/indoors/scene_00019/scan_00183/00019_00183_indoors_010_020/image.png
4,4,../../data/moge_dataset/DIODE/val/indoors/scene_00019/scan_00183/00019_00183_indoors_020_030/image.jpg,../../data/moge_dataset/DIODE/val/indoors/scene_00019/scan_00183/00019_00183_indoors_020_030/depth.png,../../data/moge_dataset/DIODE/val/indoors/scene_00019/scan_00183/00019_00183_indoors_020_030/meta.json,DIODE,../../data/depthanything/moge_dataset/DIODE/val/indoors/scene_00019/scan_00183/00019_00183_indoors_020_030/image.png
5,5,../../data/moge_dataset/DIODE/val/indoors/scene_00019/scan_00183/00019_00183_indoors_020_050/image.jpg,../../data/moge_dataset/DIODE/val/indoors/scene_00019/scan_00183/00019_00183_indoors_020_050/depth.png,../../data/moge_dataset/DIODE/val/indoors/scene_00019/scan_00183/00019_00183_indoors_020_050/meta.json,DIODE,../../data/depthanything/moge_dataset/DIODE/val/indoors/scene_00019/scan_00183/00019_00183_indoors_020_050/image.png
6,6,../../data/moge_dataset/DIODE/val/indoors/scene_00019/scan_00183/00019_00183_indoors_030_010/image.jpg,../../data/moge_dataset/DIODE/val/indoors/scene_00019/scan_00183/00019_00183_indoors_030_010/depth.png,../../data/moge_dataset/DIODE/val/indoors/scene_00019/scan_00183/00019_00183_indoors_030_010/meta.json,DIODE,../../data/depthanything/moge_dataset/DIODE/val/indoors/scene_00019/scan_00183/00019_00183_indoors_030_010/image.png
7,7,../../data/moge_dataset/DIODE/val/indoors/scene_00019/scan_00183/00019_00183_indoors_030_040/image.jpg,../../data/moge_dataset/DIODE/val/indoors/scene_00019/scan_00183/00019_00183_indoors_030_040/depth.png,../../data/moge_dataset/DIODE/val/indoors/scene_00019/scan_00183/00019_00183_indoors_030_040/meta.json,DIODE,../../data/depthanything/moge_dataset/DIODE/val/indoors/scene_00019/scan_00183/00019_00183_indoors_030_040/image.png
8,8,../../data/moge_dataset/DIODE/val/indoors/scene_00019/scan_00183/00019_00183_indoors_040_000/image.jpg,../../data/moge_dataset/DIODE/val/indoors/scene_00019/scan_00183/00019_00183_indoors_040_000/depth.png,../../data/moge_dataset/DIODE/val/indoors/scene_00019/scan_00183/00019_00183_indoors_040_000/meta.json,DIODE,../../data/depthanything/moge_dataset/DIODE/val/indoors/scene_00019/scan_00183/00019_00183_indoors_040_000/image.png
9,9,../../data/moge_dataset/DIODE/val/indoors/scene_00019/scan_00183/00019_00183_indoors_040_030/image.jpg,../../data/moge_dataset/DIODE/val/indoors/scene_00019/scan_00183/00019_00183_indoors_040_030/depth.png,../../data/moge_dataset/DIODE/val/indoors/scene_00019/scan_00183/00019_00183_indoors_040_030/meta.json,DIODE,../../data/depthanything/moge_dataset/DIODE/val/indoors/scene_00019/scan_00183/00019_00183_indoors_040_030/image.png
10,10,../../data/moge_dataset/DIODE/val/indoors/scene_00019/scan_00183/00019_00183_indoors_050_010/image.jpg,../../data/moge_dataset/DIODE/val/indoors/scene_00019/scan_00183/00019_00183_indoors_050_010/depth.png,../../data/moge_dataset/DIODE/val/indoors/scene_00019/scan_00183/00019_00183_indoors_050_010/meta.json,DIODE,../../data/depthanything/moge_dataset/DIODE/val/indoors/scene_00019/scan_00183/00019_00183_indoors_050_010/image.png
11,11,../../data/moge_dataset/DIODE/val/indoors/scene_00019/scan_00183/00019_00183_indoors_060_000/image.jpg,../../data/moge_dataset/DIODE/val/indoors/scene_00019/scan_00183/00019_00183_indoors_060_000/depth.png,../../data/moge_dataset/DIODE/val/indoors/scene_00019/scan_00183/00019_00183_indoors_060_000/meta.json,DIODE,../../data/depthanything/moge_dataset/DIODE/val/indoors/scene_00019/scan_00183/00019_00183_indoors_060_000/image.png
12,12,../../data/moge_dataset/DIODE/val/indoors/scene_00019/scan_00183/00019_00183_indoors_080_000/image.jpg,../../data/moge_dataset/DIODE/val/indoors/scene_00019/scan_00183/00019_00183_indoors_080_000/depth.png,../../data/moge_dataset/DIODE/val/indoors/scene_00019/scan_00183/00019_00183_indoors_080_000/meta.json,DIODE,../../data/depthanything/moge_dataset/DIODE/val/indoors/scene_00019/scan_00183/00019_00183_indoors_080_000/image.png
13,13,../../data/moge_dataset/DIODE/val/indoors/scene_00019/scan_00183/00019_00183_indoors_110_000/image.jpg,../../data/moge_dataset/DIODE/val/indoors/scene_00019/scan_00183/00019_00183_indoors_110_000/depth.png,../../data/moge_dataset/DIODE/val/indoors/scene_00019/scan_00183/00019_00183_indoors_110_000/meta.json,DIODE,../../data/depthanything/moge_dataset/DIODE/val/indoors/scene_00019/scan_00183/00019_00183_indoors_110_000/image.png
14,14,../../data/moge_dataset/DIODE/val/indoors/scene_00019/scan_00183/00019_00183_indoors_110_050/image.jpg,../../data/moge_dataset/DIODE/val/indoors/scene_00019/scan_00183/00019_00183_indoors_110_050/depth.png,../../data/moge_dataset/DIODE/val/indoors/scene_00019/scan_00183/00019_00183_indoors_110_050/meta.json,DIODE,../../data/depthanything/moge_dataset/DIODE/val/indoors/scene_00019/scan_00183/00019_00183_indoors_110_050/image.png
15,15,../../data/moge_dataset/DIODE/val/indoors/scene_00019/scan_00183/00019_00183_indoors_120_010/image.jpg,../../data/moge_dataset/DIODE/val/indoors/scene_00019/scan_00183/00019_00183_indoors_120_010/depth.png,../../data/moge_dataset/DIODE/val/indoors/scene_00019/scan_00183/00019_00183_indoors_120_010/meta.json,DIODE,../../data/depthanything/moge_dataset/DIODE/val/indoors/scene_00019/scan_00183/00019_00183_indoors_120_010/image.png
16,16,../../data/moge_dataset/DIODE/val/indoors/scene_00019/scan_00183/00019_00183_indoors_120_030/image.jpg,../../data/moge_dataset/DIODE/val/indoors/scene_00019/scan_00183/00019_00183_indoors_120_030/depth.png,../../data/moge_dataset/DIODE/val/indoors/scene_00019/scan_00183/00019_00183_indoors_120_030/meta.json,DIODE,../../data/depthanything/moge_dataset/DIODE/val/indoors/scene_00019/scan_00183/00019_00183_indoors_120_030/image.png
17,17,../../data/moge_dataset/DIODE/val/indoors/scene_00019/scan_00183/00019_00183_indoors_130_000/image.jpg,../../data/moge_dataset/DIODE/val/indoors/scene_00019/scan_00183/00019_00183_indoors_130_000/depth.png,../../data/moge_dataset/DIODE/val/indoors/scene_00019/scan_00183/00019_00183_indoors_130_000/meta.json,DIODE,../../data/depthanything/moge_dataset/DIODE/val/indoors/scene_00019/scan_00183/00019_00183_indoors_130_000/image.png
18,18,../../data/moge_dataset/DIODE/val/indoors/scene_00019/scan_00183/00019_00183_indoors_130_020/image.jpg,../../data/moge_dataset/DIODE/val/indoors/scene_00019/scan_00183/00019_00183_indoors_130_020/depth.png,../../data/moge_dataset/DIODE/val/indoors/scene_00019/scan_00183/00019_00183_indoors_130_020/meta.json,DIODE,../../data/depthanything/moge_dataset/DIODE/val/indoors/scene_00019/scan_00183/00019_00183_indoors_130_020/image.png
19,19,../../data/moge_dataset/DIODE/val/indoors/scene_00019/scan_00183/00019_00183_indoors_130_040/image.jpg,../../data/moge_dataset/DIODE/val/indoors/scene_00019/scan_00183/00019_00183_indoors_130_040/depth.png,../../data/moge_dataset/DIODE/val/indoors/scene_00019/scan_00183/00019_00183_indoors_130_040/meta.json,DIODE,../../data/depthanything/moge_dataset/DIODE/val/indoors/scene_00019/scan_00183/00019_00183_indoors_130_040/image.png
20,20,../../data/moge_dataset/DIODE/val/indoors/scene_00019/scan_00183/00019_00183_indoors_140_010/image.jpg,../../data/moge_dataset/DIODE/val/indoors/scene_00019/scan_00183/00019_00183_indoors_140_010/depth.png,../../data/moge_dataset/DIODE/val/indoors/scene_00019/scan_00183/00019_00183_indoors_140_010/meta.json,DIODE,../../data/depthanything/moge_dataset/DIODE/val/indoors/scene_00019/scan_00183/00019_00183_indoors_140_010/image.png
21,21,../../data/moge_dataset/DIODE/val/indoors/scene_00019/scan_00183/00019_00183_indoors_140_030/image.jpg,../../data/moge_dataset/DIODE/val/indoors/scene_00019/scan_00183/00019_00183_indoors_140_030/depth.png,../../data/moge_dataset/DIODE/val/indoors/scene_00019/scan_00183/00019_00183_indoors_140_030/meta.json,DIODE,../../data/depthanything/moge_dataset/DIODE/val/indoors/scene_00019/scan_00183/00019_00183_indoors_140_030/image.png
22,22,../../data/moge_dataset/DIODE/val/indoors/scene_00019/scan_00183/00019_00183_indoors_140_050/image.jpg,../../data/moge_dataset/DIODE/val/indoors/scene_00019/scan_00183/00019_00183_indoors_140_050/depth.png,../../data/moge_dataset/DIODE/val/indoors/scene_00019/scan_00183/00019_00183_indoors_140_050/meta.json,DIODE,../../data/depthanything/moge_dataset/DIODE/val/indoors/scene_00019/scan_00183/00019_00183_indoors_140_050/image.png
23,23,../../data/moge_dataset/DIODE/val/indoors/scene_00019/scan_00183/00019_00183_indoors_150_000/image.jpg,../../data/moge_dataset/DIODE/val/indoors/scene_00019/scan_00183/00019_00183_indoors_150_000/depth.png,../../data/moge_dataset/DIODE/val/indoors/scene_00019/scan_00183/00019_00183_indoors_150_000/meta.json,DIODE,../../data/depthanything/moge_dataset/DIODE/val/indoors/scene_00019/scan_00183/00019_00183_indoors_150_000/image.png
24,24,../../data/moge_dataset/DIODE/val/indoors/scene_00019/scan_00183/00019_00183_indoors_150_020/image.jpg,../../data/moge_dataset/DIODE/val/indoors/scene_00019/scan_00183/00019_00183_indoors_150_020/depth.png,../../data/moge_dataset/DIODE/val/indoors/scene_00019/scan_00183/00019_00183_indoors_150_020/meta.json,DIODE,../../data/depthanything/moge_dataset/DIODE/val/indoors/scene_00019/scan_00183/00019_00183_indoors_150_020/image.png
25,25,../../data/moge_dataset/DIODE/val/indoors/scene_00019/scan_00183/00019_00183_indoors_160_010/image.jpg,../../data/moge_dataset/DIODE/val/indoors/scene_00019/scan_00183/00019_00183_indoors_160_010/depth.png,../../data/moge_dataset/DIODE/val/indoors/scene_00019/scan_00183/00019_00183_indoors_160_010/meta.json,DIODE,../../data/depthanything/moge_dataset/DIODE/val/indoors/scene_00019/scan_00183/00019_00183_indoors_160_010/image.png
26,26,../../data/moge_dataset/DIODE/val/indoors/scene_00019/scan_00183/00019_00183_indoors_160_030/image.jpg,../../data/moge_dataset/DIODE/val/indoors/scene_00019/scan_00183/00019_00183_indoors_160_030/depth.png,../../data/moge_dataset/DIODE/val/indoors/scene_00019/scan_00183/00019_00183_indoors_160_030/meta.json,DIODE,../../data/depthanything/moge_dataset/DIODE/val/indoors/scene_00019/scan_00183/00019_00183_indoors_160_030/image.png
27,27,../../data/moge_dataset/DIODE/val/indoors/scene_00019/scan_00183/00019_00183_indoors_160_050/image.jpg,../../data/moge_dataset/DIODE/val/indoors/scene_00019/scan_00183/00019_00183_indoors_160_050/depth.png,../../data/moge_dataset/DIODE/val/indoors/scene_00019/scan_00183/00019_00183_indoors_160_050/meta.json,DIODE,../../data/depthanything/moge_dataset/DIODE/val/indoors/scene_00019/scan_00183/00019_00183_indoors_160_050/image.png
28,28,../../data/moge_dataset/DIODE/val/indoors/scene_00019/scan_00183/00019_00183_indoors_170_000/image.jpg,../../data/moge_dataset/DIODE/val/indoors/scene_00019/scan_00183/00019_00183_indoors_170_000/depth.png,../../data/moge_dataset/DIODE/val/indoors/scene_00019/scan_00183/00019_00183_indoors_170_000/meta.json,DIODE,../../data/depthanything/moge_dataset/DIODE/val/indoors/scene_00019/scan_00183/00019_00183_indoors_170_000/image.png
29,29,../../data/moge_dataset/DIODE/val/indoors/scene_00019/scan_00183/00019_00183_indoors_170_020/image.jpg,../../data/moge_dataset/DIODE/val/indoors/scene_00019/scan_00183/00019_00183_indoors_170_020/depth.png,../../data/moge_dataset/DIODE/val/indoors/scene_00019/scan_00183/00019_00183_indoors_170_020/meta.json,DIODE,../../data/depthanything/moge_dataset/DIODE/val/indoors/scene_00019/scan_00183/00019_00183_indoors_170_020/image.png
30,30,../../data/moge_dataset/DIODE/val/indoors/scene_00019/scan_00183/00019_00183_indoors_170_040/image.jpg,../../data/moge_dataset/DIODE/val/indoors/scene_00019/scan_00183/00019_00183_indoors_170_040/depth.png,../../data/moge_dataset/DIODE/val/indoors/scene_00019/scan_00183/00019_00183_indoors_170_040/meta.json,DIODE,../../data/depthanything/moge_dataset/DIODE/val/indoors/scene_00019/scan_00183/00019_00183_indoors_170_040/image.png
31,31,../../data/moge_dataset/DIODE/val/indoors/scene_00019/scan_00183/00019_00183_indoors_180_010/image.jpg,../../data/moge_dataset/DIODE/val/indoors/scene_00019/scan_00183/00019_00183_indoors_180_010/depth.png,../../data/moge_dataset/DIODE/val/indoors/scene_00019/scan_00183/00019_00183_indoors_180_010/meta.json,DIODE,../../data/depthanything/moge_dataset/DIODE/val/indoors/scene_00019/scan_00183/00019_00183_indoors_180_010/image.png
32,32,../../data/moge_dataset/DIODE/val/indoors/scene_00019/scan_00183/00019_00183_indoors_180_030/image.jpg,../../data/moge_dataset/DIODE/val/indoors/scene_00019/scan_00183/00019_00183_indoors_180_030/depth.png,../../data/moge_dataset/DIODE/val/indoors/scene_00019/scan_00183/00019_00183_indoors_180_030/meta.json,DIODE,../../data/depthanything/moge_dataset/DIODE/val/indoors/scene_00019/scan_00183/00019_00183_indoors_180_030/image.png
33,33,../../data/moge_dataset/DIODE/val/indoors/scene_00019/scan_00183/00019_00183_indoors_180_050/image.jpg,../../data/moge_dataset/DIODE/val/indoors/scene_00019/scan_00183/00019_00183_indoors_180_050/depth.png,../../data/moge_dataset/DIODE/val/indoors/scene_00019/scan_00183/00019_00183_indoors_180_050/meta.json,DIODE,../../data/depthanything/moge_dataset/DIODE/val/indoors/scene_00019/scan_00183/00019_00183_indoors_180_050/image.png
34,34,../../data/moge_dataset/DIODE/val/indoors/scene_00019/scan_00183/00019_00183_indoors_190_040/image.jpg,../../data/moge_dataset/DIODE/val/indoors/scene_00019/scan_00183/00019_00183_indoors_190_040/depth.png,../../data/moge_dataset/DIODE/val/indoors/scene_00019/scan_00183/00019_00183_indoors_190_040/meta.json,DIODE,../../data/depthanything/moge_dataset/DIODE/val/indoors/scene_00019/scan_00183/00019_00183_indoors_190_040/image.png
35,35,../../data/moge_dataset/DIODE/val/indoors/scene_00019/scan_00183/00019_00183_indoors_200_020/image.jpg,../../data/moge_dataset/DIODE/val/indoors/scene_00019/scan_00183/00019_00183_indoors_200_020/depth.png,../../data/moge_dataset/DIODE/val/indoors/scene_00019/scan_00183/00019_00183_indoors_200_020/meta.json,DIODE,../../data/depthanything/moge_dataset/DIODE/val/indoors/scene_00019/scan_00183/00019_00183_indoors_200_020/image.png
36,36,../../data/moge_dataset/DIODE/val/indoors/scene_00019/scan_00183/00019_00183_indoors_200_050/image.jpg,../../data/moge_dataset/DIODE/val/indoors/scene_00019/scan_00183/00019_00183_indoors_200_050/depth.png,../../data/moge_dataset/DIODE/val/indoors/scene_00019/scan_00183/00019_00183_indoors_200_050/meta.json,DIODE,../../data/depthanything/moge_dataset/DIODE/val/indoors/scene_00019/scan_00183/00019_00183_indoors_200_050/image.png
37,37,../../data/moge_dataset/DIODE/val/indoors/scene_00019/scan_00183/00019_00183_indoors_210_030/image.jpg,../../data/moge_dataset/DIODE/val/indoors/scene_00019/scan_00183/00019_00183_indoors_210_030/depth.png,../../data/moge_dataset/DIODE/val/indoors/scene_00019/scan_00183/00019_00183_indoors_210_030/meta.json,DIODE,../../data/depthanything/moge_dataset/DIODE/val/indoors/scene_00019/scan_00183/00019_00183_indoors_210_030/image.png
38,38,../../data/moge_dataset/DIODE/val/indoors/scene_00019/scan_00183/00019_00183_indoors_220_020/image.jpg,../../data/moge_dataset/DIODE/val/indoors/scene_00019/scan_00183/00019_00183_indoors_220_020/depth.png,../../data/moge_dataset/DIODE/val/indoors/scene_00019/scan_00183/00019_00183_indoors_220_020/meta.json,DIODE,../../data/depthanything/moge_dataset/DIODE/val/indoors/scene_00019/scan_00183/00019_00183_indoors_220_020/image.png
39,39,../../data/moge_dataset/DIODE/val/indoors/scene_00019/scan_00183/00019_00183_indoors_220_040/image.jpg,../../data/moge_dataset/DIODE/val/indoors/scene_00019/scan_00183/00019_00183_indoors_220_040/depth.png,../../data/moge_dataset/DIODE/val/indoors/scene_00019/scan_00183/00019_00183_indoors_220_040/meta.json,DIODE,../../data/depthanything/moge_dataset/DIODE/val/indoors/scene_00019/scan_00183/00019_00183_indoors_220_040/image.png
40,40,../../data/moge_dataset/DIODE/val/indoors/scene_00019/scan_00183/00019_00183_indoors_230_010/image.jpg,../../data/moge_dataset/DIODE/val/indoors/scene_00019/scan_00183/00019_00183_indoors_230_010/depth.png,../../data/moge_dataset/DIODE/val/indoors/scene_00019/scan_00183/00019_00183_indoors_230_010/meta.json,DIODE,../../data/depthanything/moge_dataset/DIODE/val/indoors/scene_00019/scan_00183/00019_00183_indoors_230_010/image.png
41,41,../../data/moge_dataset/DIODE/val/indoors/scene_00019/scan_00183/00019_00183_indoors_230_030/image.jpg,../../data/moge_dataset/DIODE/val/indoors/scene_00019/scan_00183/00019_00183_indoors_230_030/depth.png,../../data/moge_dataset/DIODE/val/indoors/scene_00019/scan_00183/00019_00183_indoors_230_030/meta.json,DIODE,../../data/depthanything/moge_dataset/DIODE/val/indoors/scene_00019/scan_00183/00019_00183_indoors_230_030/image.png
42,42,../../data/moge_dataset/DIODE/val/indoors/scene_00019/scan_00183/00019_00183_indoors_230_050/image.jpg,../../data/moge_dataset/DIODE/val/indoors/scene_00019/scan_00183/00019_00183_indoors_230_050/depth.png,../../data/moge_dataset/DIODE/val/indoors/scene_00019/scan_00183/00019_00183_indoors_230_050/meta.json,DIODE,../../data/depthanything/moge_dataset/DIODE/val/indoors/scene_00019/scan_00183/00019_00183_indoors_230_050/image.png
43,43,../../data/moge_dataset/DIODE/val/indoors/scene_00019/scan_00183/00019_00183_indoors_240_000/image.jpg,../../data/moge_dataset/DIODE/val/indoors/scene_00019/scan_00183/00019_00183_indoors_240_000/depth.png,../../data/moge_dataset/DIODE/val/indoors/scene_00019/scan_00183/00019_00183_indoors_240_000/meta.json,DIODE,../../data/depthanything/moge_dataset/DIODE/val/indoors/scene_00019/scan_00183/00019_00183_indoors_240_000/image.png
44,44,../../data/moge_dataset/DIODE/val/indoors/scene_00019/scan_00183/00019_00183_indoors_240_020/image.jpg,../../data/moge_dataset/DIODE/val/indoors/scene_00019/scan_00183/00019_00183_indoors_240_020/depth.png,../../data/moge_dataset/DIODE/val/indoors/scene_00019/scan_00183/00019_00183_indoors_240_020/meta.json,DIODE,../../data/depthanything/moge_dataset/DIODE/val/indoors/scene_00019/scan_00183/00019_00183_indoors_240_020/image.png
45,45,../../data/moge_dataset/DIODE/val/indoors/scene_00019/scan_00183/00019_00183_indoors_240_040/image.jpg,../../data/moge_dataset/DIODE/val/indoors/scene_00019/scan_00183/00019_00183_indoors_240_040/depth.png,../../data/moge_dataset/DIODE/val/indoors/scene_00019/scan_00183/00019_00183_indoors_240_040/meta.json,DIODE,../../data/depthanything/moge_dataset/DIODE/val/indoors/scene_00019/scan_00183/00019_00183_indoors_240_040/image.png
46,46,../../data/moge_dataset/DIODE/val/indoors/scene_00019/scan_00183/00019_00183_indoors_250_010/image.jpg,../../data/moge_dataset/DIODE/val/indoors/scene_00019/scan_00183/00019_00183_indoors_250_010/depth.png,../../data/moge_dataset/DIODE/val/indoors/scene_00019/scan_00183/00019_00183_indoors_250_010/meta.json,DIODE,../../data/depthanything/moge_dataset/DIODE/val/indoors/scene_00019/scan_00183/00019_00183_indoors_250_010/image.png
47,47,../../data/moge_dataset/DIODE/val/indoors/scene_00019/scan_00183/00019_00183_indoors_250_030/image.jpg,../../data/moge_dataset/DIODE/val/indoors/scene_00019/scan_00183/00019_00183_indoors_250_030/depth.png,../../data/moge_dataset/DIODE/val/indoors/scene_00019/scan_00183/00019_00183_indoors_250_030/meta.json,DIODE,../../data/depthanything/moge_dataset/DIODE/val/indoors/scene_00019/scan_00183/00019_00183_indoors_250_030/image.png
48,48,../../data/moge_dataset/DIODE/val/indoors/scene_00019/scan_00183/00019_00183_indoors_260_000/image.jpg,../../data/moge_dataset/DIODE/val/indoors/scene_00019/scan_00183/00019_00183_indoors_260_000/depth.png,../../data/moge_dataset/DIODE/val/indoors/scene_00019/scan_00183/00019_00183_indoors_260_000/meta.json,DIODE,../../data/depthanything/moge_dataset/DIODE/val/indoors/scene_00019/scan_00183/00019_00183_indoors_260_000/image.png
49,49,../../data/moge_dataset/DIODE/val/indoors/scene_00019/scan_00183/00019_00183_indoors_260_020/image.jpg,../../data/moge_dataset/DIODE/val/indoors/scene_00019/scan_00183/00019_00183_indoors_260_020/depth.png,../../data/moge_dataset/DIODE/val/indoors/scene_00019/scan_00183/00019_00183_indoors_260_020/meta.json,DIODE,../../data/depthanything/moge_dataset/DIODE/val/indoors/scene_00019/scan_00183/00019_00183_indoors_260_020/image.png
50,50,../../data/moge_dataset/DIODE/val/indoors/scene_00019/scan_00183/00019_00183_indoors_260_050/image.jpg,../../data/moge_dataset/DIODE/val/indoors/scene_00019/scan_00183/00019_00183_indoors_260_050/depth.png,../../data/moge_dataset/DIODE/val/indoors/scene_00019/scan_00183/00019_00183_indoors_260_050/meta.json,DIODE,../../data/depthanything/moge_dataset/DIODE/val/indoors/scene_00019/scan_00183/00019_00183_indoors_260_050/image.png
51,51,../../data/moge_dataset/DIODE/val/indoors/scene_00019/scan_00183/00019_00183_indoors_270_010/image.jpg,../../data/moge_dataset/DIODE/val/indoors/scene_00019/scan_00183/00019_00183_indoors_270_010/depth.png,../../data/moge_dataset/DIODE/val/indoors/scene_00019/scan_00183/00019_00183_indoors_270_010/meta.json,DIODE,../../data/depthanything/moge_dataset/DIODE/val/indoors/scene_00019/scan_00183/00019_00183_indoors_270_010/image.png
52,52,../../data/moge_dataset/DIODE/val/indoors/scene_00019/scan_00183/00019_00183_indoors_270_040/image.jpg,../../data/moge_dataset/DIODE/val/indoors/scene_00019/scan_00183/00019_00183_indoors_270_040/depth.png,../../data/moge_dataset/DIODE/val/indoors/scene_00019/scan_00183/00019_00183_indoors_270_040/meta.json,DIODE,../../data/depthanything/moge_dataset/DIODE/val/indoors/scene_00019/scan_00183/00019_00183_indoors_270_040/image.png
53,53,../../data/moge_dataset/DIODE/val/indoors/scene_00019/scan_00183/00019_00183_indoors_280_020/image.jpg,../../data/moge_dataset/DIODE/val/indoors/scene_00019/scan_00183/00019_00183_indoors_280_020/depth.png,../../data/moge_dataset/DIODE/val/indoors/scene_00019/scan_00183/00019_00183_indoors_280_020/meta.json,DIODE,../../data/depthanything/moge_dataset/DIODE/val/indoors/scene_00019/scan_00183/00019_00183_indoors_280_020/image.png
54,54,../../data/moge_dataset/DIODE/val/indoors/scene_00019/scan_00183/00019_00183_indoors_280_050/image.jpg,../../data/moge_dataset/DIODE/val/indoors/scene_00019/scan_00183/00019_00183_indoors_280_050/depth.png,../../data/moge_dataset/DIODE/val/indoors/scene_00019/scan_00183/00019_00183_indoors_280_050/meta.json,DIODE,../../data/depthanything/moge_dataset/DIODE/val/indoors/scene_00019/scan_00183/00019_00183_indoors_280_050/image.png
55,55,../../data/moge_dataset/DIODE/val/indoors/scene_00019/scan_00183/00019_00183_indoors_290_000/image.jpg,../../data/moge_dataset/DIODE/val/indoors/scene_00019/scan_00183/00019_00183_indoors_290_000/depth.png,../../data/moge_dataset/DIODE/val/indoors/scene_00019/scan_00183/00019_00183_indoors_290_000/meta.json,DIODE,../../data/depthanything/moge_dataset/DIODE/val/indoors/scene_00019/scan_00183/00019_00183_indoors_290_000/image.png
56,56,../../data/moge_dataset/DIODE/val/indoors/scene_00019/scan_00183/00019_00183_indoors_290_040/image.jpg,../../data/moge_dataset/DIODE/val/indoors/scene_00019/scan_00183/00019_00183_indoors_290_040/depth.png,../../data/moge_dataset/DIODE/val/indoors/scene_00019/scan_00183/00019_00183_indoors_290_040/meta.json,DIODE,../../data/depthanything/moge_dataset/DIODE/val/indoors/scene_00019/scan_00183/00019_00183_indoors_290_040/image.png
57,57,../../data/moge_dataset/DIODE/val/indoors/scene_00019/scan_00183/00019_00183_indoors_300_010/image.jpg,../../data/moge_dataset/DIODE/val/indoors/scene_00019/scan_00183/00019_00183_indoors_300_010/depth.png,../../data/moge_dataset/DIODE/val/indoors/scene_00019/scan_00183/00019_00183_indoors_300_010/meta.json,DIODE,../../data/depthanything/moge_dataset/DIODE/val/indoors/scene_00019/scan_00183/00019_00183_indoors_300_010/image.png
58,58,../../data/moge_dataset/DIODE/val/indoors/scene_00019/scan_00183/00019_00183_indoors_300_030/image.jpg,../../data/moge_dataset/DIODE/val/indoors/scene_00019/scan_00183/00019_00183_indoors_300_030/depth.png,../../data/moge_dataset/DIODE/val/indoors/scene_00019/scan_00183/00019_00183_indoors_300_030/meta.json,DIODE,../../data/depthanything/moge_dataset/DIODE/val/indoors/scene_00019/scan_00183/00019_00183_indoors_300_030/image.png
59,59,../../data/moge_dataset/DIODE/val/indoors/scene_00019/scan_00183/00019_00183_indoors_300_050/image.jpg,../../data/moge_dataset/DIODE/val/indoors/scene_00019/scan_00183/00019_00183_indoors_300_050/depth.png,../../data/moge_dataset/DIODE/val/indoors/scene_00019/scan_00183/00019_00183_indoors_300_050/meta.json,DIODE,../../data/depthanything/moge_dataset/DIODE/val/indoors/scene_00019/scan_00183/00019_00183_indoors_300_050/image.png
60,60,../../data/moge_dataset/DIODE/val/indoors/scene_00019/scan_00183/00019_00183_indoors_310_000/image.jpg,../../data/moge_dataset/DIODE/val/indoors/scene_00019/scan_00183/00019_00183_indoors_310_000/depth.png,../../data/moge_dataset/DIODE/val/indoors/scene_00019/scan_00183/00019_00183_indoors_310_000/meta.json,DIODE,../../data/depthanything/moge_dataset/DIODE/val/indoors/scene_00019/scan_00183/00019_00183_indoors_310_000/image.png
61,61,../../data/moge_dataset/DIODE/val/indoors/scene_00019/scan_00183/00019_00183_indoors_310_020/image.jpg,../../data/moge_dataset/DIODE/val/indoors/scene_00019/scan_00183/00019_00183_indoors_310_020/depth.png,../../data/moge_dataset/DIODE/val/indoors/scene_00019/scan_00183/00019_00183_indoors_310_020/meta.json,DIODE,../../data/depthanything/moge_dataset/DIODE/val/indoors/scene_00019/scan_00183/00019_00183_indoors_310_020/image.png
62,62,../../data/moge_dataset/DIODE/val/indoors/scene_00019/scan_00183/00019_00183_indoors_310_040/image.jpg,../../data/moge_dataset/DIODE/val/indoors/scene_00019/scan_00183/00019_00183_indoors_310_040/depth.png,../../data/moge_dataset/DIODE/val/indoors/scene_00019/scan_00183/00019_00183_indoors_310_040/meta.json,DIODE,../../data/depthanything/moge_dataset/DIODE/val/indoors/scene_00019/scan_00183/00019_00183_indoors_310_040/image.png
63,63,../../data/moge_dataset/DIODE/val/indoors/scene_00019/scan_00183/00019_00183_indoors_320_010/image.jpg,../../data/moge_dataset/DIODE/val/indoors/scene_00019/scan_00183/00019_00183_indoors_320_010/depth.png,../../data/moge_dataset/DIODE/val/indoors/scene_00019/scan_00183/00019_00183_indoors_320_010/meta.json,DIODE,../../data/depthanything/moge_dataset/DIODE/val/indoors/scene_00019/scan_00183/00019_00183_indoors_320_010/image.png
64,64,../../data/moge_dataset/DIODE/val/indoors/scene_00019/scan_00183/00019_00183_indoors_320_030/image.jpg,../../data/moge_dataset/DIODE/val/indoors/scene_00019/scan_00183/00019_00183_indoors_320_030/depth.png,../../data/moge_dataset/DIODE/val/indoors/scene_00019/scan_00183/00019_00183_indoors_320_030/meta.json,DIODE,../../data/depthanything/moge_dataset/DIODE/val/indoors/scene_00019/scan_00183/00019_00183_indoors_320_030/image.png
65,65,../../data/moge_dataset/DIODE/val/indoors/scene_00019/scan_00183/00019_00183_indoors_330_000/image.jpg,../../data/moge_dataset/DIODE/val/indoors/scene_00019/scan_00183/00019_00183_indoors_330_000/depth.png,../../data/moge_dataset/DIODE/val/indoors/scene_00019/scan_00183/00019_00183_indoors_330_000/meta.json,DIODE,../../data/depthanything/moge_dataset/DIODE/val/indoors/scene_00019/scan_00183/00019_00183_indoors_330_000/image.png
66,66,../../data/moge_dataset/DIODE/val/indoors/scene_00019/scan_00183/00019_00183_indoors_330_020/image.jpg,../../data/moge_dataset/DIODE/val/indoors/scene_00019/scan_00183/00019_00183_indoors_330_020/depth.png,../../data/moge_dataset/DIODE/val/indoors/scene_00019/scan_00183/00019_00183_indoors_330_020/meta.json,DIODE,../../data/depthanything/moge_dataset/DIODE/val/indoors/scene_00019/scan_00183/00019_00183_indoors_330_020/image.png
67,67,../../data/moge_dataset/DIODE/val/indoors/scene_00019/scan_00183/00019_00183_indoors_330_050/image.jpg,../../data/moge_dataset/DIODE/val/indoors/scene_00019/scan_00183/00019_00183_indoors_330_050/depth.png,../../data/moge_dataset/DIODE/val/indoors/scene_00019/scan_00183/00019_00183_indoors_330_050/meta.json,DIODE,../../data/depthanything/moge_dataset/DIODE/val/indoors/scene_00019/scan_00183/00019_00183_indoors_330_050/image.png
68,68,../../data/moge_dataset/DIODE/val/indoors/scene_00019/scan_00183/00019_00183_indoors_340_010/image.jpg,../../data/moge_dataset/DIODE/val/indoors/scene_00019/scan_00183/00019_00183_indoors_340_010/depth.png,../../data/moge_dataset/DIODE/val/indoors/scene_00019/scan_00183/00019_00183_indoors_340_010/meta.json,DIODE,../../data/depthanything/moge_dataset/DIODE/val/indoors/scene_00019/scan_00183/00019_00183_indoors_340_010/image.png
69,69,../../data/moge_dataset/DIODE/val/indoors/scene_00019/scan_00183/00019_00183_indoors_340_040/image.jpg,../../data/moge_dataset/DIODE/val/indoors/scene_00019/scan_00183/00019_00183_indoors_340_040/depth.png,../../data/moge_dataset/DIODE/val/indoors/scene_00019/scan_00183/00019_00183_indoors_340_040/meta.json,DIODE,../../data/depthanything/moge_dataset/DIODE/val/indoors/scene_00019/scan_00183/00019_00183_indoors_340_040/image.png
70,70,../../data/moge_dataset/DIODE/val/indoors/scene_00019/scan_00183/00019_00183_indoors_350_000/image.jpg,../../data/moge_dataset/DIODE/val/indoors/scene_00019/scan_00183/00019_00183_indoors_350_000/depth.png,../../data/moge_dataset/DIODE/val/indoors/scene_00019/scan_00183/00019_00183_indoors_350_000/meta.json,DIODE,../../data/depthanything/moge_dataset/DIODE/val/indoors/scene_00019/scan_00183/00019_00183_indoors_350_000/image.png
71,71,../../data/moge_dataset/DIODE/val/indoors/scene_00019/scan_00183/00019_00183_indoors_350_020/image.jpg,../../data/moge_dataset/DIODE/val/indoors/scene_00019/scan_00183/00019_00183_indoors_350_020/depth.png,../../data/moge_dataset/DIODE/val/indoors/scene_00019/scan_00183/00019_00183_indoors_350_020/meta.json,DIODE,../../data/depthanything/moge_dataset/DIODE/val/indoors/scene_00019/scan_00183/00019_00183_indoors_350_020/image.png
72,72,../../data/moge_dataset/DIODE/val/indoors/scene_00019/scan_00183/00019_00183_indoors_350_050/image.jpg,../../data/moge_dataset/DIODE/val/indoors/scene_00019/scan_00183/00019_00183_indoors_350_050/depth.png,../../data/moge_dataset/DIODE/val/indoors/scene_00019/scan_00183/00019_00183_indoors_350_050/meta.json,DIODE,../../data/depthanything/moge_dataset/DIODE/val/indoors/scene_00019/scan_00183/00019_00183_indoors_350_050/image.png
73,73,../../data/moge_dataset/DIODE/val/indoors/scene_00020/scan_00184/00020_00184_indoors_050_000/image.jpg,../../data/moge_dataset/DIODE/val/indoors/scene_00020/scan_00184/00020_00184_indoors_050_000/depth.png,../../data/moge_dataset/DIODE/val/indoors/scene_00020/scan_00184/00020_00184_indoors_050_000/meta.json,DIODE,../../data/depthanything/moge_dataset/DIODE/val/indoors/scene_00020/scan_00184/00020_00184_indoors_050_000/image.png
74,74,../../data/moge_dataset/DIODE/val/indoors/scene_00020/scan_00184/00020_00184_indoors_050_020/image.jpg,../../data/moge_dataset/DIODE/val/indoors/scene_00020/scan_00184/00020_00184_indoors_050_020/depth.png,../../data/moge_dataset/DIODE/val/indoors/scene_00020/scan_00184/00020_00184_indoors_050_020/meta.json,DIODE,../../data/depthanything/moge_dataset/DIODE/val/indoors/scene_00020/scan_00184/00020_00184_indoors_050_020/image.png
75,75,../../data/moge_dataset/DIODE/val/indoors/scene_00020/scan_00184/00020_00184_indoors_060_010/image.jpg,../../data/moge_dataset/DIODE/val/indoors/scene_00020/scan_00184/00020_00184_indoors_060_010/depth.png,../../data/moge_dataset/DIODE/val/indoors/scene_00020/scan_00184/00020_00184_indoors_060_010/meta.json,DIODE,../../data/depthanything/moge_dataset/DIODE/val/indoors/scene_00020/scan_00184/00020_00184_indoors_060_010/image.png
76,76,../../data/moge_dataset/DIODE/val/indoors/scene_00020/scan_00184/00020_00184_indoors_060_030/image.jpg,../../data/moge_dataset/DIODE/val/indoors/scene_00020/scan_00184/00020_00184_indoors_060_030/depth.png,../../data/moge_dataset/DIODE/val/indoors/scene_00020/scan_00184/00020_00184_indoors_060_030/meta.json,DIODE,../../data/depthanything/moge_dataset/DIODE/val/indoors/scene_00020/scan_00184/00020_00184_indoors_060_030/image.png
77,77,../../data/moge_dataset/DIODE/val/indoors/scene_00020/scan_00184/00020_00184_indoors_070_000/image.jpg,../../data/moge_dataset/DIODE/val/indoors/scene_00020/scan_00184/00020_00184_indoors_070_000/depth.png,../../data/moge_dataset/DIODE/val/indoors/scene_00020/scan_00184/00020_00184_indoors_070_000/meta.json,DIODE,../../data/depthanything/moge_dataset/DIODE/val/indoors/scene_00020/scan_00184/00020_00184_indoors_070_000/image.png
78,78,../../data/moge_dataset/DIODE/val/indoors/scene_00020/scan_00184/00020_00184_indoors_070_020/image.jpg,../../data/moge_dataset/DIODE/val/indoors/scene_00020/scan_00184/00020_00184_indoors_070_020/depth.png,../../data/moge_dataset/DIODE/val/indoors/scene_00020/scan_00184/00020_00184_indoors_070_020/meta.json,DIODE,../../data/depthanything/moge_dataset/DIODE/val/indoors/scene_00020/scan_00184/00020_00184_indoors_070_020/image.png
79,79,../../data/moge_dataset/DIODE/val/indoors/scene_00020/scan_00184/00020_00184_indoors_080_010/image.jpg,../../data/moge_dataset/DIODE/val/indoors/scene_00020/scan_00184/00020_00184_indoors_080_010/depth.png,../../data/moge_dataset/DIODE/val/indoors/scene_00020/scan_00184/00020_00184_indoors_080_010/meta.json,DIODE,../../data/depthanything/moge_dataset/DIODE/val/indoors/scene_00020/scan_00184/00020_00184_indoors_080_010/image.png
80,80,../../data/moge_dataset/DIODE/val/indoors/scene_00020/scan_00184/00020_00184_indoors_100_000/image.jpg,../../data/moge_dataset/DIODE/val/indoors/scene_00020/scan_00184/00020_00184_indoors_100_000/depth.png,../../data/moge_dataset/DIODE/val/indoors/scene_00020/scan_00184/00020_00184_indoors_100_000/meta.json,DIODE,../../data/depthanything/moge_dataset/DIODE/val/indoors/scene_00020/scan_00184/00020_00184_indoors_100_000/image.png
81,81,../../data/moge_dataset/DIODE/val/indoors/scene_00020/scan_00184/00020_00184_indoors_110_010/image.jpg,../../data/moge_dataset/DIODE/val/indoors/scene_00020/scan_00184/00020_00184_indoors_110_010/depth.png,../../data/moge_dataset/DIODE/val/indoors/scene_00020/scan_00184/00020_00184_indoors_110_010/meta.json,DIODE,../../data/depthanything/moge_dataset/DIODE/val/indoors/scene_00020/scan_00184/00020_00184_indoors_110_010/image.png
82,82,../../data/moge_dataset/DIODE/val/indoors/scene_00020/scan_00184/00020_00184_indoors_110_030/image.jpg,../../data/moge_dataset/DIODE/val/indoors/scene_00020/scan_00184/00020_00184_indoors_110_030/depth.png,../../data/moge_dataset/DIODE/val/indoors/scene_00020/scan_00184/00020_00184_indoors_110_030/meta.json,DIODE,../../data/depthanything/moge_dataset/DIODE/val/indoors/scene_00020/scan_00184/00020_00184_indoors_110_030/image.png
83,83,../../data/moge_dataset/DIODE/val/indoors/scene_00020/scan_00184/00020_00184_indoors_120_000/image.jpg,../../data/moge_dataset/DIODE/val/indoors/scene_00020/scan_00184/00020_00184_indoors_120_000/depth.png,../../data/moge_dataset/DIODE/val/indoors/scene_00020/scan_00184/00020_00184_indoors_120_000/meta.json,DIODE,../../data/depthanything/moge_dataset/DIODE/val/indoors/scene_00020/scan_00184/00020_00184_indoors_120_000/image.png
84,84,../../data/moge_dataset/DIODE/val/indoors/scene_00020/scan_00184/00020_00184_indoors_120_020/image.jpg,../../data/moge_dataset/DIODE/val/indoors/scene_00020/scan_00184/00020_00184_indoors_120_020/depth.png,../../data/moge_dataset/DIODE/val/indoors/scene_00020/scan_00184/00020_00184_indoors_120_020/meta.json,DIODE,../../data/depthanything/moge_dataset/DIODE/val/indoors/scene_00020/scan_00184/00020_00184_indoors_120_020/image.png
85,85,../../data/moge_dataset/DIODE/val/indoors/scene_00020/scan_00184/00020_00184_indoors_130_010/image.jpg,../../data/moge_dataset/DIODE/val/indoors/scene_00020/scan_00184/00020_00184_indoors_130_010/depth.png,../../data/moge_dataset/DIODE/val/indoors/scene_00020/scan_00184/00020_00184_indoors_130_010/meta.json,DIODE,../../data/depthanything/moge_dataset/DIODE/val/indoors/scene_00020/scan_00184/00020_00184_indoors_130_010/image.png
86,86,../../data/moge_dataset/DIODE/val/indoors/scene_00020/scan_00184/00020_00184_indoors_130_030/image.jpg,../../data/moge_dataset/DIODE/val/indoors/scene_00020/scan_00184/00020_00184_indoors_130_030/depth.png,../../data/moge_dataset/DIODE/val/indoors/scene_00020/scan_00184/00020_00184_indoors_130_030/meta.json,DIODE,../../data/depthanything/moge_dataset/DIODE/val/indoors/scene_00020/scan_00184/00020_00184_indoors_130_030/image.png
87,87,../../data/moge_dataset/DIODE/val/indoors/scene_00020/scan_00184/00020_00184_indoors_140_000/image.jpg,../../data/moge_dataset/DIODE/val/indoors/scene_00020/scan_00184/00020_00184_indoors_140_000/depth.png,../../data/moge_dataset/DIODE/val/indoors/scene_00020/scan_00184/00020_00184_indoors_140_000/meta.json,DIODE,../../data/depthanything/moge_dataset/DIODE/val/indoors/scene_00020/scan_00184/00020_00184_indoors_140_000/image.png
88,88,../../data/moge_dataset/DIODE/val/indoors/scene_00020/scan_00184/00020_00184_indoors_140_020/image.jpg,../../data/moge_dataset/DIODE/val/indoors/scene_00020/scan_00184/00020_00184_indoors_140_020/depth.png,../../data/moge_dataset/DIODE/val/indoors/scene_00020/scan_00184/00020_00184_indoors_140_020/meta.json,DIODE,../../data/depthanything/moge_dataset/DIODE/val/indoors/scene_00020/scan_00184/00020_00184_indoors_140_020/image.png
89,89,../../data/moge_dataset/DIODE/val/indoors/scene_00020/scan_00184/00020_00184_indoors_160_010/image.jpg,../../data/moge_dataset/DIODE/val/indoors/scene_00020/scan_00184/00020_00184_indoors_160_010/depth.png,../../data/moge_dataset/DIODE/val/indoors/scene_00020/scan_00184/00020_00184_indoors_160_010/meta.json,DIODE,../../data/depthanything/moge_dataset/DIODE/val/indoors/scene_00020/scan_00184/00020_00184_indoors_160_010/image.png
90,90,../../data/moge_dataset/DIODE/val/indoors/scene_00020/scan_00184/00020_00184_indoors_160_030/image.jpg,../../data/moge_dataset/DIODE/val/indoors/scene_00020/scan_00184/00020_00184_indoors_160_030/depth.png,../../data/moge_dataset/DIODE/val/indoors/scene_00020/scan_00184/00020_00184_indoors_160_030/meta.json,DIODE,../../data/depthanything/moge_dataset/DIODE/val/indoors/scene_00020/scan_00184/00020_00184_indoors_160_030/image.png
91,91,../../data/moge_dataset/DIODE/val/indoors/scene_00020/scan_00184/00020_00184_indoors_170_000/image.jpg,../../data/moge_dataset/DIODE/val/indoors/scene_00020/scan_00184/00020_00184_indoors_170_000/depth.png,../../data/moge_dataset/DIODE/val/indoors/scene_00020/scan_00184/00020_00184_indoors_170_000/meta.json,DIODE,../../data/depthanything/moge_dataset/DIODE/val/indoors/scene_00020/scan_00184/00020_00184_indoors_170_000/image.png
92,92,../../data/moge_dataset/DIODE/val/indoors/scene_00020/scan_00184/00020_00184_indoors_170_020/image.jpg,../../data/moge_dataset/DIODE/val/indoors/scene_00020/scan_00184/00020_00184_indoors_170_020/depth.png,../../data/moge_dataset/DIODE/val/indoors/scene_00020/scan_00184/00020_00184_indoors_170_020/meta.json,DIODE,../../data/depthanything/moge_dataset/DIODE/val/indoors/scene_00020/scan_00184/00020_00184_indoors_170_020/image.png
93,93,../../data/moge_dataset/DIODE/val/indoors/scene_00020/scan_00184/00020_00184_indoors_180_010/image.jpg,../../data/moge_dataset/DIODE/val/indoors/scene_00020/scan_00184/00020_00184_indoors_180_010/depth.png,../../data/moge_dataset/DIODE/val/indoors/scene_00020/scan_00184/00020_00184_indoors_180_010/meta.json,DIODE,../../data/depthanything/moge_dataset/DIODE/val/indoors/scene_00020/scan_00184/00020_00184_indoors_180_010/image.png
94,94,../../data/moge_dataset/DIODE/val/indoors/scene_00020/scan_00184/00020_00184_indoors_180_030/image.jpg,../../data/moge_dataset/DIODE/val/indoors/scene_00020/scan_00184/00020_00184_indoors_180_030/depth.png,../../data/moge_dataset/DIODE/val/indoors/scene_00020/scan_00184/00020_00184_indoors_180_030/meta.json,DIODE,../../data/depthanything/moge_dataset/DIODE/val/indoors/scene_00020/scan_00184/00020_00184_indoors_180_030/image.png
95,95,../../data/moge_dataset/DIODE/val/indoors/scene_00020/scan_00184/00020_00184_indoors_190_000/image.jpg,../../data/moge_dataset/DIODE/val/indoors/scene_00020/scan_00184/00020_00184_indoors_190_000/depth.png,../../data/moge_dataset/DIODE/val/indoors/scene_00020/scan_00184/00020_00184_indoors_190_000/meta.json,DIODE,../../data/depthanything/moge_dataset/DIODE/val/indoors/scene_00020/scan_00184/00020_00184_indoors_190_000/image.png
96,96,../../data/moge_dataset/DIODE/val/indoors/scene_00020/scan_00184/00020_00184_indoors_190_020/image.jpg,../../data/moge_dataset/DIODE/val/indoors/scene_00020/scan_00184/00020_00184_indoors_190_020/depth.png,../../data/moge_dataset/DIODE/val/indoors/scene_00020/scan_00184/00020_00184_indoors_190_020/meta.json,DIODE,../../data/depthanything/moge_dataset/DIODE/val/indoors/scene_00020/scan_00184/00020_00184_indoors_190_020/image.png
97,97,../../data/moge_dataset/DIODE/val/indoors/scene_00020/scan_00184/00020_00184_indoors_200_010/image.jpg,../../data/moge_dataset/DIODE/val/indoors/scene_00020/scan_00184/00020_00184_indoors_200_010/depth.png,../../data/moge_dataset/DIODE/val/indoors/scene_00020/scan_00184/00020_00184_indoors_200_010/meta.json,DIODE,../../data/depthanything/moge_dataset/DIODE/val/indoors/scene_00020/scan_00184/00020_00184_indoors_200_010/image.png
98,98,../../data/moge_dataset/DIODE/val/indoors/scene_00020/scan_00184/00020_00184_indoors_200_030/image.jpg,../../data/moge_dataset/DIODE/val/indoors/scene_00020/scan_00184/00020_00184_indoors_200_030/depth.png,../../data/moge_dataset/DIODE/val/indoors/scene_00020/scan_00184/00020_00184_indoors_200_030/meta.json,DIODE,../../data/depthanything/moge_dataset/DIODE/val/indoors/scene_00020/scan_00184/00020_00184_indoors_200_030/image.png
99,99,../../data/moge_dataset/DIODE/val/indoors/scene_00020/scan_00184/00020_00184_indoors_290_040/image.jpg,../../data/moge_dataset/DIODE/val/indoors/scene_00020/scan_00184/00020_00184_indoors_290_040/depth.png,../../data/moge_dataset/DIODE/val/indoors/scene_00020/scan_00184/00020_00184_indoors_290_040/meta.json,DIODE,../../data/depthanything/moge_dataset/DIODE/val/indoors/scene_00020/scan_00184/00020_00184_indoors_290_040/image.png
100,100,../../data/moge_dataset/DIODE/val/indoors/scene_00020/scan_00185/00020_00185_indoors_000_000/image.jpg,../../data/moge_dataset/DIODE/val/indoors/scene_00020/scan_00185/00020_00185_indoors_000_000/depth.png,../../data/moge_dataset/DIODE/val/indoors/scene_00020/scan_00185/00020_00185_indoors_000_000/meta.json,DIODE,../../data/depthanything/moge_dataset/DIODE/val/indoors/scene_00020/scan_00185/00020_00185_indoors_000_000/image.png
101,101,../../data/moge_dataset/DIODE/val/indoors/scene_00020/scan_00185/00020_00185_indoors_000_020/image.jpg,../../data/moge_dataset/DIODE/val/indoors/scene_00020/scan_00185/00020_00185_indoors_000_020/depth.png,../../data/moge_dataset/DIODE/val/indoors/scene_00020/scan_00185/00020_00185_indoors_000_020/meta.json,DIODE,../../data/depthanything/moge_dataset/DIODE/val/indoors/scene_00020/scan_00185/00020_00185_indoors_000_020/image.png
102,102,../../data/moge_dataset/DIODE/val/indoors/scene_00020/scan_00185/00020_00185_indoors_010_010/image.jpg,../../data/moge_dataset/DIODE/val/indoors/scene_00020/scan_00185/00020_00185_indoors_010_010/depth.png,../../data/moge_dataset/DIODE/val/indoors/scene_00020/scan_00185/00020_00185_indoors_010_010/meta.json,DIODE,../../data/depthanything/moge_dataset/DIODE/val/indoors/scene_00020/scan_00185/00020_00185_indoors_010_010/image.png
103,103,../../data/moge_dataset/DIODE/val/indoors/scene_00020/scan_00185/00020_00185_indoors_010_030/image.jpg,../../data/moge_dataset/DIODE/val/indoors/scene_00020/scan_00185/00020_00185_indoors_010_030/depth.png,../../data/moge_dataset/DIODE/val/indoors/scene_00020/scan_00185/00020_00185_indoors_010_030/meta.json,DIODE,../../data/depthanything/moge_dataset/DIODE/val/indoors/scene_00020/scan_00185/00020_00185_indoors_010_030/image.png
104,104,../../data/moge_dataset/DIODE/val/indoors/scene_00020/scan_00185/00020_00185_indoors_020_000/image.jpg,../../data/moge_dataset/DIODE/val/indoors/scene_00020/scan_00185/00020_00185_indoors_020_000/depth.png,../../data/moge_dataset/DIODE/val/indoors/scene_00020/scan_00185/00020_00185_indoors_020_000/meta.json,DIODE,../../data/depthanything/moge_dataset/DIODE/val/indoors/scene_00020/scan_00185/00020_00185_indoors_020_000/image.png
105,105,../../data/moge_dataset/DIODE/val/indoors/scene_00020/scan_00185/00020_00185_indoors_020_020/image.jpg,../../data/moge_dataset/DIODE/val/indoors/scene_00020/scan_00185/00020_00185_indoors_020_020/depth.png,../../data/moge_dataset/DIODE/val/indoors/scene_00020/scan_00185/00020_00185_indoors_020_020/meta.json,DIODE,../../data/depthanything/moge_dataset/DIODE/val/indoors/scene_00020/scan_00185/00020_00185_indoors_020_020/image.png
106,106,../../data/moge_dataset/DIODE/val/indoors/scene_00020/scan_00185/00020_00185_indoors_030_010/image.jpg,../../data/moge_dataset/DIODE/val/indoors/scene_00020/scan_00185/00020_00185_indoors_030_010/depth.png,../../data/moge_dataset/DIODE/val/indoors/scene_00020/scan_00185/00020_00185_indoors_030_010/meta.json,DIODE,../../data/depthanything/moge_dataset/DIODE/val/indoors/scene_00020/scan_00185/00020_00185_indoors_030_010/image.png
107,107,../../data/moge_dataset/DIODE/val/indoors/scene_00020/scan_00185/00020_00185_indoors_040_000/image.jpg,../../data/moge_dataset/DIODE/val/indoors/scene_00020/scan_00185/00020_00185_indoors_040_000/depth.png,../../data/moge_dataset/DIODE/val/indoors/scene_00020/scan_00185/00020_00185_indoors_040_000/meta.json,DIODE,../../data/depthanything/moge_dataset/DIODE/val/indoors/scene_00020/scan_00185/00020_00185_indoors_040_000/image.png
108,108,../../data/moge_dataset/DIODE/val/indoors/scene_00020/scan_00185/00020_00185_indoors_050_010/image.jpg,../../data/moge_dataset/DIODE/val/indoors/scene_00020/scan_00185/00020_00185_indoors_050_010/depth.png,../../data/moge_dataset/DIODE/val/indoors/scene_00020/scan_00185/00020_00185_indoors_050_010/meta.json,DIODE,../../data/depthanything/moge_dataset/DIODE/val/indoors/scene_00020/scan_00185/00020_00185_indoors_050_010/image.png
109,109,../../data/moge_dataset/DIODE/val/indoors/scene_00020/scan_00185/00020_00185_indoors_070_000/image.jpg,../../data/moge_dataset/DIODE/val/indoors/scene_00020/scan_00185/00020_00185_indoors_070_000/depth.png,../../data/moge_dataset/DIODE/val/indoors/scene_00020/scan_00185/00020_00185_indoors_070_000/meta.json,DIODE,../../data/depthanything/moge_dataset/DIODE/val/indoors/scene_00020/scan_00185/00020_00185_indoors_070_000/image.png
110,110,../../data/moge_dataset/DIODE/val/indoors/scene_00020/scan_00185/00020_00185_indoors_080_010/image.jpg,../../data/moge_dataset/DIODE/val/indoors/scene_00020/scan_00185/00020_00185_indoors_080_010/depth.png,../../data/moge_dataset/DIODE/val/indoors/scene_00020/scan_00185/00020_00185_indoors_080_010/meta.json,DIODE,../../data/depthanything/moge_dataset/DIODE/val/indoors/scene_00020/scan_00185/00020_00185_indoors_080_010/image.png
111,111,../../data/moge_dataset/DIODE/val/indoors/scene_00020/scan_00185/00020_00185_indoors_090_000/image.jpg,../../data/moge_dataset/DIODE/val/indoors/scene_00020/scan_00185/00020_00185_indoors_090_000/depth.png,../../data/moge_dataset/DIODE/val/indoors/scene_00020/scan_00185/00020_00185_indoors_090_000/meta.json,DIODE,../../data/depthanything/moge_dataset/DIODE/val/indoors/scene_00020/scan_00185/00020_00185_indoors_090_000/image.png
112,112,../../data/moge_dataset/DIODE/val/indoors/scene_00020/scan_00185/00020_00185_indoors_150_000/image.jpg,../../data/moge_dataset/DIODE/val/indoors/scene_00020/scan_00185/00020_00185_indoors_150_000/depth.png,../../data/moge_dataset/DIODE/val/indoors/scene_00020/scan_00185/00020_00185_indoors_150_000/meta.json,DIODE,../../data/depthanything/moge_dataset/DIODE/val/indoors/scene_00020/scan_00185/00020_00185_indoors_150_000/image.png
113,113,../../data/moge_dataset/DIODE/val/indoors/scene_00020/scan_00185/00020_00185_indoors_160_010/image.jpg,../../data/moge_dataset/DIODE/val/indoors/scene_00020/scan_00185/00020_00185_indoors_160_010/depth.png,../../data/moge_dataset/DIODE/val/indoors/scene_00020/scan_00185/00020_00185_indoors_160_010/meta.json,DIODE,../../data/depthanything/moge_dataset/DIODE/val/indoors/scene_00020/scan_00185/00020_00185_indoors_160_010/image.png
114,114,../../data/moge_dataset/DIODE/val/indoors/scene_00020/scan_00185/00020_00185_indoors_170_000/image.jpg,../../data/moge_dataset/DIODE/val/indoors/scene_00020/scan_00185/00020_00185_indoors_170_000/depth.png,../../data/moge_dataset/DIODE/val/indoors/scene_00020/scan_00185/00020_00185_indoors_170_000/meta.json,DIODE,../../data/depthanything/moge_dataset/DIODE/val/indoors/scene_00020/scan_00185/00020_00185_indoors_170_000/image.png
115,115,../../data/moge_dataset/DIODE/val/indoors/scene_00020/scan_00185/00020_00185_indoors_180_030/image.jpg,../../data/moge_dataset/DIODE/val/indoors/scene_00020/scan_00185/00020_00185_indoors_180_030/depth.png,../../data/moge_dataset/DIODE/val/indoors/scene_00020/scan_00185/00020_00185_indoors_180_030/meta.json,DIODE,../../data/depthanything/moge_dataset/DIODE/val/indoors/scene_00020/scan_00185/00020_00185_indoors_180_030/image.png
116,116,../../data/moge_dataset/DIODE/val/indoors/scene_00020/scan_00185/00020_00185_indoors_190_000/image.jpg,../../data/moge_dataset/DIODE/val/indoors/scene_00020/scan_00185/00020_00185_indoors_190_000/depth.png,../../data/moge_dataset/DIODE/val/indoors/scene_00020/scan_00185/00020_00185_indoors_190_000/meta.json,DIODE,../../data/depthanything/moge_dataset/DIODE/val/indoors/scene_00020/scan_00185/00020_00185_indoors_190_000/image.png
117,117,../../data/moge_dataset/DIODE/val/indoors/scene_00020/scan_00185/00020_00185_indoors_270_000/image.jpg,../../data/moge_dataset/DIODE/val/indoors/scene_00020/scan_00185/00020_00185_indoors_270_000/depth.png,../../data/moge_dataset/DIODE/val/indoors/scene_00020/scan_00185/00020_00185_indoors_270_000/meta.json,DIODE,../../data/depthanything/moge_dataset/DIODE/val/indoors/scene_00020/scan_00185/00020_00185_indoors_270_000/image.png
118,118,../../data/moge_dataset/DIODE/val/indoors/scene_00020/scan_00185/00020_00185_indoors_280_010/image.jpg,../../data/moge_dataset/DIODE/val/indoors/scene_00020/scan_00185/00020_00185_indoors_280_010/depth.png,../../data/moge_dataset/DIODE/val/indoors/scene_00020/scan_00185/00020_00185_indoors_280_010/meta.json,DIODE,../../data/depthanything/moge_dataset/DIODE/val/indoors/scene_00020/scan_00185/00020_00185_indoors_280_010/image.png
119,119,../../data/moge_dataset/DIODE/val/indoors/scene_00020/scan_00185/00020_00185_indoors_290_000/image.jpg,../../data/moge_dataset/DIODE/val/indoors/scene_00020/scan_00185/00020_00185_indoors_290_000/depth.png,../../data/moge_dataset/DIODE/val/indoors/scene_00020/scan_00185/00020_00185_indoors_290_000/meta.json,DIODE,../../data/depthanything/moge_dataset/DIODE/val/indoors/scene_00020/scan_00185/00020_00185_indoors_290_000/image.png
120,120,../../data/moge_dataset/DIODE/val/indoors/scene_00020/scan_00185/00020_00185_indoors_290_020/image.jpg,../../data/moge_dataset/DIODE/val/indoors/scene_00020/scan_00185/00020_00185_indoors_290_020/depth.png,../../data/moge_dataset/DIODE/val/indoors/scene_00020/scan_00185/00020_00185_indoors_290_020/meta.json,DIODE,../../data/depthanything/moge_dataset/DIODE/val/indoors/scene_00020/scan_00185/00020_00185_indoors_290_020/image.png
121,121,../../data/moge_dataset/DIODE/val/indoors/scene_00020/scan_00185/00020_00185_indoors_300_010/image.jpg,../../data/moge_dataset/DIODE/val/indoors/scene_00020/scan_00185/00020_00185_indoors_300_010/depth.png,../../data/moge_dataset/DIODE/val/indoors/scene_00020/scan_00185/00020_00185_indoors_300_010/meta.json,DIODE,../../data/depthanything/moge_dataset/DIODE/val/indoors/scene_00020/scan_00185/00020_00185_indoors_300_010/image.png
122,122,../../data/moge_dataset/DIODE/val/indoors/scene_00020/scan_00185/00020_00185_indoors_300_030/image.jpg,../../data/moge_dataset/DIODE/val/indoors/scene_00020/scan_00185/00020_00185_indoors_300_030/depth.png,../../data/moge_dataset/DIODE/val/indoors/scene_00020/scan_00185/00020_00185_indoors_300_030/meta.json,DIODE,../../data/depthanything/moge_dataset/DIODE/val/indoors/scene_00020/scan_00185/00020_00185_indoors_300_030/image.png
123,123,../../data/moge_dataset/DIODE/val/indoors/scene_00020/scan_00185/00020_00185_indoors_320_000/image.jpg,../../data/moge_dataset/DIODE/val/indoors/scene_00020/scan_00185/00020_00185_indoors_320_000/depth.png,../../data/moge_dataset/DIODE/val/indoors/scene_00020/scan_00185/00020_00185_indoors_320_000/meta.json,DIODE,../../data/depthanything/moge_dataset/DIODE/val/indoors/scene_00020/scan_00185/00020_00185_indoors_320_000/image.png
124,124,../../data/moge_dataset/DIODE/val/indoors/scene_00020/scan_00185/00020_00185_indoors_330_010/image.jpg,../../data/moge_dataset/DIODE/val/indoors/scene_00020/scan_00185/00020_00185_indoors_330_010/depth.png,../../data/moge_dataset/DIODE/val/indoors/scene_00020/scan_00185/00020_00185_indoors_330_010/meta.json,DIODE,../../data/depthanything/moge_dataset/DIODE/val/indoors/scene_00020/scan_00185/00020_00185_indoors_330_010/image.png
125,125,../../data/moge_dataset/DIODE/val/indoors/scene_00020/scan_00185/00020_00185_indoors_340_000/image.jpg,../../data/moge_dataset/DIODE/val/indoors/scene_00020/scan_00185/00020_00185_indoors_340_000/depth.png,../../data/moge_dataset/DIODE/val/indoors/scene_00020/scan_00185/00020_00185_indoors_340_000/meta.json,DIODE,../../data/depthanything/moge_dataset/DIODE/val/indoors/scene_00020/scan_00185/00020_00185_indoors_340_000/image.png
126,126,../../data/moge_dataset/DIODE/val/indoors/scene_00020/scan_00185/00020_00185_indoors_340_020/image.jpg,../../data/moge_dataset/DIODE/val/indoors/scene_00020/scan_00185/00020_00185_indoors_340_020/depth.png,../../data/moge_dataset/DIODE/val/indoors/scene_00020/scan_00185/00020_00185_indoors_340_020/meta.json,DIODE,../../data/depthanything/moge_dataset/DIODE/val/indoors/scene_00020/scan_00185/00020_00185_indoors_340_020/image.png
127,127,../../data/moge_dataset/DIODE/val/indoors/scene_00020/scan_00185/00020_00185_indoors_350_010/image.jpg,../../data/moge_dataset/DIODE/val/indoors/scene_00020/scan_00185/00020_00185_indoors_350_010/depth.png,../../data/moge_dataset/DIODE/val/indoors/scene_00020/scan_00185/00020_00185_indoors_350_010/meta.json,DIODE,../../data/depthanything/moge_dataset/DIODE/val/indoors/scene_00020/scan_00185/00020_00185_indoors_350_010/image.png
128,128,../../data/moge_dataset/DIODE/val/indoors/scene_00020/scan_00185/00020_00185_indoors_350_030/image.jpg,../../data/moge_dataset/DIODE/val/indoors/scene_00020/scan_00185/00020_00185_indoors_350_030/depth.png,../../data/moge_dataset/DIODE/val/indoors/scene_00020/scan_00185/00020_00185_indoors_350_030/meta.json,DIODE,../../data/depthanything/moge_dataset/DIODE/val/indoors/scene_00020/scan_00185/00020_00185_indoors_350_030/image.png
129,129,../../data/moge_dataset/DIODE/val/indoors/scene_00020/scan_00186/00020_00186_indoors_000_000/image.jpg,../../data/moge_dataset/DIODE/val/indoors/scene_00020/scan_00186/00020_00186_indoors_000_000/depth.png,../../data/moge_dataset/DIODE/val/indoors/scene_00020/scan_00186/00020_00186_indoors_000_000/meta.json,DIODE,../../data/depthanything/moge_dataset/DIODE/val/indoors/scene_00020/scan_00186/00020_00186_indoors_000_000/image.png
130,130,../../data/moge_dataset/DIODE/val/indoors/scene_00020/scan_00186/00020_00186_indoors_020_000/image.jpg,../../data/moge_dataset/DIODE/val/indoors/scene_00020/scan_00186/00020_00186_indoors_020_000/depth.png,../../data/moge_dataset/DIODE/val/indoors/scene_00020/scan_00186/00020_00186_indoors_020_000/meta.json,DIODE,../../data/depthanything/moge_dataset/DIODE/val/indoors/scene_00020/scan_00186/00020_00186_indoors_020_000/image.png
131,131,../../data/moge_dataset/DIODE/val/indoors/scene_00020/scan_00186/00020_00186_indoors_030_010/image.jpg,../../data/moge_dataset/DIODE/val/indoors/scene_00020/scan_00186/00020_00186_indoors_030_010/depth.png,../../data/moge_dataset/DIODE/val/indoors/scene_00020/scan_00186/00020_00186_indoors_030_010/meta.json,DIODE,../../data/depthanything/moge_dataset/DIODE/val/indoors/scene_00020/scan_00186/00020_00186_indoors_030_010/image.png
132,132,../../data/moge_dataset/DIODE/val/indoors/scene_00020/scan_00186/00020_00186_indoors_040_000/image.jpg,../../data/moge_dataset/DIODE/val/indoors/scene_00020/scan_00186/00020_00186_indoors_040_000/depth.png,../../data/moge_dataset/DIODE/val/indoors/scene_00020/scan_00186/00020_00186_indoors_040_000/meta.json,DIODE,../../data/depthanything/moge_dataset/DIODE/val/indoors/scene_00020/scan_00186/00020_00186_indoors_040_000/image.png
133,133,../../data/moge_dataset/DIODE/val/indoors/scene_00020/scan_00186/00020_00186_indoors_040_020/image.jpg,../../data/moge_dataset/DIODE/val/indoors/scene_00020/scan_00186/00020_00186_indoors_040_020/depth.png,../../data/moge_dataset/DIODE/val/indoors/scene_00020/scan_00186/00020_00186_indoors_040_020/meta.json,DIODE,../../data/depthanything/moge_dataset/DIODE/val/indoors/scene_00020/scan_00186/00020_00186_indoors_040_020/image.png
134,134,../../data/moge_dataset/DIODE/val/indoors/scene_00020/scan_00186/00020_00186_indoors_050_010/image.jpg,../../data/moge_dataset/DIODE/val/indoors/scene_00020/scan_00186/00020_00186_indoors_050_010/depth.png,../../data/moge_dataset/DIODE/val/indoors/scene_00020/scan_00186/00020_00186_indoors_050_010/meta.json,DIODE,../../data/depthanything/moge_dataset/DIODE/val/indoors/scene_00020/scan_00186/00020_00186_indoors_050_010/image.png
135,135,../../data/moge_dataset/DIODE/val/indoors/scene_00020/scan_00186/00020_00186_indoors_060_000/image.jpg,../../data/moge_dataset/DIODE/val/indoors/scene_00020/scan_00186/00020_00186_indoors_060_000/depth.png,../../data/moge_dataset/DIODE/val/indoors/scene_00020/scan_00186/00020_00186_indoors_060_000/meta.json,DIODE,../../data/depthanything/moge_dataset/DIODE/val/indoors/scene_00020/scan_00186/00020_00186_indoors_060_000/image.png
136,136,../../data/moge_dataset/DIODE/val/indoors/scene_00020/scan_00186/00020_00186_indoors_060_030/image.jpg,../../data/moge_dataset/DIODE/val/indoors/scene_00020/scan_00186/00020_00186_indoors_060_030/depth.png,../../data/moge_dataset/DIODE/val/indoors/scene_00020/scan_00186/00020_00186_indoors_060_030/meta.json,DIODE,../../data/depthanything/moge_dataset/DIODE/val/indoors/scene_00020/scan_00186/00020_00186_indoors_060_030/image.png
137,137,../../data/moge_dataset/DIODE/val/indoors/scene_00020/scan_00186/00020_00186_indoors_070_020/image.jpg,../../data/moge_dataset/DIODE/val/indoors/scene_00020/scan_00186/00020_00186_indoors_070_020/depth.png,../../data/moge_dataset/DIODE/val/indoors/scene_00020/scan_00186/00020_00186_indoors_070_020/meta.json,DIODE,../../data/depthanything/moge_dataset/DIODE/val/indoors/scene_00020/scan_00186/00020_00186_indoors_070_020/image.png
138,138,../../data/moge_dataset/DIODE/val/indoors/scene_00020/scan_00186/00020_00186_indoors_070_040/image.jpg,../../data/moge_dataset/DIODE/val/indoors/scene_00020/scan_00186/00020_00186_indoors_070_040/depth.png,../../data/moge_dataset/DIODE/val/indoors/scene_00020/scan_00186/00020_00186_indoors_070_040/meta.json,DIODE,../../data/depthanything/moge_dataset/DIODE/val/indoors/scene_00020/scan_00186/00020_00186_indoors_070_040/image.png
139,139,../../data/moge_dataset/DIODE/val/indoors/scene_00020/scan_00186/00020_00186_indoors_080_010/image.jpg,../../data/moge_dataset/DIODE/val/indoors/scene_00020/scan_00186/00020_00186_indoors_080_010/depth.png,../../data/moge_dataset/DIODE/val/indoors/scene_00020/scan_00186/00020_00186_indoors_080_010/meta.json,DIODE,../../data/depthanything/moge_dataset/DIODE/val/indoors/scene_00020/scan_00186/00020_00186_indoors_080_010/image.png
140,140,../../data/moge_dataset/DIODE/val/indoors/scene_00020/scan_00186/00020_00186_indoors_080_030/image.jpg,../../data/moge_dataset/DIODE/val/indoors/scene_00020/scan_00186/00020_00186_indoors_080_030/depth.png,../../data/moge_dataset/DIODE/val/indoors/scene_00020/scan_00186/00020_00186_indoors_080_030/meta.json,DIODE,../../data/depthanything/moge_dataset/DIODE/val/indoors/scene_00020/scan_00186/00020_00186_indoors_080_030/image.png
141,141,../../data/moge_dataset/DIODE/val/indoors/scene_00020/scan_00186/00020_00186_indoors_090_000/image.jpg,../../data/moge_dataset/DIODE/val/indoors/scene_00020/scan_00186/00020_00186_indoors_090_000/depth.png,../../data/moge_dataset/DIODE/val/indoors/scene_00020/scan_00186/00020_00186_indoors_090_000/meta.json,DIODE,../../data/depthanything/moge_dataset/DIODE/val/indoors/scene_00020/scan_00186/00020_00186_indoors_090_000/image.png
142,142,../../data/moge_dataset/DIODE/val/indoors/scene_00020/scan_00186/00020_00186_indoors_090_020/image.jpg,../../data/moge_dataset/DIODE/val/indoors/scene_00020/scan_00186/00020_00186_indoors_090_020/depth.png,../../data/moge_dataset/DIODE/val/indoors/scene_00020/scan_00186/00020_00186_indoors_090_020/meta.json,DIODE,../../data/depthanything/moge_dataset/DIODE/val/indoors/scene_00020/scan_00186/00020_00186_indoors_090_020/image.png
143,143,../../data/moge_dataset/DIODE/val/indoors/scene_00020/scan_00186/00020_00186_indoors_100_010/image.jpg,../../data/moge_dataset/DIODE/val/indoors/scene_00020/scan_00186/00020_00186_indoors_100_010/depth.png,../../data/moge_dataset/DIODE/val/indoors/scene_00020/scan_00186/00020_00186_indoors_100_010/meta.json,DIODE,../../data/depthanything/moge_dataset/DIODE/val/indoors/scene_00020/scan_00186/00020_00186_indoors_100_010/image.png
144,144,../../data/moge_dataset/DIODE/val/indoors/scene_00020/scan_00186/00020_00186_indoors_110_000/image.jpg,../../data/moge_dataset/DIODE/val/indoors/scene_00020/scan_00186/00020_00186_indoors_110_000/depth.png,../../data/moge_dataset/DIODE/val/indoors/scene_00020/scan_00186/00020_00186_indoors_110_000/meta.json,DIODE,../../data/depthanything/moge_dataset/DIODE/val/indoors/scene_00020/scan_00186/00020_00186_indoors_110_000/image.png
145,145,../../data/moge_dataset/DIODE/val/indoors/scene_00020/scan_00186/00020_00186_indoors_110_030/image.jpg,../../data/moge_dataset/DIODE/val/indoors/scene_00020/scan_00186/00020_00186_indoors_110_030/depth.png,../../data/moge_dataset/DIODE/val/indoors/scene_00020/scan_00186/00020_00186_indoors_110_030/meta.json,DIODE,../../data/depthanything/moge_dataset/DIODE/val/indoors/scene_00020/scan_00186/00020_00186_indoors_110_030/image.png
146,146,../../data/moge_dataset/DIODE/val/indoors/scene_00020/scan_00186/00020_00186_indoors_120_020/image.jpg,../../data/moge_dataset/DIODE/val/indoors/scene_00020/scan_00186/00020_00186_indoors_120_020/depth.png,../../data/moge_dataset/DIODE/val/indoors/scene_00020/scan_00186/00020_00186_indoors_120_020/meta.json,DIODE,../../data/depthanything/moge_dataset/DIODE/val/indoors/scene_00020/scan_00186/00020_00186_indoors_120_020/image.png
147,147,../../data/moge_dataset/DIODE/val/indoors/scene_00020/scan_00186/00020_00186_indoors_130_010/image.jpg,../../data/moge_dataset/DIODE/val/indoors/scene_00020/scan_00186/00020_00186_indoors_130_010/depth.png,../../data/moge_dataset/DIODE/val/indoors/scene_00020/scan_00186/00020_00186_indoors_130_010/meta.json,DIODE,../../data/depthanything/moge_dataset/DIODE/val/indoors/scene_00020/scan_00186/00020_00186_indoors_130_010/image.png
148,148,../../data/moge_dataset/DIODE/val/indoors/scene_00020/scan_00186/00020_00186_indoors_130_030/image.jpg,../../data/moge_dataset/DIODE/val/indoors/scene_00020/scan_00186/00020_00186_indoors_130_030/depth.png,../../data/moge_dataset/DIODE/val/indoors/scene_00020/scan_00186/00020_00186_indoors_130_030/meta.json,DIODE,../../data/depthanything/moge_dataset/DIODE/val/indoors/scene_00020/scan_00186/00020_00186_indoors_130_030/image.png
149,149,../../data/moge_dataset/DIODE/val/indoors/scene_00020/scan_00186/00020_00186_indoors_140_000/image.jpg,../../data/moge_dataset/DIODE/val/indoors/scene_00020/scan_00186/00020_00186_indoors_140_000/depth.png,../../data/moge_dataset/DIODE/val/indoors/scene_00020/scan_00186/00020_00186_indoors_140_000/meta.json,DIODE,../../data/depthanything/moge_dataset/DIODE/val/indoors/scene_00020/scan_00186/00020_00186_indoors_140_000/image.png
150,150,../../data/moge_dataset/DIODE/val/indoors/scene_00020/scan_00186/00020_00186_indoors_140_020/image.jpg,../../data/moge_dataset/DIODE/val/indoors/scene_00020/scan_00186/00020_00186_indoors_140_020/depth.png,../../data/moge_dataset/DIODE/val/indoors/scene_00020/scan_00186/00020_00186_indoors_140_020/meta.json,DIODE,../../data/depthanything/moge_dataset/DIODE/val/indoors/scene_00020/scan_00186/00020_00186_indoors_140_020/image.png
151,151,../../data/moge_dataset/DIODE/val/indoors/scene_00020/scan_00186/00020_00186_indoors_150_010/image.jpg,../../data/moge_dataset/DIODE/val/indoors/scene_00020/scan_00186/00020_00186_indoors_150_010/depth.png,../../data/moge_dataset/DIODE/val/indoors/scene_00020/scan_00186/00020_00186_indoors_150_010/meta.json,DIODE,../../data/depthanything/moge_dataset/DIODE/val/indoors/scene_00020/scan_00186/00020_00186_indoors_150_010/image.png
152,152,../../data/moge_dataset/DIODE/val/indoors/scene_00020/scan_00186/00020_00186_indoors_150_030/image.jpg,../../data/moge_dataset/DIODE/val/indoors/scene_00020/scan_00186/00020_00186_indoors_150_030/depth.png,../../data/moge_dataset/DIODE/val/indoors/scene_00020/scan_00186/00020_00186_indoors_150_030/meta.json,DIODE,../../data/depthanything/moge_dataset/DIODE/val/indoors/scene_00020/scan_00186/00020_00186_indoors_150_030/image.png
153,153,../../data/moge_dataset/DIODE/val/indoors/scene_00020/scan_00186/00020_00186_indoors_160_000/image.jpg,../../data/moge_dataset/DIODE/val/indoors/scene_00020/scan_00186/00020_00186_indoors_160_000/depth.png,../../data/moge_dataset/DIODE/val/indoors/scene_00020/scan_00186/00020_00186_indoors_160_000/meta.json,DIODE,../../data/depthanything/moge_dataset/DIODE/val/indoors/scene_00020/scan_00186/00020_00186_indoors_160_000/image.png
154,154,../../data/moge_dataset/DIODE/val/indoors/scene_00020/scan_00186/00020_00186_indoors_160_020/image.jpg,../../data/moge_dataset/DIODE/val/indoors/scene_00020/scan_00186/00020_00186_indoors_160_020/depth.png,../../data/moge_dataset/DIODE/val/indoors/scene_00020/scan_00186/00020_00186_indoors_160_020/meta.json,DIODE,../../data/depthanything/moge_dataset/DIODE/val/indoors/scene_00020/scan_00186/00020_00186_indoors_160_020/image.png
155,155,../../data/moge_dataset/DIODE/val/indoors/scene_00020/scan_00186/00020_00186_indoors_170_010/image.jpg,../../data/moge_dataset/DIODE/val/indoors/scene_00020/scan_00186/00020_00186_indoors_170_010/depth.png,../../data/moge_dataset/DIODE/val/indoors/scene_00020/scan_00186/00020_00186_indoors_170_010/meta.json,DIODE,../../data/depthanything/moge_dataset/DIODE/val/indoors/scene_00020/scan_00186/00020_00186_indoors_170_010/image.png
156,156,../../data/moge_dataset/DIODE/val/indoors/scene_00020/scan_00186/00020_00186_indoors_170_040/image.jpg,../../data/moge_dataset/DIODE/val/indoors/scene_00020/scan_00186/00020_00186_indoors_170_040/depth.png,../../data/moge_dataset/DIODE/val/indoors/scene_00020/scan_00186/00020_00186_indoors_170_040/meta.json,DIODE,../../data/depthanything/moge_dataset/DIODE/val/indoors/scene_00020/scan_00186/00020_00186_indoors_170_040/image.png
157,157,../../data/moge_dataset/DIODE/val/indoors/scene_00020/scan_00186/00020_00186_indoors_190_050/image.jpg,../../data/moge_dataset/DIODE/val/indoors/scene_00020/scan_00186/00020_00186_indoors_190_050/depth.png,../../data/moge_dataset/DIODE/val/indoors/scene_00020/scan_00186/00020_00186_indoors_190_050/meta.json,DIODE,../../data/depthanything/moge_dataset/DIODE/val/indoors/scene_00020/scan_00186/00020_00186_indoors_190_050/image.png
158,158,../../data/moge_dataset/DIODE/val/indoors/scene_00020/scan_00186/00020_00186_indoors_200_040/image.jpg,../../data/moge_dataset/DIODE/val/indoors/scene_00020/scan_00186/00020_00186_indoors_200_040/depth.png,../../data/moge_dataset/DIODE/val/indoors/scene_00020/scan_00186/00020_00186_indoors_200_040/meta.json,DIODE,../../data/depthanything/moge_dataset/DIODE/val/indoors/scene_00020/scan_00186/00020_00186_indoors_200_040/image.png
159,159,../../data/moge_dataset/DIODE/val/indoors/scene_00020/scan_00186/00020_00186_indoors_210_000/image.jpg,../../data/moge_dataset/DIODE/val/indoors/scene_00020/scan_00186/00020_00186_indoors_210_000/depth.png,../../data/moge_dataset/DIODE/val/indoors/scene_00020/scan_00186/00020_00186_indoors_210_000/meta.json,DIODE,../../data/depthanything/moge_dataset/DIODE/val/indoors/scene_00020/scan_00186/00020_00186_indoors_210_000/image.png
160,160,../../data/moge_dataset/DIODE/val/indoors/scene_00020/scan_00186/00020_00186_indoors_210_050/image.jpg,../../data/moge_dataset/DIODE/val/indoors/scene_00020/scan_00186/00020_00186_indoors_210_050/depth.png,../../data/moge_dataset/DIODE/val/indoors/scene_00020/scan_00186/00020_00186_indoors_210_050/meta.json,DIODE,../../data/depthanything/moge_dataset/DIODE/val/indoors/scene_00020/scan_00186/00020_00186_indoors_210_050/image.png
161,161,../../data/moge_dataset/DIODE/val/indoors/scene_00020/scan_00186/00020_00186_indoors_220_010/image.jpg,../../data/moge_dataset/DIODE/val/indoors/scene_00020/scan_00186/00020_00186_indoors_220_010/depth.png,../../data/moge_dataset/DIODE/val/indoors/scene_00020/scan_00186/00020_00186_indoors_220_010/meta.json,DIODE,../../data/depthanything/moge_dataset/DIODE/val/indoors/scene_00020/scan_00186/00020_00186_indoors_220_010/image.png
162,162,../../data/moge_dataset/DIODE/val/indoors/scene_00020/scan_00186/00020_00186_indoors_220_040/image.jpg,../../data/moge_dataset/DIODE/val/indoors/scene_00020/scan_00186/00020_00186_indoors_220_040/depth.png,../../data/moge_dataset/DIODE/val/indoors/scene_00020/scan_00186/00020_00186_indoors_220_040/meta.json,DIODE,../../data/depthanything/moge_dataset/DIODE/val/indoors/scene_00020/scan_00186/00020_00186_indoors_220_040/image.png
163,163,../../data/moge_dataset/DIODE/val/indoors/scene_00020/scan_00186/00020_00186_indoors_230_000/image.jpg,../../data/moge_dataset/DIODE/val/indoors/scene_00020/scan_00186/00020_00186_indoors_230_000/depth.png,../../data/moge_dataset/DIODE/val/indoors/scene_00020/scan_00186/00020_00186_indoors_230_000/meta.json,DIODE,../../data/depthanything/moge_dataset/DIODE/val/indoors/scene_00020/scan_00186/00020_00186_indoors_230_000/image.png
164,164,../../data/moge_dataset/DIODE/val/indoors/scene_00020/scan_00186/00020_00186_indoors_230_030/image.jpg,../../data/moge_dataset/DIODE/val/indoors/scene_00020/scan_00186/00020_00186_indoors_230_030/depth.png,../../data/moge_dataset/DIODE/val/indoors/scene_00020/scan_00186/00020_00186_indoors_230_030/meta.json,DIODE,../../data/depthanything/moge_dataset/DIODE/val/indoors/scene_00020/scan_00186/00020_00186_indoors_230_030/image.png
165,165,../../data/moge_dataset/DIODE/val/indoors/scene_00020/scan_00186/00020_00186_indoors_230_050/image.jpg,../../data/moge_dataset/DIODE/val/indoors/scene_00020/scan_00186/00020_00186_indoors_230_050/depth.png,../../data/moge_dataset/DIODE/val/indoors/scene_00020/scan_00186/00020_00186_indoors_230_050/meta.json,DIODE,../../data/depthanything/moge_dataset/DIODE/val/indoors/scene_00020/scan_00186/00020_00186_indoors_230_050/image.png
166,166,../../data/moge_dataset/DIODE/val/indoors/scene_00020/scan_00186/00020_00186_indoors_240_020/image.jpg,../../data/moge_dataset/DIODE/val/indoors/scene_00020/scan_00186/00020_00186_indoors_240_020/depth.png,../../data/moge_dataset/DIODE/val/indoors/scene_00020/scan_00186/00020_00186_indoors_240_020/meta.json,DIODE,../../data/depthanything/moge_dataset/DIODE/val/indoors/scene_00020/scan_00186/00020_00186_indoors_240_020/image.png
167,167,../../data/moge_dataset/DIODE/val/indoors/scene_00020/scan_00186/00020_00186_indoors_240_040/image.jpg,../../data/moge_dataset/DIODE/val/indoors/scene_00020/scan_00186/00020_00186_indoors_240_040/depth.png,../../data/moge_dataset/DIODE/val/indoors/scene_00020/scan_00186/00020_00186_indoors_240_040/meta.json,DIODE,../../data/depthanything/moge_dataset/DIODE/val/indoors/scene_00020/scan_00186/00020_00186_indoors_240_040/image.png
168,168,../../data/moge_dataset/DIODE/val/indoors/scene_00020/scan_00186/00020_00186_indoors_250_000/image.jpg,../../data/moge_dataset/DIODE/val/indoors/scene_00020/scan_00186/00020_00186_indoors_250_000/depth.png,../../data/moge_dataset/DIODE/val/indoors/scene_00020/scan_00186/00020_00186_indoors_250_000/meta.json,DIODE,../../data/depthanything/moge_dataset/DIODE/val/indoors/scene_00020/scan_00186/00020_00186_indoors_250_000/image.png
169,169,../../data/moge_dataset/DIODE/val/indoors/scene_00020/scan_00186/00020_00186_indoors_250_030/image.jpg,../../data/moge_dataset/DIODE/val/indoors/scene_00020/scan_00186/00020_00186_indoors_250_030/depth.png,../../data/moge_dataset/DIODE/val/indoors/scene_00020/scan_00186/00020_00186_indoors_250_030/meta.json,DIODE,../../data/depthanything/moge_dataset/DIODE/val/indoors/scene_00020/scan_00186/00020_00186_indoors_250_030/image.png
170,170,../../data/moge_dataset/DIODE/val/indoors/scene_00020/scan_00186/00020_00186_indoors_250_050/image.jpg,../../data/moge_dataset/DIODE/val/indoors/scene_00020/scan_00186/00020_00186_indoors_250_050/depth.png,../../data/moge_dataset/DIODE/val/indoors/scene_00020/scan_00186/00020_00186_indoors_250_050/meta.json,DIODE,../../data/depthanything/moge_dataset/DIODE/val/indoors/scene_00020/scan_00186/00020_00186_indoors_250_050/image.png
171,171,../../data/moge_dataset/DIODE/val/indoors/scene_00020/scan_00186/00020_00186_indoors_260_020/image.jpg,../../data/moge_dataset/DIODE/val/indoors/scene_00020/scan_00186/00020_00186_indoors_260_020/depth.png,../../data/moge_dataset/DIODE/val/indoors/scene_00020/scan_00186/00020_00186_indoors_260_020/meta.json,DIODE,../../data/depthanything/moge_dataset/DIODE/val/indoors/scene_00020/scan_00186/00020_00186_indoors_260_020/image.png
172,172,../../data/moge_dataset/DIODE/val/indoors/scene_00020/scan_00186/00020_00186_indoors_260_040/image.jpg,../../data/moge_dataset/DIODE/val/indoors/scene_00020/scan_00186/00020_00186_indoors_260_040/depth.png,../../data/moge_dataset/DIODE/val/indoors/scene_00020/scan_00186/00020_00186_indoors_260_040/meta.json,DIODE,../../data/depthanything/moge_dataset/DIODE/val/indoors/scene_00020/scan_00186/00020_00186_indoors_260_040/image.png
173,173,../../data/moge_dataset/DIODE/val/indoors/scene_00020/scan_00186/00020_00186_indoors_270_000/image.jpg,../../data/moge_dataset/DIODE/val/indoors/scene_00020/scan_00186/00020_00186_indoors_270_000/depth.png,../../data/moge_dataset/DIODE/val/indoors/scene_00020/scan_00186/00020_00186_indoors_270_000/meta.json,DIODE,../../data/depthanything/moge_dataset/DIODE/val/indoors/scene_00020/scan_00186/00020_00186_indoors_270_000/image.png
174,174,../../data/moge_dataset/DIODE/val/indoors/scene_00020/scan_00186/00020_00186_indoors_320_000/image.jpg,../../data/moge_dataset/DIODE/val/indoors/scene_00020/scan_00186/00020_00186_indoors_320_000/depth.png,../../data/moge_dataset/DIODE/val/indoors/scene_00020/scan_00186/00020_00186_indoors_320_000/meta.json,DIODE,../../data/depthanything/moge_dataset/DIODE/val/indoors/scene_00020/scan_00186/00020_00186_indoors_320_000/image.png
175,175,../../data/moge_dataset/DIODE/val/indoors/scene_00020/scan_00186/00020_00186_indoors_330_010/image.jpg,../../data/moge_dataset/DIODE/val/indoors/scene_00020/scan_00186/00020_00186_indoors_330_010/depth.png,../../data/moge_dataset/DIODE/val/indoors/scene_00020/scan_00186/00020_00186_indoors_330_010/meta.json,DIODE,../../data/depthanything/moge_dataset/DIODE/val/indoors/scene_00020/scan_00186/00020_00186_indoors_330_010/image.png
176,176,../../data/moge_dataset/DIODE/val/indoors/scene_00020/scan_00186/00020_00186_indoors_340_000/image.jpg,../../data/moge_dataset/DIODE/val/indoors/scene_00020/scan_00186/00020_00186_indoors_340_000/depth.png,../../data/moge_dataset/DIODE/val/indoors/scene_00020/scan_00186/00020_00186_indoors_340_000/meta.json,DIODE,../../data/depthanything/moge_dataset/DIODE/val/indoors/scene_00020/scan_00186/00020_00186_indoors_340_000/image.png
177,177,../../data/moge_dataset/DIODE/val/indoors/scene_00020/scan_00187/00020_00187_indoors_000_000/image.jpg,../../data/moge_dataset/DIODE/val/indoors/scene_00020/scan_00187/00020_00187_indoors_000_000/depth.png,../../data/moge_dataset/DIODE/val/indoors/scene_00020/scan_00187/00020_00187_indoors_000_000/meta.json,DIODE,../../data/depthanything/moge_dataset/DIODE/val/indoors/scene_00020/scan_00187/00020_00187_indoors_000_000/image.png
178,178,../../data/moge_dataset/DIODE/val/indoors/scene_00020/scan_00187/00020_00187_indoors_000_020/image.jpg,../../data/moge_dataset/DIODE/val/indoors/scene_00020/scan_00187/00020_00187_indoors_000_020/depth.png,../../data/moge_dataset/DIODE/val/indoors/scene_00020/scan_00187/00020_00187_indoors_000_020/meta.json,DIODE,../../data/depthanything/moge_dataset/DIODE/val/indoors/scene_00020/scan_00187/00020_00187_indoors_000_020/image.png
179,179,../../data/moge_dataset/DIODE/val/indoors/scene_00020/scan_00187/00020_00187_indoors_000_040/image.jpg,../../data/moge_dataset/DIODE/val/indoors/scene_00020/scan_00187/00020_00187_indoors_000_040/depth.png,../../data/moge_dataset/DIODE/val/indoors/scene_00020/scan_00187/00020_00187_indoors_000_040/meta.json,DIODE,../../data/depthanything/moge_dataset/DIODE/val/indoors/scene_00020/scan_00187/00020_00187_indoors_000_040/image.png
180,180,../../data/moge_dataset/DIODE/val/indoors/scene_00020/scan_00187/00020_00187_indoors_010_030/image.jpg,../../data/moge_dataset/DIODE/val/indoors/scene_00020/scan_00187/00020_00187_indoors_010_030/depth.png,../../data/moge_dataset/DIODE/val/indoors/scene_00020/scan_00187/00020_00187_indoors_010_030/meta.json,DIODE,../../data/depthanything/moge_dataset/DIODE/val/indoors/scene_00020/scan_00187/00020_00187_indoors_010_030/image.png
181,181,../../data/moge_dataset/DIODE/val/indoors/scene_00020/scan_00187/00020_00187_indoors_100_000/image.jpg,../../data/moge_dataset/DIODE/val/indoors/scene_00020/scan_00187/00020_00187_indoors_100_000/depth.png,../../data/moge_dataset/DIODE/val/indoors/scene_00020/scan_00187/00020_00187_indoors_100_000/meta.json,DIODE,../../data/depthanything/moge_dataset/DIODE/val/indoors/scene_00020/scan_00187/00020_00187_indoors_100_000/image.png
182,182,../../data/moge_dataset/DIODE/val/indoors/scene_00020/scan_00187/00020_00187_indoors_100_030/image.jpg,../../data/moge_dataset/DIODE/val/indoors/scene_00020/scan_00187/00020_00187_indoors_100_030/depth.png,../../data/moge_dataset/DIODE/val/indoors/scene_00020/scan_00187/00020_00187_indoors_100_030/meta.json,DIODE,../../data/depthanything/moge_dataset/DIODE/val/indoors/scene_00020/scan_00187/00020_00187_indoors_100_030/image.png
183,183,../../data/moge_dataset/DIODE/val/indoors/scene_00020/scan_00187/00020_00187_indoors_110_010/image.jpg,../../data/moge_dataset/DIODE/val/indoors/scene_00020/scan_00187/00020_00187_indoors_110_010/depth.png,../../data/moge_dataset/DIODE/val/indoors/scene_00020/scan_00187/00020_00187_indoors_110_010/meta.json,DIODE,../../data/depthanything/moge_dataset/DIODE/val/indoors/scene_00020/scan_00187/00020_00187_indoors_110_010/image.png
184,184,../../data/moge_dataset/DIODE/val/indoors/scene_00020/scan_00187/00020_00187_indoors_110_040/image.jpg,../../data/moge_dataset/DIODE/val/indoors/scene_00020/scan_00187/00020_00187_indoors_110_040/depth.png,../../data/moge_dataset/DIODE/val/indoors/scene_00020/scan_00187/00020_00187_indoors_110_040/meta.json,DIODE,../../data/depthanything/moge_dataset/DIODE/val/indoors/scene_00020/scan_00187/00020_00187_indoors_110_040/image.png
185,185,../../data/moge_dataset/DIODE/val/indoors/scene_00020/scan_00187/00020_00187_indoors_120_000/image.jpg,../../data/moge_dataset/DIODE/val/indoors/scene_00020/scan_00187/00020_00187_indoors_120_000/depth.png,../../data/moge_dataset/DIODE/val/indoors/scene_00020/scan_00187/00020_00187_indoors_120_000/meta.json,DIODE,../../data/depthanything/moge_dataset/DIODE/val/indoors/scene_00020/scan_00187/00020_00187_indoors_120_000/image.png
186,186,../../data/moge_dataset/DIODE/val/indoors/scene_00020/scan_00187/00020_00187_indoors_140_000/image.jpg,../../data/moge_dataset/DIODE/val/indoors/scene_00020/scan_00187/00020_00187_indoors_140_000/depth.png,../../data/moge_dataset/DIODE/val/indoors/scene_00020/scan_00187/00020_00187_indoors_140_000/meta.json,DIODE,../../data/depthanything/moge_dataset/DIODE/val/indoors/scene_00020/scan_00187/00020_00187_indoors_140_000/image.png
187,187,../../data/moge_dataset/DIODE/val/indoors/scene_00020/scan_00187/00020_00187_indoors_170_000/image.jpg,../../data/moge_dataset/DIODE/val/indoors/scene_00020/scan_00187/00020_00187_indoors_170_000/depth.png,../../data/moge_dataset/DIODE/val/indoors/scene_00020/scan_00187/00020_00187_indoors_170_000/meta.json,DIODE,../../data/depthanything/moge_dataset/DIODE/val/indoors/scene_00020/scan_00187/00020_00187_indoors_170_000/image.png
188,188,../../data/moge_dataset/DIODE/val/indoors/scene_00020/scan_00187/00020_00187_indoors_190_000/image.jpg,../../data/moge_dataset/DIODE/val/indoors/scene_00020/scan_00187/00020_00187_indoors_190_000/depth.png,../../data/moge_dataset/DIODE/val/indoors/scene_00020/scan_00187/00020_00187_indoors_190_000/meta.json,DIODE,../../data/depthanything/moge_dataset/DIODE/val/indoors/scene_00020/scan_00187/00020_00187_indoors_190_000/image.png
189,189,../../data/moge_dataset/DIODE/val/indoors/scene_00020/scan_00187/00020_00187_indoors_200_010/image.jpg,../../data/moge_dataset/DIODE/val/indoors/scene_00020/scan_00187/00020_00187_indoors_200_010/depth.png,../../data/moge_dataset/DIODE/val/indoors/scene_00020/scan_00187/00020_00187_indoors_200_010/meta.json,DIODE,../../data/depthanything/moge_dataset/DIODE/val/indoors/scene_00020/scan_00187/00020_00187_indoors_200_010/image.png
190,190,../../data/moge_dataset/DIODE/val/indoors/scene_00020/scan_00187/00020_00187_indoors_210_000/image.jpg,../../data/moge_dataset/DIODE/val/indoors/scene_00020/scan_00187/00020_00187_indoors_210_000/depth.png,../../data/moge_dataset/DIODE/val/indoors/scene_00020/scan_00187/00020_00187_indoors_210_000/meta.json,DIODE,../../data/depthanything/moge_dataset/DIODE/val/indoors/scene_00020/scan_00187/00020_00187_indoors_210_000/image.png
191,191,../../data/moge_dataset/DIODE/val/indoors/scene_00020/scan_00187/00020_00187_indoors_210_020/image.jpg,../../data/moge_dataset/DIODE/val/indoors/scene_00020/scan_00187/00020_00187_indoors_210_020/depth.png,../../data/moge_dataset/DIODE/val/indoors/scene_00020/scan_00187/00020_00187_indoors_210_020/meta.json,DIODE,../../data/depthanything/moge_dataset/DIODE/val/indoors/scene_00020/scan_00187/00020_00187_indoors_210_020/image.png
192,192,../../data/moge_dataset/DIODE/val/indoors/scene_00020/scan_00187/00020_00187_indoors_220_010/image.jpg,../../data/moge_dataset/DIODE/val/indoors/scene_00020/scan_00187/00020_00187_indoors_220_010/depth.png,../../data/moge_dataset/DIODE/val/indoors/scene_00020/scan_00187/00020_00187_indoors_220_010/meta.json,DIODE,../../data/depthanything/moge_dataset/DIODE/val/indoors/scene_00020/scan_00187/00020_00187_indoors_220_010/image.png
193,193,../../data/moge_dataset/DIODE/val/indoors/scene_00020/scan_00187/00020_00187_indoors_220_030/image.jpg,../../data/moge_dataset/DIODE/val/indoors/scene_00020/scan_00187/00020_00187_indoors_220_030/depth.png,../../data/moge_dataset/DIODE/val/indoors/scene_00020/scan_00187/00020_00187_indoors_220_030/meta.json,DIODE,../../data/depthanything/moge_dataset/DIODE/val/indoors/scene_00020/scan_00187/00020_00187_indoors_220_030/image.png
194,194,../../data/moge_dataset/DIODE/val/indoors/scene_00020/scan_00187/00020_00187_indoors_230_000/image.jpg,../../data/moge_dataset/DIODE/val/indoors/scene_00020/scan_00187/00020_00187_indoors_230_000/depth.png,../../data/moge_dataset/DIODE/val/indoors/scene_00020/scan_00187/00020_00187_indoors_230_000/meta.json,DIODE,../../data/depthanything/moge_dataset/DIODE/val/indoors/scene_00020/scan_00187/00020_00187_indoors_230_000/image.png
195,195,../../data/moge_dataset/DIODE/val/indoors/scene_00020/scan_00187/00020_00187_indoors_230_020/image.jpg,../../data/moge_dataset/DIODE/val/indoors/scene_00020/scan_00187/00020_00187_indoors_230_020/depth.png,../../data/moge_dataset/DIODE/val/indoors/scene_00020/scan_00187/00020_00187_indoors_230_020/meta.json,DIODE,../../data/depthanything/moge_dataset/DIODE/val/indoors/scene_00020/scan_00187/00020_00187_indoors_230_020/image.png
196,196,../../data/moge_dataset/DIODE/val/indoors/scene_00020/scan_00187/00020_00187_indoors_240_010/image.jpg,../../data/moge_dataset/DIODE/val/indoors/scene_00020/scan_00187/00020_00187_indoors_240_010/depth.png,../../data/moge_dataset/DIODE/val/indoors/scene_00020/scan_00187/00020_00187_indoors_240_010/meta.json,DIODE,../../data/depthanything/moge_dataset/DIODE/val/indoors/scene_00020/scan_00187/00020_00187_indoors_240_010/image.png
197,197,../../data/moge_dataset/DIODE/val/indoors/scene_00020/scan_00187/00020_00187_indoors_240_030/image.jpg,../../data/moge_dataset/DIODE/val/indoors/scene_00020/scan_00187/00020_00187_indoors_240_030/depth.png,../../data/moge_dataset/DIODE/val/indoors/scene_00020/scan_00187/00020_00187_indoors_240_030/meta.json,DIODE,../../data/depthanything/moge_dataset/DIODE/val/indoors/scene_00020/scan_00187/00020_00187_indoors_240_030/image.png
198,198,../../data/moge_dataset/DIODE/val/indoors/scene_00020/scan_00187/00020_00187_indoors_250_000/image.jpg,../../data/moge_dataset/DIODE/val/indoors/scene_00020/scan_00187/00020_00187_indoors_250_000/depth.png,../../data/moge_dataset/DIODE/val/indoors/scene_00020/scan_00187/00020_00187_indoors_250_000/meta.json,DIODE,../../data/depthanything/moge_dataset/DIODE/val/indoors/scene_00020/scan_00187/00020_00187_indoors_250_000/image.png
199,199,../../data/moge_dataset/DIODE/val/indoors/scene_00020/scan_00187/00020_00187_indoors_250_020/image.jpg,../../data/moge_dataset/DIODE/val/indoors/scene_00020/scan_00187/00020_00187_indoors_250_020/depth.png,../../data/moge_dataset/DIODE/val/indoors/scene_00020/scan_00187/00020_00187_indoors_250_020/meta.json,DIODE,../../data/depthanything/moge_dataset/DIODE/val/indoors/scene_00020/scan_00187/00020_00187_indoors_250_020/image.png
200,200,../../data/moge_dataset/DIODE/val/indoors/scene_00020/scan_00187/00020_00187_indoors_260_010/image.jpg,../../data/moge_dataset/DIODE/val/indoors/scene_00020/scan_00187/00020_00187_indoors_260_010/depth.png,../../data/moge_dataset/DIODE/val/indoors/scene_00020/scan_00187/00020_00187_indoors_260_010/meta.json,DIODE,../../data/depthanything/moge_dataset/DIODE/val/indoors/scene_00020/scan_00187/00020_00187_indoors_260_010/image.png
201,201,../../data/moge_dataset/DIODE/val/indoors/scene_00020/scan_00187/00020_00187_indoors_260_030/image.jpg,../../data/moge_dataset/DIODE/val/indoors/scene_00020/scan_00187/00020_00187_indoors_260_030/depth.png,../../data/moge_dataset/DIODE/val/indoors/scene_00020/scan_00187/00020_00187_indoors_260_030/meta.json,DIODE,../../data/depthanything/moge_dataset/DIODE/val/indoors/scene_00020/scan_00187/00020_00187_indoors_260_030/image.png
202,202,../../data/moge_dataset/DIODE/val/indoors/scene_00020/scan_00187/00020_00187_indoors_270_000/image.jpg,../../data/moge_dataset/DIODE/val/indoors/scene_00020/scan_00187/00020_00187_indoors_270_000/depth.png,../../data/moge_dataset/DIODE/val/indoors/scene_00020/scan_00187/00020_00187_indoors_270_000/meta.json,DIODE,../../data/depthanything/moge_dataset/DIODE/val/indoors/scene_00020/scan_00187/00020_00187_indoors_270_000/image.png
203,203,../../data/moge_dataset/DIODE/val/indoors/scene_00020/scan_00187/00020_00187_indoors_270_020/image.jpg,../../data/moge_dataset/DIODE/val/indoors/scene_00020/scan_00187/00020_00187_indoors_270_020/depth.png,../../data/moge_dataset/DIODE/val/indoors/scene_00020/scan_00187/00020_00187_indoors_270_020/meta.json,DIODE,../../data/depthanything/moge_dataset/DIODE/val/indoors/scene_00020/scan_00187/00020_00187_indoors_270_020/image.png
204,204,../../data/moge_dataset/DIODE/val/indoors/scene_00020/scan_00187/00020_00187_indoors_280_010/image.jpg,../../data/moge_dataset/DIODE/val/indoors/scene_00020/scan_00187/00020_00187_indoors_280_010/depth.png,../../data/moge_dataset/DIODE/val/indoors/scene_00020/scan_00187/00020_00187_indoors_280_010/meta.json,DIODE,../../data/depthanything/moge_dataset/DIODE/val/indoors/scene_00020/scan_00187/00020_00187_indoors_280_010/image.png
205,205,../../data/moge_dataset/DIODE/val/indoors/scene_00020/scan_00187/00020_00187_indoors_280_030/image.jpg,../../data/moge_dataset/DIODE/val/indoors/scene_00020/scan_00187/00020_00187_indoors_280_030/depth.png,../../data/moge_dataset/DIODE/val/indoors/scene_00020/scan_00187/00020_00187_indoors_280_030/meta.json,DIODE,../../data/depthanything/moge_dataset/DIODE/val/indoors/scene_00020/scan_00187/00020_00187_indoors_280_030/image.png
206,206,../../data/moge_dataset/DIODE/val/indoors/scene_00020/scan_00187/00020_00187_indoors_290_000/image.jpg,../../data/moge_dataset/DIODE/val/indoors/scene_00020/scan_00187/00020_00187_indoors_290_000/depth.png,../../data/moge_dataset/DIODE/val/indoors/scene_00020/scan_00187/00020_00187_indoors_290_000/meta.json,DIODE,../../data/depthanything/moge_dataset/DIODE/val/indoors/scene_00020/scan_00187/00020_00187_indoors_290_000/image.png
207,207,../../data/moge_dataset/DIODE/val/indoors/scene_00020/scan_00187/00020_00187_indoors_290_020/image.jpg,../../data/moge_dataset/DIODE/val/indoors/scene_00020/scan_00187/00020_00187_indoors_290_020/depth.png,../../data/moge_dataset/DIODE/val/indoors/scene_00020/scan_00187/00020_00187_indoors_290_020/meta.json,DIODE,../../data/depthanything/moge_dataset/DIODE/val/indoors/scene_00020/scan_00187/00020_00187_indoors_290_020/image.png
208,208,../../data/moge_dataset/DIODE/val/indoors/scene_00020/scan_00187/00020_00187_indoors_300_010/image.jpg,../../data/moge_dataset/DIODE/val/indoors/scene_00020/scan_00187/00020_00187_indoors_300_010/depth.png,../../data/moge_dataset/DIODE/val/indoors/scene_00020/scan_00187/00020_00187_indoors_300_010/meta.json,DIODE,../../data/depthanything/moge_dataset/DIODE/val/indoors/scene_00020/scan_00187/00020_00187_indoors_300_010/image.png
209,209,../../data/moge_dataset/DIODE/val/indoors/scene_00020/scan_00187/00020_00187_indoors_310_000/image.jpg,../../data/moge_dataset/DIODE/val/indoors/scene_00020/scan_00187/00020_00187_indoors_310_000/depth.png,../../data/moge_dataset/DIODE/val/indoors/scene_00020/scan_00187/00020_00187_indoors_310_000/meta.json,DIODE,../../data/depthanything/moge_dataset/DIODE/val/indoors/scene_00020/scan_00187/00020_00187_indoors_310_000/image.png
210,210,../../data/moge_dataset/DIODE/val/indoors/scene_00021/scan_00188/00021_00188_indoors_090_000/image.jpg,../../data/moge_dataset/DIODE/val/indoors/scene_00021/scan_00188/00021_00188_indoors_090_000/depth.png,../../data/moge_dataset/DIODE/val/indoors/scene_00021/scan_00188/00021_00188_indoors_090_000/meta.json,DIODE,../../data/depthanything/moge_dataset/DIODE/val/indoors/scene_00021/scan_00188/00021_00188_indoors_090_000/image.png
211,211,../../data/moge_dataset/DIODE/val/indoors/scene_00021/scan_00188/00021_00188_indoors_090_020/image.jpg,../../data/moge_dataset/DIODE/val/indoors/scene_00021/scan_00188/00021_00188_indoors_090_020/depth.png,../../data/moge_dataset/DIODE/val/indoors/scene_00021/scan_00188/00021_00188_indoors_090_020/meta.json,DIODE,../../data/depthanything/moge_dataset/DIODE/val/indoors/scene_00021/scan_00188/00021_00188_indoors_090_020/image.png
212,212,../../data/moge_dataset/DIODE/val/indoors/scene_00021/scan_00188/00021_00188_indoors_100_010/image.jpg,../../data/moge_dataset/DIODE/val/indoors/scene_00021/scan_00188/00021_00188_indoors_100_010/depth.png,../../data/moge_dataset/DIODE/val/indoors/scene_00021/scan_00188/00021_00188_indoors_100_010/meta.json,DIODE,../../data/depthanything/moge_dataset/DIODE/val/indoors/scene_00021/scan_00188/00021_00188_indoors_100_010/image.png
213,213,../../data/moge_dataset/DIODE/val/indoors/scene_00021/scan_00188/00021_00188_indoors_100_030/image.jpg,../../data/moge_dataset/DIODE/val/indoors/scene_00021/scan_00188/00021_00188_indoors_100_030/depth.png,../../data/moge_dataset/DIODE/val/indoors/scene_00021/scan_00188/00021_00188_indoors_100_030/meta.json,DIODE,../../data/depthanything/moge_dataset/DIODE/val/indoors/scene_00021/scan_00188/00021_00188_indoors_100_030/image.png
214,214,../../data/moge_dataset/DIODE/val/indoors/scene_00021/scan_00188/00021_00188_indoors_110_000/image.jpg,../../data/moge_dataset/DIODE/val/indoors/scene_00021/scan_00188/00021_00188_indoors_110_000/depth.png,../../data/moge_dataset/DIODE/val/indoors/scene_00021/scan_00188/00021_00188_indoors_110_000/meta.json,DIODE,../../data/depthanything/moge_dataset/DIODE/val/indoors/scene_00021/scan_00188/00021_00188_indoors_110_000/image.png
215,215,../../data/moge_dataset/DIODE/val/indoors/scene_00021/scan_00188/00021_00188_indoors_110_020/image.jpg,../../data/moge_dataset/DIODE/val/indoors/scene_00021/scan_00188/00021_00188_indoors_110_020/depth.png,../../data/moge_dataset/DIODE/val/indoors/scene_00021/scan_00188/00021_00188_indoors_110_020/meta.json,DIODE,../../data/depthanything/moge_dataset/DIODE/val/indoors/scene_00021/scan_00188/00021_00188_indoors_110_020/image.png
216,216,../../data/moge_dataset/DIODE/val/indoors/scene_00021/scan_00188/00021_00188_indoors_110_040/image.jpg,../../data/moge_dataset/DIODE/val/indoors/scene_00021/scan_00188/00021_00188_indoors_110_040/depth.png,../../data/moge_dataset/DIODE/val/indoors/scene_00021/scan_00188/00021_00188_indoors_110_040/meta.json,DIODE,../../data/depthanything/moge_dataset/DIODE/val/indoors/scene_00021/scan_00188/00021_00188_indoors_110_040/image.png
217,217,../../data/moge_dataset/DIODE/val/indoors/scene_00021/scan_00188/00021_00188_indoors_120_010/image.jpg,../../data/moge_dataset/DIODE/val/indoors/scene_00021/scan_00188/00021_00188_indoors_120_010/depth.png,../../data/moge_dataset/DIODE/val/indoors/scene_00021/scan_00188/00021_00188_indoors_120_010/meta.json,DIODE,../../data/depthanything/moge_dataset/DIODE/val/indoors/scene_00021/scan_00188/00021_00188_indoors_120_010/image.png
218,218,../../data/moge_dataset/DIODE/val/indoors/scene_00021/scan_00188/00021_00188_indoors_120_030/image.jpg,../../data/moge_dataset/DIODE/val/indoors/scene_00021/scan_00188/00021_00188_indoors_120_030/depth.png,../../data/moge_dataset/DIODE/val/indoors/scene_00021/scan_00188/00021_00188_indoors_120_030/meta.json,DIODE,../../data/depthanything/moge_dataset/DIODE/val/indoors/scene_00021/scan_00188/00021_00188_indoors_120_030/image.png
219,219,../../data/moge_dataset/DIODE/val/indoors/scene_00021/scan_00188/00021_00188_indoors_130_000/image.jpg,../../data/moge_dataset/DIODE/val/indoors/scene_00021/scan_00188/00021_00188_indoors_130_000/depth.png,../../data/moge_dataset/DIODE/val/indoors/scene_00021/scan_00188/00021_00188_indoors_130_000/meta.json,DIODE,../../data/depthanything/moge_dataset/DIODE/val/indoors/scene_00021/scan_00188/00021_00188_indoors_130_000/image.png
220,220,../../data/moge_dataset/DIODE/val/indoors/scene_00021/scan_00188/00021_00188_indoors_130_020/image.jpg,../../data/moge_dataset/DIODE/val/indoors/scene_00021/scan_00188/00021_00188_indoors_130_020/depth.png,../../data/moge_dataset/DIODE/val/indoors/scene_00021/scan_00188/00021_00188_indoors_130_020/meta.json,DIODE,../../data/depthanything/moge_dataset/DIODE/val/indoors/scene_00021/scan_00188/00021_00188_indoors_130_020/image.png
221,221,../../data/moge_dataset/DIODE/val/indoors/scene_00021/scan_00188/00021_00188_indoors_150_000/image.jpg,../../data/moge_dataset/DIODE/val/indoors/scene_00021/scan_00188/00021_00188_indoors_150_000/depth.png,../../data/moge_dataset/DIODE/val/indoors/scene_00021/scan_00188/00021_00188_indoors_150_000/meta.json,DIODE,../../data/depthanything/moge_dataset/DIODE/val/indoors/scene_00021/scan_00188/00021_00188_indoors_150_000/image.png
222,222,../../data/moge_dataset/DIODE/val/indoors/scene_00021/scan_00188/00021_00188_indoors_170_000/image.jpg,../../data/moge_dataset/DIODE/val/indoors/scene_00021/scan_00188/00021_00188_indoors_170_000/depth.png,../../data/moge_dataset/DIODE/val/indoors/scene_00021/scan_00188/00021_00188_indoors_170_000/meta.json,DIODE,../../data/depthanything/moge_dataset/DIODE/val/indoors/scene_00021/scan_00188/00021_00188_indoors_170_000/image.png
223,223,../../data/moge_dataset/DIODE/val/indoors/scene_00021/scan_00188/00021_00188_indoors_170_020/image.jpg,../../data/moge_dataset/DIODE/val/indoors/scene_00021/scan_00188/00021_00188_indoors_170_020/depth.png,../../data/moge_dataset/DIODE/val/indoors/scene_00021/scan_00188/00021_00188_indoors_170_020/meta.json,DIODE,../../data/depthanything/moge_dataset/DIODE/val/indoors/scene_00021/scan_00188/00021_00188_indoors_170_020/image.png
224,224,../../data/moge_dataset/DIODE/val/indoors/scene_00021/scan_00188/00021_00188_indoors_180_010/image.jpg,../../data/moge_dataset/DIODE/val/indoors/scene_00021/scan_00188/00021_00188_indoors_180_010/depth.png,../../data/moge_dataset/DIODE/val/indoors/scene_00021/scan_00188/00021_00188_indoors_180_010/meta.json,DIODE,../../data/depthanything/moge_dataset/DIODE/val/indoors/scene_00021/scan_00188/00021_00188_indoors_180_010/image.png
225,225,../../data/moge_dataset/DIODE/val/indoors/scene_00021/scan_00188/00021_00188_indoors_180_040/image.jpg,../../data/moge_dataset/DIODE/val/indoors/scene_00021/scan_00188/00021_00188_indoors_180_040/depth.png,../../data/moge_dataset/DIODE/val/indoors/scene_00021/scan_00188/00021_00188_indoors_180_040/meta.json,DIODE,../../data/depthanything/moge_dataset/DIODE/val/indoors/scene_00021/scan_00188/00021_00188_indoors_180_040/image.png
226,226,../../data/moge_dataset/DIODE/val/indoors/scene_00021/scan_00188/00021_00188_indoors_190_030/image.jpg,../../data/moge_dataset/DIODE/val/indoors/scene_00021/scan_00188/00021_00188_indoors_190_030/depth.png,../../data/moge_dataset/DIODE/val/indoors/scene_00021/scan_00188/00021_00188_indoors_190_030/meta.json,DIODE,../../data/depthanything/moge_dataset/DIODE/val/indoors/scene_00021/scan_00188/00021_00188_indoors_190_030/image.png
227,227,../../data/moge_dataset/DIODE/val/indoors/scene_00021/scan_00188/00021_00188_indoors_200_020/image.jpg,../../data/moge_dataset/DIODE/val/indoors/scene_00021/scan_00188/00021_00188_indoors_200_020/depth.png,../../data/moge_dataset/DIODE/val/indoors/scene_00021/scan_00188/00021_00188_indoors_200_020/meta.json,DIODE,../../data/depthanything/moge_dataset/DIODE/val/indoors/scene_00021/scan_00188/00021_00188_indoors_200_020/image.png
228,228,../../data/moge_dataset/DIODE/val/indoors/scene_00021/scan_00188/00021_00188_indoors_200_040/image.jpg,../../data/moge_dataset/DIODE/val/indoors/scene_00021/scan_00188/00021_00188_indoors_200_040/depth.png,../../data/moge_dataset/DIODE/val/indoors/scene_00021/scan_00188/00021_00188_indoors_200_040/meta.json,DIODE,../../data/depthanything/moge_dataset/DIODE/val/indoors/scene_00021/scan_00188/00021_00188_indoors_200_040/image.png
229,229,../../data/moge_dataset/DIODE/val/indoors/scene_00021/scan_00188/00021_00188_indoors_210_030/image.jpg,../../data/moge_dataset/DIODE/val/indoors/scene_00021/scan_00188/00021_00188_indoors_210_030/depth.png,../../data/moge_dataset/DIODE/val/indoors/scene_00021/scan_00188/00021_00188_indoors_210_030/meta.json,DIODE,../../data/depthanything/moge_dataset/DIODE/val/indoors/scene_00021/scan_00188/00021_00188_indoors_210_030/image.png
230,230,../../data/moge_dataset/DIODE/val/indoors/scene_00021/scan_00188/00021_00188_indoors_210_050/image.jpg,../../data/moge_dataset/DIODE/val/indoors/scene_00021/scan_00188/00021_00188_indoors_210_050/depth.png,../../data/moge_dataset/DIODE/val/indoors/scene_00021/scan_00188/00021_00188_indoors_210_050/meta.json,DIODE,../../data/depthanything/moge_dataset/DIODE/val/indoors/scene_00021/scan_00188/00021_00188_indoors_210_050/image.png
231,231,../../data/moge_dataset/DIODE/val/indoors/scene_00021/scan_00188/00021_00188_indoors_220_040/image.jpg,../../data/moge_dataset/DIODE/val/indoors/scene_00021/scan_00188/00021_00188_indoors_220_040/depth.png,../../data/moge_dataset/DIODE/val/indoors/scene_00021/scan_00188/00021_00188_indoors_220_040/meta.json,DIODE,../../data/depthanything/moge_dataset/DIODE/val/indoors/scene_00021/scan_00188/00021_00188_indoors_220_040/image.png
232,232,../../data/moge_dataset/DIODE/val/indoors/scene_00021/scan_00188/00021_00188_indoors_230_020/image.jpg,../../data/moge_dataset/DIODE/val/indoors/scene_00021/scan_00188/00021_00188_indoors_230_020/depth.png,../../data/moge_dataset/DIODE/val/indoors/scene_00021/scan_00188/00021_00188_indoors_230_020/meta.json,DIODE,../../data/depthanything/moge_dataset/DIODE/val/indoors/scene_00021/scan_00188/00021_00188_indoors_230_020/image.png
233,233,../../data/moge_dataset/DIODE/val/indoors/scene_00021/scan_00188/00021_00188_indoors_240_040/image.jpg,../../data/moge_dataset/DIODE/val/indoors/scene_00021/scan_00188/00021_00188_indoors_240_040/depth.png,../../data/moge_dataset/DIODE/val/indoors/scene_00021/scan_00188/00021_00188_indoors_240_040/meta.json,DIODE,../../data/depthanything/moge_dataset/DIODE/val/indoors/scene_00021/scan_00188/00021_00188_indoors_240_040/image.png
234,234,../../data/moge_dataset/DIODE/val/indoors/scene_00021/scan_00188/00021_00188_indoors_250_000/image.jpg,../../data/moge_dataset/DIODE/val/indoors/scene_00021/scan_00188/00021_00188_indoors_250_000/depth.png,../../data/moge_dataset/DIODE/val/indoors/scene_00021/scan_00188/00021_00188_indoors_250_000/meta.json,DIODE,../../data/depthanything/moge_dataset/DIODE/val/indoors/scene_00021/scan_00188/00021_00188_indoors_250_000/image.png
235,235,../../data/moge_dataset/DIODE/val/indoors/scene_00021/scan_00189/00021_00189_indoors_000_000/image.jpg,../../data/moge_dataset/DIODE/val/indoors/scene_00021/scan_00189/00021_00189_indoors_000_000/depth.png,../../data/moge_dataset/DIODE/val/indoors/scene_00021/scan_00189/00021_00189_indoors_000_000/meta.json,DIODE,../../data/depthanything/moge_dataset/DIODE/val/indoors/scene_00021/scan_00189/00021_00189_indoors_000_000/image.png
236,236,../../data/moge_dataset/DIODE/val/indoors/scene_00021/scan_00189/00021_00189_indoors_000_020/image.jpg,../../data/moge_dataset/DIODE/val/indoors/scene_00021/scan_00189/00021_00189_indoors_000_020/depth.png,../../data/moge_dataset/DIODE/val/indoors/scene_00021/scan_00189/00021_00189_indoors_000_020/meta.json,DIODE,../../data/depthanything/moge_dataset/DIODE/val/indoors/scene_00021/scan_00189/00021_00189_indoors_000_020/image.png
237,237,../../data/moge_dataset/DIODE/val/indoors/scene_00021/scan_00189/00021_00189_indoors_000_040/image.jpg,../../data/moge_dataset/DIODE/val/indoors/scene_00021/scan_00189/00021_00189_indoors_000_040/depth.png,../../data/moge_dataset/DIODE/val/indoors/scene_00021/scan_00189/00021_00189_indoors_000_040/meta.json,DIODE,../../data/depthanything/moge_dataset/DIODE/val/indoors/scene_00021/scan_00189/00021_00189_indoors_000_040/image.png
238,238,../../data/moge_dataset/DIODE/val/indoors/scene_00021/scan_00189/00021_00189_indoors_010_010/image.jpg,../../data/moge_dataset/DIODE/val/indoors/scene_00021/scan_00189/00021_00189_indoors_010_010/depth.png,../../data/moge_dataset/DIODE/val/indoors/scene_00021/scan_00189/00021_00189_indoors_010_010/meta.json,DIODE,../../data/depthanything/moge_dataset/DIODE/val/indoors/scene_00021/scan_00189/00021_00189_indoors_010_010/image.png
239,239,../../data/moge_dataset/DIODE/val/indoors/scene_00021/scan_00189/00021_00189_indoors_010_030/image.jpg,../../data/moge_dataset/DIODE/val/indoors/scene_00021/scan_00189/00021_00189_indoors_010_030/depth.png,../../data/moge_dataset/DIODE/val/indoors/scene_00021/scan_00189/00021_00189_indoors_010_030/meta.json,DIODE,../../data/depthanything/moge_dataset/DIODE/val/indoors/scene_00021/scan_00189/00021_00189_indoors_010_030/image.png
240,240,../../data/moge_dataset/DIODE/val/indoors/scene_00021/scan_00189/00021_00189_indoors_130_000/image.jpg,../../data/moge_dataset/DIODE/val/indoors/scene_00021/scan_00189/00021_00189_indoors_130_000/depth.png,../../data/moge_dataset/DIODE/val/indoors/scene_00021/scan_00189/00021_00189_indoors_130_000/meta.json,DIODE,../../data/depthanything/moge_dataset/DIODE/val/indoors/scene_00021/scan_00189/00021_00189_indoors_130_000/image.png
241,241,../../data/moge_dataset/DIODE/val/indoors/scene_00021/scan_00189/00021_00189_indoors_150_030/image.jpg,../../data/moge_dataset/DIODE/val/indoors/scene_00021/scan_00189/00021_00189_indoors_150_030/depth.png,../../data/moge_dataset/DIODE/val/indoors/scene_00021/scan_00189/00021_00189_indoors_150_030/meta.json,DIODE,../../data/depthanything/moge_dataset/DIODE/val/indoors/scene_00021/scan_00189/00021_00189_indoors_150_030/image.png
242,242,../../data/moge_dataset/DIODE/val/indoors/scene_00021/scan_00189/00021_00189_indoors_160_020/image.jpg,../../data/moge_dataset/DIODE/val/indoors/scene_00021/scan_00189/00021_00189_indoors_160_020/depth.png,../../data/moge_dataset/DIODE/val/indoors/scene_00021/scan_00189/00021_00189_indoors_160_020/meta.json,DIODE,../../data/depthanything/moge_dataset/DIODE/val/indoors/scene_00021/scan_00189/00021_00189_indoors_160_020/image.png
243,243,../../data/moge_dataset/DIODE/val/indoors/scene_00021/scan_00189/00021_00189_indoors_190_020/image.jpg,../../data/moge_dataset/DIODE/val/indoors/scene_00021/scan_00189/00021_00189_indoors_190_020/depth.png,../../data/moge_dataset/DIODE/val/indoors/scene_00021/scan_00189/00021_00189_indoors_190_020/meta.json,DIODE,../../data/depthanything/moge_dataset/DIODE/val/indoors/scene_00021/scan_00189/00021_00189_indoors_190_020/image.png
244,244,../../data/moge_dataset/DIODE/val/indoors/scene_00021/scan_00189/00021_00189_indoors_200_010/image.jpg,../../data/moge_dataset/DIODE/val/indoors/scene_00021/scan_00189/00021_00189_indoors_200_010/depth.png,../../data/moge_dataset/DIODE/val/indoors/scene_00021/scan_00189/00021_00189_indoors_200_010/meta.json,DIODE,../../data/depthanything/moge_dataset/DIODE/val/indoors/scene_00021/scan_00189/00021_00189_indoors_200_010/image.png
245,245,../../data/moge_dataset/DIODE/val/indoors/scene_00021/scan_00189/00021_00189_indoors_210_000/image.jpg,../../data/moge_dataset/DIODE/val/indoors/scene_00021/scan_00189/00021_00189_indoors_210_000/depth.png,../../data/moge_dataset/DIODE/val/indoors/scene_00021/scan_00189/00021_00189_indoors_210_000/meta.json,DIODE,../../data/depthanything/moge_dataset/DIODE/val/indoors/scene_00021/scan_00189/00021_00189_indoors_210_000/image.png
246,246,../../data/moge_dataset/DIODE/val/indoors/scene_00021/scan_00189/00021_00189_indoors_210_020/image.jpg,../../data/moge_dataset/DIODE/val/indoors/scene_00021/scan_00189/00021_00189_indoors_210_020/depth.png,../../data/moge_dataset/DIODE/val/indoors/scene_00021/scan_00189/00021_00189_indoors_210_020/meta.json,DIODE,../../data/depthanything/moge_dataset/DIODE/val/indoors/scene_00021/scan_00189/00021_00189_indoors_210_020/image.png
247,247,../../data/moge_dataset/DIODE/val/indoors/scene_00021/scan_00189/00021_00189_indoors_220_010/image.jpg,../../data/moge_dataset/DIODE/val/indoors/scene_00021/scan_00189/00021_00189_indoors_220_010/depth.png,../../data/moge_dataset/DIODE/val/indoors/scene_00021/scan_00189/00021_00189_indoors_220_010/meta.json,DIODE,../../data/depthanything/moge_dataset/DIODE/val/indoors/scene_00021/scan_00189/00021_00189_indoors_220_010/image.png
248,248,../../data/moge_dataset/DIODE/val/indoors/scene_00021/scan_00189/00021_00189_indoors_220_030/image.jpg,../../data/moge_dataset/DIODE/val/indoors/scene_00021/scan_00189/00021_00189_indoors_220_030/depth.png,../../data/moge_dataset/DIODE/val/indoors/scene_00021/scan_00189/00021_00189_indoors_220_030/meta.json,DIODE,../../data/depthanything/moge_dataset/DIODE/val/indoors/scene_00021/scan_00189/00021_00189_indoors_220_030/image.png
249,249,../../data/moge_dataset/DIODE/val/indoors/scene_00021/scan_00189/00021_00189_indoors_230_000/image.jpg,../../data/moge_dataset/DIODE/val/indoors/scene_00021/scan_00189/00021_00189_indoors_230_000/depth.png,../../data/moge_dataset/DIODE/val/indoors/scene_00021/scan_00189/00021_00189_indoors_230_000/meta.json,DIODE,../../data/depthanything/moge_dataset/DIODE/val/indoors/scene_00021/scan_00189/00021_00189_indoors_230_000/image.png
250,250,../../data/moge_dataset/DIODE/val/indoors/scene_00021/scan_00189/00021_00189_indoors_230_020/image.jpg,../../data/moge_dataset/DIODE/val/indoors/scene_00021/scan_00189/00021_00189_indoors_230_020/depth.png,../../data/moge_dataset/DIODE/val/indoors/scene_00021/scan_00189/00021_00189_indoors_230_020/meta.json,DIODE,../../data/depthanything/moge_dataset/DIODE/val/indoors/scene_00021/scan_00189/00021_00189_indoors_230_020/image.png
251,251,../../data/moge_dataset/DIODE/val/indoors/scene_00021/scan_00189/00021_00189_indoors_240_030/image.jpg,../../data/moge_dataset/DIODE/val/indoors/scene_00021/scan_00189/00021_00189_indoors_240_030/depth.png,../../data/moge_dataset/DIODE/val/indoors/scene_00021/scan_00189/00021_00189_indoors_240_030/meta.json,DIODE,../../data/depthanything/moge_dataset/DIODE/val/indoors/scene_00021/scan_00189/00021_00189_indoors_240_030/image.png
252,252,../../data/moge_dataset/DIODE/val/indoors/scene_00021/scan_00189/00021_00189_indoors_330_010/image.jpg,../../data/moge_dataset/DIODE/val/indoors/scene_00021/scan_00189/00021_00189_indoors_330_010/depth.png,../../data/moge_dataset/DIODE/val/indoors/scene_00021/scan_00189/00021_00189_indoors_330_010/meta.json,DIODE,../../data/depthanything/moge_dataset/DIODE/val/indoors/scene_00021/scan_00189/00021_00189_indoors_330_010/image.png
253,253,../../data/moge_dataset/DIODE/val/indoors/scene_00021/scan_00189/00021_00189_indoors_340_000/image.jpg,../../data/moge_dataset/DIODE/val/indoors/scene_00021/scan_00189/00021_00189_indoors_340_000/depth.png,../../data/moge_dataset/DIODE/val/indoors/scene_00021/scan_00189/00021_00189_indoors_340_000/meta.json,DIODE,../../data/depthanything/moge_dataset/DIODE/val/indoors/scene_00021/scan_00189/00021_00189_indoors_340_000/image.png
254,254,../../data/moge_dataset/DIODE/val/indoors/scene_00021/scan_00189/00021_00189_indoors_340_020/image.jpg,../../data/moge_dataset/DIODE/val/indoors/scene_00021/scan_00189/00021_00189_indoors_340_020/depth.png,../../data/moge_dataset/DIODE/val/indoors/scene_00021/scan_00189/00021_00189_indoors_340_020/meta.json,DIODE,../../data/depthanything/moge_dataset/DIODE/val/indoors/scene_00021/scan_00189/00021_00189_indoors_340_020/image.png
255,255,../../data/moge_dataset/DIODE/val/indoors/scene_00021/scan_00189/00021_00189_indoors_350_010/image.jpg,../../data/moge_dataset/DIODE/val/indoors/scene_00021/scan_00189/00021_00189_indoors_350_010/depth.png,../../data/moge_dataset/DIODE/val/indoors/scene_00021/scan_00189/00021_00189_indoors_350_010/meta.json,DIODE,../../data/depthanything/moge_dataset/DIODE/val/indoors/scene_00021/scan_00189/00021_00189_indoors_350_010/image.png
256,256,../../data/moge_dataset/DIODE/val/indoors/scene_00021/scan_00189/00021_00189_indoors_350_030/image.jpg,../../data/moge_dataset/DIODE/val/indoors/scene_00021/scan_00189/00021_00189_indoors_350_030/depth.png,../../data/moge_dataset/DIODE/val/indoors/scene_00021/scan_00189/00021_00189_indoors_350_030/meta.json,DIODE,../../data/depthanything/moge_dataset/DIODE/val/indoors/scene_00021/scan_00189/00021_00189_indoors_350_030/image.png
257,257,../../data/moge_dataset/DIODE/val/indoors/scene_00021/scan_00190/00021_00190_indoors_050_000/image.jpg,../../data/moge_dataset/DIODE/val/indoors/scene_00021/scan_00190/00021_00190_indoors_050_000/depth.png,../../data/moge_dataset/DIODE/val/indoors/scene_00021/scan_00190/00021_00190_indoors_050_000/meta.json,DIODE,../../data/depthanything/moge_dataset/DIODE/val/indoors/scene_00021/scan_00190/00021_00190_indoors_050_000/image.png
258,258,../../data/moge_dataset/DIODE/val/indoors/scene_00021/scan_00190/00021_00190_indoors_050_030/image.jpg,../../data/moge_dataset/DIODE/val/indoors/scene_00021/scan_00190/00021_00190_indoors_050_030/depth.png,../../data/moge_dataset/DIODE/val/indoors/scene_00021/scan_00190/00021_00190_indoors_050_030/meta.json,DIODE,../../data/depthanything/moge_dataset/DIODE/val/indoors/scene_00021/scan_00190/00021_00190_indoors_050_030/image.png
259,259,../../data/moge_dataset/DIODE/val/indoors/scene_00021/scan_00190/00021_00190_indoors_060_010/image.jpg,../../data/moge_dataset/DIODE/val/indoors/scene_00021/scan_00190/00021_00190_indoors_060_010/depth.png,../../data/moge_dataset/DIODE/val/indoors/scene_00021/scan_00190/00021_00190_indoors_060_010/meta.json,DIODE,../../data/depthanything/moge_dataset/DIODE/val/indoors/scene_00021/scan_00190/00021_00190_indoors_060_010/image.png
260,260,../../data/moge_dataset/DIODE/val/indoors/scene_00021/scan_00190/00021_00190_indoors_060_040/image.jpg,../../data/moge_dataset/DIODE/val/indoors/scene_00021/scan_00190/00021_00190_indoors_060_040/depth.png,../../data/moge_dataset/DIODE/val/indoors/scene_00021/scan_00190/00021_00190_indoors_060_040/meta.json,DIODE,../../data/depthanything/moge_dataset/DIODE/val/indoors/scene_00021/scan_00190/00021_00190_indoors_060_040/image.png
261,261,../../data/moge_dataset/DIODE/val/indoors/scene_00021/scan_00190/00021_00190_indoors_070_000/image.jpg,../../data/moge_dataset/DIODE/val/indoors/scene_00021/scan_00190/00021_00190_indoors_070_000/depth.png,../../data/moge_dataset/DIODE/val/indoors/scene_00021/scan_00190/00021_00190_indoors_070_000/meta.json,DIODE,../../data/depthanything/moge_dataset/DIODE/val/indoors/scene_00021/scan_00190/00021_00190_indoors_070_000/image.png
262,262,../../data/moge_dataset/DIODE/val/indoors/scene_00021/scan_00190/00021_00190_indoors_070_030/image.jpg,../../data/moge_dataset/DIODE/val/indoors/scene_00021/scan_00190/00021_00190_indoors_070_030/depth.png,../../data/moge_dataset/DIODE/val/indoors/scene_00021/scan_00190/00021_00190_indoors_070_030/meta.json,DIODE,../../data/depthanything/moge_dataset/DIODE/val/indoors/scene_00021/scan_00190/00021_00190_indoors_070_030/image.png
263,263,../../data/moge_dataset/DIODE/val/indoors/scene_00021/scan_00190/00021_00190_indoors_080_010/image.jpg,../../data/moge_dataset/DIODE/val/indoors/scene_00021/scan_00190/00021_00190_indoors_080_010/depth.png,../../data/moge_dataset/DIODE/val/indoors/scene_00021/scan_00190/00021_00190_indoors_080_010/meta.json,DIODE,../../data/depthanything/moge_dataset/DIODE/val/indoors/scene_00021/scan_00190/00021_00190_indoors_080_010/image.png
264,264,../../data/moge_dataset/DIODE/val/indoors/scene_00021/scan_00190/00021_00190_indoors_090_000/image.jpg,../../data/moge_dataset/DIODE/val/indoors/scene_00021/scan_00190/00021_00190_indoors_090_000/depth.png,../../data/moge_dataset/DIODE/val/indoors/scene_00021/scan_00190/00021_00190_indoors_090_000/meta.json,DIODE,../../data/depthanything/moge_dataset/DIODE/val/indoors/scene_00021/scan_00190/00021_00190_indoors_090_000/image.png
265,265,../../data/moge_dataset/DIODE/val/indoors/scene_00021/scan_00190/00021_00190_indoors_090_030/image.jpg,../../data/moge_dataset/DIODE/val/indoors/scene_00021/scan_00190/00021_00190_indoors_090_030/depth.png,../../data/moge_dataset/DIODE/val/indoors/scene_00021/scan_00190/00021_00190_indoors_090_030/meta.json,DIODE,../../data/depthanything/moge_dataset/DIODE/val/indoors/scene_00021/scan_00190/00021_00190_indoors_090_030/image.png
266,266,../../data/moge_dataset/DIODE/val/indoors/scene_00021/scan_00190/00021_00190_indoors_100_010/image.jpg,../../data/moge_dataset/DIODE/val/indoors/scene_00021/scan_00190/00021_00190_indoors_100_010/depth.png,../../data/moge_dataset/DIODE/val/indoors/scene_00021/scan_00190/00021_00190_indoors_100_010/meta.json,DIODE,../../data/depthanything/moge_dataset/DIODE/val/indoors/scene_00021/scan_00190/00021_00190_indoors_100_010/image.png
267,267,../../data/moge_dataset/DIODE/val/indoors/scene_00021/scan_00190/00021_00190_indoors_110_000/image.jpg,../../data/moge_dataset/DIODE/val/indoors/scene_00021/scan_00190/00021_00190_indoors_110_000/depth.png,../../data/moge_dataset/DIODE/val/indoors/scene_00021/scan_00190/00021_00190_indoors_110_000/meta.json,DIODE,../../data/depthanything/moge_dataset/DIODE/val/indoors/scene_00021/scan_00190/00021_00190_indoors_110_000/image.png
268,268,../../data/moge_dataset/DIODE/val/indoors/scene_00021/scan_00190/00021_00190_indoors_110_050/image.jpg,../../data/moge_dataset/DIODE/val/indoors/scene_00021/scan_00190/00021_00190_indoors_110_050/depth.png,../../data/moge_dataset/DIODE/val/indoors/scene_00021/scan_00190/00021_00190_indoors_110_050/meta.json,DIODE,../../data/depthanything/moge_dataset/DIODE/val/indoors/scene_00021/scan_00190/00021_00190_indoors_110_050/image.png
269,269,../../data/moge_dataset/DIODE/val/indoors/scene_00021/scan_00190/00021_00190_indoors_120_020/image.jpg,../../data/moge_dataset/DIODE/val/indoors/scene_00021/scan_00190/00021_00190_indoors_120_020/depth.png,../../data/moge_dataset/DIODE/val/indoors/scene_00021/scan_00190/00021_00190_indoors_120_020/meta.json,DIODE,../../data/depthanything/moge_dataset/DIODE/val/indoors/scene_00021/scan_00190/00021_00190_indoors_120_020/image.png
270,270,../../data/moge_dataset/DIODE/val/indoors/scene_00021/scan_00190/00021_00190_indoors_130_030/image.jpg,../../data/moge_dataset/DIODE/val/indoors/scene_00021/scan_00190/00021_00190_indoors_130_030/depth.png,../../data/moge_dataset/DIODE/val/indoors/scene_00021/scan_00190/00021_00190_indoors_130_030/meta.json,DIODE,../../data/depthanything/moge_dataset/DIODE/val/indoors/scene_00021/scan_00190/00021_00190_indoors_130_030/image.png
271,271,../../data/moge_dataset/DIODE/val/indoors/scene_00021/scan_00190/00021_00190_indoors_140_020/image.jpg,../../data/moge_dataset/DIODE/val/indoors/scene_00021/scan_00190/00021_00190_indoors_140_020/depth.png,../../data/moge_dataset/DIODE/val/indoors/scene_00021/scan_00190/00021_00190_indoors_140_020/meta.json,DIODE,../../data/depthanything/moge_dataset/DIODE/val/indoors/scene_00021/scan_00190/00021_00190_indoors_140_020/image.png
272,272,../../data/moge_dataset/DIODE/val/indoors/scene_00021/scan_00190/00021_00190_indoors_140_040/image.jpg,../../data/moge_dataset/DIODE/val/indoors/scene_00021/scan_00190/00021_00190_indoors_140_040/depth.png,../../data/moge_dataset/DIODE/val/indoors/scene_00021/scan_00190/00021_00190_indoors_140_040/meta.json,DIODE,../../data/depthanything/moge_dataset/DIODE/val/indoors/scene_00021/scan_00190/00021_00190_indoors_140_040/image.png
273,273,../../data/moge_dataset/DIODE/val/indoors/scene_00021/scan_00190/00021_00190_indoors_150_030/image.jpg,../../data/moge_dataset/DIODE/val/indoors/scene_00021/scan_00190/00021_00190_indoors_150_030/depth.png,../../data/moge_dataset/DIODE/val/indoors/scene_00021/scan_00190/00021_00190_indoors_150_030/meta.json,DIODE,../../data/depthanything/moge_dataset/DIODE/val/indoors/scene_00021/scan_00190/00021_00190_indoors_150_030/image.png
274,274,../../data/moge_dataset/DIODE/val/indoors/scene_00021/scan_00190/00021_00190_indoors_150_050/image.jpg,../../data/moge_dataset/DIODE/val/indoors/scene_00021/scan_00190/00021_00190_indoors_150_050/depth.png,../../data/moge_dataset/DIODE/val/indoors/scene_00021/scan_00190/00021_00190_indoors_150_050/meta.json,DIODE,../../data/depthanything/moge_dataset/DIODE/val/indoors/scene_00021/scan_00190/00021_00190_indoors_150_050/image.png
275,275,../../data/moge_dataset/DIODE/val/indoors/scene_00021/scan_00190/00021_00190_indoors_190_000/image.jpg,../../data/moge_dataset/DIODE/val/indoors/scene_00021/scan_00190/00021_00190_indoors_190_000/depth.png,../../data/moge_dataset/DIODE/val/indoors/scene_00021/scan_00190/00021_00190_indoors_190_000/meta.json,DIODE,../../data/depthanything/moge_dataset/DIODE/val/indoors/scene_00021/scan_00190/00021_00190_indoors_190_000/image.png
276,276,../../data/moge_dataset/DIODE/val/indoors/scene_00021/scan_00190/00021_00190_indoors_270_010/image.jpg,../../data/moge_dataset/DIODE/val/indoors/scene_00021/scan_00190/00021_00190_indoors_270_010/depth.png,../../data/moge_dataset/DIODE/val/indoors/scene_00021/scan_00190/00021_00190_indoors_270_010/meta.json,DIODE,../../data/depthanything/moge_dataset/DIODE/val/indoors/scene_00021/scan_00190/00021_00190_indoors_270_010/image.png
277,277,../../data/moge_dataset/DIODE/val/indoors/scene_00021/scan_00190/00021_00190_indoors_280_000/image.jpg,../../data/moge_dataset/DIODE/val/indoors/scene_00021/scan_00190/00021_00190_indoors_280_000/depth.png,../../data/moge_dataset/DIODE/val/indoors/scene_00021/scan_00190/00021_00190_indoors_280_000/meta.json,DIODE,../../data/depthanything/moge_dataset/DIODE/val/indoors/scene_00021/scan_00190/00021_00190_indoors_280_000/image.png
278,278,../../data/moge_dataset/DIODE/val/indoors/scene_00021/scan_00190/00021_00190_indoors_280_020/image.jpg,../../data/moge_dataset/DIODE/val/indoors/scene_00021/scan_00190/00021_00190_indoors_280_020/depth.png,../../data/moge_dataset/DIODE/val/indoors/scene_00021/scan_00190/00021_00190_indoors_280_020/meta.json,DIODE,../../data/depthanything/moge_dataset/DIODE/val/indoors/scene_00021/scan_00190/00021_00190_indoors_280_020/image.png
279,279,../../data/moge_dataset/DIODE/val/indoors/scene_00021/scan_00190/00021_00190_indoors_290_010/image.jpg,../../data/moge_dataset/DIODE/val/indoors/scene_00021/scan_00190/00021_00190_indoors_290_010/depth.png,../../data/moge_dataset/DIODE/val/indoors/scene_00021/scan_00190/00021_00190_indoors_290_010/meta.json,DIODE,../../data/depthanything/moge_dataset/DIODE/val/indoors/scene_00021/scan_00190/00021_00190_indoors_290_010/image.png
280,280,../../data/moge_dataset/DIODE/val/indoors/scene_00021/scan_00190/00021_00190_indoors_300_000/image.jpg,../../data/moge_dataset/DIODE/val/indoors/scene_00021/scan_00190/00021_00190_indoors_300_000/depth.png,../../data/moge_dataset/DIODE/val/indoors/scene_00021/scan_00190/00021_00190_indoors_300_000/meta.json,DIODE,../../data/depthanything/moge_dataset/DIODE/val/indoors/scene_00021/scan_00190/00021_00190_indoors_300_000/image.png
281,281,../../data/moge_dataset/DIODE/val/indoors/scene_00021/scan_00190/00021_00190_indoors_300_020/image.jpg,../../data/moge_dataset/DIODE/val/indoors/scene_00021/scan_00190/00021_00190_indoors_300_020/depth.png,../../data/moge_dataset/DIODE/val/indoors/scene_00021/scan_00190/00021_00190_indoors_300_020/meta.json,DIODE,../../data/depthanything/moge_dataset/DIODE/val/indoors/scene_00021/scan_00190/00021_00190_indoors_300_020/image.png
282,282,../../data/moge_dataset/DIODE/val/indoors/scene_00021/scan_00191/00021_00191_indoors_000_040/image.jpg,../../data/moge_dataset/DIODE/val/indoors/scene_00021/scan_00191/00021_00191_indoors_000_040/depth.png,../../data/moge_dataset/DIODE/val/indoors/scene_00021/scan_00191/00021_00191_indoors_000_040/meta.json,DIODE,../../data/depthanything/moge_dataset/DIODE/val/indoors/scene_00021/scan_00191/00021_00191_indoors_000_040/image.png
283,283,../../data/moge_dataset/DIODE/val/indoors/scene_00021/scan_00191/00021_00191_indoors_010_030/image.jpg,../../data/moge_dataset/DIODE/val/indoors/scene_00021/scan_00191/00021_00191_indoors_010_030/depth.png,../../data/moge_dataset/DIODE/val/indoors/scene_00021/scan_00191/00021_00191_indoors_010_030/meta.json,DIODE,../../data/depthanything/moge_dataset/DIODE/val/indoors/scene_00021/scan_00191/00021_00191_indoors_010_030/image.png
284,284,../../data/moge_dataset/DIODE/val/indoors/scene_00021/scan_00191/00021_00191_indoors_020_040/image.jpg,../../data/moge_dataset/DIODE/val/indoors/scene_00021/scan_00191/00021_00191_indoors_020_040/depth.png,../../data/moge_dataset/DIODE/val/indoors/scene_00021/scan_00191/00021_00191_indoors_020_040/meta.json,DIODE,../../data/depthanything/moge_dataset/DIODE/val/indoors/scene_00021/scan_00191/00021_00191_indoors_020_040/image.png
285,285,../../data/moge_dataset/DIODE/val/indoors/scene_00021/scan_00191/00021_00191_indoors_060_050/image.jpg,../../data/moge_dataset/DIODE/val/indoors/scene_00021/scan_00191/00021_00191_indoors_060_050/depth.png,../../data/moge_dataset/DIODE/val/indoors/scene_00021/scan_00191/00021_00191_indoors_060_050/meta.json,DIODE,../../data/depthanything/moge_dataset/DIODE/val/indoors/scene_00021/scan_00191/00021_00191_indoors_060_050/image.png
286,286,../../data/moge_dataset/DIODE/val/indoors/scene_00021/scan_00191/00021_00191_indoors_080_050/image.jpg,../../data/moge_dataset/DIODE/val/indoors/scene_00021/scan_00191/00021_00191_indoors_080_050/depth.png,../../data/moge_dataset/DIODE/val/indoors/scene_00021/scan_00191/00021_00191_indoors_080_050/meta.json,DIODE,../../data/depthanything/moge_dataset/DIODE/val/indoors/scene_00021/scan_00191/00021_00191_indoors_080_050/image.png
287,287,../../data/moge_dataset/DIODE/val/indoors/scene_00021/scan_00191/00021_00191_indoors_220_000/image.jpg,../../data/moge_dataset/DIODE/val/indoors/scene_00021/scan_00191/00021_00191_indoors_220_000/depth.png,../../data/moge_dataset/DIODE/val/indoors/scene_00021/scan_00191/00021_00191_indoors_220_000/meta.json,DIODE,../../data/depthanything/moge_dataset/DIODE/val/indoors/scene_00021/scan_00191/00021_00191_indoors_220_000/image.png
288,288,../../data/moge_dataset/DIODE/val/indoors/scene_00021/scan_00191/00021_00191_indoors_220_020/image.jpg,../../data/moge_dataset/DIODE/val/indoors/scene_00021/scan_00191/00021_00191_indoors_220_020/depth.png,../../data/moge_dataset/DIODE/val/indoors/scene_00021/scan_00191/00021_00191_indoors_220_020/meta.json,DIODE,../../data/depthanything/moge_dataset/DIODE/val/indoors/scene_00021/scan_00191/00021_00191_indoors_220_020/image.png
289,289,../../data/moge_dataset/DIODE/val/indoors/scene_00021/scan_00191/00021_00191_indoors_220_040/image.jpg,../../data/moge_dataset/DIODE/val/indoors/scene_00021/scan_00191/00021_00191_indoors_220_040/depth.png,../../data/moge_dataset/DIODE/val/indoors/scene_00021/scan_00191/00021_00191_indoors_220_040/meta.json,DIODE,../../data/depthanything/moge_dataset/DIODE/val/indoors/scene_00021/scan_00191/00021_00191_indoors_220_040/image.png
290,290,../../data/moge_dataset/DIODE/val/indoors/scene_00021/scan_00191/00021_00191_indoors_230_010/image.jpg,../../data/moge_dataset/DIODE/val/indoors/scene_00021/scan_00191/00021_00191_indoors_230_010/depth.png,../../data/moge_dataset/DIODE/val/indoors/scene_00021/scan_00191/00021_00191_indoors_230_010/meta.json,DIODE,../../data/depthanything/moge_dataset/DIODE/val/indoors/scene_00021/scan_00191/00021_00191_indoors_230_010/image.png
291,291,../../data/moge_dataset/DIODE/val/indoors/scene_00021/scan_00191/00021_00191_indoors_230_030/image.jpg,../../data/moge_dataset/DIODE/val/indoors/scene_00021/scan_00191/00021_00191_indoors_230_030/depth.png,../../data/moge_dataset/DIODE/val/indoors/scene_00021/scan_00191/00021_00191_indoors_230_030/meta.json,DIODE,../../data/depthanything/moge_dataset/DIODE/val/indoors/scene_00021/scan_00191/00021_00191_indoors_230_030/image.png
292,292,../../data/moge_dataset/DIODE/val/indoors/scene_00021/scan_00191/00021_00191_indoors_230_050/image.jpg,../../data/moge_dataset/DIODE/val/indoors/scene_00021/scan_00191/00021_00191_indoors_230_050/depth.png,../../data/moge_dataset/DIODE/val/indoors/scene_00021/scan_00191/00021_00191_indoors_230_050/meta.json,DIODE,../../data/depthanything/moge_dataset/DIODE/val/indoors/scene_00021/scan_00191/00021_00191_indoors_230_050/image.png
293,293,../../data/moge_dataset/DIODE/val/indoors/scene_00021/scan_00191/00021_00191_indoors_260_030/image.jpg,../../data/moge_dataset/DIODE/val/indoors/scene_00021/scan_00191/00021_00191_indoors_260_030/depth.png,../../data/moge_dataset/DIODE/val/indoors/scene_00021/scan_00191/00021_00191_indoors_260_030/meta.json,DIODE,../../data/depthanything/moge_dataset/DIODE/val/indoors/scene_00021/scan_00191/00021_00191_indoors_260_030/image.png
294,294,../../data/moge_dataset/DIODE/val/indoors/scene_00021/scan_00191/00021_00191_indoors_280_030/image.jpg,../../data/moge_dataset/DIODE/val/indoors/scene_00021/scan_00191/00021_00191_indoors_280_030/depth.png,../../data/moge_dataset/DIODE/val/indoors/scene_00021/scan_00191/00021_00191_indoors_280_030/meta.json,DIODE,../../data/depthanything/moge_dataset/DIODE/val/indoors/scene_00021/scan_00191/00021_00191_indoors_280_030/image.png
295,295,../../data/moge_dataset/DIODE/val/indoors/scene_00021/scan_00191/00021_00191_indoors_330_030/image.jpg,../../data/moge_dataset/DIODE/val/indoors/scene_00021/scan_00191/00021_00191_indoors_330_030/depth.png,../../data/moge_dataset/DIODE/val/indoors/scene_00021/scan_00191/00021_00191_indoors_330_030/meta.json,DIODE,../../data/depthanything/moge_dataset/DIODE/val/indoors/scene_00021/scan_00191/00021_00191_indoors_330_030/image.png
296,296,../../data/moge_dataset/DIODE/val/indoors/scene_00021/scan_00191/00021_00191_indoors_340_000/image.jpg,../../data/moge_dataset/DIODE/val/indoors/scene_00021/scan_00191/00021_00191_indoors_340_000/depth.png,../../data/moge_dataset/DIODE/val/indoors/scene_00021/scan_00191/00021_00191_indoors_340_000/meta.json,DIODE,../../data/depthanything/moge_dataset/DIODE/val/indoors/scene_00021/scan_00191/00021_00191_indoors_340_000/image.png
297,297,../../data/moge_dataset/DIODE/val/indoors/scene_00021/scan_00191/00021_00191_indoors_340_020/image.jpg,../../data/moge_dataset/DIODE/val/indoors/scene_00021/scan_00191/00021_00191_indoors_340_020/depth.png,../../data/moge_dataset/DIODE/val/indoors/scene_00021/scan_00191/00021_00191_indoors_340_020/meta.json,DIODE,../../data/depthanything/moge_dataset/DIODE/val/indoors/scene_00021/scan_00191/00021_00191_indoors_340_020/image.png
298,298,../../data/moge_dataset/DIODE/val/indoors/scene_00021/scan_00191/00021_00191_indoors_340_040/image.jpg,../../data/moge_dataset/DIODE/val/indoors/scene_00021/scan_00191/00021_00191_indoors_340_040/depth.png,../../data/moge_dataset/DIODE/val/indoors/scene_00021/scan_00191/00021_00191_indoors_340_040/meta.json,DIODE,../../data/depthanything/moge_dataset/DIODE/val/indoors/scene_00021/scan_00191/00021_00191_indoors_340_040/image.png
299,299,../../data/moge_dataset/DIODE/val/indoors/scene_00021/scan_00191/00021_00191_indoors_350_030/image.jpg,../../data/moge_dataset/DIODE/val/indoors/scene_00021/scan_00191/00021_00191_indoors_350_030/depth.png,../../data/moge_dataset/DIODE/val/indoors/scene_00021/scan_00191/00021_00191_indoors_350_030/meta.json,DIODE,../../data/depthanything/moge_dataset/DIODE/val/indoors/scene_00021/scan_00191/00021_00191_indoors_350_030/image.png
300,300,../../data/moge_dataset/DIODE/val/indoors/scene_00021/scan_00192/00021_00192_indoors_000_000/image.jpg,../../data/moge_dataset/DIODE/val/indoors/scene_00021/scan_00192/00021_00192_indoors_000_000/depth.png,../../data/moge_dataset/DIODE/val/indoors/scene_00021/scan_00192/00021_00192_indoors_000_000/meta.json,DIODE,../../data/depthanything/moge_dataset/DIODE/val/indoors/scene_00021/scan_00192/00021_00192_indoors_000_000/image.png
301,301,../../data/moge_dataset/DIODE/val/indoors/scene_00021/scan_00192/00021_00192_indoors_000_020/image.jpg,../../data/moge_dataset/DIODE/val/indoors/scene_00021/scan_00192/00021_00192_indoors_000_020/depth.png,../../data/moge_dataset/DIODE/val/indoors/scene_00021/scan_00192/00021_00192_indoors_000_020/meta.json,DIODE,../../data/depthanything/moge_dataset/DIODE/val/indoors/scene_00021/scan_00192/00021_00192_indoors_000_020/image.png
302,302,../../data/moge_dataset/DIODE/val/indoors/scene_00021/scan_00192/00021_00192_indoors_010_010/image.jpg,../../data/moge_dataset/DIODE/val/indoors/scene_00021/scan_00192/00021_00192_indoors_010_010/depth.png,../../data/moge_dataset/DIODE/val/indoors/scene_00021/scan_00192/00021_00192_indoors_010_010/meta.json,DIODE,../../data/depthanything/moge_dataset/DIODE/val/indoors/scene_00021/scan_00192/00021_00192_indoors_010_010/image.png
303,303,../../data/moge_dataset/DIODE/val/indoors/scene_00021/scan_00192/00021_00192_indoors_010_030/image.jpg,../../data/moge_dataset/DIODE/val/indoors/scene_00021/scan_00192/00021_00192_indoors_010_030/depth.png,../../data/moge_dataset/DIODE/val/indoors/scene_00021/scan_00192/00021_00192_indoors_010_030/meta.json,DIODE,../../data/depthanything/moge_dataset/DIODE/val/indoors/scene_00021/scan_00192/00021_00192_indoors_010_030/image.png
304,304,../../data/moge_dataset/DIODE/val/indoors/scene_00021/scan_00192/00021_00192_indoors_020_000/image.jpg,../../data/moge_dataset/DIODE/val/indoors/scene_00021/scan_00192/00021_00192_indoors_020_000/depth.png,../../data/moge_dataset/DIODE/val/indoors/scene_00021/scan_00192/00021_00192_indoors_020_000/meta.json,DIODE,../../data/depthanything/moge_dataset/DIODE/val/indoors/scene_00021/scan_00192/00021_00192_indoors_020_000/image.png
305,305,../../data/moge_dataset/DIODE/val/indoors/scene_00021/scan_00192/00021_00192_indoors_020_020/image.jpg,../../data/moge_dataset/DIODE/val/indoors/scene_00021/scan_00192/00021_00192_indoors_020_020/depth.png,../../data/moge_dataset/DIODE/val/indoors/scene_00021/scan_00192/00021_00192_indoors_020_020/meta.json,DIODE,../../data/depthanything/moge_dataset/DIODE/val/indoors/scene_00021/scan_00192/00021_00192_indoors_020_020/image.png
306,306,../../data/moge_dataset/DIODE/val/indoors/scene_00021/scan_00192/00021_00192_indoors_030_010/image.jpg,../../data/moge_dataset/DIODE/val/indoors/scene_00021/scan_00192/00021_00192_indoors_030_010/depth.png,../../data/moge_dataset/DIODE/val/indoors/scene_00021/scan_00192/00021_00192_indoors_030_010/meta.json,DIODE,../../data/depthanything/moge_dataset/DIODE/val/indoors/scene_00021/scan_00192/00021_00192_indoors_030_010/image.png
307,307,../../data/moge_dataset/DIODE/val/indoors/scene_00021/scan_00192/00021_00192_indoors_030_030/image.jpg,../../data/moge_dataset/DIODE/val/indoors/scene_00021/scan_00192/00021_00192_indoors_030_030/depth.png,../../data/moge_dataset/DIODE/val/indoors/scene_00021/scan_00192/00021_00192_indoors_030_030/meta.json,DIODE,../../data/depthanything/moge_dataset/DIODE/val/indoors/scene_00021/scan_00192/00021_00192_indoors_030_030/image.png
308,308,../../data/moge_dataset/DIODE/val/indoors/scene_00021/scan_00192/00021_00192_indoors_040_000/image.jpg,../../data/moge_dataset/DIODE/val/indoors/scene_00021/scan_00192/00021_00192_indoors_040_000/depth.png,../../data/moge_dataset/DIODE/val/indoors/scene_00021/scan_00192/00021_00192_indoors_040_000/meta.json,DIODE,../../data/depthanything/moge_dataset/DIODE/val/indoors/scene_00021/scan_00192/00021_00192_indoors_040_000/image.png
309,309,../../data/moge_dataset/DIODE/val/indoors/scene_00021/scan_00192/00021_00192_indoors_220_000/image.jpg,../../data/moge_dataset/DIODE/val/indoors/scene_00021/scan_00192/00021_00192_indoors_220_000/depth.png,../../data/moge_dataset/DIODE/val/indoors/scene_00021/scan_00192/00021_00192_indoors_220_000/meta.json,DIODE,../../data/depthanything/moge_dataset/DIODE/val/indoors/scene_00021/scan_00192/00021_00192_indoors_220_000/image.png
310,310,../../data/moge_dataset/DIODE/val/indoors/scene_00021/scan_00192/00021_00192_indoors_230_010/image.jpg,../../data/moge_dataset/DIODE/val/indoors/scene_00021/scan_00192/00021_00192_indoors_230_010/depth.png,../../data/moge_dataset/DIODE/val/indoors/scene_00021/scan_00192/00021_00192_indoors_230_010/meta.json,DIODE,../../data/depthanything/moge_dataset/DIODE/val/indoors/scene_00021/scan_00192/00021_00192_indoors_230_010/image.png
311,311,../../data/moge_dataset/DIODE/val/indoors/scene_00021/scan_00192/00021_00192_indoors_240_000/image.jpg,../../data/moge_dataset/DIODE/val/indoors/scene_00021/scan_00192/00021_00192_indoors_240_000/depth.png,../../data/moge_dataset/DIODE/val/indoors/scene_00021/scan_00192/00021_00192_indoors_240_000/meta.json,DIODE,../../data/depthanything/moge_dataset/DIODE/val/indoors/scene_00021/scan_00192/00021_00192_indoors_240_000/image.png
312,312,../../data/moge_dataset/DIODE/val/indoors/scene_00021/scan_00192/00021_00192_indoors_240_020/image.jpg,../../data/moge_dataset/DIODE/val/indoors/scene_00021/scan_00192/00021_00192_indoors_240_020/depth.png,../../data/moge_dataset/DIODE/val/indoors/scene_00021/scan_00192/00021_00192_indoors_240_020/meta.json,DIODE,../../data/depthanything/moge_dataset/DIODE/val/indoors/scene_00021/scan_00192/00021_00192_indoors_240_020/image.png
313,313,../../data/moge_dataset/DIODE/val/indoors/scene_00021/scan_00192/00021_00192_indoors_300_000/image.jpg,../../data/moge_dataset/DIODE/val/indoors/scene_00021/scan_00192/00021_00192_indoors_300_000/depth.png,../../data/moge_dataset/DIODE/val/indoors/scene_00021/scan_00192/00021_00192_indoors_300_000/meta.json,DIODE,../../data/depthanything/moge_dataset/DIODE/val/indoors/scene_00021/scan_00192/00021_00192_indoors_300_000/image.png
314,314,../../data/moge_dataset/DIODE/val/indoors/scene_00021/scan_00192/00021_00192_indoors_300_020/image.jpg,../../data/moge_dataset/DIODE/val/indoors/scene_00021/scan_00192/00021_00192_indoors_300_020/depth.png,../../data/moge_dataset/DIODE/val/indoors/scene_00021/scan_00192/00021_00192_indoors_300_020/meta.json,DIODE,../../data/depthanything/moge_dataset/DIODE/val/indoors/scene_00021/scan_00192/00021_00192_indoors_300_020/image.png
315,315,../../data/moge_dataset/DIODE/val/indoors/scene_00021/scan_00192/00021_00192_indoors_310_010/image.jpg,../../data/moge_dataset/DIODE/val/indoors/scene_00021/scan_00192/00021_00192_indoors_310_010/depth.png,../../data/moge_dataset/DIODE/val/indoors/scene_00021/scan_00192/00021_00192_indoors_310_010/meta.json,DIODE,../../data/depthanything/moge_dataset/DIODE/val/indoors/scene_00021/scan_00192/00021_00192_indoors_310_010/image.png
316,316,../../data/moge_dataset/DIODE/val/indoors/scene_00021/scan_00192/00021_00192_indoors_310_030/image.jpg,../../data/moge_dataset/DIODE/val/indoors/scene_00021/scan_00192/00021_00192_indoors_310_030/depth.png,../../data/moge_dataset/DIODE/val/indoors/scene_00021/scan_00192/00021_00192_indoors_310_030/meta.json,DIODE,../../data/depthanything/moge_dataset/DIODE/val/indoors/scene_00021/scan_00192/00021_00192_indoors_310_030/image.png
317,317,../../data/moge_dataset/DIODE/val/indoors/scene_00021/scan_00192/00021_00192_indoors_320_000/image.jpg,../../data/moge_dataset/DIODE/val/indoors/scene_00021/scan_00192/00021_00192_indoors_320_000/depth.png,../../data/moge_dataset/DIODE/val/indoors/scene_00021/scan_00192/00021_00192_indoors_320_000/meta.json,DIODE,../../data/depthanything/moge_dataset/DIODE/val/indoors/scene_00021/scan_00192/00021_00192_indoors_320_000/image.png
318,318,../../data/moge_dataset/DIODE/val/indoors/scene_00021/scan_00192/00021_00192_indoors_320_020/image.jpg,../../data/moge_dataset/DIODE/val/indoors/scene_00021/scan_00192/00021_00192_indoors_320_020/depth.png,../../data/moge_dataset/DIODE/val/indoors/scene_00021/scan_00192/00021_00192_indoors_320_020/meta.json,DIODE,../../data/depthanything/moge_dataset/DIODE/val/indoors/scene_00021/scan_00192/00021_00192_indoors_320_020/image.png
319,319,../../data/moge_dataset/DIODE/val/indoors/scene_00021/scan_00192/00021_00192_indoors_330_010/image.jpg,../../data/moge_dataset/DIODE/val/indoors/scene_00021/scan_00192/00021_00192_indoors_330_010/depth.png,../../data/moge_dataset/DIODE/val/indoors/scene_00021/scan_00192/00021_00192_indoors_330_010/meta.json,DIODE,../../data/depthanything/moge_dataset/DIODE/val/indoors/scene_00021/scan_00192/00021_00192_indoors_330_010/image.png
320,320,../../data/moge_dataset/DIODE/val/indoors/scene_00021/scan_00192/00021_00192_indoors_330_030/image.jpg,../../data/moge_dataset/DIODE/val/indoors/scene_00021/scan_00192/00021_00192_indoors_330_030/depth.png,../../data/moge_dataset/DIODE/val/indoors/scene_00021/scan_00192/00021_00192_indoors_330_030/meta.json,DIODE,../../data/depthanything/moge_dataset/DIODE/val/indoors/scene_00021/scan_00192/00021_00192_indoors_330_030/image.png
321,321,../../data/moge_dataset/DIODE/val/indoors/scene_00021/scan_00192/00021_00192_indoors_340_000/image.jpg,../../data/moge_dataset/DIODE/val/indoors/scene_00021/scan_00192/00021_00192_indoors_340_000/depth.png,../../data/moge_dataset/DIODE/val/indoors/scene_00021/scan_00192/00021_00192_indoors_340_000/meta.json,DIODE,../../data/depthanything/moge_dataset/DIODE/val/indoors/scene_00021/scan_00192/00021_00192_indoors_340_000/image.png
322,322,../../data/moge_dataset/DIODE/val/indoors/scene_00021/scan_00192/00021_00192_indoors_340_020/image.jpg,../../data/moge_dataset/DIODE/val/indoors/scene_00021/scan_00192/00021_00192_indoors_340_020/depth.png,../../data/moge_dataset/DIODE/val/indoors/scene_00021/scan_00192/00021_00192_indoors_340_020/meta.json,DIODE,../../data/depthanything/moge_dataset/DIODE/val/indoors/scene_00021/scan_00192/00021_00192_indoors_340_020/image.png
323,323,../../data/moge_dataset/DIODE/val/indoors/scene_00021/scan_00192/00021_00192_indoors_350_010/image.jpg,../../data/moge_dataset/DIODE/val/indoors/scene_00021/scan_00192/00021_00192_indoors_350_010/depth.png,../../data/moge_dataset/DIODE/val/indoors/scene_00021/scan_00192/00021_00192_indoors_350_010/meta.json,DIODE,../../data/depthanything/moge_dataset/DIODE/val/indoors/scene_00021/scan_00192/00021_00192_indoors_350_010/image.png
324,324,../../data/moge_dataset/DIODE/val/indoors/scene_00021/scan_00192/00021_00192_indoors_350_030/image.jpg,../../data/moge_dataset/DIODE/val/indoors/scene_00021/scan_00192/00021_00192_indoors_350_030/depth.png,../../data/moge_dataset/DIODE/val/indoors/scene_00021/scan_00192/00021_00192_indoors_350_030/meta.json,DIODE,../../data/depthanything/moge_dataset/DIODE/val/indoors/scene_00021/scan_00192/00021_00192_indoors_350_030/image.png
325,325,../../data/moge_dataset/DIODE/val/outdoor/scene_00022/scan_00193/00022_00193_outdoor_000_000/image.jpg,../../data/moge_dataset/DIODE/val/outdoor/scene_00022/scan_00193/00022_00193_outdoor_000_000/depth.png,../../data/moge_dataset/DIODE/val/outdoor/scene_00022/scan_00193/00022_00193_outdoor_000_000/meta.json,DIODE,../../data/depthanything/moge_dataset/DIODE/val/outdoor/scene_00022/scan_00193/00022_00193_outdoor_000_000/image.png
326,326,../../data/moge_dataset/DIODE/val/outdoor/scene_00022/scan_00193/00022_00193_outdoor_000_020/image.jpg,../../data/moge_dataset/DIODE/val/outdoor/scene_00022/scan_00193/00022_00193_outdoor_000_020/depth.png,../../data/moge_dataset/DIODE/val/outdoor/scene_00022/scan_00193/00022_00193_outdoor_000_020/meta.json,DIODE,../../data/depthanything/moge_dataset/DIODE/val/outdoor/scene_00022/scan_00193/00022_00193_outdoor_000_020/image.png
327,327,../../data/moge_dataset/DIODE/val/outdoor/scene_00022/scan_00193/00022_00193_outdoor_000_040/image.jpg,../../data/moge_dataset/DIODE/val/outdoor/scene_00022/scan_00193/00022_00193_outdoor_000_040/depth.png,../../data/moge_dataset/DIODE/val/outdoor/scene_00022/scan_00193/00022_00193_outdoor_000_040/meta.json,DIODE,../../data/depthanything/moge_dataset/DIODE/val/outdoor/scene_00022/scan_00193/00022_00193_outdoor_000_040/image.png
328,328,../../data/moge_dataset/DIODE/val/outdoor/scene_00022/scan_00193/00022_00193_outdoor_010_010/image.jpg,../../data/moge_dataset/DIODE/val/outdoor/scene_00022/scan_00193/00022_00193_outdoor_010_010/depth.png,../../data/moge_dataset/DIODE/val/outdoor/scene_00022/scan_00193/00022_00193_outdoor_010_010/meta.json,DIODE,../../data/depthanything/moge_dataset/DIODE/val/outdoor/scene_00022/scan_00193/00022_00193_outdoor_010_010/image.png
329,329,../../data/moge_dataset/DIODE/val/outdoor/scene_00022/scan_00193/00022_00193_outdoor_010_030/image.jpg,../../data/moge_dataset/DIODE/val/outdoor/scene_00022/scan_00193/00022_00193_outdoor_010_030/depth.png,../../data/moge_dataset/DIODE/val/outdoor/scene_00022/scan_00193/00022_00193_outdoor_010_030/meta.json,DIODE,../../data/depthanything/moge_dataset/DIODE/val/outdoor/scene_00022/scan_00193/00022_00193_outdoor_010_030/image.png
330,330,../../data/moge_dataset/DIODE/val/outdoor/scene_00022/scan_00193/00022_00193_outdoor_020_000/image.jpg,../../data/moge_dataset/DIODE/val/outdoor/scene_00022/scan_00193/00022_00193_outdoor_020_000/depth.png,../../data/moge_dataset/DIODE/val/outdoor/scene_00022/scan_00193/00022_00193_outdoor_020_000/meta.json,DIODE,../../data/depthanything/moge_dataset/DIODE/val/outdoor/scene_00022/scan_00193/00022_00193_outdoor_020_000/image.png
331,331,../../data/moge_dataset/DIODE/val/outdoor/scene_00022/scan_00193/00022_00193_outdoor_030_020/image.jpg,../../data/moge_dataset/DIODE/val/outdoor/scene_00022/scan_00193/00022_00193_outdoor_030_020/depth.png,../../data/moge_dataset/DIODE/val/outdoor/scene_00022/scan_00193/00022_00193_outdoor_030_020/meta.json,DIODE,../../data/depthanything/moge_dataset/DIODE/val/outdoor/scene_00022/scan_00193/00022_00193_outdoor_030_020/image.png
332,332,../../data/moge_dataset/DIODE/val/outdoor/scene_00022/scan_00193/00022_00193_outdoor_030_040/image.jpg,../../data/moge_dataset/DIODE/val/outdoor/scene_00022/scan_00193/00022_00193_outdoor_030_040/depth.png,../../data/moge_dataset/DIODE/val/outdoor/scene_00022/scan_00193/00022_00193_outdoor_030_040/meta.json,DIODE,../../data/depthanything/moge_dataset/DIODE/val/outdoor/scene_00022/scan_00193/00022_00193_outdoor_030_040/image.png
333,333,../../data/moge_dataset/DIODE/val/outdoor/scene_00022/scan_00193/00022_00193_outdoor_040_000/image.jpg,../../data/moge_dataset/DIODE/val/outdoor/scene_00022/scan_00193/00022_00193_outdoor_040_000/depth.png,../../data/moge_dataset/DIODE/val/outdoor/scene_00022/scan_00193/00022_00193_outdoor_040_000/meta.json,DIODE,../../data/depthanything/moge_dataset/DIODE/val/outdoor/scene_00022/scan_00193/00022_00193_outdoor_040_000/image.png
334,334,../../data/moge_dataset/DIODE/val/outdoor/scene_00022/scan_00193/00022_00193_outdoor_050_010/image.jpg,../../data/moge_dataset/DIODE/val/outdoor/scene_00022/scan_00193/00022_00193_outdoor_050_010/depth.png,../../data/moge_dataset/DIODE/val/outdoor/scene_00022/scan_00193/00022_00193_outdoor_050_010/meta.json,DIODE,../../data/depthanything/moge_dataset/DIODE/val/outdoor/scene_00022/scan_00193/00022_00193_outdoor_050_010/image.png
335,335,../../data/moge_dataset/DIODE/val/outdoor/scene_00022/scan_00193/00022_00193_outdoor_050_030/image.jpg,../../data/moge_dataset/DIODE/val/outdoor/scene_00022/scan_00193/00022_00193_outdoor_050_030/depth.png,../../data/moge_dataset/DIODE/val/outdoor/scene_00022/scan_00193/00022_00193_outdoor_050_030/meta.json,DIODE,../../data/depthanything/moge_dataset/DIODE/val/outdoor/scene_00022/scan_00193/00022_00193_outdoor_050_030/image.png
336,336,../../data/moge_dataset/DIODE/val/outdoor/scene_00022/scan_00193/00022_00193_outdoor_050_050/image.jpg,../../data/moge_dataset/DIODE/val/outdoor/scene_00022/scan_00193/00022_00193_outdoor_050_050/depth.png,../../data/moge_dataset/DIODE/val/outdoor/scene_00022/scan_00193/00022_00193_outdoor_050_050/meta.json,DIODE,../../data/depthanything/moge_dataset/DIODE/val/outdoor/scene_00022/scan_00193/00022_00193_outdoor_050_050/image.png
337,337,../../data/moge_dataset/DIODE/val/outdoor/scene_00022/scan_00193/00022_00193_outdoor_060_000/image.jpg,../../data/moge_dataset/DIODE/val/outdoor/scene_00022/scan_00193/00022_00193_outdoor_060_000/depth.png,../../data/moge_dataset/DIODE/val/outdoor/scene_00022/scan_00193/00022_00193_outdoor_060_000/meta.json,DIODE,../../data/depthanything/moge_dataset/DIODE/val/outdoor/scene_00022/scan_00193/00022_00193_outdoor_060_000/image.png
338,338,../../data/moge_dataset/DIODE/val/outdoor/scene_00022/scan_00193/00022_00193_outdoor_060_020/image.jpg,../../data/moge_dataset/DIODE/val/outdoor/scene_00022/scan_00193/00022_00193_outdoor_060_020/depth.png,../../data/moge_dataset/DIODE/val/outdoor/scene_00022/scan_00193/00022_00193_outdoor_060_020/meta.json,DIODE,../../data/depthanything/moge_dataset/DIODE/val/outdoor/scene_00022/scan_00193/00022_00193_outdoor_060_020/image.png
339,339,../../data/moge_dataset/DIODE/val/outdoor/scene_00022/scan_00193/00022_00193_outdoor_060_040/image.jpg,../../data/moge_dataset/DIODE/val/outdoor/scene_00022/scan_00193/00022_00193_outdoor_060_040/depth.png,../../data/moge_dataset/DIODE/val/outdoor/scene_00022/scan_00193/00022_00193_outdoor_060_040/meta.json,DIODE,../../data/depthanything/moge_dataset/DIODE/val/outdoor/scene_00022/scan_00193/00022_00193_outdoor_060_040/image.png
340,340,../../data/moge_dataset/DIODE/val/outdoor/scene_00022/scan_00193/00022_00193_outdoor_070_010/image.jpg,../../data/moge_dataset/DIODE/val/outdoor/scene_00022/scan_00193/00022_00193_outdoor_070_010/depth.png,../../data/moge_dataset/DIODE/val/outdoor/scene_00022/scan_00193/00022_00193_outdoor_070_010/meta.json,DIODE,../../data/depthanything/moge_dataset/DIODE/val/outdoor/scene_00022/scan_00193/00022_00193_outdoor_070_010/image.png
341,341,../../data/moge_dataset/DIODE/val/outdoor/scene_00022/scan_00193/00022_00193_outdoor_070_030/image.jpg,../../data/moge_dataset/DIODE/val/outdoor/scene_00022/scan_00193/00022_00193_outdoor_070_030/depth.png,../../data/moge_dataset/DIODE/val/outdoor/scene_00022/scan_00193/00022_00193_outdoor_070_030/meta.json,DIODE,../../data/depthanything/moge_dataset/DIODE/val/outdoor/scene_00022/scan_00193/00022_00193_outdoor_070_030/image.png
342,342,../../data/moge_dataset/DIODE/val/outdoor/scene_00022/scan_00193/00022_00193_outdoor_070_050/image.jpg,../../data/moge_dataset/DIODE/val/outdoor/scene_00022/scan_00193/00022_00193_outdoor_070_050/depth.png,../../data/moge_dataset/DIODE/val/outdoor/scene_00022/scan_00193/00022_00193_outdoor_070_050/meta.json,DIODE,../../data/depthanything/moge_dataset/DIODE/val/outdoor/scene_00022/scan_00193/00022_00193_outdoor_070_050/image.png
343,343,../../data/moge_dataset/DIODE/val/outdoor/scene_00022/scan_00193/00022_00193_outdoor_080_040/image.jpg,../../data/moge_dataset/DIODE/val/outdoor/scene_00022/scan_00193/00022_00193_outdoor_080_040/depth.png,../../data/moge_dataset/DIODE/val/outdoor/scene_00022/scan_00193/00022_00193_outdoor_080_040/meta.json,DIODE,../../data/depthanything/moge_dataset/DIODE/val/outdoor/scene_00022/scan_00193/00022_00193_outdoor_080_040/image.png
344,344,../../data/moge_dataset/DIODE/val/outdoor/scene_00022/scan_00193/00022_00193_outdoor_090_000/image.jpg,../../data/moge_dataset/DIODE/val/outdoor/scene_00022/scan_00193/00022_00193_outdoor_090_000/depth.png,../../data/moge_dataset/DIODE/val/outdoor/scene_00022/scan_00193/00022_00193_outdoor_090_000/meta.json,DIODE,../../data/depthanything/moge_dataset/DIODE/val/outdoor/scene_00022/scan_00193/00022_00193_outdoor_090_000/image.png
345,345,../../data/moge_dataset/DIODE/val/outdoor/scene_00022/scan_00193/00022_00193_outdoor_100_050/image.jpg,../../data/moge_dataset/DIODE/val/outdoor/scene_00022/scan_00193/00022_00193_outdoor_100_050/depth.png,../../data/moge_dataset/DIODE/val/outdoor/scene_00022/scan_00193/00022_00193_outdoor_100_050/meta.json,DIODE,../../data/depthanything/moge_dataset/DIODE/val/outdoor/scene_00022/scan_00193/00022_00193_outdoor_100_050/image.png
346,346,../../data/moge_dataset/DIODE/val/outdoor/scene_00022/scan_00193/00022_00193_outdoor_110_000/image.jpg,../../data/moge_dataset/DIODE/val/outdoor/scene_00022/scan_00193/00022_00193_outdoor_110_000/depth.png,../../data/moge_dataset/DIODE/val/outdoor/scene_00022/scan_00193/00022_00193_outdoor_110_000/meta.json,DIODE,../../data/depthanything/moge_dataset/DIODE/val/outdoor/scene_00022/scan_00193/00022_00193_outdoor_110_000/image.png
347,347,../../data/moge_dataset/DIODE/val/outdoor/scene_00022/scan_00193/00022_00193_outdoor_110_040/image.jpg,../../data/moge_dataset/DIODE/val/outdoor/scene_00022/scan_00193/00022_00193_outdoor_110_040/depth.png,../../data/moge_dataset/DIODE/val/outdoor/scene_00022/scan_00193/00022_00193_outdoor_110_040/meta.json,DIODE,../../data/depthanything/moge_dataset/DIODE/val/outdoor/scene_00022/scan_00193/00022_00193_outdoor_110_040/image.png
348,348,../../data/moge_dataset/DIODE/val/outdoor/scene_00022/scan_00193/00022_00193_outdoor_120_050/image.jpg,../../data/moge_dataset/DIODE/val/outdoor/scene_00022/scan_00193/00022_00193_outdoor_120_050/depth.png,../../data/moge_dataset/DIODE/val/outdoor/scene_00022/scan_00193/00022_00193_outdoor_120_050/meta.json,DIODE,../../data/depthanything/moge_dataset/DIODE/val/outdoor/scene_00022/scan_00193/00022_00193_outdoor_120_050/image.png
349,349,../../data/moge_dataset/DIODE/val/outdoor/scene_00022/scan_00193/00022_00193_outdoor_130_040/image.jpg,../../data/moge_dataset/DIODE/val/outdoor/scene_00022/scan_00193/00022_00193_outdoor_130_040/depth.png,../../data/moge_dataset/DIODE/val/outdoor/scene_00022/scan_00193/00022_00193_outdoor_130_040/meta.json,DIODE,../../data/depthanything/moge_dataset/DIODE/val/outdoor/scene_00022/scan_00193/00022_00193_outdoor_130_040/image.png
350,350,../../data/moge_dataset/DIODE/val/outdoor/scene_00022/scan_00193/00022_00193_outdoor_140_000/image.jpg,../../data/moge_dataset/DIODE/val/outdoor/scene_00022/scan_00193/00022_00193_outdoor_140_000/depth.png,../../data/moge_dataset/DIODE/val/outdoor/scene_00022/scan_00193/00022_00193_outdoor_140_000/meta.json,DIODE,../../data/depthanything/moge_dataset/DIODE/val/outdoor/scene_00022/scan_00193/00022_00193_outdoor_140_000/image.png
351,351,../../data/moge_dataset/DIODE/val/outdoor/scene_00022/scan_00193/00022_00193_outdoor_140_030/image.jpg,../../data/moge_dataset/DIODE/val/outdoor/scene_00022/scan_00193/00022_00193_outdoor_140_030/depth.png,../../data/moge_dataset/DIODE/val/outdoor/scene_00022/scan_00193/00022_00193_outdoor_140_030/meta.json,DIODE,../../data/depthanything/moge_dataset/DIODE/val/outdoor/scene_00022/scan_00193/00022_00193_outdoor_140_030/image.png
352,352,../../data/moge_dataset/DIODE/val/outdoor/scene_00022/scan_00193/00022_00193_outdoor_140_050/image.jpg,../../data/moge_dataset/DIODE/val/outdoor/scene_00022/scan_00193/00022_00193_outdoor_140_050/depth.png,../../data/moge_dataset/DIODE/val/outdoor/scene_00022/scan_00193/00022_00193_outdoor_140_050/meta.json,DIODE,../../data/depthanything/moge_dataset/DIODE/val/outdoor/scene_00022/scan_00193/00022_00193_outdoor_140_050/image.png
353,353,../../data/moge_dataset/DIODE/val/outdoor/scene_00022/scan_00193/00022_00193_outdoor_150_010/image.jpg,../../data/moge_dataset/DIODE/val/outdoor/scene_00022/scan_00193/00022_00193_outdoor_150_010/depth.png,../../data/moge_dataset/DIODE/val/outdoor/scene_00022/scan_00193/00022_00193_outdoor_150_010/meta.json,DIODE,../../data/depthanything/moge_dataset/DIODE/val/outdoor/scene_00022/scan_00193/00022_00193_outdoor_150_010/image.png
354,354,../../data/moge_dataset/DIODE/val/outdoor/scene_00022/scan_00193/00022_00193_outdoor_150_040/image.jpg,../../data/moge_dataset/DIODE/val/outdoor/scene_00022/scan_00193/00022_00193_outdoor_150_040/depth.png,../../data/moge_dataset/DIODE/val/outdoor/scene_00022/scan_00193/00022_00193_outdoor_150_040/meta.json,DIODE,../../data/depthanything/moge_dataset/DIODE/val/outdoor/scene_00022/scan_00193/00022_00193_outdoor_150_040/image.png
355,355,../../data/moge_dataset/DIODE/val/outdoor/scene_00022/scan_00193/00022_00193_outdoor_160_000/image.jpg,../../data/moge_dataset/DIODE/val/outdoor/scene_00022/scan_00193/00022_00193_outdoor_160_000/depth.png,../../data/moge_dataset/DIODE/val/outdoor/scene_00022/scan_00193/00022_00193_outdoor_160_000/meta.json,DIODE,../../data/depthanything/moge_dataset/DIODE/val/outdoor/scene_00022/scan_00193/00022_00193_outdoor_160_000/image.png
356,356,../../data/moge_dataset/DIODE/val/outdoor/scene_00022/scan_00193/00022_00193_outdoor_160_020/image.jpg,../../data/moge_dataset/DIODE/val/outdoor/scene_00022/scan_00193/00022_00193_outdoor_160_020/depth.png,../../data/moge_dataset/DIODE/val/outdoor/scene_00022/scan_00193/00022_00193_outdoor_160_020/meta.json,DIODE,../../data/depthanything/moge_dataset/DIODE/val/outdoor/scene_00022/scan_00193/00022_00193_outdoor_160_020/image.png
357,357,../../data/moge_dataset/DIODE/val/outdoor/scene_00022/scan_00193/00022_00193_outdoor_170_010/image.jpg,../../data/moge_dataset/DIODE/val/outdoor/scene_00022/scan_00193/00022_00193_outdoor_170_010/depth.png,../../data/moge_dataset/DIODE/val/outdoor/scene_00022/scan_00193/00022_00193_outdoor_170_010/meta.json,DIODE,../../data/depthanything/moge_dataset/DIODE/val/outdoor/scene_00022/scan_00193/00022_00193_outdoor_170_010/image.png
358,358,../../data/moge_dataset/DIODE/val/outdoor/scene_00022/scan_00193/00022_00193_outdoor_170_030/image.jpg,../../data/moge_dataset/DIODE/val/outdoor/scene_00022/scan_00193/00022_00193_outdoor_170_030/depth.png,../../data/moge_dataset/DIODE/val/outdoor/scene_00022/scan_00193/00022_00193_outdoor_170_030/meta.json,DIODE,../../data/depthanything/moge_dataset/DIODE/val/outdoor/scene_00022/scan_00193/00022_00193_outdoor_170_030/image.png
359,359,../../data/moge_dataset/DIODE/val/outdoor/scene_00022/scan_00193/00022_00193_outdoor_180_020/image.jpg,../../data/moge_dataset/DIODE/val/outdoor/scene_00022/scan_00193/00022_00193_outdoor_180_020/depth.png,../../data/moge_dataset/DIODE/val/outdoor/scene_00022/scan_00193/00022_00193_outdoor_180_020/meta.json,DIODE,../../data/depthanything/moge_dataset/DIODE/val/outdoor/scene_00022/scan_00193/00022_00193_outdoor_180_020/image.png
360,360,../../data/moge_dataset/DIODE/val/outdoor/scene_00022/scan_00193/00022_00193_outdoor_190_000/image.jpg,../../data/moge_dataset/DIODE/val/outdoor/scene_00022/scan_00193/00022_00193_outdoor_190_000/depth.png,../../data/moge_dataset/DIODE/val/outdoor/scene_00022/scan_00193/00022_00193_outdoor_190_000/meta.json,DIODE,../../data/depthanything/moge_dataset/DIODE/val/outdoor/scene_00022/scan_00193/00022_00193_outdoor_190_000/image.png
361,361,../../data/moge_dataset/DIODE/val/outdoor/scene_00022/scan_00193/00022_00193_outdoor_200_010/image.jpg,../../data/moge_dataset/DIODE/val/outdoor/scene_00022/scan_00193/00022_00193_outdoor_200_010/depth.png,../../data/moge_dataset/DIODE/val/outdoor/scene_00022/scan_00193/00022_00193_outdoor_200_010/meta.json,DIODE,../../data/depthanything/moge_dataset/DIODE/val/outdoor/scene_00022/scan_00193/00022_00193_outdoor_200_010/image.png
362,362,../../data/moge_dataset/DIODE/val/outdoor/scene_00022/scan_00193/00022_00193_outdoor_210_000/image.jpg,../../data/moge_dataset/DIODE/val/outdoor/scene_00022/scan_00193/00022_00193_outdoor_210_000/depth.png,../../data/moge_dataset/DIODE/val/outdoor/scene_00022/scan_00193/00022_00193_outdoor_210_000/meta.json,DIODE,../../data/depthanything/moge_dataset/DIODE/val/outdoor/scene_00022/scan_00193/00022_00193_outdoor_210_000/image.png
363,363,../../data/moge_dataset/DIODE/val/outdoor/scene_00022/scan_00193/00022_00193_outdoor_210_020/image.jpg,../../data/moge_dataset/DIODE/val/outdoor/scene_00022/scan_00193/00022_00193_outdoor_210_020/depth.png,../../data/moge_dataset/DIODE/val/outdoor/scene_00022/scan_00193/00022_00193_outdoor_210_020/meta.json,DIODE,../../data/depthanything/moge_dataset/DIODE/val/outdoor/scene_00022/scan_00193/00022_00193_outdoor_210_020/image.png
364,364,../../data/moge_dataset/DIODE/val/outdoor/scene_00022/scan_00193/00022_00193_outdoor_220_010/image.jpg,../../data/moge_dataset/DIODE/val/outdoor/scene_00022/scan_00193/00022_00193_outdoor_220_010/depth.png,../../data/moge_dataset/DIODE/val/outdoor/scene_00022/scan_00193/00022_00193_outdoor_220_010/meta.json,DIODE,../../data/depthanything/moge_dataset/DIODE/val/outdoor/scene_00022/scan_00193/00022_00193_outdoor_220_010/image.png
365,365,../../data/moge_dataset/DIODE/val/outdoor/scene_00022/scan_00193/00022_00193_outdoor_220_030/image.jpg,../../data/moge_dataset/DIODE/val/outdoor/scene_00022/scan_00193/00022_00193_outdoor_220_030/depth.png,../../data/moge_dataset/DIODE/val/outdoor/scene_00022/scan_00193/00022_00193_outdoor_220_030/meta.json,DIODE,../../data/depthanything/moge_dataset/DIODE/val/outdoor/scene_00022/scan_00193/00022_00193_outdoor_220_030/image.png
366,366,../../data/moge_dataset/DIODE/val/outdoor/scene_00022/scan_00193/00022_00193_outdoor_230_000/image.jpg,../../data/moge_dataset/DIODE/val/outdoor/scene_00022/scan_00193/00022_00193_outdoor_230_000/depth.png,../../data/moge_dataset/DIODE/val/outdoor/scene_00022/scan_00193/00022_00193_outdoor_230_000/meta.json,DIODE,../../data/depthanything/moge_dataset/DIODE/val/outdoor/scene_00022/scan_00193/00022_00193_outdoor_230_000/image.png
367,367,../../data/moge_dataset/DIODE/val/outdoor/scene_00022/scan_00193/00022_00193_outdoor_230_040/image.jpg,../../data/moge_dataset/DIODE/val/outdoor/scene_00022/scan_00193/00022_00193_outdoor_230_040/depth.png,../../data/moge_dataset/DIODE/val/outdoor/scene_00022/scan_00193/00022_00193_outdoor_230_040/meta.json,DIODE,../../data/depthanything/moge_dataset/DIODE/val/outdoor/scene_00022/scan_00193/00022_00193_outdoor_230_040/image.png
368,368,../../data/moge_dataset/DIODE/val/outdoor/scene_00022/scan_00193/00022_00193_outdoor_240_030/image.jpg,../../data/moge_dataset/DIODE/val/outdoor/scene_00022/scan_00193/00022_00193_outdoor_240_030/depth.png,../../data/moge_dataset/DIODE/val/outdoor/scene_00022/scan_00193/00022_00193_outdoor_240_030/meta.json,DIODE,../../data/depthanything/moge_dataset/DIODE/val/outdoor/scene_00022/scan_00193/00022_00193_outdoor_240_030/image.png
369,369,../../data/moge_dataset/DIODE/val/outdoor/scene_00022/scan_00193/00022_00193_outdoor_310_000/image.jpg,../../data/moge_dataset/DIODE/val/outdoor/scene_00022/scan_00193/00022_00193_outdoor_310_000/depth.png,../../data/moge_dataset/DIODE/val/outdoor/scene_00022/scan_00193/00022_00193_outdoor_310_000/meta.json,DIODE,../../data/depthanything/moge_dataset/DIODE/val/outdoor/scene_00022/scan_00193/00022_00193_outdoor_310_000/image.png
370,370,../../data/moge_dataset/DIODE/val/outdoor/scene_00022/scan_00193/00022_00193_outdoor_320_020/image.jpg,../../data/moge_dataset/DIODE/val/outdoor/scene_00022/scan_00193/00022_00193_outdoor_320_020/depth.png,../../data/moge_dataset/DIODE/val/outdoor/scene_00022/scan_00193/00022_00193_outdoor_320_020/meta.json,DIODE,../../data/depthanything/moge_dataset/DIODE/val/outdoor/scene_00022/scan_00193/00022_00193_outdoor_320_020/image.png
371,371,../../data/moge_dataset/DIODE/val/outdoor/scene_00022/scan_00193/00022_00193_outdoor_330_010/image.jpg,../../data/moge_dataset/DIODE/val/outdoor/scene_00022/scan_00193/00022_00193_outdoor_330_010/depth.png,../../data/moge_dataset/DIODE/val/outdoor/scene_00022/scan_00193/00022_00193_outdoor_330_010/meta.json,DIODE,../../data/depthanything/moge_dataset/DIODE/val/outdoor/scene_00022/scan_00193/00022_00193_outdoor_330_010/image.png
372,372,../../data/moge_dataset/DIODE/val/outdoor/scene_00022/scan_00193/00022_00193_outdoor_340_000/image.jpg,../../data/moge_dataset/DIODE/val/outdoor/scene_00022/scan_00193/00022_00193_outdoor_340_000/depth.png,../../data/moge_dataset/DIODE/val/outdoor/scene_00022/scan_00193/00022_00193_outdoor_340_000/meta.json,DIODE,../../data/depthanything/moge_dataset/DIODE/val/outdoor/scene_00022/scan_00193/00022_00193_outdoor_340_000/image.png
373,373,../../data/moge_dataset/DIODE/val/outdoor/scene_00022/scan_00193/00022_00193_outdoor_340_020/image.jpg,../../data/moge_dataset/DIODE/val/outdoor/scene_00022/scan_00193/00022_00193_outdoor_340_020/depth.png,../../data/moge_dataset/DIODE/val/outdoor/scene_00022/scan_00193/00022_00193_outdoor_340_020/meta.json,DIODE,../../data/depthanything/moge_dataset/DIODE/val/outdoor/scene_00022/scan_00193/00022_00193_outdoor_340_020/image.png
374,374,../../data/moge_dataset/DIODE/val/outdoor/scene_00022/scan_00193/00022_00193_outdoor_350_010/image.jpg,../../data/moge_dataset/DIODE/val/outdoor/scene_00022/scan_00193/00022_00193_outdoor_350_010/depth.png,../../data/moge_dataset/DIODE/val/outdoor/scene_00022/scan_00193/00022_00193_outdoor_350_010/meta.json,DIODE,../../data/depthanything/moge_dataset/DIODE/val/outdoor/scene_00022/scan_00193/00022_00193_outdoor_350_010/image.png
375,375,../../data/moge_dataset/DIODE/val/outdoor/scene_00022/scan_00193/00022_00193_outdoor_350_030/image.jpg,../../data/moge_dataset/DIODE/val/outdoor/scene_00022/scan_00193/00022_00193_outdoor_350_030/depth.png,../../data/moge_dataset/DIODE/val/outdoor/scene_00022/scan_00193/00022_00193_outdoor_350_030/meta.json,DIODE,../../data/depthanything/moge_dataset/DIODE/val/outdoor/scene_00022/scan_00193/00022_00193_outdoor_350_030/image.png
376,376,../../data/moge_dataset/DIODE/val/outdoor/scene_00022/scan_00194/00022_00194_outdoor_000_000/image.jpg,../../data/moge_dataset/DIODE/val/outdoor/scene_00022/scan_00194/00022_00194_outdoor_000_000/depth.png,../../data/moge_dataset/DIODE/val/outdoor/scene_00022/scan_00194/00022_00194_outdoor_000_000/meta.json,DIODE,../../data/depthanything/moge_dataset/DIODE/val/outdoor/scene_00022/scan_00194/00022_00194_outdoor_000_000/image.png
377,377,../../data/moge_dataset/DIODE/val/outdoor/scene_00022/scan_00194/00022_00194_outdoor_000_020/image.jpg,../../data/moge_dataset/DIODE/val/outdoor/scene_00022/scan_00194/00022_00194_outdoor_000_020/depth.png,../../data/moge_dataset/DIODE/val/outdoor/scene_00022/scan_00194/00022_00194_outdoor_000_020/meta.json,DIODE,../../data/depthanything/moge_dataset/DIODE/val/outdoor/scene_00022/scan_00194/00022_00194_outdoor_000_020/image.png
378,378,../../data/moge_dataset/DIODE/val/outdoor/scene_00022/scan_00194/00022_00194_outdoor_010_040/image.jpg,../../data/moge_dataset/DIODE/val/outdoor/scene_00022/scan_00194/00022_00194_outdoor_010_040/depth.png,../../data/moge_dataset/DIODE/val/outdoor/scene_00022/scan_00194/00022_00194_outdoor_010_040/meta.json,DIODE,../../data/depthanything/moge_dataset/DIODE/val/outdoor/scene_00022/scan_00194/00022_00194_outdoor_010_040/image.png
379,379,../../data/moge_dataset/DIODE/val/outdoor/scene_00022/scan_00194/00022_00194_outdoor_020_010/image.jpg,../../data/moge_dataset/DIODE/val/outdoor/scene_00022/scan_00194/00022_00194_outdoor_020_010/depth.png,../../data/moge_dataset/DIODE/val/outdoor/scene_00022/scan_00194/00022_00194_outdoor_020_010/meta.json,DIODE,../../data/depthanything/moge_dataset/DIODE/val/outdoor/scene_00022/scan_00194/00022_00194_outdoor_020_010/image.png
380,380,../../data/moge_dataset/DIODE/val/outdoor/scene_00022/scan_00194/00022_00194_outdoor_020_030/image.jpg,../../data/moge_dataset/DIODE/val/outdoor/scene_00022/scan_00194/00022_00194_outdoor_020_030/depth.png,../../data/moge_dataset/DIODE/val/outdoor/scene_00022/scan_00194/00022_00194_outdoor_020_030/meta.json,DIODE,../../data/depthanything/moge_dataset/DIODE/val/outdoor/scene_00022/scan_00194/00022_00194_outdoor_020_030/image.png
381,381,../../data/moge_dataset/DIODE/val/outdoor/scene_00022/scan_00194/00022_00194_outdoor_030_000/image.jpg,../../data/moge_dataset/DIODE/val/outdoor/scene_00022/scan_00194/00022_00194_outdoor_030_000/depth.png,../../data/moge_dataset/DIODE/val/outdoor/scene_00022/scan_00194/00022_00194_outdoor_030_000/meta.json,DIODE,../../data/depthanything/moge_dataset/DIODE/val/outdoor/scene_00022/scan_00194/00022_00194_outdoor_030_000/image.png
382,382,../../data/moge_dataset/DIODE/val/outdoor/scene_00022/scan_00194/00022_00194_outdoor_040_020/image.jpg,../../data/moge_dataset/DIODE/val/outdoor/scene_00022/scan_00194/00022_00194_outdoor_040_020/depth.png,../../data/moge_dataset/DIODE/val/outdoor/scene_00022/scan_00194/00022_00194_outdoor_040_020/meta.json,DIODE,../../data/depthanything/moge_dataset/DIODE/val/outdoor/scene_00022/scan_00194/00022_00194_outdoor_040_020/image.png
383,383,../../data/moge_dataset/DIODE/val/outdoor/scene_00022/scan_00194/00022_00194_outdoor_040_040/image.jpg,../../data/moge_dataset/DIODE/val/outdoor/scene_00022/scan_00194/00022_00194_outdoor_040_040/depth.png,../../data/moge_dataset/DIODE/val/outdoor/scene_00022/scan_00194/00022_00194_outdoor_040_040/meta.json,DIODE,../../data/depthanything/moge_dataset/DIODE/val/outdoor/scene_00022/scan_00194/00022_00194_outdoor_040_040/image.png
384,384,../../data/moge_dataset/DIODE/val/outdoor/scene_00022/scan_00194/00022_00194_outdoor_050_000/image.jpg,../../data/moge_dataset/DIODE/val/outdoor/scene_00022/scan_00194/00022_00194_outdoor_050_000/depth.png,../../data/moge_dataset/DIODE/val/outdoor/scene_00022/scan_00194/00022_00194_outdoor_050_000/meta.json,DIODE,../../data/depthanything/moge_dataset/DIODE/val/outdoor/scene_00022/scan_00194/00022_00194_outdoor_050_000/image.png
385,385,../../data/moge_dataset/DIODE/val/outdoor/scene_00022/scan_00194/00022_00194_outdoor_050_030/image.jpg,../../data/moge_dataset/DIODE/val/outdoor/scene_00022/scan_00194/00022_00194_outdoor_050_030/depth.png,../../data/moge_dataset/DIODE/val/outdoor/scene_00022/scan_00194/00022_00194_outdoor_050_030/meta.json,DIODE,../../data/depthanything/moge_dataset/DIODE/val/outdoor/scene_00022/scan_00194/00022_00194_outdoor_050_030/image.png
386,386,../../data/moge_dataset/DIODE/val/outdoor/scene_00022/scan_00194/00022_00194_outdoor_060_010/image.jpg,../../data/moge_dataset/DIODE/val/outdoor/scene_00022/scan_00194/00022_00194_outdoor_060_010/depth.png,../../data/moge_dataset/DIODE/val/outdoor/scene_00022/scan_00194/00022_00194_outdoor_060_010/meta.json,DIODE,../../data/depthanything/moge_dataset/DIODE/val/outdoor/scene_00022/scan_00194/00022_00194_outdoor_060_010/image.png
387,387,../../data/moge_dataset/DIODE/val/outdoor/scene_00022/scan_00194/00022_00194_outdoor_060_040/image.jpg,../../data/moge_dataset/DIODE/val/outdoor/scene_00022/scan_00194/00022_00194_outdoor_060_040/depth.png,../../data/moge_dataset/DIODE/val/outdoor/scene_00022/scan_00194/00022_00194_outdoor_060_040/meta.json,DIODE,../../data/depthanything/moge_dataset/DIODE/val/outdoor/scene_00022/scan_00194/00022_00194_outdoor_060_040/image.png
388,388,../../data/moge_dataset/DIODE/val/outdoor/scene_00022/scan_00194/00022_00194_outdoor_070_030/image.jpg,../../data/moge_dataset/DIODE/val/outdoor/scene_00022/scan_00194/00022_00194_outdoor_070_030/depth.png,../../data/moge_dataset/DIODE/val/outdoor/scene_00022/scan_00194/00022_00194_outdoor_070_030/meta.json,DIODE,../../data/depthanything/moge_dataset/DIODE/val/outdoor/scene_00022/scan_00194/00022_00194_outdoor_070_030/image.png
389,389,../../data/moge_dataset/DIODE/val/outdoor/scene_00022/scan_00194/00022_00194_outdoor_070_050/image.jpg,../../data/moge_dataset/DIODE/val/outdoor/scene_00022/scan_00194/00022_00194_outdoor_070_050/depth.png,../../data/moge_dataset/DIODE/val/outdoor/scene_00022/scan_00194/00022_00194_outdoor_070_050/meta.json,DIODE,../../data/depthanything/moge_dataset/DIODE/val/outdoor/scene_00022/scan_00194/00022_00194_outdoor_070_050/image.png
390,390,../../data/moge_dataset/DIODE/val/outdoor/scene_00022/scan_00194/00022_00194_outdoor_080_040/image.jpg,../../data/moge_dataset/DIODE/val/outdoor/scene_00022/scan_00194/00022_00194_outdoor_080_040/depth.png,../../data/moge_dataset/DIODE/val/outdoor/scene_00022/scan_00194/00022_00194_outdoor_080_040/meta.json,DIODE,../../data/depthanything/moge_dataset/DIODE/val/outdoor/scene_00022/scan_00194/00022_00194_outdoor_080_040/image.png
391,391,../../data/moge_dataset/DIODE/val/outdoor/scene_00022/scan_00194/00022_00194_outdoor_100_050/image.jpg,../../data/moge_dataset/DIODE/val/outdoor/scene_00022/scan_00194/00022_00194_outdoor_100_050/depth.png,../../data/moge_dataset/DIODE/val/outdoor/scene_00022/scan_00194/00022_00194_outdoor_100_050/meta.json,DIODE,../../data/depthanything/moge_dataset/DIODE/val/outdoor/scene_00022/scan_00194/00022_00194_outdoor_100_050/image.png
392,392,../../data/moge_dataset/DIODE/val/outdoor/scene_00022/scan_00194/00022_00194_outdoor_110_000/image.jpg,../../data/moge_dataset/DIODE/val/outdoor/scene_00022/scan_00194/00022_00194_outdoor_110_000/depth.png,../../data/moge_dataset/DIODE/val/outdoor/scene_00022/scan_00194/00022_00194_outdoor_110_000/meta.json,DIODE,../../data/depthanything/moge_dataset/DIODE/val/outdoor/scene_00022/scan_00194/00022_00194_outdoor_110_000/image.png
393,393,../../data/moge_dataset/DIODE/val/outdoor/scene_00022/scan_00194/00022_00194_outdoor_110_020/image.jpg,../../data/moge_dataset/DIODE/val/outdoor/scene_00022/scan_00194/00022_00194_outdoor_110_020/depth.png,../../data/moge_dataset/DIODE/val/outdoor/scene_00022/scan_00194/00022_00194_outdoor_110_020/meta.json,DIODE,../../data/depthanything/moge_dataset/DIODE/val/outdoor/scene_00022/scan_00194/00022_00194_outdoor_110_020/image.png
394,394,../../data/moge_dataset/DIODE/val/outdoor/scene_00022/scan_00194/00022_00194_outdoor_110_040/image.jpg,../../data/moge_dataset/DIODE/val/outdoor/scene_00022/scan_00194/00022_00194_outdoor_110_040/depth.png,../../data/moge_dataset/DIODE/val/outdoor/scene_00022/scan_00194/00022_00194_outdoor_110_040/meta.json,DIODE,../../data/depthanything/moge_dataset/DIODE/val/outdoor/scene_00022/scan_00194/00022_00194_outdoor_110_040/image.png
395,395,../../data/moge_dataset/DIODE/val/outdoor/scene_00022/scan_00194/00022_00194_outdoor_120_010/image.jpg,../../data/moge_dataset/DIODE/val/outdoor/scene_00022/scan_00194/00022_00194_outdoor_120_010/depth.png,../../data/moge_dataset/DIODE/val/outdoor/scene_00022/scan_00194/00022_00194_outdoor_120_010/meta.json,DIODE,../../data/depthanything/moge_dataset/DIODE/val/outdoor/scene_00022/scan_00194/00022_00194_outdoor_120_010/image.png
396,396,../../data/moge_dataset/DIODE/val/outdoor/scene_00022/scan_00194/00022_00194_outdoor_120_050/image.jpg,../../data/moge_dataset/DIODE/val/outdoor/scene_00022/scan_00194/00022_00194_outdoor_120_050/depth.png,../../data/moge_dataset/DIODE/val/outdoor/scene_00022/scan_00194/00022_00194_outdoor_120_050/meta.json,DIODE,../../data/depthanything/moge_dataset/DIODE/val/outdoor/scene_00022/scan_00194/00022_00194_outdoor_120_050/image.png
397,397,../../data/moge_dataset/DIODE/val/outdoor/scene_00022/scan_00194/00022_00194_outdoor_130_000/image.jpg,../../data/moge_dataset/DIODE/val/outdoor/scene_00022/scan_00194/00022_00194_outdoor_130_000/depth.png,../../data/moge_dataset/DIODE/val/outdoor/scene_00022/scan_00194/00022_00194_outdoor_130_000/meta.json,DIODE,../../data/depthanything/moge_dataset/DIODE/val/outdoor/scene_00022/scan_00194/00022_00194_outdoor_130_000/image.png
398,398,../../data/moge_dataset/DIODE/val/outdoor/scene_00022/scan_00194/00022_00194_outdoor_130_020/image.jpg,../../data/moge_dataset/DIODE/val/outdoor/scene_00022/scan_00194/00022_00194_outdoor_130_020/depth.png,../../data/moge_dataset/DIODE/val/outdoor/scene_00022/scan_00194/00022_00194_outdoor_130_020/meta.json,DIODE,../../data/depthanything/moge_dataset/DIODE/val/outdoor/scene_00022/scan_00194/00022_00194_outdoor_130_020/image.png
399,399,../../data/moge_dataset/DIODE/val/outdoor/scene_00022/scan_00194/00022_00194_outdoor_140_010/image.jpg,../../data/moge_dataset/DIODE/val/outdoor/scene_00022/scan_00194/00022_00194_outdoor_140_010/depth.png,../../data/moge_dataset/DIODE/val/outdoor/scene_00022/scan_00194/00022_00194_outdoor_140_010/meta.json,DIODE,../../data/depthanything/moge_dataset/DIODE/val/outdoor/scene_00022/scan_00194/00022_00194_outdoor_140_010/image.png
400,400,../../data/moge_dataset/DIODE/val/outdoor/scene_00022/scan_00194/00022_00194_outdoor_140_030/image.jpg,../../data/moge_dataset/DIODE/val/outdoor/scene_00022/scan_00194/00022_00194_outdoor_140_030/depth.png,../../data/moge_dataset/DIODE/val/outdoor/scene_00022/scan_00194/00022_00194_outdoor_140_030/meta.json,DIODE,../../data/depthanything/moge_dataset/DIODE/val/outdoor/scene_00022/scan_00194/00022_00194_outdoor_140_030/image.png
401,401,../../data/moge_dataset/DIODE/val/outdoor/scene_00022/scan_00194/00022_00194_outdoor_150_000/image.jpg,../../data/moge_dataset/DIODE/val/outdoor/scene_00022/scan_00194/00022_00194_outdoor_150_000/depth.png,../../data/moge_dataset/DIODE/val/outdoor/scene_00022/scan_00194/00022_00194_outdoor_150_000/meta.json,DIODE,../../data/depthanything/moge_dataset/DIODE/val/outdoor/scene_00022/scan_00194/00022_00194_outdoor_150_000/image.png
402,402,../../data/moge_dataset/DIODE/val/outdoor/scene_00022/scan_00194/00022_00194_outdoor_150_020/image.jpg,../../data/moge_dataset/DIODE/val/outdoor/scene_00022/scan_00194/00022_00194_outdoor_150_020/depth.png,../../data/moge_dataset/DIODE/val/outdoor/scene_00022/scan_00194/00022_00194_outdoor_150_020/meta.json,DIODE,../../data/depthanything/moge_dataset/DIODE/val/outdoor/scene_00022/scan_00194/00022_00194_outdoor_150_020/image.png
403,403,../../data/moge_dataset/DIODE/val/outdoor/scene_00022/scan_00194/00022_00194_outdoor_160_010/image.jpg,../../data/moge_dataset/DIODE/val/outdoor/scene_00022/scan_00194/00022_00194_outdoor_160_010/depth.png,../../data/moge_dataset/DIODE/val/outdoor/scene_00022/scan_00194/00022_00194_outdoor_160_010/meta.json,DIODE,../../data/depthanything/moge_dataset/DIODE/val/outdoor/scene_00022/scan_00194/00022_00194_outdoor_160_010/image.png
404,404,../../data/moge_dataset/DIODE/val/outdoor/scene_00022/scan_00194/00022_00194_outdoor_160_030/image.jpg,../../data/moge_dataset/DIODE/val/outdoor/scene_00022/scan_00194/00022_00194_outdoor_160_030/depth.png,../../data/moge_dataset/DIODE/val/outdoor/scene_00022/scan_00194/00022_00194_outdoor_160_030/meta.json,DIODE,../../data/depthanything/moge_dataset/DIODE/val/outdoor/scene_00022/scan_00194/00022_00194_outdoor_160_030/image.png
405,405,../../data/moge_dataset/DIODE/val/outdoor/scene_00022/scan_00194/00022_00194_outdoor_170_020/image.jpg,../../data/moge_dataset/DIODE/val/outdoor/scene_00022/scan_00194/00022_00194_outdoor_170_020/depth.png,../../data/moge_dataset/DIODE/val/outdoor/scene_00022/scan_00194/00022_00194_outdoor_170_020/meta.json,DIODE,../../data/depthanything/moge_dataset/DIODE/val/outdoor/scene_00022/scan_00194/00022_00194_outdoor_170_020/image.png
406,406,../../data/moge_dataset/DIODE/val/outdoor/scene_00022/scan_00194/00022_00194_outdoor_180_010/image.jpg,../../data/moge_dataset/DIODE/val/outdoor/scene_00022/scan_00194/00022_00194_outdoor_180_010/depth.png,../../data/moge_dataset/DIODE/val/outdoor/scene_00022/scan_00194/00022_00194_outdoor_180_010/meta.json,DIODE,../../data/depthanything/moge_dataset/DIODE/val/outdoor/scene_00022/scan_00194/00022_00194_outdoor_180_010/image.png
407,407,../../data/moge_dataset/DIODE/val/outdoor/scene_00022/scan_00194/00022_00194_outdoor_180_030/image.jpg,../../data/moge_dataset/DIODE/val/outdoor/scene_00022/scan_00194/00022_00194_outdoor_180_030/depth.png,../../data/moge_dataset/DIODE/val/outdoor/scene_00022/scan_00194/00022_00194_outdoor_180_030/meta.json,DIODE,../../data/depthanything/moge_dataset/DIODE/val/outdoor/scene_00022/scan_00194/00022_00194_outdoor_180_030/image.png
408,408,../../data/moge_dataset/DIODE/val/outdoor/scene_00022/scan_00194/00022_00194_outdoor_190_020/image.jpg,../../data/moge_dataset/DIODE/val/outdoor/scene_00022/scan_00194/00022_00194_outdoor_190_020/depth.png,../../data/moge_dataset/DIODE/val/outdoor/scene_00022/scan_00194/00022_00194_outdoor_190_020/meta.json,DIODE,../../data/depthanything/moge_dataset/DIODE/val/outdoor/scene_00022/scan_00194/00022_00194_outdoor_190_020/image.png
409,409,../../data/moge_dataset/DIODE/val/outdoor/scene_00022/scan_00194/00022_00194_outdoor_210_030/image.jpg,../../data/moge_dataset/DIODE/val/outdoor/scene_00022/scan_00194/00022_00194_outdoor_210_030/depth.png,../../data/moge_dataset/DIODE/val/outdoor/scene_00022/scan_00194/00022_00194_outdoor_210_030/meta.json,DIODE,../../data/depthanything/moge_dataset/DIODE/val/outdoor/scene_00022/scan_00194/00022_00194_outdoor_210_030/image.png
410,410,../../data/moge_dataset/DIODE/val/outdoor/scene_00022/scan_00194/00022_00194_outdoor_230_030/image.jpg,../../data/moge_dataset/DIODE/val/outdoor/scene_00022/scan_00194/00022_00194_outdoor_230_030/depth.png,../../data/moge_dataset/DIODE/val/outdoor/scene_00022/scan_00194/00022_00194_outdoor_230_030/meta.json,DIODE,../../data/depthanything/moge_dataset/DIODE/val/outdoor/scene_00022/scan_00194/00022_00194_outdoor_230_030/image.png
411,411,../../data/moge_dataset/DIODE/val/outdoor/scene_00022/scan_00194/00022_00194_outdoor_250_010/image.jpg,../../data/moge_dataset/DIODE/val/outdoor/scene_00022/scan_00194/00022_00194_outdoor_250_010/depth.png,../../data/moge_dataset/DIODE/val/outdoor/scene_00022/scan_00194/00022_00194_outdoor_250_010/meta.json,DIODE,../../data/depthanything/moge_dataset/DIODE/val/outdoor/scene_00022/scan_00194/00022_00194_outdoor_250_010/image.png
412,412,../../data/moge_dataset/DIODE/val/outdoor/scene_00022/scan_00194/00022_00194_outdoor_250_040/image.jpg,../../data/moge_dataset/DIODE/val/outdoor/scene_00022/scan_00194/00022_00194_outdoor_250_040/depth.png,../../data/moge_dataset/DIODE/val/outdoor/scene_00022/scan_00194/00022_00194_outdoor_250_040/meta.json,DIODE,../../data/depthanything/moge_dataset/DIODE/val/outdoor/scene_00022/scan_00194/00022_00194_outdoor_250_040/image.png
413,413,../../data/moge_dataset/DIODE/val/outdoor/scene_00022/scan_00194/00022_00194_outdoor_260_030/image.jpg,../../data/moge_dataset/DIODE/val/outdoor/scene_00022/scan_00194/00022_00194_outdoor_260_030/depth.png,../../data/moge_dataset/DIODE/val/outdoor/scene_00022/scan_00194/00022_00194_outdoor_260_030/meta.json,DIODE,../../data/depthanything/moge_dataset/DIODE/val/outdoor/scene_00022/scan_00194/00022_00194_outdoor_260_030/image.png
414,414,../../data/moge_dataset/DIODE/val/outdoor/scene_00022/scan_00194/00022_00194_outdoor_270_040/image.jpg,../../data/moge_dataset/DIODE/val/outdoor/scene_00022/scan_00194/00022_00194_outdoor_270_040/depth.png,../../data/moge_dataset/DIODE/val/outdoor/scene_00022/scan_00194/00022_00194_outdoor_270_040/meta.json,DIODE,../../data/depthanything/moge_dataset/DIODE/val/outdoor/scene_00022/scan_00194/00022_00194_outdoor_270_040/image.png
415,415,../../data/moge_dataset/DIODE/val/outdoor/scene_00022/scan_00194/00022_00194_outdoor_280_030/image.jpg,../../data/moge_dataset/DIODE/val/outdoor/scene_00022/scan_00194/00022_00194_outdoor_280_030/depth.png,../../data/moge_dataset/DIODE/val/outdoor/scene_00022/scan_00194/00022_00194_outdoor_280_030/meta.json,DIODE,../../data/depthanything/moge_dataset/DIODE/val/outdoor/scene_00022/scan_00194/00022_00194_outdoor_280_030/image.png
416,416,../../data/moge_dataset/DIODE/val/outdoor/scene_00022/scan_00194/00022_00194_outdoor_330_010/image.jpg,../../data/moge_dataset/DIODE/val/outdoor/scene_00022/scan_00194/00022_00194_outdoor_330_010/depth.png,../../data/moge_dataset/DIODE/val/outdoor/scene_00022/scan_00194/00022_00194_outdoor_330_010/meta.json,DIODE,../../data/depthanything/moge_dataset/DIODE/val/outdoor/scene_00022/scan_00194/00022_00194_outdoor_330_010/image.png
417,417,../../data/moge_dataset/DIODE/val/outdoor/scene_00022/scan_00194/00022_00194_outdoor_340_000/image.jpg,../../data/moge_dataset/DIODE/val/outdoor/scene_00022/scan_00194/00022_00194_outdoor_340_000/depth.png,../../data/moge_dataset/DIODE/val/outdoor/scene_00022/scan_00194/00022_00194_outdoor_340_000/meta.json,DIODE,../../data/depthanything/moge_dataset/DIODE/val/outdoor/scene_00022/scan_00194/00022_00194_outdoor_340_000/image.png
418,418,../../data/moge_dataset/DIODE/val/outdoor/scene_00022/scan_00194/00022_00194_outdoor_340_020/image.jpg,../../data/moge_dataset/DIODE/val/outdoor/scene_00022/scan_00194/00022_00194_outdoor_340_020/depth.png,../../data/moge_dataset/DIODE/val/outdoor/scene_00022/scan_00194/00022_00194_outdoor_340_020/meta.json,DIODE,../../data/depthanything/moge_dataset/DIODE/val/outdoor/scene_00022/scan_00194/00022_00194_outdoor_340_020/image.png
419,419,../../data/moge_dataset/DIODE/val/outdoor/scene_00022/scan_00194/00022_00194_outdoor_350_010/image.jpg,../../data/moge_dataset/DIODE/val/outdoor/scene_00022/scan_00194/00022_00194_outdoor_350_010/depth.png,../../data/moge_dataset/DIODE/val/outdoor/scene_00022/scan_00194/00022_00194_outdoor_350_010/meta.json,DIODE,../../data/depthanything/moge_dataset/DIODE/val/outdoor/scene_00022/scan_00194/00022_00194_outdoor_350_010/image.png
420,420,../../data/moge_dataset/DIODE/val/outdoor/scene_00022/scan_00195/00022_00195_outdoor_000_000/image.jpg,../../data/moge_dataset/DIODE/val/outdoor/scene_00022/scan_00195/00022_00195_outdoor_000_000/depth.png,../../data/moge_dataset/DIODE/val/outdoor/scene_00022/scan_00195/00022_00195_outdoor_000_000/meta.json,DIODE,../../data/depthanything/moge_dataset/DIODE/val/outdoor/scene_00022/scan_00195/00022_00195_outdoor_000_000/image.png
421,421,../../data/moge_dataset/DIODE/val/outdoor/scene_00022/scan_00195/00022_00195_outdoor_000_020/image.jpg,../../data/moge_dataset/DIODE/val/outdoor/scene_00022/scan_00195/00022_00195_outdoor_000_020/depth.png,../../data/moge_dataset/DIODE/val/outdoor/scene_00022/scan_00195/00022_00195_outdoor_000_020/meta.json,DIODE,../../data/depthanything/moge_dataset/DIODE/val/outdoor/scene_00022/scan_00195/00022_00195_outdoor_000_020/image.png
422,422,../../data/moge_dataset/DIODE/val/outdoor/scene_00022/scan_00195/00022_00195_outdoor_000_040/image.jpg,../../data/moge_dataset/DIODE/val/outdoor/scene_00022/scan_00195/00022_00195_outdoor_000_040/depth.png,../../data/moge_dataset/DIODE/val/outdoor/scene_00022/scan_00195/00022_00195_outdoor_000_040/meta.json,DIODE,../../data/depthanything/moge_dataset/DIODE/val/outdoor/scene_00022/scan_00195/00022_00195_outdoor_000_040/image.png
423,423,../../data/moge_dataset/DIODE/val/outdoor/scene_00022/scan_00195/00022_00195_outdoor_010_030/image.jpg,../../data/moge_dataset/DIODE/val/outdoor/scene_00022/scan_00195/00022_00195_outdoor_010_030/depth.png,../../data/moge_dataset/DIODE/val/outdoor/scene_00022/scan_00195/00022_00195_outdoor_010_030/meta.json,DIODE,../../data/depthanything/moge_dataset/DIODE/val/outdoor/scene_00022/scan_00195/00022_00195_outdoor_010_030/image.png
424,424,../../data/moge_dataset/DIODE/val/outdoor/scene_00022/scan_00195/00022_00195_outdoor_020_010/image.jpg,../../data/moge_dataset/DIODE/val/outdoor/scene_00022/scan_00195/00022_00195_outdoor_020_010/depth.png,../../data/moge_dataset/DIODE/val/outdoor/scene_00022/scan_00195/00022_00195_outdoor_020_010/meta.json,DIODE,../../data/depthanything/moge_dataset/DIODE/val/outdoor/scene_00022/scan_00195/00022_00195_outdoor_020_010/image.png
425,425,../../data/moge_dataset/DIODE/val/outdoor/scene_00022/scan_00195/00022_00195_outdoor_070_000/image.jpg,../../data/moge_dataset/DIODE/val/outdoor/scene_00022/scan_00195/00022_00195_outdoor_070_000/depth.png,../../data/moge_dataset/DIODE/val/outdoor/scene_00022/scan_00195/00022_00195_outdoor_070_000/meta.json,DIODE,../../data/depthanything/moge_dataset/DIODE/val/outdoor/scene_00022/scan_00195/00022_00195_outdoor_070_000/image.png
426,426,../../data/moge_dataset/DIODE/val/outdoor/scene_00022/scan_00195/00022_00195_outdoor_090_000/image.jpg,../../data/moge_dataset/DIODE/val/outdoor/scene_00022/scan_00195/00022_00195_outdoor_090_000/depth.png,../../data/moge_dataset/DIODE/val/outdoor/scene_00022/scan_00195/00022_00195_outdoor_090_000/meta.json,DIODE,../../data/depthanything/moge_dataset/DIODE/val/outdoor/scene_00022/scan_00195/00022_00195_outdoor_090_000/image.png
427,427,../../data/moge_dataset/DIODE/val/outdoor/scene_00022/scan_00195/00022_00195_outdoor_140_000/image.jpg,../../data/moge_dataset/DIODE/val/outdoor/scene_00022/scan_00195/00022_00195_outdoor_140_000/depth.png,../../data/moge_dataset/DIODE/val/outdoor/scene_00022/scan_00195/00022_00195_outdoor_140_000/meta.json,DIODE,../../data/depthanything/moge_dataset/DIODE/val/outdoor/scene_00022/scan_00195/00022_00195_outdoor_140_000/image.png
428,428,../../data/moge_dataset/DIODE/val/outdoor/scene_00022/scan_00195/00022_00195_outdoor_140_020/image.jpg,../../data/moge_dataset/DIODE/val/outdoor/scene_00022/scan_00195/00022_00195_outdoor_140_020/depth.png,../../data/moge_dataset/DIODE/val/outdoor/scene_00022/scan_00195/00022_00195_outdoor_140_020/meta.json,DIODE,../../data/depthanything/moge_dataset/DIODE/val/outdoor/scene_00022/scan_00195/00022_00195_outdoor_140_020/image.png
429,429,../../data/moge_dataset/DIODE/val/outdoor/scene_00022/scan_00195/00022_00195_outdoor_150_010/image.jpg,../../data/moge_dataset/DIODE/val/outdoor/scene_00022/scan_00195/00022_00195_outdoor_150_010/depth.png,../../data/moge_dataset/DIODE/val/outdoor/scene_00022/scan_00195/00022_00195_outdoor_150_010/meta.json,DIODE,../../data/depthanything/moge_dataset/DIODE/val/outdoor/scene_00022/scan_00195/00022_00195_outdoor_150_010/image.png
430,430,../../data/moge_dataset/DIODE/val/outdoor/scene_00022/scan_00195/00022_00195_outdoor_150_030/image.jpg,../../data/moge_dataset/DIODE/val/outdoor/scene_00022/scan_00195/00022_00195_outdoor_150_030/depth.png,../../data/moge_dataset/DIODE/val/outdoor/scene_00022/scan_00195/00022_00195_outdoor_150_030/meta.json,DIODE,../../data/depthanything/moge_dataset/DIODE/val/outdoor/scene_00022/scan_00195/00022_00195_outdoor_150_030/image.png
431,431,../../data/moge_dataset/DIODE/val/outdoor/scene_00022/scan_00195/00022_00195_outdoor_150_050/image.jpg,../../data/moge_dataset/DIODE/val/outdoor/scene_00022/scan_00195/00022_00195_outdoor_150_050/depth.png,../../data/moge_dataset/DIODE/val/outdoor/scene_00022/scan_00195/00022_00195_outdoor_150_050/meta.json,DIODE,../../data/depthanything/moge_dataset/DIODE/val/outdoor/scene_00022/scan_00195/00022_00195_outdoor_150_050/image.png
432,432,../../data/moge_dataset/DIODE/val/outdoor/scene_00022/scan_00195/00022_00195_outdoor_160_000/image.jpg,../../data/moge_dataset/DIODE/val/outdoor/scene_00022/scan_00195/00022_00195_outdoor_160_000/depth.png,../../data/moge_dataset/DIODE/val/outdoor/scene_00022/scan_00195/00022_00195_outdoor_160_000/meta.json,DIODE,../../data/depthanything/moge_dataset/DIODE/val/outdoor/scene_00022/scan_00195/00022_00195_outdoor_160_000/image.png
433,433,../../data/moge_dataset/DIODE/val/outdoor/scene_00022/scan_00195/00022_00195_outdoor_160_020/image.jpg,../../data/moge_dataset/DIODE/val/outdoor/scene_00022/scan_00195/00022_00195_outdoor_160_020/depth.png,../../data/moge_dataset/DIODE/val/outdoor/scene_00022/scan_00195/00022_00195_outdoor_160_020/meta.json,DIODE,../../data/depthanything/moge_dataset/DIODE/val/outdoor/scene_00022/scan_00195/00022_00195_outdoor_160_020/image.png
434,434,../../data/moge_dataset/DIODE/val/outdoor/scene_00022/scan_00195/00022_00195_outdoor_160_040/image.jpg,../../data/moge_dataset/DIODE/val/outdoor/scene_00022/scan_00195/00022_00195_outdoor_160_040/depth.png,../../data/moge_dataset/DIODE/val/outdoor/scene_00022/scan_00195/00022_00195_outdoor_160_040/meta.json,DIODE,../../data/depthanything/moge_dataset/DIODE/val/outdoor/scene_00022/scan_00195/00022_00195_outdoor_160_040/image.png
435,435,../../data/moge_dataset/DIODE/val/outdoor/scene_00022/scan_00195/00022_00195_outdoor_170_010/image.jpg,../../data/moge_dataset/DIODE/val/outdoor/scene_00022/scan_00195/00022_00195_outdoor_170_010/depth.png,../../data/moge_dataset/DIODE/val/outdoor/scene_00022/scan_00195/00022_00195_outdoor_170_010/meta.json,DIODE,../../data/depthanything/moge_dataset/DIODE/val/outdoor/scene_00022/scan_00195/00022_00195_outdoor_170_010/image.png
436,436,../../data/moge_dataset/DIODE/val/outdoor/scene_00022/scan_00195/00022_00195_outdoor_170_030/image.jpg,../../data/moge_dataset/DIODE/val/outdoor/scene_00022/scan_00195/00022_00195_outdoor_170_030/depth.png,../../data/moge_dataset/DIODE/val/outdoor/scene_00022/scan_00195/00022_00195_outdoor_170_030/meta.json,DIODE,../../data/depthanything/moge_dataset/DIODE/val/outdoor/scene_00022/scan_00195/00022_00195_outdoor_170_030/image.png
437,437,../../data/moge_dataset/DIODE/val/outdoor/scene_00022/scan_00195/00022_00195_outdoor_170_050/image.jpg,../../data/moge_dataset/DIODE/val/outdoor/scene_00022/scan_00195/00022_00195_outdoor_170_050/depth.png,../../data/moge_dataset/DIODE/val/outdoor/scene_00022/scan_00195/00022_00195_outdoor_170_050/meta.json,DIODE,../../data/depthanything/moge_dataset/DIODE/val/outdoor/scene_00022/scan_00195/00022_00195_outdoor_170_050/image.png
438,438,../../data/moge_dataset/DIODE/val/outdoor/scene_00022/scan_00195/00022_00195_outdoor_180_000/image.jpg,../../data/moge_dataset/DIODE/val/outdoor/scene_00022/scan_00195/00022_00195_outdoor_180_000/depth.png,../../data/moge_dataset/DIODE/val/outdoor/scene_00022/scan_00195/00022_00195_outdoor_180_000/meta.json,DIODE,../../data/depthanything/moge_dataset/DIODE/val/outdoor/scene_00022/scan_00195/00022_00195_outdoor_180_000/image.png
439,439,../../data/moge_dataset/DIODE/val/outdoor/scene_00022/scan_00195/00022_00195_outdoor_180_020/image.jpg,../../data/moge_dataset/DIODE/val/outdoor/scene_00022/scan_00195/00022_00195_outdoor_180_020/depth.png,../../data/moge_dataset/DIODE/val/outdoor/scene_00022/scan_00195/00022_00195_outdoor_180_020/meta.json,DIODE,../../data/depthanything/moge_dataset/DIODE/val/outdoor/scene_00022/scan_00195/00022_00195_outdoor_180_020/image.png
440,440,../../data/moge_dataset/DIODE/val/outdoor/scene_00022/scan_00195/00022_00195_outdoor_190_010/image.jpg,../../data/moge_dataset/DIODE/val/outdoor/scene_00022/scan_00195/00022_00195_outdoor_190_010/depth.png,../../data/moge_dataset/DIODE/val/outdoor/scene_00022/scan_00195/00022_00195_outdoor_190_010/meta.json,DIODE,../../data/depthanything/moge_dataset/DIODE/val/outdoor/scene_00022/scan_00195/00022_00195_outdoor_190_010/image.png
441,441,../../data/moge_dataset/DIODE/val/outdoor/scene_00022/scan_00195/00022_00195_outdoor_190_040/image.jpg,../../data/moge_dataset/DIODE/val/outdoor/scene_00022/scan_00195/00022_00195_outdoor_190_040/depth.png,../../data/moge_dataset/DIODE/val/outdoor/scene_00022/scan_00195/00022_00195_outdoor_190_040/meta.json,DIODE,../../data/depthanything/moge_dataset/DIODE/val/outdoor/scene_00022/scan_00195/00022_00195_outdoor_190_040/image.png
442,442,../../data/moge_dataset/DIODE/val/outdoor/scene_00022/scan_00195/00022_00195_outdoor_200_000/image.jpg,../../data/moge_dataset/DIODE/val/outdoor/scene_00022/scan_00195/00022_00195_outdoor_200_000/depth.png,../../data/moge_dataset/DIODE/val/outdoor/scene_00022/scan_00195/00022_00195_outdoor_200_000/meta.json,DIODE,../../data/depthanything/moge_dataset/DIODE/val/outdoor/scene_00022/scan_00195/00022_00195_outdoor_200_000/image.png
443,443,../../data/moge_dataset/DIODE/val/outdoor/scene_00022/scan_00195/00022_00195_outdoor_200_030/image.jpg,../../data/moge_dataset/DIODE/val/outdoor/scene_00022/scan_00195/00022_00195_outdoor_200_030/depth.png,../../data/moge_dataset/DIODE/val/outdoor/scene_00022/scan_00195/00022_00195_outdoor_200_030/meta.json,DIODE,../../data/depthanything/moge_dataset/DIODE/val/outdoor/scene_00022/scan_00195/00022_00195_outdoor_200_030/image.png
444,444,../../data/moge_dataset/DIODE/val/outdoor/scene_00022/scan_00195/00022_00195_outdoor_210_010/image.jpg,../../data/moge_dataset/DIODE/val/outdoor/scene_00022/scan_00195/00022_00195_outdoor_210_010/depth.png,../../data/moge_dataset/DIODE/val/outdoor/scene_00022/scan_00195/00022_00195_outdoor_210_010/meta.json,DIODE,../../data/depthanything/moge_dataset/DIODE/val/outdoor/scene_00022/scan_00195/00022_00195_outdoor_210_010/image.png
445,445,../../data/moge_dataset/DIODE/val/outdoor/scene_00022/scan_00195/00022_00195_outdoor_210_050/image.jpg,../../data/moge_dataset/DIODE/val/outdoor/scene_00022/scan_00195/00022_00195_outdoor_210_050/depth.png,../../data/moge_dataset/DIODE/val/outdoor/scene_00022/scan_00195/00022_00195_outdoor_210_050/meta.json,DIODE,../../data/depthanything/moge_dataset/DIODE/val/outdoor/scene_00022/scan_00195/00022_00195_outdoor_210_050/image.png
446,446,../../data/moge_dataset/DIODE/val/outdoor/scene_00022/scan_00195/00022_00195_outdoor_220_000/image.jpg,../../data/moge_dataset/DIODE/val/outdoor/scene_00022/scan_00195/00022_00195_outdoor_220_000/depth.png,../../data/moge_dataset/DIODE/val/outdoor/scene_00022/scan_00195/00022_00195_outdoor_220_000/meta.json,DIODE,../../data/depthanything/moge_dataset/DIODE/val/outdoor/scene_00022/scan_00195/00022_00195_outdoor_220_000/image.png
447,447,../../data/moge_dataset/DIODE/val/outdoor/scene_00022/scan_00195/00022_00195_outdoor_220_030/image.jpg,../../data/moge_dataset/DIODE/val/outdoor/scene_00022/scan_00195/00022_00195_outdoor_220_030/depth.png,../../data/moge_dataset/DIODE/val/outdoor/scene_00022/scan_00195/00022_00195_outdoor_220_030/meta.json,DIODE,../../data/depthanything/moge_dataset/DIODE/val/outdoor/scene_00022/scan_00195/00022_00195_outdoor_220_030/image.png
448,448,../../data/moge_dataset/DIODE/val/outdoor/scene_00022/scan_00195/00022_00195_outdoor_240_010/image.jpg,../../data/moge_dataset/DIODE/val/outdoor/scene_00022/scan_00195/00022_00195_outdoor_240_010/depth.png,../../data/moge_dataset/DIODE/val/outdoor/scene_00022/scan_00195/00022_00195_outdoor_240_010/meta.json,DIODE,../../data/depthanything/moge_dataset/DIODE/val/outdoor/scene_00022/scan_00195/00022_00195_outdoor_240_010/image.png
449,449,../../data/moge_dataset/DIODE/val/outdoor/scene_00022/scan_00195/00022_00195_outdoor_240_050/image.jpg,../../data/moge_dataset/DIODE/val/outdoor/scene_00022/scan_00195/00022_00195_outdoor_240_050/depth.png,../../data/moge_dataset/DIODE/val/outdoor/scene_00022/scan_00195/00022_00195_outdoor_240_050/meta.json,DIODE,../../data/depthanything/moge_dataset/DIODE/val/outdoor/scene_00022/scan_00195/00022_00195_outdoor_240_050/image.png
450,450,../../data/moge_dataset/DIODE/val/outdoor/scene_00022/scan_00195/00022_00195_outdoor_250_000/image.jpg,../../data/moge_dataset/DIODE/val/outdoor/scene_00022/scan_00195/00022_00195_outdoor_250_000/depth.png,../../data/moge_dataset/DIODE/val/outdoor/scene_00022/scan_00195/00022_00195_outdoor_250_000/meta.json,DIODE,../../data/depthanything/moge_dataset/DIODE/val/outdoor/scene_00022/scan_00195/00022_00195_outdoor_250_000/image.png
451,451,../../data/moge_dataset/DIODE/val/outdoor/scene_00022/scan_00195/00022_00195_outdoor_260_010/image.jpg,../../data/moge_dataset/DIODE/val/outdoor/scene_00022/scan_00195/00022_00195_outdoor_260_010/depth.png,../../data/moge_dataset/DIODE/val/outdoor/scene_00022/scan_00195/00022_00195_outdoor_260_010/meta.json,DIODE,../../data/depthanything/moge_dataset/DIODE/val/outdoor/scene_00022/scan_00195/00022_00195_outdoor_260_010/image.png
452,452,../../data/moge_dataset/DIODE/val/outdoor/scene_00022/scan_00195/00022_00195_outdoor_270_000/image.jpg,../../data/moge_dataset/DIODE/val/outdoor/scene_00022/scan_00195/00022_00195_outdoor_270_000/depth.png,../../data/moge_dataset/DIODE/val/outdoor/scene_00022/scan_00195/00022_00195_outdoor_270_000/meta.json,DIODE,../../data/depthanything/moge_dataset/DIODE/val/outdoor/scene_00022/scan_00195/00022_00195_outdoor_270_000/image.png
453,453,../../data/moge_dataset/DIODE/val/outdoor/scene_00022/scan_00195/00022_00195_outdoor_280_010/image.jpg,../../data/moge_dataset/DIODE/val/outdoor/scene_00022/scan_00195/00022_00195_outdoor_280_010/depth.png,../../data/moge_dataset/DIODE/val/outdoor/scene_00022/scan_00195/00022_00195_outdoor_280_010/meta.json,DIODE,../../data/depthanything/moge_dataset/DIODE/val/outdoor/scene_00022/scan_00195/00022_00195_outdoor_280_010/image.png
454,454,../../data/moge_dataset/DIODE/val/outdoor/scene_00022/scan_00195/00022_00195_outdoor_280_030/image.jpg,../../data/moge_dataset/DIODE/val/outdoor/scene_00022/scan_00195/00022_00195_outdoor_280_030/depth.png,../../data/moge_dataset/DIODE/val/outdoor/scene_00022/scan_00195/00022_00195_outdoor_280_030/meta.json,DIODE,../../data/depthanything/moge_dataset/DIODE/val/outdoor/scene_00022/scan_00195/00022_00195_outdoor_280_030/image.png
455,455,../../data/moge_dataset/DIODE/val/outdoor/scene_00022/scan_00195/00022_00195_outdoor_290_000/image.jpg,../../data/moge_dataset/DIODE/val/outdoor/scene_00022/scan_00195/00022_00195_outdoor_290_000/depth.png,../../data/moge_dataset/DIODE/val/outdoor/scene_00022/scan_00195/00022_00195_outdoor_290_000/meta.json,DIODE,../../data/depthanything/moge_dataset/DIODE/val/outdoor/scene_00022/scan_00195/00022_00195_outdoor_290_000/image.png
456,456,../../data/moge_dataset/DIODE/val/outdoor/scene_00022/scan_00195/00022_00195_outdoor_290_020/image.jpg,../../data/moge_dataset/DIODE/val/outdoor/scene_00022/scan_00195/00022_00195_outdoor_290_020/depth.png,../../data/moge_dataset/DIODE/val/outdoor/scene_00022/scan_00195/00022_00195_outdoor_290_020/meta.json,DIODE,../../data/depthanything/moge_dataset/DIODE/val/outdoor/scene_00022/scan_00195/00022_00195_outdoor_290_020/image.png
457,457,../../data/moge_dataset/DIODE/val/outdoor/scene_00022/scan_00195/00022_00195_outdoor_290_040/image.jpg,../../data/moge_dataset/DIODE/val/outdoor/scene_00022/scan_00195/00022_00195_outdoor_290_040/depth.png,../../data/moge_dataset/DIODE/val/outdoor/scene_00022/scan_00195/00022_00195_outdoor_290_040/meta.json,DIODE,../../data/depthanything/moge_dataset/DIODE/val/outdoor/scene_00022/scan_00195/00022_00195_outdoor_290_040/image.png
458,458,../../data/moge_dataset/DIODE/val/outdoor/scene_00022/scan_00195/00022_00195_outdoor_300_010/image.jpg,../../data/moge_dataset/DIODE/val/outdoor/scene_00022/scan_00195/00022_00195_outdoor_300_010/depth.png,../../data/moge_dataset/DIODE/val/outdoor/scene_00022/scan_00195/00022_00195_outdoor_300_010/meta.json,DIODE,../../data/depthanything/moge_dataset/DIODE/val/outdoor/scene_00022/scan_00195/00022_00195_outdoor_300_010/image.png
459,459,../../data/moge_dataset/DIODE/val/outdoor/scene_00022/scan_00195/00022_00195_outdoor_300_030/image.jpg,../../data/moge_dataset/DIODE/val/outdoor/scene_00022/scan_00195/00022_00195_outdoor_300_030/depth.png,../../data/moge_dataset/DIODE/val/outdoor/scene_00022/scan_00195/00022_00195_outdoor_300_030/meta.json,DIODE,../../data/depthanything/moge_dataset/DIODE/val/outdoor/scene_00022/scan_00195/00022_00195_outdoor_300_030/image.png
460,460,../../data/moge_dataset/DIODE/val/outdoor/scene_00022/scan_00195/00022_00195_outdoor_300_050/image.jpg,../../data/moge_dataset/DIODE/val/outdoor/scene_00022/scan_00195/00022_00195_outdoor_300_050/depth.png,../../data/moge_dataset/DIODE/val/outdoor/scene_00022/scan_00195/00022_00195_outdoor_300_050/meta.json,DIODE,../../data/depthanything/moge_dataset/DIODE/val/outdoor/scene_00022/scan_00195/00022_00195_outdoor_300_050/image.png
461,461,../../data/moge_dataset/DIODE/val/outdoor/scene_00022/scan_00195/00022_00195_outdoor_310_000/image.jpg,../../data/moge_dataset/DIODE/val/outdoor/scene_00022/scan_00195/00022_00195_outdoor_310_000/depth.png,../../data/moge_dataset/DIODE/val/outdoor/scene_00022/scan_00195/00022_00195_outdoor_310_000/meta.json,DIODE,../../data/depthanything/moge_dataset/DIODE/val/outdoor/scene_00022/scan_00195/00022_00195_outdoor_310_000/image.png
462,462,../../data/moge_dataset/DIODE/val/outdoor/scene_00022/scan_00195/00022_00195_outdoor_310_020/image.jpg,../../data/moge_dataset/DIODE/val/outdoor/scene_00022/scan_00195/00022_00195_outdoor_310_020/depth.png,../../data/moge_dataset/DIODE/val/outdoor/scene_00022/scan_00195/00022_00195_outdoor_310_020/meta.json,DIODE,../../data/depthanything/moge_dataset/DIODE/val/outdoor/scene_00022/scan_00195/00022_00195_outdoor_310_020/image.png
463,463,../../data/moge_dataset/DIODE/val/outdoor/scene_00022/scan_00195/00022_00195_outdoor_320_010/image.jpg,../../data/moge_dataset/DIODE/val/outdoor/scene_00022/scan_00195/00022_00195_outdoor_320_010/depth.png,../../data/moge_dataset/DIODE/val/outdoor/scene_00022/scan_00195/00022_00195_outdoor_320_010/meta.json,DIODE,../../data/depthanything/moge_dataset/DIODE/val/outdoor/scene_00022/scan_00195/00022_00195_outdoor_320_010/image.png
464,464,../../data/moge_dataset/DIODE/val/outdoor/scene_00022/scan_00195/00022_00195_outdoor_320_040/image.jpg,../../data/moge_dataset/DIODE/val/outdoor/scene_00022/scan_00195/00022_00195_outdoor_320_040/depth.png,../../data/moge_dataset/DIODE/val/outdoor/scene_00022/scan_00195/00022_00195_outdoor_320_040/meta.json,DIODE,../../data/depthanything/moge_dataset/DIODE/val/outdoor/scene_00022/scan_00195/00022_00195_outdoor_320_040/image.png
465,465,../../data/moge_dataset/DIODE/val/outdoor/scene_00022/scan_00195/00022_00195_outdoor_330_020/image.jpg,../../data/moge_dataset/DIODE/val/outdoor/scene_00022/scan_00195/00022_00195_outdoor_330_020/depth.png,../../data/moge_dataset/DIODE/val/outdoor/scene_00022/scan_00195/00022_00195_outdoor_330_020/meta.json,DIODE,../../data/depthanything/moge_dataset/DIODE/val/outdoor/scene_00022/scan_00195/00022_00195_outdoor_330_020/image.png
466,466,../../data/moge_dataset/DIODE/val/outdoor/scene_00022/scan_00195/00022_00195_outdoor_330_050/image.jpg,../../data/moge_dataset/DIODE/val/outdoor/scene_00022/scan_00195/00022_00195_outdoor_330_050/depth.png,../../data/moge_dataset/DIODE/val/outdoor/scene_00022/scan_00195/00022_00195_outdoor_330_050/meta.json,DIODE,../../data/depthanything/moge_dataset/DIODE/val/outdoor/scene_00022/scan_00195/00022_00195_outdoor_330_050/image.png
467,467,../../data/moge_dataset/DIODE/val/outdoor/scene_00022/scan_00195/00022_00195_outdoor_340_000/image.jpg,../../data/moge_dataset/DIODE/val/outdoor/scene_00022/scan_00195/00022_00195_outdoor_340_000/depth.png,../../data/moge_dataset/DIODE/val/outdoor/scene_00022/scan_00195/00022_00195_outdoor_340_000/meta.json,DIODE,../../data/depthanything/moge_dataset/DIODE/val/outdoor/scene_00022/scan_00195/00022_00195_outdoor_340_000/image.png
468,468,../../data/moge_dataset/DIODE/val/outdoor/scene_00022/scan_00195/00022_00195_outdoor_340_040/image.jpg,../../data/moge_dataset/DIODE/val/outdoor/scene_00022/scan_00195/00022_00195_outdoor_340_040/depth.png,../../data/moge_dataset/DIODE/val/outdoor/scene_00022/scan_00195/00022_00195_outdoor_340_040/meta.json,DIODE,../../data/depthanything/moge_dataset/DIODE/val/outdoor/scene_00022/scan_00195/00022_00195_outdoor_340_040/image.png
469,469,../../data/moge_dataset/DIODE/val/outdoor/scene_00022/scan_00195/00022_00195_outdoor_350_010/image.jpg,../../data/moge_dataset/DIODE/val/outdoor/scene_00022/scan_00195/00022_00195_outdoor_350_010/depth.png,../../data/moge_dataset/DIODE/val/outdoor/scene_00022/scan_00195/00022_00195_outdoor_350_010/meta.json,DIODE,../../data/depthanything/moge_dataset/DIODE/val/outdoor/scene_00022/scan_00195/00022_00195_outdoor_350_010/image.png
470,470,../../data/moge_dataset/DIODE/val/outdoor/scene_00022/scan_00195/00022_00195_outdoor_350_030/image.jpg,../../data/moge_dataset/DIODE/val/outdoor/scene_00022/scan_00195/00022_00195_outdoor_350_030/depth.png,../../data/moge_dataset/DIODE/val/outdoor/scene_00022/scan_00195/00022_00195_outdoor_350_030/meta.json,DIODE,../../data/depthanything/moge_dataset/DIODE/val/outdoor/scene_00022/scan_00195/00022_00195_outdoor_350_030/image.png
471,471,../../data/moge_dataset/DIODE/val/outdoor/scene_00022/scan_00195/00022_00195_outdoor_350_050/image.jpg,../../data/moge_dataset/DIODE/val/outdoor/scene_00022/scan_00195/00022_00195_outdoor_350_050/depth.png,../../data/moge_dataset/DIODE/val/outdoor/scene_00022/scan_00195/00022_00195_outdoor_350_050/meta.json,DIODE,../../data/depthanything/moge_dataset/DIODE/val/outdoor/scene_00022/scan_00195/00022_00195_outdoor_350_050/image.png
472,472,../../data/moge_dataset/DIODE/val/outdoor/scene_00022/scan_00196/00022_00196_outdoor_000_010/image.jpg,../../data/moge_dataset/DIODE/val/outdoor/scene_00022/scan_00196/00022_00196_outdoor_000_010/depth.png,../../data/moge_dataset/DIODE/val/outdoor/scene_00022/scan_00196/00022_00196_outdoor_000_010/meta.json,DIODE,../../data/depthanything/moge_dataset/DIODE/val/outdoor/scene_00022/scan_00196/00022_00196_outdoor_000_010/image.png
473,473,../../data/moge_dataset/DIODE/val/outdoor/scene_00022/scan_00196/00022_00196_outdoor_000_030/image.jpg,../../data/moge_dataset/DIODE/val/outdoor/scene_00022/scan_00196/00022_00196_outdoor_000_030/depth.png,../../data/moge_dataset/DIODE/val/outdoor/scene_00022/scan_00196/00022_00196_outdoor_000_030/meta.json,DIODE,../../data/depthanything/moge_dataset/DIODE/val/outdoor/scene_00022/scan_00196/00022_00196_outdoor_000_030/image.png
474,474,../../data/moge_dataset/DIODE/val/outdoor/scene_00022/scan_00196/00022_00196_outdoor_010_000/image.jpg,../../data/moge_dataset/DIODE/val/outdoor/scene_00022/scan_00196/00022_00196_outdoor_010_000/depth.png,../../data/moge_dataset/DIODE/val/outdoor/scene_00022/scan_00196/00022_00196_outdoor_010_000/meta.json,DIODE,../../data/depthanything/moge_dataset/DIODE/val/outdoor/scene_00022/scan_00196/00022_00196_outdoor_010_000/image.png
475,475,../../data/moge_dataset/DIODE/val/outdoor/scene_00022/scan_00196/00022_00196_outdoor_010_020/image.jpg,../../data/moge_dataset/DIODE/val/outdoor/scene_00022/scan_00196/00022_00196_outdoor_010_020/depth.png,../../data/moge_dataset/DIODE/val/outdoor/scene_00022/scan_00196/00022_00196_outdoor_010_020/meta.json,DIODE,../../data/depthanything/moge_dataset/DIODE/val/outdoor/scene_00022/scan_00196/00022_00196_outdoor_010_020/image.png
476,476,../../data/moge_dataset/DIODE/val/outdoor/scene_00022/scan_00196/00022_00196_outdoor_010_040/image.jpg,../../data/moge_dataset/DIODE/val/outdoor/scene_00022/scan_00196/00022_00196_outdoor_010_040/depth.png,../../data/moge_dataset/DIODE/val/outdoor/scene_00022/scan_00196/00022_00196_outdoor_010_040/meta.json,DIODE,../../data/depthanything/moge_dataset/DIODE/val/outdoor/scene_00022/scan_00196/00022_00196_outdoor_010_040/image.png
477,477,../../data/moge_dataset/DIODE/val/outdoor/scene_00022/scan_00196/00022_00196_outdoor_020_030/image.jpg,../../data/moge_dataset/DIODE/val/outdoor/scene_00022/scan_00196/00022_00196_outdoor_020_030/depth.png,../../data/moge_dataset/DIODE/val/outdoor/scene_00022/scan_00196/00022_00196_outdoor_020_030/meta.json,DIODE,../../data/depthanything/moge_dataset/DIODE/val/outdoor/scene_00022/scan_00196/00022_00196_outdoor_020_030/image.png
478,478,../../data/moge_dataset/DIODE/val/outdoor/scene_00022/scan_00196/00022_00196_outdoor_020_050/image.jpg,../../data/moge_dataset/DIODE/val/outdoor/scene_00022/scan_00196/00022_00196_outdoor_020_050/depth.png,../../data/moge_dataset/DIODE/val/outdoor/scene_00022/scan_00196/00022_00196_outdoor_020_050/meta.json,DIODE,../../data/depthanything/moge_dataset/DIODE/val/outdoor/scene_00022/scan_00196/00022_00196_outdoor_020_050/image.png
479,479,../../data/moge_dataset/DIODE/val/outdoor/scene_00022/scan_00196/00022_00196_outdoor_030_020/image.jpg,../../data/moge_dataset/DIODE/val/outdoor/scene_00022/scan_00196/00022_00196_outdoor_030_020/depth.png,../../data/moge_dataset/DIODE/val/outdoor/scene_00022/scan_00196/00022_00196_outdoor_030_020/meta.json,DIODE,../../data/depthanything/moge_dataset/DIODE/val/outdoor/scene_00022/scan_00196/00022_00196_outdoor_030_020/image.png
480,480,../../data/moge_dataset/DIODE/val/outdoor/scene_00022/scan_00196/00022_00196_outdoor_030_040/image.jpg,../../data/moge_dataset/DIODE/val/outdoor/scene_00022/scan_00196/00022_00196_outdoor_030_040/depth.png,../../data/moge_dataset/DIODE/val/outdoor/scene_00022/scan_00196/00022_00196_outdoor_030_040/meta.json,DIODE,../../data/depthanything/moge_dataset/DIODE/val/outdoor/scene_00022/scan_00196/00022_00196_outdoor_030_040/image.png
481,481,../../data/moge_dataset/DIODE/val/outdoor/scene_00022/scan_00196/00022_00196_outdoor_040_030/image.jpg,../../data/moge_dataset/DIODE/val/outdoor/scene_00022/scan_00196/00022_00196_outdoor_040_030/depth.png,../../data/moge_dataset/DIODE/val/outdoor/scene_00022/scan_00196/00022_00196_outdoor_040_030/meta.json,DIODE,../../data/depthanything/moge_dataset/DIODE/val/outdoor/scene_00022/scan_00196/00022_00196_outdoor_040_030/image.png
482,482,../../data/moge_dataset/DIODE/val/outdoor/scene_00022/scan_00196/00022_00196_outdoor_040_050/image.jpg,../../data/moge_dataset/DIODE/val/outdoor/scene_00022/scan_00196/00022_00196_outdoor_040_050/depth.png,../../data/moge_dataset/DIODE/val/outdoor/scene_00022/scan_00196/00022_00196_outdoor_040_050/meta.json,DIODE,../../data/depthanything/moge_dataset/DIODE/val/outdoor/scene_00022/scan_00196/00022_00196_outdoor_040_050/image.png
483,483,../../data/moge_dataset/DIODE/val/outdoor/scene_00022/scan_00196/00022_00196_outdoor_050_040/image.jpg,../../data/moge_dataset/DIODE/val/outdoor/scene_00022/scan_00196/00022_00196_outdoor_050_040/depth.png,../../data/moge_dataset/DIODE/val/outdoor/scene_00022/scan_00196/00022_00196_outdoor_050_040/meta.json,DIODE,../../data/depthanything/moge_dataset/DIODE/val/outdoor/scene_00022/scan_00196/00022_00196_outdoor_050_040/image.png
484,484,../../data/moge_dataset/DIODE/val/outdoor/scene_00022/scan_00196/00022_00196_outdoor_060_010/image.jpg,../../data/moge_dataset/DIODE/val/outdoor/scene_00022/scan_00196/00022_00196_outdoor_060_010/depth.png,../../data/moge_dataset/DIODE/val/outdoor/scene_00022/scan_00196/00022_00196_outdoor_060_010/meta.json,DIODE,../../data/depthanything/moge_dataset/DIODE/val/outdoor/scene_00022/scan_00196/00022_00196_outdoor_060_010/image.png
485,485,../../data/moge_dataset/DIODE/val/outdoor/scene_00022/scan_00196/00022_00196_outdoor_060_030/image.jpg,../../data/moge_dataset/DIODE/val/outdoor/scene_00022/scan_00196/00022_00196_outdoor_060_030/depth.png,../../data/moge_dataset/DIODE/val/outdoor/scene_00022/scan_00196/00022_00196_outdoor_060_030/meta.json,DIODE,../../data/depthanything/moge_dataset/DIODE/val/outdoor/scene_00022/scan_00196/00022_00196_outdoor_060_030/image.png
486,486,../../data/moge_dataset/DIODE/val/outdoor/scene_00022/scan_00196/00022_00196_outdoor_060_050/image.jpg,../../data/moge_dataset/DIODE/val/outdoor/scene_00022/scan_00196/00022_00196_outdoor_060_050/depth.png,../../data/moge_dataset/DIODE/val/outdoor/scene_00022/scan_00196/00022_00196_outdoor_060_050/meta.json,DIODE,../../data/depthanything/moge_dataset/DIODE/val/outdoor/scene_00022/scan_00196/00022_00196_outdoor_060_050/image.png
487,487,../../data/moge_dataset/DIODE/val/outdoor/scene_00022/scan_00196/00022_00196_outdoor_070_000/image.jpg,../../data/moge_dataset/DIODE/val/outdoor/scene_00022/scan_00196/00022_00196_outdoor_070_000/depth.png,../../data/moge_dataset/DIODE/val/outdoor/scene_00022/scan_00196/00022_00196_outdoor_070_000/meta.json,DIODE,../../data/depthanything/moge_dataset/DIODE/val/outdoor/scene_00022/scan_00196/00022_00196_outdoor_070_000/image.png
488,488,../../data/moge_dataset/DIODE/val/outdoor/scene_00022/scan_00196/00022_00196_outdoor_070_020/image.jpg,../../data/moge_dataset/DIODE/val/outdoor/scene_00022/scan_00196/00022_00196_outdoor_070_020/depth.png,../../data/moge_dataset/DIODE/val/outdoor/scene_00022/scan_00196/00022_00196_outdoor_070_020/meta.json,DIODE,../../data/depthanything/moge_dataset/DIODE/val/outdoor/scene_00022/scan_00196/00022_00196_outdoor_070_020/image.png
489,489,../../data/moge_dataset/DIODE/val/outdoor/scene_00022/scan_00196/00022_00196_outdoor_070_040/image.jpg,../../data/moge_dataset/DIODE/val/outdoor/scene_00022/scan_00196/00022_00196_outdoor_070_040/depth.png,../../data/moge_dataset/DIODE/val/outdoor/scene_00022/scan_00196/00022_00196_outdoor_070_040/meta.json,DIODE,../../data/depthanything/moge_dataset/DIODE/val/outdoor/scene_00022/scan_00196/00022_00196_outdoor_070_040/image.png
490,490,../../data/moge_dataset/DIODE/val/outdoor/scene_00022/scan_00196/00022_00196_outdoor_080_010/image.jpg,../../data/moge_dataset/DIODE/val/outdoor/scene_00022/scan_00196/00022_00196_outdoor_080_010/depth.png,../../data/moge_dataset/DIODE/val/outdoor/scene_00022/scan_00196/00022_00196_outdoor_080_010/meta.json,DIODE,../../data/depthanything/moge_dataset/DIODE/val/outdoor/scene_00022/scan_00196/00022_00196_outdoor_080_010/image.png
491,491,../../data/moge_dataset/DIODE/val/outdoor/scene_00022/scan_00196/00022_00196_outdoor_080_030/image.jpg,../../data/moge_dataset/DIODE/val/outdoor/scene_00022/scan_00196/00022_00196_outdoor_080_030/depth.png,../../data/moge_dataset/DIODE/val/outdoor/scene_00022/scan_00196/00022_00196_outdoor_080_030/meta.json,DIODE,../../data/depthanything/moge_dataset/DIODE/val/outdoor/scene_00022/scan_00196/00022_00196_outdoor_080_030/image.png
492,492,../../data/moge_dataset/DIODE/val/outdoor/scene_00022/scan_00196/00022_00196_outdoor_080_050/image.jpg,../../data/moge_dataset/DIODE/val/outdoor/scene_00022/scan_00196/00022_00196_outdoor_080_050/depth.png,../../data/moge_dataset/DIODE/val/outdoor/scene_00022/scan_00196/00022_00196_outdoor_080_050/meta.json,DIODE,../../data/depthanything/moge_dataset/DIODE/val/outdoor/scene_00022/scan_00196/00022_00196_outdoor_080_050/image.png
493,493,../../data/moge_dataset/DIODE/val/outdoor/scene_00022/scan_00196/00022_00196_outdoor_090_020/image.jpg,../../data/moge_dataset/DIODE/val/outdoor/scene_00022/scan_00196/00022_00196_outdoor_090_020/depth.png,../../data/moge_dataset/DIODE/val/outdoor/scene_00022/scan_00196/00022_00196_outdoor_090_020/meta.json,DIODE,../../data/depthanything/moge_dataset/DIODE/val/outdoor/scene_00022/scan_00196/00022_00196_outdoor_090_020/image.png
494,494,../../data/moge_dataset/DIODE/val/outdoor/scene_00022/scan_00196/00022_00196_outdoor_090_040/image.jpg,../../data/moge_dataset/DIODE/val/outdoor/scene_00022/scan_00196/00022_00196_outdoor_090_040/depth.png,../../data/moge_dataset/DIODE/val/outdoor/scene_00022/scan_00196/00022_00196_outdoor_090_040/meta.json,DIODE,../../data/depthanything/moge_dataset/DIODE/val/outdoor/scene_00022/scan_00196/00022_00196_outdoor_090_040/image.png
495,495,../../data/moge_dataset/DIODE/val/outdoor/scene_00022/scan_00196/00022_00196_outdoor_100_000/image.jpg,../../data/moge_dataset/DIODE/val/outdoor/scene_00022/scan_00196/00022_00196_outdoor_100_000/depth.png,../../data/moge_dataset/DIODE/val/outdoor/scene_00022/scan_00196/00022_00196_outdoor_100_000/meta.json,DIODE,../../data/depthanything/moge_dataset/DIODE/val/outdoor/scene_00022/scan_00196/00022_00196_outdoor_100_000/image.png
496,496,../../data/moge_dataset/DIODE/val/outdoor/scene_00022/scan_00196/00022_00196_outdoor_100_030/image.jpg,../../data/moge_dataset/DIODE/val/outdoor/scene_00022/scan_00196/00022_00196_outdoor_100_030/depth.png,../../data/moge_dataset/DIODE/val/outdoor/scene_00022/scan_00196/00022_00196_outdoor_100_030/meta.json,DIODE,../../data/depthanything/moge_dataset/DIODE/val/outdoor/scene_00022/scan_00196/00022_00196_outdoor_100_030/image.png
497,497,../../data/moge_dataset/DIODE/val/outdoor/scene_00022/scan_00196/00022_00196_outdoor_110_010/image.jpg,../../data/moge_dataset/DIODE/val/outdoor/scene_00022/scan_00196/00022_00196_outdoor_110_010/depth.png,../../data/moge_dataset/DIODE/val/outdoor/scene_00022/scan_00196/00022_00196_outdoor_110_010/meta.json,DIODE,../../data/depthanything/moge_dataset/DIODE/val/outdoor/scene_00022/scan_00196/00022_00196_outdoor_110_010/image.png
498,498,../../data/moge_dataset/DIODE/val/outdoor/scene_00022/scan_00196/00022_00196_outdoor_120_000/image.jpg,../../data/moge_dataset/DIODE/val/outdoor/scene_00022/scan_00196/00022_00196_outdoor_120_000/depth.png,../../data/moge_dataset/DIODE/val/outdoor/scene_00022/scan_00196/00022_00196_outdoor_120_000/meta.json,DIODE,../../data/depthanything/moge_dataset/DIODE/val/outdoor/scene_00022/scan_00196/00022_00196_outdoor_120_000/image.png
499,499,../../data/moge_dataset/DIODE/val/outdoor/scene_00022/scan_00196/00022_00196_outdoor_120_020/image.jpg,../../data/moge_dataset/DIODE/val/outdoor/scene_00022/scan_00196/00022_00196_outdoor_120_020/depth.png,../../data/moge_dataset/DIODE/val/outdoor/scene_00022/scan_00196/00022_00196_outdoor_120_020/meta.json,DIODE,../../data/depthanything/moge_dataset/DIODE/val/outdoor/scene_00022/scan_00196/00022_00196_outdoor_120_020/image.png
500,500,../../data/moge_dataset/DIODE/val/outdoor/scene_00022/scan_00196/00022_00196_outdoor_170_010/image.jpg,../../data/moge_dataset/DIODE/val/outdoor/scene_00022/scan_00196/00022_00196_outdoor_170_010/depth.png,../../data/moge_dataset/DIODE/val/outdoor/scene_00022/scan_00196/00022_00196_outdoor_170_010/meta.json,DIODE,../../data/depthanything/moge_dataset/DIODE/val/outdoor/scene_00022/scan_00196/00022_00196_outdoor_170_010/image.png
501,501,../../data/moge_dataset/DIODE/val/outdoor/scene_00022/scan_00196/00022_00196_outdoor_180_000/image.jpg,../../data/moge_dataset/DIODE/val/outdoor/scene_00022/scan_00196/00022_00196_outdoor_180_000/depth.png,../../data/moge_dataset/DIODE/val/outdoor/scene_00022/scan_00196/00022_00196_outdoor_180_000/meta.json,DIODE,../../data/depthanything/moge_dataset/DIODE/val/outdoor/scene_00022/scan_00196/00022_00196_outdoor_180_000/image.png
502,502,../../data/moge_dataset/DIODE/val/outdoor/scene_00022/scan_00196/00022_00196_outdoor_180_020/image.jpg,../../data/moge_dataset/DIODE/val/outdoor/scene_00022/scan_00196/00022_00196_outdoor_180_020/depth.png,../../data/moge_dataset/DIODE/val/outdoor/scene_00022/scan_00196/00022_00196_outdoor_180_020/meta.json,DIODE,../../data/depthanything/moge_dataset/DIODE/val/outdoor/scene_00022/scan_00196/00022_00196_outdoor_180_020/image.png
503,503,../../data/moge_dataset/DIODE/val/outdoor/scene_00022/scan_00196/00022_00196_outdoor_190_010/image.jpg,../../data/moge_dataset/DIODE/val/outdoor/scene_00022/scan_00196/00022_00196_outdoor_190_010/depth.png,../../data/moge_dataset/DIODE/val/outdoor/scene_00022/scan_00196/00022_00196_outdoor_190_010/meta.json,DIODE,../../data/depthanything/moge_dataset/DIODE/val/outdoor/scene_00022/scan_00196/00022_00196_outdoor_190_010/image.png
504,504,../../data/moge_dataset/DIODE/val/outdoor/scene_00022/scan_00196/00022_00196_outdoor_200_000/image.jpg,../../data/moge_dataset/DIODE/val/outdoor/scene_00022/scan_00196/00022_00196_outdoor_200_000/depth.png,../../data/moge_dataset/DIODE/val/outdoor/scene_00022/scan_00196/00022_00196_outdoor_200_000/meta.json,DIODE,../../data/depthanything/moge_dataset/DIODE/val/outdoor/scene_00022/scan_00196/00022_00196_outdoor_200_000/image.png
505,505,../../data/moge_dataset/DIODE/val/outdoor/scene_00022/scan_00196/00022_00196_outdoor_200_030/image.jpg,../../data/moge_dataset/DIODE/val/outdoor/scene_00022/scan_00196/00022_00196_outdoor_200_030/depth.png,../../data/moge_dataset/DIODE/val/outdoor/scene_00022/scan_00196/00022_00196_outdoor_200_030/meta.json,DIODE,../../data/depthanything/moge_dataset/DIODE/val/outdoor/scene_00022/scan_00196/00022_00196_outdoor_200_030/image.png
506,506,../../data/moge_dataset/DIODE/val/outdoor/scene_00022/scan_00196/00022_00196_outdoor_210_010/image.jpg,../../data/moge_dataset/DIODE/val/outdoor/scene_00022/scan_00196/00022_00196_outdoor_210_010/depth.png,../../data/moge_dataset/DIODE/val/outdoor/scene_00022/scan_00196/00022_00196_outdoor_210_010/meta.json,DIODE,../../data/depthanything/moge_dataset/DIODE/val/outdoor/scene_00022/scan_00196/00022_00196_outdoor_210_010/image.png
507,507,../../data/moge_dataset/DIODE/val/outdoor/scene_00022/scan_00196/00022_00196_outdoor_220_000/image.jpg,../../data/moge_dataset/DIODE/val/outdoor/scene_00022/scan_00196/00022_00196_outdoor_220_000/depth.png,../../data/moge_dataset/DIODE/val/outdoor/scene_00022/scan_00196/00022_00196_outdoor_220_000/meta.json,DIODE,../../data/depthanything/moge_dataset/DIODE/val/outdoor/scene_00022/scan_00196/00022_00196_outdoor_220_000/image.png
508,508,../../data/moge_dataset/DIODE/val/outdoor/scene_00022/scan_00196/00022_00196_outdoor_220_020/image.jpg,../../data/moge_dataset/DIODE/val/outdoor/scene_00022/scan_00196/00022_00196_outdoor_220_020/depth.png,../../data/moge_dataset/DIODE/val/outdoor/scene_00022/scan_00196/00022_00196_outdoor_220_020/meta.json,DIODE,../../data/depthanything/moge_dataset/DIODE/val/outdoor/scene_00022/scan_00196/00022_00196_outdoor_220_020/image.png
509,509,../../data/moge_dataset/DIODE/val/outdoor/scene_00022/scan_00196/00022_00196_outdoor_230_010/image.jpg,../../data/moge_dataset/DIODE/val/outdoor/scene_00022/scan_00196/00022_00196_outdoor_230_010/depth.png,../../data/moge_dataset/DIODE/val/outdoor/scene_00022/scan_00196/00022_00196_outdoor_230_010/meta.json,DIODE,../../data/depthanything/moge_dataset/DIODE/val/outdoor/scene_00022/scan_00196/00022_00196_outdoor_230_010/image.png
510,510,../../data/moge_dataset/DIODE/val/outdoor/scene_00022/scan_00196/00022_00196_outdoor_230_030/image.jpg,../../data/moge_dataset/DIODE/val/outdoor/scene_00022/scan_00196/00022_00196_outdoor_230_030/depth.png,../../data/moge_dataset/DIODE/val/outdoor/scene_00022/scan_00196/00022_00196_outdoor_230_030/meta.json,DIODE,../../data/depthanything/moge_dataset/DIODE/val/outdoor/scene_00022/scan_00196/00022_00196_outdoor_230_030/image.png
511,511,../../data/moge_dataset/DIODE/val/outdoor/scene_00022/scan_00196/00022_00196_outdoor_240_000/image.jpg,../../data/moge_dataset/DIODE/val/outdoor/scene_00022/scan_00196/00022_00196_outdoor_240_000/depth.png,../../data/moge_dataset/DIODE/val/outdoor/scene_00022/scan_00196/00022_00196_outdoor_240_000/meta.json,DIODE,../../data/depthanything/moge_dataset/DIODE/val/outdoor/scene_00022/scan_00196/00022_00196_outdoor_240_000/image.png
512,512,../../data/moge_dataset/DIODE/val/outdoor/scene_00022/scan_00196/00022_00196_outdoor_240_020/image.jpg,../../data/moge_dataset/DIODE/val/outdoor/scene_00022/scan_00196/00022_00196_outdoor_240_020/depth.png,../../data/moge_dataset/DIODE/val/outdoor/scene_00022/scan_00196/00022_00196_outdoor_240_020/meta.json,DIODE,../../data/depthanything/moge_dataset/DIODE/val/outdoor/scene_00022/scan_00196/00022_00196_outdoor_240_020/image.png
513,513,../../data/moge_dataset/DIODE/val/outdoor/scene_00022/scan_00196/00022_00196_outdoor_250_010/image.jpg,../../data/moge_dataset/DIODE/val/outdoor/scene_00022/scan_00196/00022_00196_outdoor_250_010/depth.png,../../data/moge_dataset/DIODE/val/outdoor/scene_00022/scan_00196/00022_00196_outdoor_250_010/meta.json,DIODE,../../data/depthanything/moge_dataset/DIODE/val/outdoor/scene_00022/scan_00196/00022_00196_outdoor_250_010/image.png
514,514,../../data/moge_dataset/DIODE/val/outdoor/scene_00022/scan_00196/00022_00196_outdoor_290_030/image.jpg,../../data/moge_dataset/DIODE/val/outdoor/scene_00022/scan_00196/00022_00196_outdoor_290_030/depth.png,../../data/moge_dataset/DIODE/val/outdoor/scene_00022/scan_00196/00022_00196_outdoor_290_030/meta.json,DIODE,../../data/depthanything/moge_dataset/DIODE/val/outdoor/scene_00022/scan_00196/00022_00196_outdoor_290_030/image.png
515,515,../../data/moge_dataset/DIODE/val/outdoor/scene_00022/scan_00196/00022_00196_outdoor_300_000/image.jpg,../../data/moge_dataset/DIODE/val/outdoor/scene_00022/scan_00196/00022_00196_outdoor_300_000/depth.png,../../data/moge_dataset/DIODE/val/outdoor/scene_00022/scan_00196/00022_00196_outdoor_300_000/meta.json,DIODE,../../data/depthanything/moge_dataset/DIODE/val/outdoor/scene_00022/scan_00196/00022_00196_outdoor_300_000/image.png
516,516,../../data/moge_dataset/DIODE/val/outdoor/scene_00022/scan_00196/00022_00196_outdoor_300_020/image.jpg,../../data/moge_dataset/DIODE/val/outdoor/scene_00022/scan_00196/00022_00196_outdoor_300_020/depth.png,../../data/moge_dataset/DIODE/val/outdoor/scene_00022/scan_00196/00022_00196_outdoor_300_020/meta.json,DIODE,../../data/depthanything/moge_dataset/DIODE/val/outdoor/scene_00022/scan_00196/00022_00196_outdoor_300_020/image.png
517,517,../../data/moge_dataset/DIODE/val/outdoor/scene_00022/scan_00196/00022_00196_outdoor_300_040/image.jpg,../../data/moge_dataset/DIODE/val/outdoor/scene_00022/scan_00196/00022_00196_outdoor_300_040/depth.png,../../data/moge_dataset/DIODE/val/outdoor/scene_00022/scan_00196/00022_00196_outdoor_300_040/meta.json,DIODE,../../data/depthanything/moge_dataset/DIODE/val/outdoor/scene_00022/scan_00196/00022_00196_outdoor_300_040/image.png
518,518,../../data/moge_dataset/DIODE/val/outdoor/scene_00022/scan_00196/00022_00196_outdoor_310_010/image.jpg,../../data/moge_dataset/DIODE/val/outdoor/scene_00022/scan_00196/00022_00196_outdoor_310_010/depth.png,../../data/moge_dataset/DIODE/val/outdoor/scene_00022/scan_00196/00022_00196_outdoor_310_010/meta.json,DIODE,../../data/depthanything/moge_dataset/DIODE/val/outdoor/scene_00022/scan_00196/00022_00196_outdoor_310_010/image.png
519,519,../../data/moge_dataset/DIODE/val/outdoor/scene_00022/scan_00196/00022_00196_outdoor_310_030/image.jpg,../../data/moge_dataset/DIODE/val/outdoor/scene_00022/scan_00196/00022_00196_outdoor_310_030/depth.png,../../data/moge_dataset/DIODE/val/outdoor/scene_00022/scan_00196/00022_00196_outdoor_310_030/meta.json,DIODE,../../data/depthanything/moge_dataset/DIODE/val/outdoor/scene_00022/scan_00196/00022_00196_outdoor_310_030/image.png
520,520,../../data/moge_dataset/DIODE/val/outdoor/scene_00022/scan_00196/00022_00196_outdoor_320_000/image.jpg,../../data/moge_dataset/DIODE/val/outdoor/scene_00022/scan_00196/00022_00196_outdoor_320_000/depth.png,../../data/moge_dataset/DIODE/val/outdoor/scene_00022/scan_00196/00022_00196_outdoor_320_000/meta.json,DIODE,../../data/depthanything/moge_dataset/DIODE/val/outdoor/scene_00022/scan_00196/00022_00196_outdoor_320_000/image.png
521,521,../../data/moge_dataset/DIODE/val/outdoor/scene_00022/scan_00196/00022_00196_outdoor_320_020/image.jpg,../../data/moge_dataset/DIODE/val/outdoor/scene_00022/scan_00196/00022_00196_outdoor_320_020/depth.png,../../data/moge_dataset/DIODE/val/outdoor/scene_00022/scan_00196/00022_00196_outdoor_320_020/meta.json,DIODE,../../data/depthanything/moge_dataset/DIODE/val/outdoor/scene_00022/scan_00196/00022_00196_outdoor_320_020/image.png
522,522,../../data/moge_dataset/DIODE/val/outdoor/scene_00022/scan_00196/00022_00196_outdoor_330_010/image.jpg,../../data/moge_dataset/DIODE/val/outdoor/scene_00022/scan_00196/00022_00196_outdoor_330_010/depth.png,../../data/moge_dataset/DIODE/val/outdoor/scene_00022/scan_00196/00022_00196_outdoor_330_010/meta.json,DIODE,../../data/depthanything/moge_dataset/DIODE/val/outdoor/scene_00022/scan_00196/00022_00196_outdoor_330_010/image.png
523,523,../../data/moge_dataset/DIODE/val/outdoor/scene_00022/scan_00196/00022_00196_outdoor_340_000/image.jpg,../../data/moge_dataset/DIODE/val/outdoor/scene_00022/scan_00196/00022_00196_outdoor_340_000/depth.png,../../data/moge_dataset/DIODE/val/outdoor/scene_00022/scan_00196/00022_00196_outdoor_340_000/meta.json,DIODE,../../data/depthanything/moge_dataset/DIODE/val/outdoor/scene_00022/scan_00196/00022_00196_outdoor_340_000/image.png
524,524,../../data/moge_dataset/DIODE/val/outdoor/scene_00022/scan_00196/00022_00196_outdoor_350_020/image.jpg,../../data/moge_dataset/DIODE/val/outdoor/scene_00022/scan_00196/00022_00196_outdoor_350_020/depth.png,../../data/moge_dataset/DIODE/val/outdoor/scene_00022/scan_00196/00022_00196_outdoor_350_020/meta.json,DIODE,../../data/depthanything/moge_dataset/DIODE/val/outdoor/scene_00022/scan_00196/00022_00196_outdoor_350_020/image.png
525,525,../../data/moge_dataset/DIODE/val/outdoor/scene_00022/scan_00197/00022_00197_outdoor_000_000/image.jpg,../../data/moge_dataset/DIODE/val/outdoor/scene_00022/scan_00197/00022_00197_outdoor_000_000/depth.png,../../data/moge_dataset/DIODE/val/outdoor/scene_00022/scan_00197/00022_00197_outdoor_000_000/meta.json,DIODE,../../data/depthanything/moge_dataset/DIODE/val/outdoor/scene_00022/scan_00197/00022_00197_outdoor_000_000/image.png
526,526,../../data/moge_dataset/DIODE/val/outdoor/scene_00022/scan_00197/00022_00197_outdoor_010_010/image.jpg,../../data/moge_dataset/DIODE/val/outdoor/scene_00022/scan_00197/00022_00197_outdoor_010_010/depth.png,../../data/moge_dataset/DIODE/val/outdoor/scene_00022/scan_00197/00022_00197_outdoor_010_010/meta.json,DIODE,../../data/depthanything/moge_dataset/DIODE/val/outdoor/scene_00022/scan_00197/00022_00197_outdoor_010_010/image.png
527,527,../../data/moge_dataset/DIODE/val/outdoor/scene_00022/scan_00197/00022_00197_outdoor_020_000/image.jpg,../../data/moge_dataset/DIODE/val/outdoor/scene_00022/scan_00197/00022_00197_outdoor_020_000/depth.png,../../data/moge_dataset/DIODE/val/outdoor/scene_00022/scan_00197/00022_00197_outdoor_020_000/meta.json,DIODE,../../data/depthanything/moge_dataset/DIODE/val/outdoor/scene_00022/scan_00197/00022_00197_outdoor_020_000/image.png
528,528,../../data/moge_dataset/DIODE/val/outdoor/scene_00022/scan_00197/00022_00197_outdoor_020_020/image.jpg,../../data/moge_dataset/DIODE/val/outdoor/scene_00022/scan_00197/00022_00197_outdoor_020_020/depth.png,../../data/moge_dataset/DIODE/val/outdoor/scene_00022/scan_00197/00022_00197_outdoor_020_020/meta.json,DIODE,../../data/depthanything/moge_dataset/DIODE/val/outdoor/scene_00022/scan_00197/00022_00197_outdoor_020_020/image.png
529,529,../../data/moge_dataset/DIODE/val/outdoor/scene_00022/scan_00197/00022_00197_outdoor_030_010/image.jpg,../../data/moge_dataset/DIODE/val/outdoor/scene_00022/scan_00197/00022_00197_outdoor_030_010/depth.png,../../data/moge_dataset/DIODE/val/outdoor/scene_00022/scan_00197/00022_00197_outdoor_030_010/meta.json,DIODE,../../data/depthanything/moge_dataset/DIODE/val/outdoor/scene_00022/scan_00197/00022_00197_outdoor_030_010/image.png
530,530,../../data/moge_dataset/DIODE/val/outdoor/scene_00022/scan_00197/00022_00197_outdoor_040_000/image.jpg,../../data/moge_dataset/DIODE/val/outdoor/scene_00022/scan_00197/00022_00197_outdoor_040_000/depth.png,../../data/moge_dataset/DIODE/val/outdoor/scene_00022/scan_00197/00022_00197_outdoor_040_000/meta.json,DIODE,../../data/depthanything/moge_dataset/DIODE/val/outdoor/scene_00022/scan_00197/00022_00197_outdoor_040_000/image.png
531,531,../../data/moge_dataset/DIODE/val/outdoor/scene_00022/scan_00197/00022_00197_outdoor_040_020/image.jpg,../../data/moge_dataset/DIODE/val/outdoor/scene_00022/scan_00197/00022_00197_outdoor_040_020/depth.png,../../data/moge_dataset/DIODE/val/outdoor/scene_00022/scan_00197/00022_00197_outdoor_040_020/meta.json,DIODE,../../data/depthanything/moge_dataset/DIODE/val/outdoor/scene_00022/scan_00197/00022_00197_outdoor_040_020/image.png
532,532,../../data/moge_dataset/DIODE/val/outdoor/scene_00022/scan_00197/00022_00197_outdoor_050_010/image.jpg,../../data/moge_dataset/DIODE/val/outdoor/scene_00022/scan_00197/00022_00197_outdoor_050_010/depth.png,../../data/moge_dataset/DIODE/val/outdoor/scene_00022/scan_00197/00022_00197_outdoor_050_010/meta.json,DIODE,../../data/depthanything/moge_dataset/DIODE/val/outdoor/scene_00022/scan_00197/00022_00197_outdoor_050_010/image.png
533,533,../../data/moge_dataset/DIODE/val/outdoor/scene_00022/scan_00197/00022_00197_outdoor_060_020/image.jpg,../../data/moge_dataset/DIODE/val/outdoor/scene_00022/scan_00197/00022_00197_outdoor_060_020/depth.png,../../data/moge_dataset/DIODE/val/outdoor/scene_00022/scan_00197/00022_00197_outdoor_060_020/meta.json,DIODE,../../data/depthanything/moge_dataset/DIODE/val/outdoor/scene_00022/scan_00197/00022_00197_outdoor_060_020/image.png
534,534,../../data/moge_dataset/DIODE/val/outdoor/scene_00022/scan_00197/00022_00197_outdoor_070_000/image.jpg,../../data/moge_dataset/DIODE/val/outdoor/scene_00022/scan_00197/00022_00197_outdoor_070_000/depth.png,../../data/moge_dataset/DIODE/val/outdoor/scene_00022/scan_00197/00022_00197_outdoor_070_000/meta.json,DIODE,../../data/depthanything/moge_dataset/DIODE/val/outdoor/scene_00022/scan_00197/00022_00197_outdoor_070_000/image.png
535,535,../../data/moge_dataset/DIODE/val/outdoor/scene_00022/scan_00197/00022_00197_outdoor_080_010/image.jpg,../../data/moge_dataset/DIODE/val/outdoor/scene_00022/scan_00197/00022_00197_outdoor_080_010/depth.png,../../data/moge_dataset/DIODE/val/outdoor/scene_00022/scan_00197/00022_00197_outdoor_080_010/meta.json,DIODE,../../data/depthanything/moge_dataset/DIODE/val/outdoor/scene_00022/scan_00197/00022_00197_outdoor_080_010/image.png
536,536,../../data/moge_dataset/DIODE/val/outdoor/scene_00022/scan_00197/00022_00197_outdoor_100_000/image.jpg,../../data/moge_dataset/DIODE/val/outdoor/scene_00022/scan_00197/00022_00197_outdoor_100_000/depth.png,../../data/moge_dataset/DIODE/val/outdoor/scene_00022/scan_00197/00022_00197_outdoor_100_000/meta.json,DIODE,../../data/depthanything/moge_dataset/DIODE/val/outdoor/scene_00022/scan_00197/00022_00197_outdoor_100_000/image.png
537,537,../../data/moge_dataset/DIODE/val/outdoor/scene_00022/scan_00197/00022_00197_outdoor_140_040/image.jpg,../../data/moge_dataset/DIODE/val/outdoor/scene_00022/scan_00197/00022_00197_outdoor_140_040/depth.png,../../data/moge_dataset/DIODE/val/outdoor/scene_00022/scan_00197/00022_00197_outdoor_140_040/meta.json,DIODE,../../data/depthanything/moge_dataset/DIODE/val/outdoor/scene_00022/scan_00197/00022_00197_outdoor_140_040/image.png
538,538,../../data/moge_dataset/DIODE/val/outdoor/scene_00022/scan_00197/00022_00197_outdoor_150_030/image.jpg,../../data/moge_dataset/DIODE/val/outdoor/scene_00022/scan_00197/00022_00197_outdoor_150_030/depth.png,../../data/moge_dataset/DIODE/val/outdoor/scene_00022/scan_00197/00022_00197_outdoor_150_030/meta.json,DIODE,../../data/depthanything/moge_dataset/DIODE/val/outdoor/scene_00022/scan_00197/00022_00197_outdoor_150_030/image.png
539,539,../../data/moge_dataset/DIODE/val/outdoor/scene_00022/scan_00197/00022_00197_outdoor_150_050/image.jpg,../../data/moge_dataset/DIODE/val/outdoor/scene_00022/scan_00197/00022_00197_outdoor_150_050/depth.png,../../data/moge_dataset/DIODE/val/outdoor/scene_00022/scan_00197/00022_00197_outdoor_150_050/meta.json,DIODE,../../data/depthanything/moge_dataset/DIODE/val/outdoor/scene_00022/scan_00197/00022_00197_outdoor_150_050/image.png
540,540,../../data/moge_dataset/DIODE/val/outdoor/scene_00022/scan_00197/00022_00197_outdoor_160_010/image.jpg,../../data/moge_dataset/DIODE/val/outdoor/scene_00022/scan_00197/00022_00197_outdoor_160_010/depth.png,../../data/moge_dataset/DIODE/val/outdoor/scene_00022/scan_00197/00022_00197_outdoor_160_010/meta.json,DIODE,../../data/depthanything/moge_dataset/DIODE/val/outdoor/scene_00022/scan_00197/00022_00197_outdoor_160_010/image.png
541,541,../../data/moge_dataset/DIODE/val/outdoor/scene_00022/scan_00197/00022_00197_outdoor_160_040/image.jpg,../../data/moge_dataset/DIODE/val/outdoor/scene_00022/scan_00197/00022_00197_outdoor_160_040/depth.png,../../data/moge_dataset/DIODE/val/outdoor/scene_00022/scan_00197/00022_00197_outdoor_160_040/meta.json,DIODE,../../data/depthanything/moge_dataset/DIODE/val/outdoor/scene_00022/scan_00197/00022_00197_outdoor_160_040/image.png
542,542,../../data/moge_dataset/DIODE/val/outdoor/scene_00022/scan_00197/00022_00197_outdoor_170_030/image.jpg,../../data/moge_dataset/DIODE/val/outdoor/scene_00022/scan_00197/00022_00197_outdoor_170_030/depth.png,../../data/moge_dataset/DIODE/val/outdoor/scene_00022/scan_00197/00022_00197_outdoor_170_030/meta.json,DIODE,../../data/depthanything/moge_dataset/DIODE/val/outdoor/scene_00022/scan_00197/00022_00197_outdoor_170_030/image.png
543,543,../../data/moge_dataset/DIODE/val/outdoor/scene_00022/scan_00197/00022_00197_outdoor_170_050/image.jpg,../../data/moge_dataset/DIODE/val/outdoor/scene_00022/scan_00197/00022_00197_outdoor_170_050/depth.png,../../data/moge_dataset/DIODE/val/outdoor/scene_00022/scan_00197/00022_00197_outdoor_170_050/meta.json,DIODE,../../data/depthanything/moge_dataset/DIODE/val/outdoor/scene_00022/scan_00197/00022_00197_outdoor_170_050/image.png
544,544,../../data/moge_dataset/DIODE/val/outdoor/scene_00022/scan_00197/00022_00197_outdoor_180_000/image.jpg,../../data/moge_dataset/DIODE/val/outdoor/scene_00022/scan_00197/00022_00197_outdoor_180_000/depth.png,../../data/moge_dataset/DIODE/val/outdoor/scene_00022/scan_00197/00022_00197_outdoor_180_000/meta.json,DIODE,../../data/depthanything/moge_dataset/DIODE/val/outdoor/scene_00022/scan_00197/00022_00197_outdoor_180_000/image.png
545,545,../../data/moge_dataset/DIODE/val/outdoor/scene_00022/scan_00197/00022_00197_outdoor_180_020/image.jpg,../../data/moge_dataset/DIODE/val/outdoor/scene_00022/scan_00197/00022_00197_outdoor_180_020/depth.png,../../data/moge_dataset/DIODE/val/outdoor/scene_00022/scan_00197/00022_00197_outdoor_180_020/meta.json,DIODE,../../data/depthanything/moge_dataset/DIODE/val/outdoor/scene_00022/scan_00197/00022_00197_outdoor_180_020/image.png
546,546,../../data/moge_dataset/DIODE/val/outdoor/scene_00022/scan_00197/00022_00197_outdoor_180_040/image.jpg,../../data/moge_dataset/DIODE/val/outdoor/scene_00022/scan_00197/00022_00197_outdoor_180_040/depth.png,../../data/moge_dataset/DIODE/val/outdoor/scene_00022/scan_00197/00022_00197_outdoor_180_040/meta.json,DIODE,../../data/depthanything/moge_dataset/DIODE/val/outdoor/scene_00022/scan_00197/00022_00197_outdoor_180_040/image.png
547,547,../../data/moge_dataset/DIODE/val/outdoor/scene_00022/scan_00197/00022_00197_outdoor_190_010/image.jpg,../../data/moge_dataset/DIODE/val/outdoor/scene_00022/scan_00197/00022_00197_outdoor_190_010/depth.png,../../data/moge_dataset/DIODE/val/outdoor/scene_00022/scan_00197/00022_00197_outdoor_190_010/meta.json,DIODE,../../data/depthanything/moge_dataset/DIODE/val/outdoor/scene_00022/scan_00197/00022_00197_outdoor_190_010/image.png
548,548,../../data/moge_dataset/DIODE/val/outdoor/scene_00022/scan_00197/00022_00197_outdoor_190_030/image.jpg,../../data/moge_dataset/DIODE/val/outdoor/scene_00022/scan_00197/00022_00197_outdoor_190_030/depth.png,../../data/moge_dataset/DIODE/val/outdoor/scene_00022/scan_00197/00022_00197_outdoor_190_030/meta.json,DIODE,../../data/depthanything/moge_dataset/DIODE/val/outdoor/scene_00022/scan_00197/00022_00197_outdoor_190_030/image.png
549,549,../../data/moge_dataset/DIODE/val/outdoor/scene_00022/scan_00197/00022_00197_outdoor_200_000/image.jpg,../../data/moge_dataset/DIODE/val/outdoor/scene_00022/scan_00197/00022_00197_outdoor_200_000/depth.png,../../data/moge_dataset/DIODE/val/outdoor/scene_00022/scan_00197/00022_00197_outdoor_200_000/meta.json,DIODE,../../data/depthanything/moge_dataset/DIODE/val/outdoor/scene_00022/scan_00197/00022_00197_outdoor_200_000/image.png
550,550,../../data/moge_dataset/DIODE/val/outdoor/scene_00022/scan_00197/00022_00197_outdoor_200_020/image.jpg,../../data/moge_dataset/DIODE/val/outdoor/scene_00022/scan_00197/00022_00197_outdoor_200_020/depth.png,../../data/moge_dataset/DIODE/val/outdoor/scene_00022/scan_00197/00022_00197_outdoor_200_020/meta.json,DIODE,../../data/depthanything/moge_dataset/DIODE/val/outdoor/scene_00022/scan_00197/00022_00197_outdoor_200_020/image.png
551,551,../../data/moge_dataset/DIODE/val/outdoor/scene_00022/scan_00197/00022_00197_outdoor_200_050/image.jpg,../../data/moge_dataset/DIODE/val/outdoor/scene_00022/scan_00197/00022_00197_outdoor_200_050/depth.png,../../data/moge_dataset/DIODE/val/outdoor/scene_00022/scan_00197/00022_00197_outdoor_200_050/meta.json,DIODE,../../data/depthanything/moge_dataset/DIODE/val/outdoor/scene_00022/scan_00197/00022_00197_outdoor_200_050/image.png
552,552,../../data/moge_dataset/DIODE/val/outdoor/scene_00022/scan_00197/00022_00197_outdoor_210_010/image.jpg,../../data/moge_dataset/DIODE/val/outdoor/scene_00022/scan_00197/00022_00197_outdoor_210_010/depth.png,../../data/moge_dataset/DIODE/val/outdoor/scene_00022/scan_00197/00022_00197_outdoor_210_010/meta.json,DIODE,../../data/depthanything/moge_dataset/DIODE/val/outdoor/scene_00022/scan_00197/00022_00197_outdoor_210_010/image.png
553,553,../../data/moge_dataset/DIODE/val/outdoor/scene_00022/scan_00197/00022_00197_outdoor_210_030/image.jpg,../../data/moge_dataset/DIODE/val/outdoor/scene_00022/scan_00197/00022_00197_outdoor_210_030/depth.png,../../data/moge_dataset/DIODE/val/outdoor/scene_00022/scan_00197/00022_00197_outdoor_210_030/meta.json,DIODE,../../data/depthanything/moge_dataset/DIODE/val/outdoor/scene_00022/scan_00197/00022_00197_outdoor_210_030/image.png
554,554,../../data/moge_dataset/DIODE/val/outdoor/scene_00022/scan_00197/00022_00197_outdoor_220_020/image.jpg,../../data/moge_dataset/DIODE/val/outdoor/scene_00022/scan_00197/00022_00197_outdoor_220_020/depth.png,../../data/moge_dataset/DIODE/val/outdoor/scene_00022/scan_00197/00022_00197_outdoor_220_020/meta.json,DIODE,../../data/depthanything/moge_dataset/DIODE/val/outdoor/scene_00022/scan_00197/00022_00197_outdoor_220_020/image.png
555,555,../../data/moge_dataset/DIODE/val/outdoor/scene_00022/scan_00197/00022_00197_outdoor_220_040/image.jpg,../../data/moge_dataset/DIODE/val/outdoor/scene_00022/scan_00197/00022_00197_outdoor_220_040/depth.png,../../data/moge_dataset/DIODE/val/outdoor/scene_00022/scan_00197/00022_00197_outdoor_220_040/meta.json,DIODE,../../data/depthanything/moge_dataset/DIODE/val/outdoor/scene_00022/scan_00197/00022_00197_outdoor_220_040/image.png
556,556,../../data/moge_dataset/DIODE/val/outdoor/scene_00022/scan_00197/00022_00197_outdoor_230_010/image.jpg,../../data/moge_dataset/DIODE/val/outdoor/scene_00022/scan_00197/00022_00197_outdoor_230_010/depth.png,../../data/moge_dataset/DIODE/val/outdoor/scene_00022/scan_00197/00022_00197_outdoor_230_010/meta.json,DIODE,../../data/depthanything/moge_dataset/DIODE/val/outdoor/scene_00022/scan_00197/00022_00197_outdoor_230_010/image.png
557,557,../../data/moge_dataset/DIODE/val/outdoor/scene_00022/scan_00197/00022_00197_outdoor_230_030/image.jpg,../../data/moge_dataset/DIODE/val/outdoor/scene_00022/scan_00197/00022_00197_outdoor_230_030/depth.png,../../data/moge_dataset/DIODE/val/outdoor/scene_00022/scan_00197/00022_00197_outdoor_230_030/meta.json,DIODE,../../data/depthanything/moge_dataset/DIODE/val/outdoor/scene_00022/scan_00197/00022_00197_outdoor_230_030/image.png
558,558,../../data/moge_dataset/DIODE/val/outdoor/scene_00022/scan_00197/00022_00197_outdoor_230_050/image.jpg,../../data/moge_dataset/DIODE/val/outdoor/scene_00022/scan_00197/00022_00197_outdoor_230_050/depth.png,../../data/moge_dataset/DIODE/val/outdoor/scene_00022/scan_00197/00022_00197_outdoor_230_050/meta.json,DIODE,../../data/depthanything/moge_dataset/DIODE/val/outdoor/scene_00022/scan_00197/00022_00197_outdoor_230_050/image.png
559,559,../../data/moge_dataset/DIODE/val/outdoor/scene_00022/scan_00197/00022_00197_outdoor_240_000/image.jpg,../../data/moge_dataset/DIODE/val/outdoor/scene_00022/scan_00197/00022_00197_outdoor_240_000/depth.png,../../data/moge_dataset/DIODE/val/outdoor/scene_00022/scan_00197/00022_00197_outdoor_240_000/meta.json,DIODE,../../data/depthanything/moge_dataset/DIODE/val/outdoor/scene_00022/scan_00197/00022_00197_outdoor_240_000/image.png
560,560,../../data/moge_dataset/DIODE/val/outdoor/scene_00022/scan_00197/00022_00197_outdoor_240_020/image.jpg,../../data/moge_dataset/DIODE/val/outdoor/scene_00022/scan_00197/00022_00197_outdoor_240_020/depth.png,../../data/moge_dataset/DIODE/val/outdoor/scene_00022/scan_00197/00022_00197_outdoor_240_020/meta.json,DIODE,../../data/depthanything/moge_dataset/DIODE/val/outdoor/scene_00022/scan_00197/00022_00197_outdoor_240_020/image.png
561,561,../../data/moge_dataset/DIODE/val/outdoor/scene_00022/scan_00197/00022_00197_outdoor_240_040/image.jpg,../../data/moge_dataset/DIODE/val/outdoor/scene_00022/scan_00197/00022_00197_outdoor_240_040/depth.png,../../data/moge_dataset/DIODE/val/outdoor/scene_00022/scan_00197/00022_00197_outdoor_240_040/meta.json,DIODE,../../data/depthanything/moge_dataset/DIODE/val/outdoor/scene_00022/scan_00197/00022_00197_outdoor_240_040/image.png
562,562,../../data/moge_dataset/DIODE/val/outdoor/scene_00022/scan_00197/00022_00197_outdoor_250_010/image.jpg,../../data/moge_dataset/DIODE/val/outdoor/scene_00022/scan_00197/00022_00197_outdoor_250_010/depth.png,../../data/moge_dataset/DIODE/val/outdoor/scene_00022/scan_00197/00022_00197_outdoor_250_010/meta.json,DIODE,../../data/depthanything/moge_dataset/DIODE/val/outdoor/scene_00022/scan_00197/00022_00197_outdoor_250_010/image.png
563,563,../../data/moge_dataset/DIODE/val/outdoor/scene_00022/scan_00197/00022_00197_outdoor_250_030/image.jpg,../../data/moge_dataset/DIODE/val/outdoor/scene_00022/scan_00197/00022_00197_outdoor_250_030/depth.png,../../data/moge_dataset/DIODE/val/outdoor/scene_00022/scan_00197/00022_00197_outdoor_250_030/meta.json,DIODE,../../data/depthanything/moge_dataset/DIODE/val/outdoor/scene_00022/scan_00197/00022_00197_outdoor_250_030/image.png
564,564,../../data/moge_dataset/DIODE/val/outdoor/scene_00022/scan_00197/00022_00197_outdoor_250_050/image.jpg,../../data/moge_dataset/DIODE/val/outdoor/scene_00022/scan_00197/00022_00197_outdoor_250_050/depth.png,../../data/moge_dataset/DIODE/val/outdoor/scene_00022/scan_00197/00022_00197_outdoor_250_050/meta.json,DIODE,../../data/depthanything/moge_dataset/DIODE/val/outdoor/scene_00022/scan_00197/00022_00197_outdoor_250_050/image.png
565,565,../../data/moge_dataset/DIODE/val/outdoor/scene_00022/scan_00197/00022_00197_outdoor_260_020/image.jpg,../../data/moge_dataset/DIODE/val/outdoor/scene_00022/scan_00197/00022_00197_outdoor_260_020/depth.png,../../data/moge_dataset/DIODE/val/outdoor/scene_00022/scan_00197/00022_00197_outdoor_260_020/meta.json,DIODE,../../data/depthanything/moge_dataset/DIODE/val/outdoor/scene_00022/scan_00197/00022_00197_outdoor_260_020/image.png
566,566,../../data/moge_dataset/DIODE/val/outdoor/scene_00022/scan_00197/00022_00197_outdoor_260_040/image.jpg,../../data/moge_dataset/DIODE/val/outdoor/scene_00022/scan_00197/00022_00197_outdoor_260_040/depth.png,../../data/moge_dataset/DIODE/val/outdoor/scene_00022/scan_00197/00022_00197_outdoor_260_040/meta.json,DIODE,../../data/depthanything/moge_dataset/DIODE/val/outdoor/scene_00022/scan_00197/00022_00197_outdoor_260_040/image.png
567,567,../../data/moge_dataset/DIODE/val/outdoor/scene_00022/scan_00197/00022_00197_outdoor_270_000/image.jpg,../../data/moge_dataset/DIODE/val/outdoor/scene_00022/scan_00197/00022_00197_outdoor_270_000/depth.png,../../data/moge_dataset/DIODE/val/outdoor/scene_00022/scan_00197/00022_00197_outdoor_270_000/meta.json,DIODE,../../data/depthanything/moge_dataset/DIODE/val/outdoor/scene_00022/scan_00197/00022_00197_outdoor_270_000/image.png
568,568,../../data/moge_dataset/DIODE/val/outdoor/scene_00022/scan_00197/00022_00197_outdoor_270_030/image.jpg,../../data/moge_dataset/DIODE/val/outdoor/scene_00022/scan_00197/00022_00197_outdoor_270_030/depth.png,../../data/moge_dataset/DIODE/val/outdoor/scene_00022/scan_00197/00022_00197_outdoor_270_030/meta.json,DIODE,../../data/depthanything/moge_dataset/DIODE/val/outdoor/scene_00022/scan_00197/00022_00197_outdoor_270_030/image.png
569,569,../../data/moge_dataset/DIODE/val/outdoor/scene_00022/scan_00197/00022_00197_outdoor_280_010/image.jpg,../../data/moge_dataset/DIODE/val/outdoor/scene_00022/scan_00197/00022_00197_outdoor_280_010/depth.png,../../data/moge_dataset/DIODE/val/outdoor/scene_00022/scan_00197/00022_00197_outdoor_280_010/meta.json,DIODE,../../data/depthanything/moge_dataset/DIODE/val/outdoor/scene_00022/scan_00197/00022_00197_outdoor_280_010/image.png
570,570,../../data/moge_dataset/DIODE/val/outdoor/scene_00022/scan_00197/00022_00197_outdoor_280_050/image.jpg,../../data/moge_dataset/DIODE/val/outdoor/scene_00022/scan_00197/00022_00197_outdoor_280_050/depth.png,../../data/moge_dataset/DIODE/val/outdoor/scene_00022/scan_00197/00022_00197_outdoor_280_050/meta.json,DIODE,../../data/depthanything/moge_dataset/DIODE/val/outdoor/scene_00022/scan_00197/00022_00197_outdoor_280_050/image.png
571,571,../../data/moge_dataset/DIODE/val/outdoor/scene_00022/scan_00197/00022_00197_outdoor_290_000/image.jpg,../../data/moge_dataset/DIODE/val/outdoor/scene_00022/scan_00197/00022_00197_outdoor_290_000/depth.png,../../data/moge_dataset/DIODE/val/outdoor/scene_00022/scan_00197/00022_00197_outdoor_290_000/meta.json,DIODE,../../data/depthanything/moge_dataset/DIODE/val/outdoor/scene_00022/scan_00197/00022_00197_outdoor_290_000/image.png
572,572,../../data/moge_dataset/DIODE/val/outdoor/scene_00022/scan_00197/00022_00197_outdoor_290_020/image.jpg,../../data/moge_dataset/DIODE/val/outdoor/scene_00022/scan_00197/00022_00197_outdoor_290_020/depth.png,../../data/moge_dataset/DIODE/val/outdoor/scene_00022/scan_00197/00022_00197_outdoor_290_020/meta.json,DIODE,../../data/depthanything/moge_dataset/DIODE/val/outdoor/scene_00022/scan_00197/00022_00197_outdoor_290_020/image.png
573,573,../../data/moge_dataset/DIODE/val/outdoor/scene_00022/scan_00197/00022_00197_outdoor_290_040/image.jpg,../../data/moge_dataset/DIODE/val/outdoor/scene_00022/scan_00197/00022_00197_outdoor_290_040/depth.png,../../data/moge_dataset/DIODE/val/outdoor/scene_00022/scan_00197/00022_00197_outdoor_290_040/meta.json,DIODE,../../data/depthanything/moge_dataset/DIODE/val/outdoor/scene_00022/scan_00197/00022_00197_outdoor_290_040/image.png
574,574,../../data/moge_dataset/DIODE/val/outdoor/scene_00022/scan_00197/00022_00197_outdoor_300_010/image.jpg,../../data/moge_dataset/DIODE/val/outdoor/scene_00022/scan_00197/00022_00197_outdoor_300_010/depth.png,../../data/moge_dataset/DIODE/val/outdoor/scene_00022/scan_00197/00022_00197_outdoor_300_010/meta.json,DIODE,../../data/depthanything/moge_dataset/DIODE/val/outdoor/scene_00022/scan_00197/00022_00197_outdoor_300_010/image.png
575,575,../../data/moge_dataset/DIODE/val/outdoor/scene_00022/scan_00197/00022_00197_outdoor_300_030/image.jpg,../../data/moge_dataset/DIODE/val/outdoor/scene_00022/scan_00197/00022_00197_outdoor_300_030/depth.png,../../data/moge_dataset/DIODE/val/outdoor/scene_00022/scan_00197/00022_00197_outdoor_300_030/meta.json,DIODE,../../data/depthanything/moge_dataset/DIODE/val/outdoor/scene_00022/scan_00197/00022_00197_outdoor_300_030/image.png
576,576,../../data/moge_dataset/DIODE/val/outdoor/scene_00022/scan_00197/00022_00197_outdoor_300_050/image.jpg,../../data/moge_dataset/DIODE/val/outdoor/scene_00022/scan_00197/00022_00197_outdoor_300_050/depth.png,../../data/moge_dataset/DIODE/val/outdoor/scene_00022/scan_00197/00022_00197_outdoor_300_050/meta.json,DIODE,../../data/depthanything/moge_dataset/DIODE/val/outdoor/scene_00022/scan_00197/00022_00197_outdoor_300_050/image.png
577,577,../../data/moge_dataset/DIODE/val/outdoor/scene_00022/scan_00197/00022_00197_outdoor_310_000/image.jpg,../../data/moge_dataset/DIODE/val/outdoor/scene_00022/scan_00197/00022_00197_outdoor_310_000/depth.png,../../data/moge_dataset/DIODE/val/outdoor/scene_00022/scan_00197/00022_00197_outdoor_310_000/meta.json,DIODE,../../data/depthanything/moge_dataset/DIODE/val/outdoor/scene_00022/scan_00197/00022_00197_outdoor_310_000/image.png
578,578,../../data/moge_dataset/DIODE/val/outdoor/scene_00022/scan_00197/00022_00197_outdoor_310_020/image.jpg,../../data/moge_dataset/DIODE/val/outdoor/scene_00022/scan_00197/00022_00197_outdoor_310_020/depth.png,../../data/moge_dataset/DIODE/val/outdoor/scene_00022/scan_00197/00022_00197_outdoor_310_020/meta.json,DIODE,../../data/depthanything/moge_dataset/DIODE/val/outdoor/scene_00022/scan_00197/00022_00197_outdoor_310_020/image.png
579,579,../../data/moge_dataset/DIODE/val/outdoor/scene_00022/scan_00197/00022_00197_outdoor_310_040/image.jpg,../../data/moge_dataset/DIODE/val/outdoor/scene_00022/scan_00197/00022_00197_outdoor_310_040/depth.png,../../data/moge_dataset/DIODE/val/outdoor/scene_00022/scan_00197/00022_00197_outdoor_310_040/meta.json,DIODE,../../data/depthanything/moge_dataset/DIODE/val/outdoor/scene_00022/scan_00197/00022_00197_outdoor_310_040/image.png
580,580,../../data/moge_dataset/DIODE/val/outdoor/scene_00022/scan_00197/00022_00197_outdoor_320_010/image.jpg,../../data/moge_dataset/DIODE/val/outdoor/scene_00022/scan_00197/00022_00197_outdoor_320_010/depth.png,../../data/moge_dataset/DIODE/val/outdoor/scene_00022/scan_00197/00022_00197_outdoor_320_010/meta.json,DIODE,../../data/depthanything/moge_dataset/DIODE/val/outdoor/scene_00022/scan_00197/00022_00197_outdoor_320_010/image.png
581,581,../../data/moge_dataset/DIODE/val/outdoor/scene_00022/scan_00197/00022_00197_outdoor_320_030/image.jpg,../../data/moge_dataset/DIODE/val/outdoor/scene_00022/scan_00197/00022_00197_outdoor_320_030/depth.png,../../data/moge_dataset/DIODE/val/outdoor/scene_00022/scan_00197/00022_00197_outdoor_320_030/meta.json,DIODE,../../data/depthanything/moge_dataset/DIODE/val/outdoor/scene_00022/scan_00197/00022_00197_outdoor_320_030/image.png
582,582,../../data/moge_dataset/DIODE/val/outdoor/scene_00022/scan_00197/00022_00197_outdoor_330_000/image.jpg,../../data/moge_dataset/DIODE/val/outdoor/scene_00022/scan_00197/00022_00197_outdoor_330_000/depth.png,../../data/moge_dataset/DIODE/val/outdoor/scene_00022/scan_00197/00022_00197_outdoor_330_000/meta.json,DIODE,../../data/depthanything/moge_dataset/DIODE/val/outdoor/scene_00022/scan_00197/00022_00197_outdoor_330_000/image.png
583,583,../../data/moge_dataset/DIODE/val/outdoor/scene_00022/scan_00197/00022_00197_outdoor_330_020/image.jpg,../../data/moge_dataset/DIODE/val/outdoor/scene_00022/scan_00197/00022_00197_outdoor_330_020/depth.png,../../data/moge_dataset/DIODE/val/outdoor/scene_00022/scan_00197/00022_00197_outdoor_330_020/meta.json,DIODE,../../data/depthanything/moge_dataset/DIODE/val/outdoor/scene_00022/scan_00197/00022_00197_outdoor_330_020/image.png
584,584,../../data/moge_dataset/DIODE/val/outdoor/scene_00022/scan_00197/00022_00197_outdoor_340_010/image.jpg,../../data/moge_dataset/DIODE/val/outdoor/scene_00022/scan_00197/00022_00197_outdoor_340_010/depth.png,../../data/moge_dataset/DIODE/val/outdoor/scene_00022/scan_00197/00022_00197_outdoor_340_010/meta.json,DIODE,../../data/depthanything/moge_dataset/DIODE/val/outdoor/scene_00022/scan_00197/00022_00197_outdoor_340_010/image.png
585,585,../../data/moge_dataset/DIODE/val/outdoor/scene_00022/scan_00197/00022_00197_outdoor_350_020/image.jpg,../../data/moge_dataset/DIODE/val/outdoor/scene_00022/scan_00197/00022_00197_outdoor_350_020/depth.png,../../data/moge_dataset/DIODE/val/outdoor/scene_00022/scan_00197/00022_00197_outdoor_350_020/meta.json,DIODE,../../data/depthanything/moge_dataset/DIODE/val/outdoor/scene_00022/scan_00197/00022_00197_outdoor_350_020/image.png
586,586,../../data/moge_dataset/DIODE/val/outdoor/scene_00023/scan_00198/00023_00198_outdoor_000_020/image.jpg,../../data/moge_dataset/DIODE/val/outdoor/scene_00023/scan_00198/00023_00198_outdoor_000_020/depth.png,../../data/moge_dataset/DIODE/val/outdoor/scene_00023/scan_00198/00023_00198_outdoor_000_020/meta.json,DIODE,../../data/depthanything/moge_dataset/DIODE/val/outdoor/scene_00023/scan_00198/00023_00198_outdoor_000_020/image.png
587,587,../../data/moge_dataset/DIODE/val/outdoor/scene_00023/scan_00198/00023_00198_outdoor_070_020/image.jpg,../../data/moge_dataset/DIODE/val/outdoor/scene_00023/scan_00198/00023_00198_outdoor_070_020/depth.png,../../data/moge_dataset/DIODE/val/outdoor/scene_00023/scan_00198/00023_00198_outdoor_070_020/meta.json,DIODE,../../data/depthanything/moge_dataset/DIODE/val/outdoor/scene_00023/scan_00198/00023_00198_outdoor_070_020/image.png
588,588,../../data/moge_dataset/DIODE/val/outdoor/scene_00023/scan_00198/00023_00198_outdoor_080_000/image.jpg,../../data/moge_dataset/DIODE/val/outdoor/scene_00023/scan_00198/00023_00198_outdoor_080_000/depth.png,../../data/moge_dataset/DIODE/val/outdoor/scene_00023/scan_00198/00023_00198_outdoor_080_000/meta.json,DIODE,../../data/depthanything/moge_dataset/DIODE/val/outdoor/scene_00023/scan_00198/00023_00198_outdoor_080_000/image.png
589,589,../../data/moge_dataset/DIODE/val/outdoor/scene_00023/scan_00198/00023_00198_outdoor_080_030/image.jpg,../../data/moge_dataset/DIODE/val/outdoor/scene_00023/scan_00198/00023_00198_outdoor_080_030/depth.png,../../data/moge_dataset/DIODE/val/outdoor/scene_00023/scan_00198/00023_00198_outdoor_080_030/meta.json,DIODE,../../data/depthanything/moge_dataset/DIODE/val/outdoor/scene_00023/scan_00198/00023_00198_outdoor_080_030/image.png
590,590,../../data/moge_dataset/DIODE/val/outdoor/scene_00023/scan_00198/00023_00198_outdoor_090_010/image.jpg,../../data/moge_dataset/DIODE/val/outdoor/scene_00023/scan_00198/00023_00198_outdoor_090_010/depth.png,../../data/moge_dataset/DIODE/val/outdoor/scene_00023/scan_00198/00023_00198_outdoor_090_010/meta.json,DIODE,../../data/depthanything/moge_dataset/DIODE/val/outdoor/scene_00023/scan_00198/00023_00198_outdoor_090_010/image.png
591,591,../../data/moge_dataset/DIODE/val/outdoor/scene_00023/scan_00198/00023_00198_outdoor_100_000/image.jpg,../../data/moge_dataset/DIODE/val/outdoor/scene_00023/scan_00198/00023_00198_outdoor_100_000/depth.png,../../data/moge_dataset/DIODE/val/outdoor/scene_00023/scan_00198/00023_00198_outdoor_100_000/meta.json,DIODE,../../data/depthanything/moge_dataset/DIODE/val/outdoor/scene_00023/scan_00198/00023_00198_outdoor_100_000/image.png
592,592,../../data/moge_dataset/DIODE/val/outdoor/scene_00023/scan_00198/00023_00198_outdoor_190_000/image.jpg,../../data/moge_dataset/DIODE/val/outdoor/scene_00023/scan_00198/00023_00198_outdoor_190_000/depth.png,../../data/moge_dataset/DIODE/val/outdoor/scene_00023/scan_00198/00023_00198_outdoor_190_000/meta.json,DIODE,../../data/depthanything/moge_dataset/DIODE/val/outdoor/scene_00023/scan_00198/00023_00198_outdoor_190_000/image.png
593,593,../../data/moge_dataset/DIODE/val/outdoor/scene_00023/scan_00198/00023_00198_outdoor_190_020/image.jpg,../../data/moge_dataset/DIODE/val/outdoor/scene_00023/scan_00198/00023_00198_outdoor_190_020/depth.png,../../data/moge_dataset/DIODE/val/outdoor/scene_00023/scan_00198/00023_00198_outdoor_190_020/meta.json,DIODE,../../data/depthanything/moge_dataset/DIODE/val/outdoor/scene_00023/scan_00198/00023_00198_outdoor_190_020/image.png
594,594,../../data/moge_dataset/DIODE/val/outdoor/scene_00023/scan_00198/00023_00198_outdoor_200_010/image.jpg,../../data/moge_dataset/DIODE/val/outdoor/scene_00023/scan_00198/00023_00198_outdoor_200_010/depth.png,../../data/moge_dataset/DIODE/val/outdoor/scene_00023/scan_00198/00023_00198_outdoor_200_010/meta.json,DIODE,../../data/depthanything/moge_dataset/DIODE/val/outdoor/scene_00023/scan_00198/00023_00198_outdoor_200_010/image.png
595,595,../../data/moge_dataset/DIODE/val/outdoor/scene_00023/scan_00198/00023_00198_outdoor_210_000/image.jpg,../../data/moge_dataset/DIODE/val/outdoor/scene_00023/scan_00198/00023_00198_outdoor_210_000/depth.png,../../data/moge_dataset/DIODE/val/outdoor/scene_00023/scan_00198/00023_00198_outdoor_210_000/meta.json,DIODE,../../data/depthanything/moge_dataset/DIODE/val/outdoor/scene_00023/scan_00198/00023_00198_outdoor_210_000/image.png
596,596,../../data/moge_dataset/DIODE/val/outdoor/scene_00023/scan_00198/00023_00198_outdoor_220_010/image.jpg,../../data/moge_dataset/DIODE/val/outdoor/scene_00023/scan_00198/00023_00198_outdoor_220_010/depth.png,../../data/moge_dataset/DIODE/val/outdoor/scene_00023/scan_00198/00023_00198_outdoor_220_010/meta.json,DIODE,../../data/depthanything/moge_dataset/DIODE/val/outdoor/scene_00023/scan_00198/00023_00198_outdoor_220_010/image.png
597,597,../../data/moge_dataset/DIODE/val/outdoor/scene_00023/scan_00198/00023_00198_outdoor_230_000/image.jpg,../../data/moge_dataset/DIODE/val/outdoor/scene_00023/scan_00198/00023_00198_outdoor_230_000/depth.png,../../data/moge_dataset/DIODE/val/outdoor/scene_00023/scan_00198/00023_00198_outdoor_230_000/meta.json,DIODE,../../data/depthanything/moge_dataset/DIODE/val/outdoor/scene_00023/scan_00198/00023_00198_outdoor_230_000/image.png
598,598,../../data/moge_dataset/DIODE/val/outdoor/scene_00023/scan_00198/00023_00198_outdoor_240_020/image.jpg,../../data/moge_dataset/DIODE/val/outdoor/scene_00023/scan_00198/00023_00198_outdoor_240_020/depth.png,../../data/moge_dataset/DIODE/val/outdoor/scene_00023/scan_00198/00023_00198_outdoor_240_020/meta.json,DIODE,../../data/depthanything/moge_dataset/DIODE/val/outdoor/scene_00023/scan_00198/00023_00198_outdoor_240_020/image.png
599,599,../../data/moge_dataset/DIODE/val/outdoor/scene_00023/scan_00198/00023_00198_outdoor_250_010/image.jpg,../../data/moge_dataset/DIODE/val/outdoor/scene_00023/scan_00198/00023_00198_outdoor_250_010/depth.png,../../data/moge_dataset/DIODE/val/outdoor/scene_00023/scan_00198/00023_00198_outdoor_250_010/meta.json,DIODE,../../data/depthanything/moge_dataset/DIODE/val/outdoor/scene_00023/scan_00198/00023_00198_outdoor_250_010/image.png
600,600,../../data/moge_dataset/DIODE/val/outdoor/scene_00023/scan_00198/00023_00198_outdoor_250_030/image.jpg,../../data/moge_dataset/DIODE/val/outdoor/scene_00023/scan_00198/00023_00198_outdoor_250_030/depth.png,../../data/moge_dataset/DIODE/val/outdoor/scene_00023/scan_00198/00023_00198_outdoor_250_030/meta.json,DIODE,../../data/depthanything/moge_dataset/DIODE/val/outdoor/scene_00023/scan_00198/00023_00198_outdoor_250_030/image.png
601,601,../../data/moge_dataset/DIODE/val/outdoor/scene_00023/scan_00198/00023_00198_outdoor_260_000/image.jpg,../../data/moge_dataset/DIODE/val/outdoor/scene_00023/scan_00198/00023_00198_outdoor_260_000/depth.png,../../data/moge_dataset/DIODE/val/outdoor/scene_00023/scan_00198/00023_00198_outdoor_260_000/meta.json,DIODE,../../data/depthanything/moge_dataset/DIODE/val/outdoor/scene_00023/scan_00198/00023_00198_outdoor_260_000/image.png
602,602,../../data/moge_dataset/DIODE/val/outdoor/scene_00023/scan_00198/00023_00198_outdoor_260_020/image.jpg,../../data/moge_dataset/DIODE/val/outdoor/scene_00023/scan_00198/00023_00198_outdoor_260_020/depth.png,../../data/moge_dataset/DIODE/val/outdoor/scene_00023/scan_00198/00023_00198_outdoor_260_020/meta.json,DIODE,../../data/depthanything/moge_dataset/DIODE/val/outdoor/scene_00023/scan_00198/00023_00198_outdoor_260_020/image.png
603,603,../../data/moge_dataset/DIODE/val/outdoor/scene_00023/scan_00198/00023_00198_outdoor_270_010/image.jpg,../../data/moge_dataset/DIODE/val/outdoor/scene_00023/scan_00198/00023_00198_outdoor_270_010/depth.png,../../data/moge_dataset/DIODE/val/outdoor/scene_00023/scan_00198/00023_00198_outdoor_270_010/meta.json,DIODE,../../data/depthanything/moge_dataset/DIODE/val/outdoor/scene_00023/scan_00198/00023_00198_outdoor_270_010/image.png
604,604,../../data/moge_dataset/DIODE/val/outdoor/scene_00023/scan_00198/00023_00198_outdoor_280_000/image.jpg,../../data/moge_dataset/DIODE/val/outdoor/scene_00023/scan_00198/00023_00198_outdoor_280_000/depth.png,../../data/moge_dataset/DIODE/val/outdoor/scene_00023/scan_00198/00023_00198_outdoor_280_000/meta.json,DIODE,../../data/depthanything/moge_dataset/DIODE/val/outdoor/scene_00023/scan_00198/00023_00198_outdoor_280_000/image.png
605,605,../../data/moge_dataset/DIODE/val/outdoor/scene_00023/scan_00198/00023_00198_outdoor_290_020/image.jpg,../../data/moge_dataset/DIODE/val/outdoor/scene_00023/scan_00198/00023_00198_outdoor_290_020/depth.png,../../data/moge_dataset/DIODE/val/outdoor/scene_00023/scan_00198/00023_00198_outdoor_290_020/meta.json,DIODE,../../data/depthanything/moge_dataset/DIODE/val/outdoor/scene_00023/scan_00198/00023_00198_outdoor_290_020/image.png
606,606,../../data/moge_dataset/DIODE/val/outdoor/scene_00023/scan_00198/00023_00198_outdoor_300_010/image.jpg,../../data/moge_dataset/DIODE/val/outdoor/scene_00023/scan_00198/00023_00198_outdoor_300_010/depth.png,../../data/moge_dataset/DIODE/val/outdoor/scene_00023/scan_00198/00023_00198_outdoor_300_010/meta.json,DIODE,../../data/depthanything/moge_dataset/DIODE/val/outdoor/scene_00023/scan_00198/00023_00198_outdoor_300_010/image.png
607,607,../../data/moge_dataset/DIODE/val/outdoor/scene_00023/scan_00198/00023_00198_outdoor_310_000/image.jpg,../../data/moge_dataset/DIODE/val/outdoor/scene_00023/scan_00198/00023_00198_outdoor_310_000/depth.png,../../data/moge_dataset/DIODE/val/outdoor/scene_00023/scan_00198/00023_00198_outdoor_310_000/meta.json,DIODE,../../data/depthanything/moge_dataset/DIODE/val/outdoor/scene_00023/scan_00198/00023_00198_outdoor_310_000/image.png
608,608,../../data/moge_dataset/DIODE/val/outdoor/scene_00023/scan_00198/00023_00198_outdoor_310_020/image.jpg,../../data/moge_dataset/DIODE/val/outdoor/scene_00023/scan_00198/00023_00198_outdoor_310_020/depth.png,../../data/moge_dataset/DIODE/val/outdoor/scene_00023/scan_00198/00023_00198_outdoor_310_020/meta.json,DIODE,../../data/depthanything/moge_dataset/DIODE/val/outdoor/scene_00023/scan_00198/00023_00198_outdoor_310_020/image.png
609,609,../../data/moge_dataset/DIODE/val/outdoor/scene_00023/scan_00198/00023_00198_outdoor_320_010/image.jpg,../../data/moge_dataset/DIODE/val/outdoor/scene_00023/scan_00198/00023_00198_outdoor_320_010/depth.png,../../data/moge_dataset/DIODE/val/outdoor/scene_00023/scan_00198/00023_00198_outdoor_320_010/meta.json,DIODE,../../data/depthanything/moge_dataset/DIODE/val/outdoor/scene_00023/scan_00198/00023_00198_outdoor_320_010/image.png
610,610,../../data/moge_dataset/DIODE/val/outdoor/scene_00023/scan_00198/00023_00198_outdoor_330_000/image.jpg,../../data/moge_dataset/DIODE/val/outdoor/scene_00023/scan_00198/00023_00198_outdoor_330_000/depth.png,../../data/moge_dataset/DIODE/val/outdoor/scene_00023/scan_00198/00023_00198_outdoor_330_000/meta.json,DIODE,../../data/depthanything/moge_dataset/DIODE/val/outdoor/scene_00023/scan_00198/00023_00198_outdoor_330_000/image.png
611,611,../../data/moge_dataset/DIODE/val/outdoor/scene_00023/scan_00198/00023_00198_outdoor_340_020/image.jpg,../../data/moge_dataset/DIODE/val/outdoor/scene_00023/scan_00198/00023_00198_outdoor_340_020/depth.png,../../data/moge_dataset/DIODE/val/outdoor/scene_00023/scan_00198/00023_00198_outdoor_340_020/meta.json,DIODE,../../data/depthanything/moge_dataset/DIODE/val/outdoor/scene_00023/scan_00198/00023_00198_outdoor_340_020/image.png
612,612,../../data/moge_dataset/DIODE/val/outdoor/scene_00023/scan_00198/00023_00198_outdoor_350_010/image.jpg,../../data/moge_dataset/DIODE/val/outdoor/scene_00023/scan_00198/00023_00198_outdoor_350_010/depth.png,../../data/moge_dataset/DIODE/val/outdoor/scene_00023/scan_00198/00023_00198_outdoor_350_010/meta.json,DIODE,../../data/depthanything/moge_dataset/DIODE/val/outdoor/scene_00023/scan_00198/00023_00198_outdoor_350_010/image.png
613,613,../../data/moge_dataset/DIODE/val/outdoor/scene_00023/scan_00199/00023_00199_outdoor_000_020/image.jpg,../../data/moge_dataset/DIODE/val/outdoor/scene_00023/scan_00199/00023_00199_outdoor_000_020/depth.png,../../data/moge_dataset/DIODE/val/outdoor/scene_00023/scan_00199/00023_00199_outdoor_000_020/meta.json,DIODE,../../data/depthanything/moge_dataset/DIODE/val/outdoor/scene_00023/scan_00199/00023_00199_outdoor_000_020/image.png
614,614,../../data/moge_dataset/DIODE/val/outdoor/scene_00023/scan_00199/00023_00199_outdoor_010_000/image.jpg,../../data/moge_dataset/DIODE/val/outdoor/scene_00023/scan_00199/00023_00199_outdoor_010_000/depth.png,../../data/moge_dataset/DIODE/val/outdoor/scene_00023/scan_00199/00023_00199_outdoor_010_000/meta.json,DIODE,../../data/depthanything/moge_dataset/DIODE/val/outdoor/scene_00023/scan_00199/00023_00199_outdoor_010_000/image.png
615,615,../../data/moge_dataset/DIODE/val/outdoor/scene_00023/scan_00199/00023_00199_outdoor_020_010/image.jpg,../../data/moge_dataset/DIODE/val/outdoor/scene_00023/scan_00199/00023_00199_outdoor_020_010/depth.png,../../data/moge_dataset/DIODE/val/outdoor/scene_00023/scan_00199/00023_00199_outdoor_020_010/meta.json,DIODE,../../data/depthanything/moge_dataset/DIODE/val/outdoor/scene_00023/scan_00199/00023_00199_outdoor_020_010/image.png
616,616,../../data/moge_dataset/DIODE/val/outdoor/scene_00023/scan_00199/00023_00199_outdoor_030_000/image.jpg,../../data/moge_dataset/DIODE/val/outdoor/scene_00023/scan_00199/00023_00199_outdoor_030_000/depth.png,../../data/moge_dataset/DIODE/val/outdoor/scene_00023/scan_00199/00023_00199_outdoor_030_000/meta.json,DIODE,../../data/depthanything/moge_dataset/DIODE/val/outdoor/scene_00023/scan_00199/00023_00199_outdoor_030_000/image.png
617,617,../../data/moge_dataset/DIODE/val/outdoor/scene_00023/scan_00199/00023_00199_outdoor_030_020/image.jpg,../../data/moge_dataset/DIODE/val/outdoor/scene_00023/scan_00199/00023_00199_outdoor_030_020/depth.png,../../data/moge_dataset/DIODE/val/outdoor/scene_00023/scan_00199/00023_00199_outdoor_030_020/meta.json,DIODE,../../data/depthanything/moge_dataset/DIODE/val/outdoor/scene_00023/scan_00199/00023_00199_outdoor_030_020/image.png
618,618,../../data/moge_dataset/DIODE/val/outdoor/scene_00023/scan_00199/00023_00199_outdoor_040_010/image.jpg,../../data/moge_dataset/DIODE/val/outdoor/scene_00023/scan_00199/00023_00199_outdoor_040_010/depth.png,../../data/moge_dataset/DIODE/val/outdoor/scene_00023/scan_00199/00023_00199_outdoor_040_010/meta.json,DIODE,../../data/depthanything/moge_dataset/DIODE/val/outdoor/scene_00023/scan_00199/00023_00199_outdoor_040_010/image.png
619,619,../../data/moge_dataset/DIODE/val/outdoor/scene_00023/scan_00199/00023_00199_outdoor_110_000/image.jpg,../../data/moge_dataset/DIODE/val/outdoor/scene_00023/scan_00199/00023_00199_outdoor_110_000/depth.png,../../data/moge_dataset/DIODE/val/outdoor/scene_00023/scan_00199/00023_00199_outdoor_110_000/meta.json,DIODE,../../data/depthanything/moge_dataset/DIODE/val/outdoor/scene_00023/scan_00199/00023_00199_outdoor_110_000/image.png
620,620,../../data/moge_dataset/DIODE/val/outdoor/scene_00023/scan_00199/00023_00199_outdoor_120_010/image.jpg,../../data/moge_dataset/DIODE/val/outdoor/scene_00023/scan_00199/00023_00199_outdoor_120_010/depth.png,../../data/moge_dataset/DIODE/val/outdoor/scene_00023/scan_00199/00023_00199_outdoor_120_010/meta.json,DIODE,../../data/depthanything/moge_dataset/DIODE/val/outdoor/scene_00023/scan_00199/00023_00199_outdoor_120_010/image.png
621,621,../../data/moge_dataset/DIODE/val/outdoor/scene_00023/scan_00199/00023_00199_outdoor_130_020/image.jpg,../../data/moge_dataset/DIODE/val/outdoor/scene_00023/scan_00199/00023_00199_outdoor_130_020/depth.png,../../data/moge_dataset/DIODE/val/outdoor/scene_00023/scan_00199/00023_00199_outdoor_130_020/meta.json,DIODE,../../data/depthanything/moge_dataset/DIODE/val/outdoor/scene_00023/scan_00199/00023_00199_outdoor_130_020/image.png
622,622,../../data/moge_dataset/DIODE/val/outdoor/scene_00023/scan_00199/00023_00199_outdoor_140_010/image.jpg,../../data/moge_dataset/DIODE/val/outdoor/scene_00023/scan_00199/00023_00199_outdoor_140_010/depth.png,../../data/moge_dataset/DIODE/val/outdoor/scene_00023/scan_00199/00023_00199_outdoor_140_010/meta.json,DIODE,../../data/depthanything/moge_dataset/DIODE/val/outdoor/scene_00023/scan_00199/00023_00199_outdoor_140_010/image.png
623,623,../../data/moge_dataset/DIODE/val/outdoor/scene_00023/scan_00199/00023_00199_outdoor_150_030/image.jpg,../../data/moge_dataset/DIODE/val/outdoor/scene_00023/scan_00199/00023_00199_outdoor_150_030/depth.png,../../data/moge_dataset/DIODE/val/outdoor/scene_00023/scan_00199/00023_00199_outdoor_150_030/meta.json,DIODE,../../data/depthanything/moge_dataset/DIODE/val/outdoor/scene_00023/scan_00199/00023_00199_outdoor_150_030/image.png
624,624,../../data/moge_dataset/DIODE/val/outdoor/scene_00023/scan_00199/00023_00199_outdoor_160_020/image.jpg,../../data/moge_dataset/DIODE/val/outdoor/scene_00023/scan_00199/00023_00199_outdoor_160_020/depth.png,../../data/moge_dataset/DIODE/val/outdoor/scene_00023/scan_00199/00023_00199_outdoor_160_020/meta.json,DIODE,../../data/depthanything/moge_dataset/DIODE/val/outdoor/scene_00023/scan_00199/00023_00199_outdoor_160_020/image.png
625,625,../../data/moge_dataset/DIODE/val/outdoor/scene_00023/scan_00199/00023_00199_outdoor_170_010/image.jpg,../../data/moge_dataset/DIODE/val/outdoor/scene_00023/scan_00199/00023_00199_outdoor_170_010/depth.png,../../data/moge_dataset/DIODE/val/outdoor/scene_00023/scan_00199/00023_00199_outdoor_170_010/meta.json,DIODE,../../data/depthanything/moge_dataset/DIODE/val/outdoor/scene_00023/scan_00199/00023_00199_outdoor_170_010/image.png
626,626,../../data/moge_dataset/DIODE/val/outdoor/scene_00023/scan_00199/00023_00199_outdoor_180_000/image.jpg,../../data/moge_dataset/DIODE/val/outdoor/scene_00023/scan_00199/00023_00199_outdoor_180_000/depth.png,../../data/moge_dataset/DIODE/val/outdoor/scene_00023/scan_00199/00023_00199_outdoor_180_000/meta.json,DIODE,../../data/depthanything/moge_dataset/DIODE/val/outdoor/scene_00023/scan_00199/00023_00199_outdoor_180_000/image.png
627,627,../../data/moge_dataset/DIODE/val/outdoor/scene_00023/scan_00199/00023_00199_outdoor_180_020/image.jpg,../../data/moge_dataset/DIODE/val/outdoor/scene_00023/scan_00199/00023_00199_outdoor_180_020/depth.png,../../data/moge_dataset/DIODE/val/outdoor/scene_00023/scan_00199/00023_00199_outdoor_180_020/meta.json,DIODE,../../data/depthanything/moge_dataset/DIODE/val/outdoor/scene_00023/scan_00199/00023_00199_outdoor_180_020/image.png
628,628,../../data/moge_dataset/DIODE/val/outdoor/scene_00023/scan_00199/00023_00199_outdoor_190_010/image.jpg,../../data/moge_dataset/DIODE/val/outdoor/scene_00023/scan_00199/00023_00199_outdoor_190_010/depth.png,../../data/moge_dataset/DIODE/val/outdoor/scene_00023/scan_00199/00023_00199_outdoor_190_010/meta.json,DIODE,../../data/depthanything/moge_dataset/DIODE/val/outdoor/scene_00023/scan_00199/00023_00199_outdoor_190_010/image.png
629,629,../../data/moge_dataset/DIODE/val/outdoor/scene_00023/scan_00199/00023_00199_outdoor_200_000/image.jpg,../../data/moge_dataset/DIODE/val/outdoor/scene_00023/scan_00199/00023_00199_outdoor_200_000/depth.png,../../data/moge_dataset/DIODE/val/outdoor/scene_00023/scan_00199/00023_00199_outdoor_200_000/meta.json,DIODE,../../data/depthanything/moge_dataset/DIODE/val/outdoor/scene_00023/scan_00199/00023_00199_outdoor_200_000/image.png
630,630,../../data/moge_dataset/DIODE/val/outdoor/scene_00023/scan_00199/00023_00199_outdoor_200_020/image.jpg,../../data/moge_dataset/DIODE/val/outdoor/scene_00023/scan_00199/00023_00199_outdoor_200_020/depth.png,../../data/moge_dataset/DIODE/val/outdoor/scene_00023/scan_00199/00023_00199_outdoor_200_020/meta.json,DIODE,../../data/depthanything/moge_dataset/DIODE/val/outdoor/scene_00023/scan_00199/00023_00199_outdoor_200_020/image.png
631,631,../../data/moge_dataset/DIODE/val/outdoor/scene_00023/scan_00199/00023_00199_outdoor_210_010/image.jpg,../../data/moge_dataset/DIODE/val/outdoor/scene_00023/scan_00199/00023_00199_outdoor_210_010/depth.png,../../data/moge_dataset/DIODE/val/outdoor/scene_00023/scan_00199/00023_00199_outdoor_210_010/meta.json,DIODE,../../data/depthanything/moge_dataset/DIODE/val/outdoor/scene_00023/scan_00199/00023_00199_outdoor_210_010/image.png
632,632,../../data/moge_dataset/DIODE/val/outdoor/scene_00023/scan_00199/00023_00199_outdoor_210_030/image.jpg,../../data/moge_dataset/DIODE/val/outdoor/scene_00023/scan_00199/00023_00199_outdoor_210_030/depth.png,../../data/moge_dataset/DIODE/val/outdoor/scene_00023/scan_00199/00023_00199_outdoor_210_030/meta.json,DIODE,../../data/depthanything/moge_dataset/DIODE/val/outdoor/scene_00023/scan_00199/00023_00199_outdoor_210_030/image.png
633,633,../../data/moge_dataset/DIODE/val/outdoor/scene_00023/scan_00199/00023_00199_outdoor_220_000/image.jpg,../../data/moge_dataset/DIODE/val/outdoor/scene_00023/scan_00199/00023_00199_outdoor_220_000/depth.png,../../data/moge_dataset/DIODE/val/outdoor/scene_00023/scan_00199/00023_00199_outdoor_220_000/meta.json,DIODE,../../data/depthanything/moge_dataset/DIODE/val/outdoor/scene_00023/scan_00199/00023_00199_outdoor_220_000/image.png
634,634,../../data/moge_dataset/DIODE/val/outdoor/scene_00023/scan_00199/00023_00199_outdoor_220_020/image.jpg,../../data/moge_dataset/DIODE/val/outdoor/scene_00023/scan_00199/00023_00199_outdoor_220_020/depth.png,../../data/moge_dataset/DIODE/val/outdoor/scene_00023/scan_00199/00023_00199_outdoor_220_020/meta.json,DIODE,../../data/depthanything/moge_dataset/DIODE/val/outdoor/scene_00023/scan_00199/00023_00199_outdoor_220_020/image.png
635,635,../../data/moge_dataset/DIODE/val/outdoor/scene_00023/scan_00199/00023_00199_outdoor_230_010/image.jpg,../../data/moge_dataset/DIODE/val/outdoor/scene_00023/scan_00199/00023_00199_outdoor_230_010/depth.png,../../data/moge_dataset/DIODE/val/outdoor/scene_00023/scan_00199/00023_00199_outdoor_230_010/meta.json,DIODE,../../data/depthanything/moge_dataset/DIODE/val/outdoor/scene_00023/scan_00199/00023_00199_outdoor_230_010/image.png
636,636,../../data/moge_dataset/DIODE/val/outdoor/scene_00023/scan_00199/00023_00199_outdoor_230_030/image.jpg,../../data/moge_dataset/DIODE/val/outdoor/scene_00023/scan_00199/00023_00199_outdoor_230_030/depth.png,../../data/moge_dataset/DIODE/val/outdoor/scene_00023/scan_00199/00023_00199_outdoor_230_030/meta.json,DIODE,../../data/depthanything/moge_dataset/DIODE/val/outdoor/scene_00023/scan_00199/00023_00199_outdoor_230_030/image.png
637,637,../../data/moge_dataset/DIODE/val/outdoor/scene_00023/scan_00199/00023_00199_outdoor_240_000/image.jpg,../../data/moge_dataset/DIODE/val/outdoor/scene_00023/scan_00199/00023_00199_outdoor_240_000/depth.png,../../data/moge_dataset/DIODE/val/outdoor/scene_00023/scan_00199/00023_00199_outdoor_240_000/meta.json,DIODE,../../data/depthanything/moge_dataset/DIODE/val/outdoor/scene_00023/scan_00199/00023_00199_outdoor_240_000/image.png
638,638,../../data/moge_dataset/DIODE/val/outdoor/scene_00023/scan_00199/00023_00199_outdoor_240_020/image.jpg,../../data/moge_dataset/DIODE/val/outdoor/scene_00023/scan_00199/00023_00199_outdoor_240_020/depth.png,../../data/moge_dataset/DIODE/val/outdoor/scene_00023/scan_00199/00023_00199_outdoor_240_020/meta.json,DIODE,../../data/depthanything/moge_dataset/DIODE/val/outdoor/scene_00023/scan_00199/00023_00199_outdoor_240_020/image.png
639,639,../../data/moge_dataset/DIODE/val/outdoor/scene_00023/scan_00199/00023_00199_outdoor_250_010/image.jpg,../../data/moge_dataset/DIODE/val/outdoor/scene_00023/scan_00199/00023_00199_outdoor_250_010/depth.png,../../data/moge_dataset/DIODE/val/outdoor/scene_00023/scan_00199/00023_00199_outdoor_250_010/meta.json,DIODE,../../data/depthanything/moge_dataset/DIODE/val/outdoor/scene_00023/scan_00199/00023_00199_outdoor_250_010/image.png
640,640,../../data/moge_dataset/DIODE/val/outdoor/scene_00023/scan_00199/00023_00199_outdoor_260_000/image.jpg,../../data/moge_dataset/DIODE/val/outdoor/scene_00023/scan_00199/00023_00199_outdoor_260_000/depth.png,../../data/moge_dataset/DIODE/val/outdoor/scene_00023/scan_00199/00023_00199_outdoor_260_000/meta.json,DIODE,../../data/depthanything/moge_dataset/DIODE/val/outdoor/scene_00023/scan_00199/00023_00199_outdoor_260_000/image.png
641,641,../../data/moge_dataset/DIODE/val/outdoor/scene_00023/scan_00199/00023_00199_outdoor_260_020/image.jpg,../../data/moge_dataset/DIODE/val/outdoor/scene_00023/scan_00199/00023_00199_outdoor_260_020/depth.png,../../data/moge_dataset/DIODE/val/outdoor/scene_00023/scan_00199/00023_00199_outdoor_260_020/meta.json,DIODE,../../data/depthanything/moge_dataset/DIODE/val/outdoor/scene_00023/scan_00199/00023_00199_outdoor_260_020/image.png
642,642,../../data/moge_dataset/DIODE/val/outdoor/scene_00023/scan_00199/00023_00199_outdoor_280_010/image.jpg,../../data/moge_dataset/DIODE/val/outdoor/scene_00023/scan_00199/00023_00199_outdoor_280_010/depth.png,../../data/moge_dataset/DIODE/val/outdoor/scene_00023/scan_00199/00023_00199_outdoor_280_010/meta.json,DIODE,../../data/depthanything/moge_dataset/DIODE/val/outdoor/scene_00023/scan_00199/00023_00199_outdoor_280_010/image.png
643,643,../../data/moge_dataset/DIODE/val/outdoor/scene_00023/scan_00199/00023_00199_outdoor_290_000/image.jpg,../../data/moge_dataset/DIODE/val/outdoor/scene_00023/scan_00199/00023_00199_outdoor_290_000/depth.png,../../data/moge_dataset/DIODE/val/outdoor/scene_00023/scan_00199/00023_00199_outdoor_290_000/meta.json,DIODE,../../data/depthanything/moge_dataset/DIODE/val/outdoor/scene_00023/scan_00199/00023_00199_outdoor_290_000/image.png
644,644,../../data/moge_dataset/DIODE/val/outdoor/scene_00023/scan_00199/00023_00199_outdoor_300_010/image.jpg,../../data/moge_dataset/DIODE/val/outdoor/scene_00023/scan_00199/00023_00199_outdoor_300_010/depth.png,../../data/moge_dataset/DIODE/val/outdoor/scene_00023/scan_00199/00023_00199_outdoor_300_010/meta.json,DIODE,../../data/depthanything/moge_dataset/DIODE/val/outdoor/scene_00023/scan_00199/00023_00199_outdoor_300_010/image.png
645,645,../../data/moge_dataset/DIODE/val/outdoor/scene_00023/scan_00199/00023_00199_outdoor_320_000/image.jpg,../../data/moge_dataset/DIODE/val/outdoor/scene_00023/scan_00199/00023_00199_outdoor_320_000/depth.png,../../data/moge_dataset/DIODE/val/outdoor/scene_00023/scan_00199/00023_00199_outdoor_320_000/meta.json,DIODE,../../data/depthanything/moge_dataset/DIODE/val/outdoor/scene_00023/scan_00199/00023_00199_outdoor_320_000/image.png
646,646,../../data/moge_dataset/DIODE/val/outdoor/scene_00023/scan_00199/00023_00199_outdoor_330_010/image.jpg,../../data/moge_dataset/DIODE/val/outdoor/scene_00023/scan_00199/00023_00199_outdoor_330_010/depth.png,../../data/moge_dataset/DIODE/val/outdoor/scene_00023/scan_00199/00023_00199_outdoor_330_010/meta.json,DIODE,../../data/depthanything/moge_dataset/DIODE/val/outdoor/scene_00023/scan_00199/00023_00199_outdoor_330_010/image.png
647,647,../../data/moge_dataset/DIODE/val/outdoor/scene_00023/scan_00199/00023_00199_outdoor_340_000/image.jpg,../../data/moge_dataset/DIODE/val/outdoor/scene_00023/scan_00199/00023_00199_outdoor_340_000/depth.png,../../data/moge_dataset/DIODE/val/outdoor/scene_00023/scan_00199/00023_00199_outdoor_340_000/meta.json,DIODE,../../data/depthanything/moge_dataset/DIODE/val/outdoor/scene_00023/scan_00199/00023_00199_outdoor_340_000/image.png
648,648,../../data/moge_dataset/DIODE/val/outdoor/scene_00023/scan_00199/00023_00199_outdoor_340_020/image.jpg,../../data/moge_dataset/DIODE/val/outdoor/scene_00023/scan_00199/00023_00199_outdoor_340_020/depth.png,../../data/moge_dataset/DIODE/val/outdoor/scene_00023/scan_00199/00023_00199_outdoor_340_020/meta.json,DIODE,../../data/depthanything/moge_dataset/DIODE/val/outdoor/scene_00023/scan_00199/00023_00199_outdoor_340_020/image.png
649,649,../../data/moge_dataset/DIODE/val/outdoor/scene_00023/scan_00199/00023_00199_outdoor_350_010/image.jpg,../../data/moge_dataset/DIODE/val/outdoor/scene_00023/scan_00199/00023_00199_outdoor_350_010/depth.png,../../data/moge_dataset/DIODE/val/outdoor/scene_00023/scan_00199/00023_00199_outdoor_350_010/meta.json,DIODE,../../data/depthanything/moge_dataset/DIODE/val/outdoor/scene_00023/scan_00199/00023_00199_outdoor_350_010/image.png
650,650,../../data/moge_dataset/DIODE/val/outdoor/scene_00023/scan_00199/00023_00199_outdoor_350_040/image.jpg,../../data/moge_dataset/DIODE/val/outdoor/scene_00023/scan_00199/00023_00199_outdoor_350_040/depth.png,../../data/moge_dataset/DIODE/val/outdoor/scene_00023/scan_00199/00023_00199_outdoor_350_040/meta.json,DIODE,../../data/depthanything/moge_dataset/DIODE/val/outdoor/scene_00023/scan_00199/00023_00199_outdoor_350_040/image.png
651,651,../../data/moge_dataset/DIODE/val/outdoor/scene_00023/scan_00200/00023_00200_outdoor_000_010/image.jpg,../../data/moge_dataset/DIODE/val/outdoor/scene_00023/scan_00200/00023_00200_outdoor_000_010/depth.png,../../data/moge_dataset/DIODE/val/outdoor/scene_00023/scan_00200/00023_00200_outdoor_000_010/meta.json,DIODE,../../data/depthanything/moge_dataset/DIODE/val/outdoor/scene_00023/scan_00200/00023_00200_outdoor_000_010/image.png
652,652,../../data/moge_dataset/DIODE/val/outdoor/scene_00023/scan_00200/00023_00200_outdoor_000_050/image.jpg,../../data/moge_dataset/DIODE/val/outdoor/scene_00023/scan_00200/00023_00200_outdoor_000_050/depth.png,../../data/moge_dataset/DIODE/val/outdoor/scene_00023/scan_00200/00023_00200_outdoor_000_050/meta.json,DIODE,../../data/depthanything/moge_dataset/DIODE/val/outdoor/scene_00023/scan_00200/00023_00200_outdoor_000_050/image.png
653,653,../../data/moge_dataset/DIODE/val/outdoor/scene_00023/scan_00200/00023_00200_outdoor_010_000/image.jpg,../../data/moge_dataset/DIODE/val/outdoor/scene_00023/scan_00200/00023_00200_outdoor_010_000/depth.png,../../data/moge_dataset/DIODE/val/outdoor/scene_00023/scan_00200/00023_00200_outdoor_010_000/meta.json,DIODE,../../data/depthanything/moge_dataset/DIODE/val/outdoor/scene_00023/scan_00200/00023_00200_outdoor_010_000/image.png
654,654,../../data/moge_dataset/DIODE/val/outdoor/scene_00023/scan_00200/00023_00200_outdoor_010_020/image.jpg,../../data/moge_dataset/DIODE/val/outdoor/scene_00023/scan_00200/00023_00200_outdoor_010_020/depth.png,../../data/moge_dataset/DIODE/val/outdoor/scene_00023/scan_00200/00023_00200_outdoor_010_020/meta.json,DIODE,../../data/depthanything/moge_dataset/DIODE/val/outdoor/scene_00023/scan_00200/00023_00200_outdoor_010_020/image.png
655,655,../../data/moge_dataset/DIODE/val/outdoor/scene_00023/scan_00200/00023_00200_outdoor_010_040/image.jpg,../../data/moge_dataset/DIODE/val/outdoor/scene_00023/scan_00200/00023_00200_outdoor_010_040/depth.png,../../data/moge_dataset/DIODE/val/outdoor/scene_00023/scan_00200/00023_00200_outdoor_010_040/meta.json,DIODE,../../data/depthanything/moge_dataset/DIODE/val/outdoor/scene_00023/scan_00200/00023_00200_outdoor_010_040/image.png
656,656,../../data/moge_dataset/DIODE/val/outdoor/scene_00023/scan_00200/00023_00200_outdoor_020_010/image.jpg,../../data/moge_dataset/DIODE/val/outdoor/scene_00023/scan_00200/00023_00200_outdoor_020_010/depth.png,../../data/moge_dataset/DIODE/val/outdoor/scene_00023/scan_00200/00023_00200_outdoor_020_010/meta.json,DIODE,../../data/depthanything/moge_dataset/DIODE/val/outdoor/scene_00023/scan_00200/00023_00200_outdoor_020_010/image.png
657,657,../../data/moge_dataset/DIODE/val/outdoor/scene_00023/scan_00200/00023_00200_outdoor_020_030/image.jpg,../../data/moge_dataset/DIODE/val/outdoor/scene_00023/scan_00200/00023_00200_outdoor_020_030/depth.png,../../data/moge_dataset/DIODE/val/outdoor/scene_00023/scan_00200/00023_00200_outdoor_020_030/meta.json,DIODE,../../data/depthanything/moge_dataset/DIODE/val/outdoor/scene_00023/scan_00200/00023_00200_outdoor_020_030/image.png
658,658,../../data/moge_dataset/DIODE/val/outdoor/scene_00023/scan_00200/00023_00200_outdoor_020_050/image.jpg,../../data/moge_dataset/DIODE/val/outdoor/scene_00023/scan_00200/00023_00200_outdoor_020_050/depth.png,../../data/moge_dataset/DIODE/val/outdoor/scene_00023/scan_00200/00023_00200_outdoor_020_050/meta.json,DIODE,../../data/depthanything/moge_dataset/DIODE/val/outdoor/scene_00023/scan_00200/00023_00200_outdoor_020_050/image.png
659,659,../../data/moge_dataset/DIODE/val/outdoor/scene_00023/scan_00200/00023_00200_outdoor_030_000/image.jpg,../../data/moge_dataset/DIODE/val/outdoor/scene_00023/scan_00200/00023_00200_outdoor_030_000/depth.png,../../data/moge_dataset/DIODE/val/outdoor/scene_00023/scan_00200/00023_00200_outdoor_030_000/meta.json,DIODE,../../data/depthanything/moge_dataset/DIODE/val/outdoor/scene_00023/scan_00200/00023_00200_outdoor_030_000/image.png
660,660,../../data/moge_dataset/DIODE/val/outdoor/scene_00023/scan_00200/00023_00200_outdoor_030_020/image.jpg,../../data/moge_dataset/DIODE/val/outdoor/scene_00023/scan_00200/00023_00200_outdoor_030_020/depth.png,../../data/moge_dataset/DIODE/val/outdoor/scene_00023/scan_00200/00023_00200_outdoor_030_020/meta.json,DIODE,../../data/depthanything/moge_dataset/DIODE/val/outdoor/scene_00023/scan_00200/00023_00200_outdoor_030_020/image.png
661,661,../../data/moge_dataset/DIODE/val/outdoor/scene_00023/scan_00200/00023_00200_outdoor_030_040/image.jpg,../../data/moge_dataset/DIODE/val/outdoor/scene_00023/scan_00200/00023_00200_outdoor_030_040/depth.png,../../data/moge_dataset/DIODE/val/outdoor/scene_00023/scan_00200/00023_00200_outdoor_030_040/meta.json,DIODE,../../data/depthanything/moge_dataset/DIODE/val/outdoor/scene_00023/scan_00200/00023_00200_outdoor_030_040/image.png
662,662,../../data/moge_dataset/DIODE/val/outdoor/scene_00023/scan_00200/00023_00200_outdoor_040_010/image.jpg,../../data/moge_dataset/DIODE/val/outdoor/scene_00023/scan_00200/00023_00200_outdoor_040_010/depth.png,../../data/moge_dataset/DIODE/val/outdoor/scene_00023/scan_00200/00023_00200_outdoor_040_010/meta.json,DIODE,../../data/depthanything/moge_dataset/DIODE/val/outdoor/scene_00023/scan_00200/00023_00200_outdoor_040_010/image.png
663,663,../../data/moge_dataset/DIODE/val/outdoor/scene_00023/scan_00200/00023_00200_outdoor_040_030/image.jpg,../../data/moge_dataset/DIODE/val/outdoor/scene_00023/scan_00200/00023_00200_outdoor_040_030/depth.png,../../data/moge_dataset/DIODE/val/outdoor/scene_00023/scan_00200/00023_00200_outdoor_040_030/meta.json,DIODE,../../data/depthanything/moge_dataset/DIODE/val/outdoor/scene_00023/scan_00200/00023_00200_outdoor_040_030/image.png
664,664,../../data/moge_dataset/DIODE/val/outdoor/scene_00023/scan_00200/00023_00200_outdoor_050_000/image.jpg,../../data/moge_dataset/DIODE/val/outdoor/scene_00023/scan_00200/00023_00200_outdoor_050_000/depth.png,../../data/moge_dataset/DIODE/val/outdoor/scene_00023/scan_00200/00023_00200_outdoor_050_000/meta.json,DIODE,../../data/depthanything/moge_dataset/DIODE/val/outdoor/scene_00023/scan_00200/00023_00200_outdoor_050_000/image.png
665,665,../../data/moge_dataset/DIODE/val/outdoor/scene_00023/scan_00200/00023_00200_outdoor_050_020/image.jpg,../../data/moge_dataset/DIODE/val/outdoor/scene_00023/scan_00200/00023_00200_outdoor_050_020/depth.png,../../data/moge_dataset/DIODE/val/outdoor/scene_00023/scan_00200/00023_00200_outdoor_050_020/meta.json,DIODE,../../data/depthanything/moge_dataset/DIODE/val/outdoor/scene_00023/scan_00200/00023_00200_outdoor_050_020/image.png
666,666,../../data/moge_dataset/DIODE/val/outdoor/scene_00023/scan_00200/00023_00200_outdoor_070_010/image.jpg,../../data/moge_dataset/DIODE/val/outdoor/scene_00023/scan_00200/00023_00200_outdoor_070_010/depth.png,../../data/moge_dataset/DIODE/val/outdoor/scene_00023/scan_00200/00023_00200_outdoor_070_010/meta.json,DIODE,../../data/depthanything/moge_dataset/DIODE/val/outdoor/scene_00023/scan_00200/00023_00200_outdoor_070_010/image.png
667,667,../../data/moge_dataset/DIODE/val/outdoor/scene_00023/scan_00200/00023_00200_outdoor_080_000/image.jpg,../../data/moge_dataset/DIODE/val/outdoor/scene_00023/scan_00200/00023_00200_outdoor_080_000/depth.png,../../data/moge_dataset/DIODE/val/outdoor/scene_00023/scan_00200/00023_00200_outdoor_080_000/meta.json,DIODE,../../data/depthanything/moge_dataset/DIODE/val/outdoor/scene_00023/scan_00200/00023_00200_outdoor_080_000/image.png
668,668,../../data/moge_dataset/DIODE/val/outdoor/scene_00023/scan_00200/00023_00200_outdoor_080_020/image.jpg,../../data/moge_dataset/DIODE/val/outdoor/scene_00023/scan_00200/00023_00200_outdoor_080_020/depth.png,../../data/moge_dataset/DIODE/val/outdoor/scene_00023/scan_00200/00023_00200_outdoor_080_020/meta.json,DIODE,../../data/depthanything/moge_dataset/DIODE/val/outdoor/scene_00023/scan_00200/00023_00200_outdoor_080_020/image.png
669,669,../../data/moge_dataset/DIODE/val/outdoor/scene_00023/scan_00200/00023_00200_outdoor_090_010/image.jpg,../../data/moge_dataset/DIODE/val/outdoor/scene_00023/scan_00200/00023_00200_outdoor_090_010/depth.png,../../data/moge_dataset/DIODE/val/outdoor/scene_00023/scan_00200/00023_00200_outdoor_090_010/meta.json,DIODE,../../data/depthanything/moge_dataset/DIODE/val/outdoor/scene_00023/scan_00200/00023_00200_outdoor_090_010/image.png
670,670,../../data/moge_dataset/DIODE/val/outdoor/scene_00023/scan_00200/00023_00200_outdoor_100_000/image.jpg,../../data/moge_dataset/DIODE/val/outdoor/scene_00023/scan_00200/00023_00200_outdoor_100_000/depth.png,../../data/moge_dataset/DIODE/val/outdoor/scene_00023/scan_00200/00023_00200_outdoor_100_000/meta.json,DIODE,../../data/depthanything/moge_dataset/DIODE/val/outdoor/scene_00023/scan_00200/00023_00200_outdoor_100_000/image.png
671,671,../../data/moge_dataset/DIODE/val/outdoor/scene_00023/scan_00200/00023_00200_outdoor_100_020/image.jpg,../../data/moge_dataset/DIODE/val/outdoor/scene_00023/scan_00200/00023_00200_outdoor_100_020/depth.png,../../data/moge_dataset/DIODE/val/outdoor/scene_00023/scan_00200/00023_00200_outdoor_100_020/meta.json,DIODE,../../data/depthanything/moge_dataset/DIODE/val/outdoor/scene_00023/scan_00200/00023_00200_outdoor_100_020/image.png
672,672,../../data/moge_dataset/DIODE/val/outdoor/scene_00023/scan_00200/00023_00200_outdoor_120_010/image.jpg,../../data/moge_dataset/DIODE/val/outdoor/scene_00023/scan_00200/00023_00200_outdoor_120_010/depth.png,../../data/moge_dataset/DIODE/val/outdoor/scene_00023/scan_00200/00023_00200_outdoor_120_010/meta.json,DIODE,../../data/depthanything/moge_dataset/DIODE/val/outdoor/scene_00023/scan_00200/00023_00200_outdoor_120_010/image.png
673,673,../../data/moge_dataset/DIODE/val/outdoor/scene_00023/scan_00200/00023_00200_outdoor_130_000/image.jpg,../../data/moge_dataset/DIODE/val/outdoor/scene_00023/scan_00200/00023_00200_outdoor_130_000/depth.png,../../data/moge_dataset/DIODE/val/outdoor/scene_00023/scan_00200/00023_00200_outdoor_130_000/meta.json,DIODE,../../data/depthanything/moge_dataset/DIODE/val/outdoor/scene_00023/scan_00200/00023_00200_outdoor_130_000/image.png
674,674,../../data/moge_dataset/DIODE/val/outdoor/scene_00023/scan_00200/00023_00200_outdoor_130_020/image.jpg,../../data/moge_dataset/DIODE/val/outdoor/scene_00023/scan_00200/00023_00200_outdoor_130_020/depth.png,../../data/moge_dataset/DIODE/val/outdoor/scene_00023/scan_00200/00023_00200_outdoor_130_020/meta.json,DIODE,../../data/depthanything/moge_dataset/DIODE/val/outdoor/scene_00023/scan_00200/00023_00200_outdoor_130_020/image.png
675,675,../../data/moge_dataset/DIODE/val/outdoor/scene_00023/scan_00200/00023_00200_outdoor_190_030/image.jpg,../../data/moge_dataset/DIODE/val/outdoor/scene_00023/scan_00200/00023_00200_outdoor_190_030/depth.png,../../data/moge_dataset/DIODE/val/outdoor/scene_00023/scan_00200/00023_00200_outdoor_190_030/meta.json,DIODE,../../data/depthanything/moge_dataset/DIODE/val/outdoor/scene_00023/scan_00200/00023_00200_outdoor_190_030/image.png
676,676,../../data/moge_dataset/DIODE/val/outdoor/scene_00023/scan_00200/00023_00200_outdoor_210_030/image.jpg,../../data/moge_dataset/DIODE/val/outdoor/scene_00023/scan_00200/00023_00200_outdoor_210_030/depth.png,../../data/moge_dataset/DIODE/val/outdoor/scene_00023/scan_00200/00023_00200_outdoor_210_030/meta.json,DIODE,../../data/depthanything/moge_dataset/DIODE/val/outdoor/scene_00023/scan_00200/00023_00200_outdoor_210_030/image.png
677,677,../../data/moge_dataset/DIODE/val/outdoor/scene_00023/scan_00200/00023_00200_outdoor_280_030/image.jpg,../../data/moge_dataset/DIODE/val/outdoor/scene_00023/scan_00200/00023_00200_outdoor_280_030/depth.png,../../data/moge_dataset/DIODE/val/outdoor/scene_00023/scan_00200/00023_00200_outdoor_280_030/meta.json,DIODE,../../data/depthanything/moge_dataset/DIODE/val/outdoor/scene_00023/scan_00200/00023_00200_outdoor_280_030/image.png
678,678,../../data/moge_dataset/DIODE/val/outdoor/scene_00023/scan_00200/00023_00200_outdoor_290_000/image.jpg,../../data/moge_dataset/DIODE/val/outdoor/scene_00023/scan_00200/00023_00200_outdoor_290_000/depth.png,../../data/moge_dataset/DIODE/val/outdoor/scene_00023/scan_00200/00023_00200_outdoor_290_000/meta.json,DIODE,../../data/depthanything/moge_dataset/DIODE/val/outdoor/scene_00023/scan_00200/00023_00200_outdoor_290_000/image.png
679,679,../../data/moge_dataset/DIODE/val/outdoor/scene_00023/scan_00200/00023_00200_outdoor_290_020/image.jpg,../../data/moge_dataset/DIODE/val/outdoor/scene_00023/scan_00200/00023_00200_outdoor_290_020/depth.png,../../data/moge_dataset/DIODE/val/outdoor/scene_00023/scan_00200/00023_00200_outdoor_290_020/meta.json,DIODE,../../data/depthanything/moge_dataset/DIODE/val/outdoor/scene_00023/scan_00200/00023_00200_outdoor_290_020/image.png
680,680,../../data/moge_dataset/DIODE/val/outdoor/scene_00023/scan_00200/00023_00200_outdoor_300_010/image.jpg,../../data/moge_dataset/DIODE/val/outdoor/scene_00023/scan_00200/00023_00200_outdoor_300_010/depth.png,../../data/moge_dataset/DIODE/val/outdoor/scene_00023/scan_00200/00023_00200_outdoor_300_010/meta.json,DIODE,../../data/depthanything/moge_dataset/DIODE/val/outdoor/scene_00023/scan_00200/00023_00200_outdoor_300_010/image.png
681,681,../../data/moge_dataset/DIODE/val/outdoor/scene_00023/scan_00200/00023_00200_outdoor_300_040/image.jpg,../../data/moge_dataset/DIODE/val/outdoor/scene_00023/scan_00200/00023_00200_outdoor_300_040/depth.png,../../data/moge_dataset/DIODE/val/outdoor/scene_00023/scan_00200/00023_00200_outdoor_300_040/meta.json,DIODE,../../data/depthanything/moge_dataset/DIODE/val/outdoor/scene_00023/scan_00200/00023_00200_outdoor_300_040/image.png
682,682,../../data/moge_dataset/DIODE/val/outdoor/scene_00023/scan_00200/00023_00200_outdoor_310_000/image.jpg,../../data/moge_dataset/DIODE/val/outdoor/scene_00023/scan_00200/00023_00200_outdoor_310_000/depth.png,../../data/moge_dataset/DIODE/val/outdoor/scene_00023/scan_00200/00023_00200_outdoor_310_000/meta.json,DIODE,../../data/depthanything/moge_dataset/DIODE/val/outdoor/scene_00023/scan_00200/00023_00200_outdoor_310_000/image.png
683,683,../../data/moge_dataset/DIODE/val/outdoor/scene_00023/scan_00200/00023_00200_outdoor_310_020/image.jpg,../../data/moge_dataset/DIODE/val/outdoor/scene_00023/scan_00200/00023_00200_outdoor_310_020/depth.png,../../data/moge_dataset/DIODE/val/outdoor/scene_00023/scan_00200/00023_00200_outdoor_310_020/meta.json,DIODE,../../data/depthanything/moge_dataset/DIODE/val/outdoor/scene_00023/scan_00200/00023_00200_outdoor_310_020/image.png
684,684,../../data/moge_dataset/DIODE/val/outdoor/scene_00023/scan_00200/00023_00200_outdoor_320_010/image.jpg,../../data/moge_dataset/DIODE/val/outdoor/scene_00023/scan_00200/00023_00200_outdoor_320_010/depth.png,../../data/moge_dataset/DIODE/val/outdoor/scene_00023/scan_00200/00023_00200_outdoor_320_010/meta.json,DIODE,../../data/depthanything/moge_dataset/DIODE/val/outdoor/scene_00023/scan_00200/00023_00200_outdoor_320_010/image.png
685,685,../../data/moge_dataset/DIODE/val/outdoor/scene_00023/scan_00200/00023_00200_outdoor_330_000/image.jpg,../../data/moge_dataset/DIODE/val/outdoor/scene_00023/scan_00200/00023_00200_outdoor_330_000/depth.png,../../data/moge_dataset/DIODE/val/outdoor/scene_00023/scan_00200/00023_00200_outdoor_330_000/meta.json,DIODE,../../data/depthanything/moge_dataset/DIODE/val/outdoor/scene_00023/scan_00200/00023_00200_outdoor_330_000/image.png
686,686,../../data/moge_dataset/DIODE/val/outdoor/scene_00023/scan_00200/00023_00200_outdoor_330_030/image.jpg,../../data/moge_dataset/DIODE/val/outdoor/scene_00023/scan_00200/00023_00200_outdoor_330_030/depth.png,../../data/moge_dataset/DIODE/val/outdoor/scene_00023/scan_00200/00023_00200_outdoor_330_030/meta.json,DIODE,../../data/depthanything/moge_dataset/DIODE/val/outdoor/scene_00023/scan_00200/00023_00200_outdoor_330_030/image.png
687,687,../../data/moge_dataset/DIODE/val/outdoor/scene_00023/scan_00200/00023_00200_outdoor_340_010/image.jpg,../../data/moge_dataset/DIODE/val/outdoor/scene_00023/scan_00200/00023_00200_outdoor_340_010/depth.png,../../data/moge_dataset/DIODE/val/outdoor/scene_00023/scan_00200/00023_00200_outdoor_340_010/meta.json,DIODE,../../data/depthanything/moge_dataset/DIODE/val/outdoor/scene_00023/scan_00200/00023_00200_outdoor_340_010/image.png
688,688,../../data/moge_dataset/DIODE/val/outdoor/scene_00023/scan_00200/00023_00200_outdoor_340_040/image.jpg,../../data/moge_dataset/DIODE/val/outdoor/scene_00023/scan_00200/00023_00200_outdoor_340_040/depth.png,../../data/moge_dataset/DIODE/val/outdoor/scene_00023/scan_00200/00023_00200_outdoor_340_040/meta.json,DIODE,../../data/depthanything/moge_dataset/DIODE/val/outdoor/scene_00023/scan_00200/00023_00200_outdoor_340_040/image.png
689,689,../../data/moge_dataset/DIODE/val/outdoor/scene_00023/scan_00200/00023_00200_outdoor_350_000/image.jpg,../../data/moge_dataset/DIODE/val/outdoor/scene_00023/scan_00200/00023_00200_outdoor_350_000/depth.png,../../data/moge_dataset/DIODE/val/outdoor/scene_00023/scan_00200/00023_00200_outdoor_350_000/meta.json,DIODE,../../data/depthanything/moge_dataset/DIODE/val/outdoor/scene_00023/scan_00200/00023_00200_outdoor_350_000/image.png
690,690,../../data/moge_dataset/DIODE/val/outdoor/scene_00023/scan_00200/00023_00200_outdoor_350_030/image.jpg,../../data/moge_dataset/DIODE/val/outdoor/scene_00023/scan_00200/00023_00200_outdoor_350_030/depth.png,../../data/moge_dataset/DIODE/val/outdoor/scene_00023/scan_00200/00023_00200_outdoor_350_030/meta.json,DIODE,../../data/depthanything/moge_dataset/DIODE/val/outdoor/scene_00023/scan_00200/00023_00200_outdoor_350_030/image.png
691,691,../../data/moge_dataset/DIODE/val/outdoor/scene_00024/scan_00201/00024_00201_outdoor_000_000/image.jpg,../../data/moge_dataset/DIODE/val/outdoor/scene_00024/scan_00201/00024_00201_outdoor_000_000/depth.png,../../data/moge_dataset/DIODE/val/outdoor/scene_00024/scan_00201/00024_00201_outdoor_000_000/meta.json,DIODE,../../data/depthanything/moge_dataset/DIODE/val/outdoor/scene_00024/scan_00201/00024_00201_outdoor_000_000/image.png
692,692,../../data/moge_dataset/DIODE/val/outdoor/scene_00024/scan_00201/00024_00201_outdoor_000_020/image.jpg,../../data/moge_dataset/DIODE/val/outdoor/scene_00024/scan_00201/00024_00201_outdoor_000_020/depth.png,../../data/moge_dataset/DIODE/val/outdoor/scene_00024/scan_00201/00024_00201_outdoor_000_020/meta.json,DIODE,../../data/depthanything/moge_dataset/DIODE/val/outdoor/scene_00024/scan_00201/00024_00201_outdoor_000_020/image.png
693,693,../../data/moge_dataset/DIODE/val/outdoor/scene_00024/scan_00201/00024_00201_outdoor_010_010/image.jpg,../../data/moge_dataset/DIODE/val/outdoor/scene_00024/scan_00201/00024_00201_outdoor_010_010/depth.png,../../data/moge_dataset/DIODE/val/outdoor/scene_00024/scan_00201/00024_00201_outdoor_010_010/meta.json,DIODE,../../data/depthanything/moge_dataset/DIODE/val/outdoor/scene_00024/scan_00201/00024_00201_outdoor_010_010/image.png
694,694,../../data/moge_dataset/DIODE/val/outdoor/scene_00024/scan_00201/00024_00201_outdoor_030_000/image.jpg,../../data/moge_dataset/DIODE/val/outdoor/scene_00024/scan_00201/00024_00201_outdoor_030_000/depth.png,../../data/moge_dataset/DIODE/val/outdoor/scene_00024/scan_00201/00024_00201_outdoor_030_000/meta.json,DIODE,../../data/depthanything/moge_dataset/DIODE/val/outdoor/scene_00024/scan_00201/00024_00201_outdoor_030_000/image.png
695,695,../../data/moge_dataset/DIODE/val/outdoor/scene_00024/scan_00201/00024_00201_outdoor_050_030/image.jpg,../../data/moge_dataset/DIODE/val/outdoor/scene_00024/scan_00201/00024_00201_outdoor_050_030/depth.png,../../data/moge_dataset/DIODE/val/outdoor/scene_00024/scan_00201/00024_00201_outdoor_050_030/meta.json,DIODE,../../data/depthanything/moge_dataset/DIODE/val/outdoor/scene_00024/scan_00201/00024_00201_outdoor_050_030/image.png
696,696,../../data/moge_dataset/DIODE/val/outdoor/scene_00024/scan_00201/00024_00201_outdoor_060_000/image.jpg,../../data/moge_dataset/DIODE/val/outdoor/scene_00024/scan_00201/00024_00201_outdoor_060_000/depth.png,../../data/moge_dataset/DIODE/val/outdoor/scene_00024/scan_00201/00024_00201_outdoor_060_000/meta.json,DIODE,../../data/depthanything/moge_dataset/DIODE/val/outdoor/scene_00024/scan_00201/00024_00201_outdoor_060_000/image.png
697,697,../../data/moge_dataset/DIODE/val/outdoor/scene_00024/scan_00201/00024_00201_outdoor_060_040/image.jpg,../../data/moge_dataset/DIODE/val/outdoor/scene_00024/scan_00201/00024_00201_outdoor_060_040/depth.png,../../data/moge_dataset/DIODE/val/outdoor/scene_00024/scan_00201/00024_00201_outdoor_060_040/meta.json,DIODE,../../data/depthanything/moge_dataset/DIODE/val/outdoor/scene_00024/scan_00201/00024_00201_outdoor_060_040/image.png
698,698,../../data/moge_dataset/DIODE/val/outdoor/scene_00024/scan_00201/00024_00201_outdoor_070_010/image.jpg,../../data/moge_dataset/DIODE/val/outdoor/scene_00024/scan_00201/00024_00201_outdoor_070_010/depth.png,../../data/moge_dataset/DIODE/val/outdoor/scene_00024/scan_00201/00024_00201_outdoor_070_010/meta.json,DIODE,../../data/depthanything/moge_dataset/DIODE/val/outdoor/scene_00024/scan_00201/00024_00201_outdoor_070_010/image.png
699,699,../../data/moge_dataset/DIODE/val/outdoor/scene_00024/scan_00201/00024_00201_outdoor_070_030/image.jpg,../../data/moge_dataset/DIODE/val/outdoor/scene_00024/scan_00201/00024_00201_outdoor_070_030/depth.png,../../data/moge_dataset/DIODE/val/outdoor/scene_00024/scan_00201/00024_00201_outdoor_070_030/meta.json,DIODE,../../data/depthanything/moge_dataset/DIODE/val/outdoor/scene_00024/scan_00201/00024_00201_outdoor_070_030/image.png
700,700,../../data/moge_dataset/DIODE/val/outdoor/scene_00024/scan_00201/00024_00201_outdoor_080_000/image.jpg,../../data/moge_dataset/DIODE/val/outdoor/scene_00024/scan_00201/00024_00201_outdoor_080_000/depth.png,../../data/moge_dataset/DIODE/val/outdoor/scene_00024/scan_00201/00024_00201_outdoor_080_000/meta.json,DIODE,../../data/depthanything/moge_dataset/DIODE/val/outdoor/scene_00024/scan_00201/00024_00201_outdoor_080_000/image.png
701,701,../../data/moge_dataset/DIODE/val/outdoor/scene_00024/scan_00201/00024_00201_outdoor_080_020/image.jpg,../../data/moge_dataset/DIODE/val/outdoor/scene_00024/scan_00201/00024_00201_outdoor_080_020/depth.png,../../data/moge_dataset/DIODE/val/outdoor/scene_00024/scan_00201/00024_00201_outdoor_080_020/meta.json,DIODE,../../data/depthanything/moge_dataset/DIODE/val/outdoor/scene_00024/scan_00201/00024_00201_outdoor_080_020/image.png
702,702,../../data/moge_dataset/DIODE/val/outdoor/scene_00024/scan_00201/00024_00201_outdoor_080_040/image.jpg,../../data/moge_dataset/DIODE/val/outdoor/scene_00024/scan_00201/00024_00201_outdoor_080_040/depth.png,../../data/moge_dataset/DIODE/val/outdoor/scene_00024/scan_00201/00024_00201_outdoor_080_040/meta.json,DIODE,../../data/depthanything/moge_dataset/DIODE/val/outdoor/scene_00024/scan_00201/00024_00201_outdoor_080_040/image.png
703,703,../../data/moge_dataset/DIODE/val/outdoor/scene_00024/scan_00201/00024_00201_outdoor_090_010/image.jpg,../../data/moge_dataset/DIODE/val/outdoor/scene_00024/scan_00201/00024_00201_outdoor_090_010/depth.png,../../data/moge_dataset/DIODE/val/outdoor/scene_00024/scan_00201/00024_00201_outdoor_090_010/meta.json,DIODE,../../data/depthanything/moge_dataset/DIODE/val/outdoor/scene_00024/scan_00201/00024_00201_outdoor_090_010/image.png
704,704,../../data/moge_dataset/DIODE/val/outdoor/scene_00024/scan_00201/00024_00201_outdoor_090_030/image.jpg,../../data/moge_dataset/DIODE/val/outdoor/scene_00024/scan_00201/00024_00201_outdoor_090_030/depth.png,../../data/moge_dataset/DIODE/val/outdoor/scene_00024/scan_00201/00024_00201_outdoor_090_030/meta.json,DIODE,../../data/depthanything/moge_dataset/DIODE/val/outdoor/scene_00024/scan_00201/00024_00201_outdoor_090_030/image.png
705,705,../../data/moge_dataset/DIODE/val/outdoor/scene_00024/scan_00201/00024_00201_outdoor_090_050/image.jpg,../../data/moge_dataset/DIODE/val/outdoor/scene_00024/scan_00201/00024_00201_outdoor_090_050/depth.png,../../data/moge_dataset/DIODE/val/outdoor/scene_00024/scan_00201/00024_00201_outdoor_090_050/meta.json,DIODE,../../data/depthanything/moge_dataset/DIODE/val/outdoor/scene_00024/scan_00201/00024_00201_outdoor_090_050/image.png
706,706,../../data/moge_dataset/DIODE/val/outdoor/scene_00024/scan_00201/00024_00201_outdoor_100_000/image.jpg,../../data/moge_dataset/DIODE/val/outdoor/scene_00024/scan_00201/00024_00201_outdoor_100_000/depth.png,../../data/moge_dataset/DIODE/val/outdoor/scene_00024/scan_00201/00024_00201_outdoor_100_000/meta.json,DIODE,../../data/depthanything/moge_dataset/DIODE/val/outdoor/scene_00024/scan_00201/00024_00201_outdoor_100_000/image.png
707,707,../../data/moge_dataset/DIODE/val/outdoor/scene_00024/scan_00201/00024_00201_outdoor_100_020/image.jpg,../../data/moge_dataset/DIODE/val/outdoor/scene_00024/scan_00201/00024_00201_outdoor_100_020/depth.png,../../data/moge_dataset/DIODE/val/outdoor/scene_00024/scan_00201/00024_00201_outdoor_100_020/meta.json,DIODE,../../data/depthanything/moge_dataset/DIODE/val/outdoor/scene_00024/scan_00201/00024_00201_outdoor_100_020/image.png
708,708,../../data/moge_dataset/DIODE/val/outdoor/scene_00024/scan_00201/00024_00201_outdoor_100_040/image.jpg,../../data/moge_dataset/DIODE/val/outdoor/scene_00024/scan_00201/00024_00201_outdoor_100_040/depth.png,../../data/moge_dataset/DIODE/val/outdoor/scene_00024/scan_00201/00024_00201_outdoor_100_040/meta.json,DIODE,../../data/depthanything/moge_dataset/DIODE/val/outdoor/scene_00024/scan_00201/00024_00201_outdoor_100_040/image.png
709,709,../../data/moge_dataset/DIODE/val/outdoor/scene_00024/scan_00201/00024_00201_outdoor_110_010/image.jpg,../../data/moge_dataset/DIODE/val/outdoor/scene_00024/scan_00201/00024_00201_outdoor_110_010/depth.png,../../data/moge_dataset/DIODE/val/outdoor/scene_00024/scan_00201/00024_00201_outdoor_110_010/meta.json,DIODE,../../data/depthanything/moge_dataset/DIODE/val/outdoor/scene_00024/scan_00201/00024_00201_outdoor_110_010/image.png
710,710,../../data/moge_dataset/DIODE/val/outdoor/scene_00024/scan_00201/00024_00201_outdoor_110_030/image.jpg,../../data/moge_dataset/DIODE/val/outdoor/scene_00024/scan_00201/00024_00201_outdoor_110_030/depth.png,../../data/moge_dataset/DIODE/val/outdoor/scene_00024/scan_00201/00024_00201_outdoor_110_030/meta.json,DIODE,../../data/depthanything/moge_dataset/DIODE/val/outdoor/scene_00024/scan_00201/00024_00201_outdoor_110_030/image.png
711,711,../../data/moge_dataset/DIODE/val/outdoor/scene_00024/scan_00201/00024_00201_outdoor_110_050/image.jpg,../../data/moge_dataset/DIODE/val/outdoor/scene_00024/scan_00201/00024_00201_outdoor_110_050/depth.png,../../data/moge_dataset/DIODE/val/outdoor/scene_00024/scan_00201/00024_00201_outdoor_110_050/meta.json,DIODE,../../data/depthanything/moge_dataset/DIODE/val/outdoor/scene_00024/scan_00201/00024_00201_outdoor_110_050/image.png
712,712,../../data/moge_dataset/DIODE/val/outdoor/scene_00024/scan_00201/00024_00201_outdoor_120_000/image.jpg,../../data/moge_dataset/DIODE/val/outdoor/scene_00024/scan_00201/00024_00201_outdoor_120_000/depth.png,../../data/moge_dataset/DIODE/val/outdoor/scene_00024/scan_00201/00024_00201_outdoor_120_000/meta.json,DIODE,../../data/depthanything/moge_dataset/DIODE/val/outdoor/scene_00024/scan_00201/00024_00201_outdoor_120_000/image.png
713,713,../../data/moge_dataset/DIODE/val/outdoor/scene_00024/scan_00201/00024_00201_outdoor_120_020/image.jpg,../../data/moge_dataset/DIODE/val/outdoor/scene_00024/scan_00201/00024_00201_outdoor_120_020/depth.png,../../data/moge_dataset/DIODE/val/outdoor/scene_00024/scan_00201/00024_00201_outdoor_120_020/meta.json,DIODE,../../data/depthanything/moge_dataset/DIODE/val/outdoor/scene_00024/scan_00201/00024_00201_outdoor_120_020/image.png
714,714,../../data/moge_dataset/DIODE/val/outdoor/scene_00024/scan_00201/00024_00201_outdoor_130_010/image.jpg,../../data/moge_dataset/DIODE/val/outdoor/scene_00024/scan_00201/00024_00201_outdoor_130_010/depth.png,../../data/moge_dataset/DIODE/val/outdoor/scene_00024/scan_00201/00024_00201_outdoor_130_010/meta.json,DIODE,../../data/depthanything/moge_dataset/DIODE/val/outdoor/scene_00024/scan_00201/00024_00201_outdoor_130_010/image.png
715,715,../../data/moge_dataset/DIODE/val/outdoor/scene_00024/scan_00201/00024_00201_outdoor_130_040/image.jpg,../../data/moge_dataset/DIODE/val/outdoor/scene_00024/scan_00201/00024_00201_outdoor_130_040/depth.png,../../data/moge_dataset/DIODE/val/outdoor/scene_00024/scan_00201/00024_00201_outdoor_130_040/meta.json,DIODE,../../data/depthanything/moge_dataset/DIODE/val/outdoor/scene_00024/scan_00201/00024_00201_outdoor_130_040/image.png
716,716,../../data/moge_dataset/DIODE/val/outdoor/scene_00024/scan_00201/00024_00201_outdoor_140_020/image.jpg,../../data/moge_dataset/DIODE/val/outdoor/scene_00024/scan_00201/00024_00201_outdoor_140_020/depth.png,../../data/moge_dataset/DIODE/val/outdoor/scene_00024/scan_00201/00024_00201_outdoor_140_020/meta.json,DIODE,../../data/depthanything/moge_dataset/DIODE/val/outdoor/scene_00024/scan_00201/00024_00201_outdoor_140_020/image.png
717,717,../../data/moge_dataset/DIODE/val/outdoor/scene_00024/scan_00201/00024_00201_outdoor_140_050/image.jpg,../../data/moge_dataset/DIODE/val/outdoor/scene_00024/scan_00201/00024_00201_outdoor_140_050/depth.png,../../data/moge_dataset/DIODE/val/outdoor/scene_00024/scan_00201/00024_00201_outdoor_140_050/meta.json,DIODE,../../data/depthanything/moge_dataset/DIODE/val/outdoor/scene_00024/scan_00201/00024_00201_outdoor_140_050/image.png
718,718,../../data/moge_dataset/DIODE/val/outdoor/scene_00024/scan_00201/00024_00201_outdoor_150_030/image.jpg,../../data/moge_dataset/DIODE/val/outdoor/scene_00024/scan_00201/00024_00201_outdoor_150_030/depth.png,../../data/moge_dataset/DIODE/val/outdoor/scene_00024/scan_00201/00024_00201_outdoor_150_030/meta.json,DIODE,../../data/depthanything/moge_dataset/DIODE/val/outdoor/scene_00024/scan_00201/00024_00201_outdoor_150_030/image.png
719,719,../../data/moge_dataset/DIODE/val/outdoor/scene_00024/scan_00201/00024_00201_outdoor_160_040/image.jpg,../../data/moge_dataset/DIODE/val/outdoor/scene_00024/scan_00201/00024_00201_outdoor_160_040/depth.png,../../data/moge_dataset/DIODE/val/outdoor/scene_00024/scan_00201/00024_00201_outdoor_160_040/meta.json,DIODE,../../data/depthanything/moge_dataset/DIODE/val/outdoor/scene_00024/scan_00201/00024_00201_outdoor_160_040/image.png
720,720,../../data/moge_dataset/DIODE/val/outdoor/scene_00024/scan_00201/00024_00201_outdoor_170_020/image.jpg,../../data/moge_dataset/DIODE/val/outdoor/scene_00024/scan_00201/00024_00201_outdoor_170_020/depth.png,../../data/moge_dataset/DIODE/val/outdoor/scene_00024/scan_00201/00024_00201_outdoor_170_020/meta.json,DIODE,../../data/depthanything/moge_dataset/DIODE/val/outdoor/scene_00024/scan_00201/00024_00201_outdoor_170_020/image.png
721,721,../../data/moge_dataset/DIODE/val/outdoor/scene_00024/scan_00201/00024_00201_outdoor_170_050/image.jpg,../../data/moge_dataset/DIODE/val/outdoor/scene_00024/scan_00201/00024_00201_outdoor_170_050/depth.png,../../data/moge_dataset/DIODE/val/outdoor/scene_00024/scan_00201/00024_00201_outdoor_170_050/meta.json,DIODE,../../data/depthanything/moge_dataset/DIODE/val/outdoor/scene_00024/scan_00201/00024_00201_outdoor_170_050/image.png
722,722,../../data/moge_dataset/DIODE/val/outdoor/scene_00024/scan_00201/00024_00201_outdoor_180_030/image.jpg,../../data/moge_dataset/DIODE/val/outdoor/scene_00024/scan_00201/00024_00201_outdoor_180_030/depth.png,../../data/moge_dataset/DIODE/val/outdoor/scene_00024/scan_00201/00024_00201_outdoor_180_030/meta.json,DIODE,../../data/depthanything/moge_dataset/DIODE/val/outdoor/scene_00024/scan_00201/00024_00201_outdoor_180_030/image.png
723,723,../../data/moge_dataset/DIODE/val/outdoor/scene_00024/scan_00201/00024_00201_outdoor_190_000/image.jpg,../../data/moge_dataset/DIODE/val/outdoor/scene_00024/scan_00201/00024_00201_outdoor_190_000/depth.png,../../data/moge_dataset/DIODE/val/outdoor/scene_00024/scan_00201/00024_00201_outdoor_190_000/meta.json,DIODE,../../data/depthanything/moge_dataset/DIODE/val/outdoor/scene_00024/scan_00201/00024_00201_outdoor_190_000/image.png
724,724,../../data/moge_dataset/DIODE/val/outdoor/scene_00024/scan_00201/00024_00201_outdoor_190_020/image.jpg,../../data/moge_dataset/DIODE/val/outdoor/scene_00024/scan_00201/00024_00201_outdoor_190_020/depth.png,../../data/moge_dataset/DIODE/val/outdoor/scene_00024/scan_00201/00024_00201_outdoor_190_020/meta.json,DIODE,../../data/depthanything/moge_dataset/DIODE/val/outdoor/scene_00024/scan_00201/00024_00201_outdoor_190_020/image.png
725,725,../../data/moge_dataset/DIODE/val/outdoor/scene_00024/scan_00201/00024_00201_outdoor_210_020/image.jpg,../../data/moge_dataset/DIODE/val/outdoor/scene_00024/scan_00201/00024_00201_outdoor_210_020/depth.png,../../data/moge_dataset/DIODE/val/outdoor/scene_00024/scan_00201/00024_00201_outdoor_210_020/meta.json,DIODE,../../data/depthanything/moge_dataset/DIODE/val/outdoor/scene_00024/scan_00201/00024_00201_outdoor_210_020/image.png
726,726,../../data/moge_dataset/DIODE/val/outdoor/scene_00024/scan_00201/00024_00201_outdoor_220_030/image.jpg,../../data/moge_dataset/DIODE/val/outdoor/scene_00024/scan_00201/00024_00201_outdoor_220_030/depth.png,../../data/moge_dataset/DIODE/val/outdoor/scene_00024/scan_00201/00024_00201_outdoor_220_030/meta.json,DIODE,../../data/depthanything/moge_dataset/DIODE/val/outdoor/scene_00024/scan_00201/00024_00201_outdoor_220_030/image.png
727,727,../../data/moge_dataset/DIODE/val/outdoor/scene_00024/scan_00201/00024_00201_outdoor_230_010/image.jpg,../../data/moge_dataset/DIODE/val/outdoor/scene_00024/scan_00201/00024_00201_outdoor_230_010/depth.png,../../data/moge_dataset/DIODE/val/outdoor/scene_00024/scan_00201/00024_00201_outdoor_230_010/meta.json,DIODE,../../data/depthanything/moge_dataset/DIODE/val/outdoor/scene_00024/scan_00201/00024_00201_outdoor_230_010/image.png
728,728,../../data/moge_dataset/DIODE/val/outdoor/scene_00024/scan_00201/00024_00201_outdoor_240_000/image.jpg,../../data/moge_dataset/DIODE/val/outdoor/scene_00024/scan_00201/00024_00201_outdoor_240_000/depth.png,../../data/moge_dataset/DIODE/val/outdoor/scene_00024/scan_00201/00024_00201_outdoor_240_000/meta.json,DIODE,../../data/depthanything/moge_dataset/DIODE/val/outdoor/scene_00024/scan_00201/00024_00201_outdoor_240_000/image.png
729,729,../../data/moge_dataset/DIODE/val/outdoor/scene_00024/scan_00201/00024_00201_outdoor_240_020/image.jpg,../../data/moge_dataset/DIODE/val/outdoor/scene_00024/scan_00201/00024_00201_outdoor_240_020/depth.png,../../data/moge_dataset/DIODE/val/outdoor/scene_00024/scan_00201/00024_00201_outdoor_240_020/meta.json,DIODE,../../data/depthanything/moge_dataset/DIODE/val/outdoor/scene_00024/scan_00201/00024_00201_outdoor_240_020/image.png
730,730,../../data/moge_dataset/DIODE/val/outdoor/scene_00024/scan_00201/00024_00201_outdoor_320_000/image.jpg,../../data/moge_dataset/DIODE/val/outdoor/scene_00024/scan_00201/00024_00201_outdoor_320_000/depth.png,../../data/moge_dataset/DIODE/val/outdoor/scene_00024/scan_00201/00024_00201_outdoor_320_000/meta.json,DIODE,../../data/depthanything/moge_dataset/DIODE/val/outdoor/scene_00024/scan_00201/00024_00201_outdoor_320_000/image.png
731,731,../../data/moge_dataset/DIODE/val/outdoor/scene_00024/scan_00201/00024_00201_outdoor_330_010/image.jpg,../../data/moge_dataset/DIODE/val/outdoor/scene_00024/scan_00201/00024_00201_outdoor_330_010/depth.png,../../data/moge_dataset/DIODE/val/outdoor/scene_00024/scan_00201/00024_00201_outdoor_330_010/meta.json,DIODE,../../data/depthanything/moge_dataset/DIODE/val/outdoor/scene_00024/scan_00201/00024_00201_outdoor_330_010/image.png
732,732,../../data/moge_dataset/DIODE/val/outdoor/scene_00024/scan_00201/00024_00201_outdoor_340_000/image.jpg,../../data/moge_dataset/DIODE/val/outdoor/scene_00024/scan_00201/00024_00201_outdoor_340_000/depth.png,../../data/moge_dataset/DIODE/val/outdoor/scene_00024/scan_00201/00024_00201_outdoor_340_000/meta.json,DIODE,../../data/depthanything/moge_dataset/DIODE/val/outdoor/scene_00024/scan_00201/00024_00201_outdoor_340_000/image.png
733,733,../../data/moge_dataset/DIODE/val/outdoor/scene_00024/scan_00201/00024_00201_outdoor_350_010/image.jpg,../../data/moge_dataset/DIODE/val/outdoor/scene_00024/scan_00201/00024_00201_outdoor_350_010/depth.png,../../data/moge_dataset/DIODE/val/outdoor/scene_00024/scan_00201/00024_00201_outdoor_350_010/meta.json,DIODE,../../data/depthanything/moge_dataset/DIODE/val/outdoor/scene_00024/scan_00201/00024_00201_outdoor_350_010/image.png
734,734,../../data/moge_dataset/DIODE/val/outdoor/scene_00024/scan_00202/00024_00202_outdoor_000_030/image.jpg,../../data/moge_dataset/DIODE/val/outdoor/scene_00024/scan_00202/00024_00202_outdoor_000_030/depth.png,../../data/moge_dataset/DIODE/val/outdoor/scene_00024/scan_00202/00024_00202_outdoor_000_030/meta.json,DIODE,../../data/depthanything/moge_dataset/DIODE/val/outdoor/scene_00024/scan_00202/00024_00202_outdoor_000_030/image.png
735,735,../../data/moge_dataset/DIODE/val/outdoor/scene_00024/scan_00202/00024_00202_outdoor_070_010/image.jpg,../../data/moge_dataset/DIODE/val/outdoor/scene_00024/scan_00202/00024_00202_outdoor_070_010/depth.png,../../data/moge_dataset/DIODE/val/outdoor/scene_00024/scan_00202/00024_00202_outdoor_070_010/meta.json,DIODE,../../data/depthanything/moge_dataset/DIODE/val/outdoor/scene_00024/scan_00202/00024_00202_outdoor_070_010/image.png
736,736,../../data/moge_dataset/DIODE/val/outdoor/scene_00024/scan_00202/00024_00202_outdoor_080_030/image.jpg,../../data/moge_dataset/DIODE/val/outdoor/scene_00024/scan_00202/00024_00202_outdoor_080_030/depth.png,../../data/moge_dataset/DIODE/val/outdoor/scene_00024/scan_00202/00024_00202_outdoor_080_030/meta.json,DIODE,../../data/depthanything/moge_dataset/DIODE/val/outdoor/scene_00024/scan_00202/00024_00202_outdoor_080_030/image.png
737,737,../../data/moge_dataset/DIODE/val/outdoor/scene_00024/scan_00202/00024_00202_outdoor_090_020/image.jpg,../../data/moge_dataset/DIODE/val/outdoor/scene_00024/scan_00202/00024_00202_outdoor_090_020/depth.png,../../data/moge_dataset/DIODE/val/outdoor/scene_00024/scan_00202/00024_00202_outdoor_090_020/meta.json,DIODE,../../data/depthanything/moge_dataset/DIODE/val/outdoor/scene_00024/scan_00202/00024_00202_outdoor_090_020/image.png
738,738,../../data/moge_dataset/DIODE/val/outdoor/scene_00024/scan_00202/00024_00202_outdoor_100_000/image.jpg,../../data/moge_dataset/DIODE/val/outdoor/scene_00024/scan_00202/00024_00202_outdoor_100_000/depth.png,../../data/moge_dataset/DIODE/val/outdoor/scene_00024/scan_00202/00024_00202_outdoor_100_000/meta.json,DIODE,../../data/depthanything/moge_dataset/DIODE/val/outdoor/scene_00024/scan_00202/00024_00202_outdoor_100_000/image.png
739,739,../../data/moge_dataset/DIODE/val/outdoor/scene_00024/scan_00202/00024_00202_outdoor_100_030/image.jpg,../../data/moge_dataset/DIODE/val/outdoor/scene_00024/scan_00202/00024_00202_outdoor_100_030/depth.png,../../data/moge_dataset/DIODE/val/outdoor/scene_00024/scan_00202/00024_00202_outdoor_100_030/meta.json,DIODE,../../data/depthanything/moge_dataset/DIODE/val/outdoor/scene_00024/scan_00202/00024_00202_outdoor_100_030/image.png
740,740,../../data/moge_dataset/DIODE/val/outdoor/scene_00024/scan_00202/00024_00202_outdoor_110_020/image.jpg,../../data/moge_dataset/DIODE/val/outdoor/scene_00024/scan_00202/00024_00202_outdoor_110_020/depth.png,../../data/moge_dataset/DIODE/val/outdoor/scene_00024/scan_00202/00024_00202_outdoor_110_020/meta.json,DIODE,../../data/depthanything/moge_dataset/DIODE/val/outdoor/scene_00024/scan_00202/00024_00202_outdoor_110_020/image.png
741,741,../../data/moge_dataset/DIODE/val/outdoor/scene_00024/scan_00202/00024_00202_outdoor_110_040/image.jpg,../../data/moge_dataset/DIODE/val/outdoor/scene_00024/scan_00202/00024_00202_outdoor_110_040/depth.png,../../data/moge_dataset/DIODE/val/outdoor/scene_00024/scan_00202/00024_00202_outdoor_110_040/meta.json,DIODE,../../data/depthanything/moge_dataset/DIODE/val/outdoor/scene_00024/scan_00202/00024_00202_outdoor_110_040/image.png
742,742,../../data/moge_dataset/DIODE/val/outdoor/scene_00024/scan_00202/00024_00202_outdoor_120_000/image.jpg,../../data/moge_dataset/DIODE/val/outdoor/scene_00024/scan_00202/00024_00202_outdoor_120_000/depth.png,../../data/moge_dataset/DIODE/val/outdoor/scene_00024/scan_00202/00024_00202_outdoor_120_000/meta.json,DIODE,../../data/depthanything/moge_dataset/DIODE/val/outdoor/scene_00024/scan_00202/00024_00202_outdoor_120_000/image.png
743,743,../../data/moge_dataset/DIODE/val/outdoor/scene_00024/scan_00202/00024_00202_outdoor_120_030/image.jpg,../../data/moge_dataset/DIODE/val/outdoor/scene_00024/scan_00202/00024_00202_outdoor_120_030/depth.png,../../data/moge_dataset/DIODE/val/outdoor/scene_00024/scan_00202/00024_00202_outdoor_120_030/meta.json,DIODE,../../data/depthanything/moge_dataset/DIODE/val/outdoor/scene_00024/scan_00202/00024_00202_outdoor_120_030/image.png
744,744,../../data/moge_dataset/DIODE/val/outdoor/scene_00024/scan_00202/00024_00202_outdoor_130_020/image.jpg,../../data/moge_dataset/DIODE/val/outdoor/scene_00024/scan_00202/00024_00202_outdoor_130_020/depth.png,../../data/moge_dataset/DIODE/val/outdoor/scene_00024/scan_00202/00024_00202_outdoor_130_020/meta.json,DIODE,../../data/depthanything/moge_dataset/DIODE/val/outdoor/scene_00024/scan_00202/00024_00202_outdoor_130_020/image.png
745,745,../../data/moge_dataset/DIODE/val/outdoor/scene_00024/scan_00202/00024_00202_outdoor_130_040/image.jpg,../../data/moge_dataset/DIODE/val/outdoor/scene_00024/scan_00202/00024_00202_outdoor_130_040/depth.png,../../data/moge_dataset/DIODE/val/outdoor/scene_00024/scan_00202/00024_00202_outdoor_130_040/meta.json,DIODE,../../data/depthanything/moge_dataset/DIODE/val/outdoor/scene_00024/scan_00202/00024_00202_outdoor_130_040/image.png
746,746,../../data/moge_dataset/DIODE/val/outdoor/scene_00024/scan_00202/00024_00202_outdoor_140_000/image.jpg,../../data/moge_dataset/DIODE/val/outdoor/scene_00024/scan_00202/00024_00202_outdoor_140_000/depth.png,../../data/moge_dataset/DIODE/val/outdoor/scene_00024/scan_00202/00024_00202_outdoor_140_000/meta.json,DIODE,../../data/depthanything/moge_dataset/DIODE/val/outdoor/scene_00024/scan_00202/00024_00202_outdoor_140_000/image.png
747,747,../../data/moge_dataset/DIODE/val/outdoor/scene_00024/scan_00202/00024_00202_outdoor_140_030/image.jpg,../../data/moge_dataset/DIODE/val/outdoor/scene_00024/scan_00202/00024_00202_outdoor_140_030/depth.png,../../data/moge_dataset/DIODE/val/outdoor/scene_00024/scan_00202/00024_00202_outdoor_140_030/meta.json,DIODE,../../data/depthanything/moge_dataset/DIODE/val/outdoor/scene_00024/scan_00202/00024_00202_outdoor_140_030/image.png
748,748,../../data/moge_dataset/DIODE/val/outdoor/scene_00024/scan_00202/00024_00202_outdoor_150_020/image.jpg,../../data/moge_dataset/DIODE/val/outdoor/scene_00024/scan_00202/00024_00202_outdoor_150_020/depth.png,../../data/moge_dataset/DIODE/val/outdoor/scene_00024/scan_00202/00024_00202_outdoor_150_020/meta.json,DIODE,../../data/depthanything/moge_dataset/DIODE/val/outdoor/scene_00024/scan_00202/00024_00202_outdoor_150_020/image.png
749,749,../../data/moge_dataset/DIODE/val/outdoor/scene_00024/scan_00202/00024_00202_outdoor_150_040/image.jpg,../../data/moge_dataset/DIODE/val/outdoor/scene_00024/scan_00202/00024_00202_outdoor_150_040/depth.png,../../data/moge_dataset/DIODE/val/outdoor/scene_00024/scan_00202/00024_00202_outdoor_150_040/meta.json,DIODE,../../data/depthanything/moge_dataset/DIODE/val/outdoor/scene_00024/scan_00202/00024_00202_outdoor_150_040/image.png
750,750,../../data/moge_dataset/DIODE/val/outdoor/scene_00024/scan_00202/00024_00202_outdoor_160_010/image.jpg,../../data/moge_dataset/DIODE/val/outdoor/scene_00024/scan_00202/00024_00202_outdoor_160_010/depth.png,../../data/moge_dataset/DIODE/val/outdoor/scene_00024/scan_00202/00024_00202_outdoor_160_010/meta.json,DIODE,../../data/depthanything/moge_dataset/DIODE/val/outdoor/scene_00024/scan_00202/00024_00202_outdoor_160_010/image.png
751,751,../../data/moge_dataset/DIODE/val/outdoor/scene_00024/scan_00202/00024_00202_outdoor_160_030/image.jpg,../../data/moge_dataset/DIODE/val/outdoor/scene_00024/scan_00202/00024_00202_outdoor_160_030/depth.png,../../data/moge_dataset/DIODE/val/outdoor/scene_00024/scan_00202/00024_00202_outdoor_160_030/meta.json,DIODE,../../data/depthanything/moge_dataset/DIODE/val/outdoor/scene_00024/scan_00202/00024_00202_outdoor_160_030/image.png
752,752,../../data/moge_dataset/DIODE/val/outdoor/scene_00024/scan_00202/00024_00202_outdoor_170_000/image.jpg,../../data/moge_dataset/DIODE/val/outdoor/scene_00024/scan_00202/00024_00202_outdoor_170_000/depth.png,../../data/moge_dataset/DIODE/val/outdoor/scene_00024/scan_00202/00024_00202_outdoor_170_000/meta.json,DIODE,../../data/depthanything/moge_dataset/DIODE/val/outdoor/scene_00024/scan_00202/00024_00202_outdoor_170_000/image.png
753,753,../../data/moge_dataset/DIODE/val/outdoor/scene_00024/scan_00202/00024_00202_outdoor_170_020/image.jpg,../../data/moge_dataset/DIODE/val/outdoor/scene_00024/scan_00202/00024_00202_outdoor_170_020/depth.png,../../data/moge_dataset/DIODE/val/outdoor/scene_00024/scan_00202/00024_00202_outdoor_170_020/meta.json,DIODE,../../data/depthanything/moge_dataset/DIODE/val/outdoor/scene_00024/scan_00202/00024_00202_outdoor_170_020/image.png
754,754,../../data/moge_dataset/DIODE/val/outdoor/scene_00024/scan_00202/00024_00202_outdoor_170_040/image.jpg,../../data/moge_dataset/DIODE/val/outdoor/scene_00024/scan_00202/00024_00202_outdoor_170_040/depth.png,../../data/moge_dataset/DIODE/val/outdoor/scene_00024/scan_00202/00024_00202_outdoor_170_040/meta.json,DIODE,../../data/depthanything/moge_dataset/DIODE/val/outdoor/scene_00024/scan_00202/00024_00202_outdoor_170_040/image.png
755,755,../../data/moge_dataset/DIODE/val/outdoor/scene_00024/scan_00202/00024_00202_outdoor_180_010/image.jpg,../../data/moge_dataset/DIODE/val/outdoor/scene_00024/scan_00202/00024_00202_outdoor_180_010/depth.png,../../data/moge_dataset/DIODE/val/outdoor/scene_00024/scan_00202/00024_00202_outdoor_180_010/meta.json,DIODE,../../data/depthanything/moge_dataset/DIODE/val/outdoor/scene_00024/scan_00202/00024_00202_outdoor_180_010/image.png
756,756,../../data/moge_dataset/DIODE/val/outdoor/scene_00024/scan_00202/00024_00202_outdoor_180_030/image.jpg,../../data/moge_dataset/DIODE/val/outdoor/scene_00024/scan_00202/00024_00202_outdoor_180_030/depth.png,../../data/moge_dataset/DIODE/val/outdoor/scene_00024/scan_00202/00024_00202_outdoor_180_030/meta.json,DIODE,../../data/depthanything/moge_dataset/DIODE/val/outdoor/scene_00024/scan_00202/00024_00202_outdoor_180_030/image.png
757,757,../../data/moge_dataset/DIODE/val/outdoor/scene_00024/scan_00202/00024_00202_outdoor_190_000/image.jpg,../../data/moge_dataset/DIODE/val/outdoor/scene_00024/scan_00202/00024_00202_outdoor_190_000/depth.png,../../data/moge_dataset/DIODE/val/outdoor/scene_00024/scan_00202/00024_00202_outdoor_190_000/meta.json,DIODE,../../data/depthanything/moge_dataset/DIODE/val/outdoor/scene_00024/scan_00202/00024_00202_outdoor_190_000/image.png
758,758,../../data/moge_dataset/DIODE/val/outdoor/scene_00024/scan_00202/00024_00202_outdoor_190_020/image.jpg,../../data/moge_dataset/DIODE/val/outdoor/scene_00024/scan_00202/00024_00202_outdoor_190_020/depth.png,../../data/moge_dataset/DIODE/val/outdoor/scene_00024/scan_00202/00024_00202_outdoor_190_020/meta.json,DIODE,../../data/depthanything/moge_dataset/DIODE/val/outdoor/scene_00024/scan_00202/00024_00202_outdoor_190_020/image.png
759,759,../../data/moge_dataset/DIODE/val/outdoor/scene_00024/scan_00202/00024_00202_outdoor_200_010/image.jpg,../../data/moge_dataset/DIODE/val/outdoor/scene_00024/scan_00202/00024_00202_outdoor_200_010/depth.png,../../data/moge_dataset/DIODE/val/outdoor/scene_00024/scan_00202/00024_00202_outdoor_200_010/meta.json,DIODE,../../data/depthanything/moge_dataset/DIODE/val/outdoor/scene_00024/scan_00202/00024_00202_outdoor_200_010/image.png
760,760,../../data/moge_dataset/DIODE/val/outdoor/scene_00024/scan_00202/00024_00202_outdoor_200_040/image.jpg,../../data/moge_dataset/DIODE/val/outdoor/scene_00024/scan_00202/00024_00202_outdoor_200_040/depth.png,../../data/moge_dataset/DIODE/val/outdoor/scene_00024/scan_00202/00024_00202_outdoor_200_040/meta.json,DIODE,../../data/depthanything/moge_dataset/DIODE/val/outdoor/scene_00024/scan_00202/00024_00202_outdoor_200_040/image.png
761,761,../../data/moge_dataset/DIODE/val/outdoor/scene_00024/scan_00202/00024_00202_outdoor_210_000/image.jpg,../../data/moge_dataset/DIODE/val/outdoor/scene_00024/scan_00202/00024_00202_outdoor_210_000/depth.png,../../data/moge_dataset/DIODE/val/outdoor/scene_00024/scan_00202/00024_00202_outdoor_210_000/meta.json,DIODE,../../data/depthanything/moge_dataset/DIODE/val/outdoor/scene_00024/scan_00202/00024_00202_outdoor_210_000/image.png
762,762,../../data/moge_dataset/DIODE/val/outdoor/scene_00024/scan_00202/00024_00202_outdoor_210_030/image.jpg,../../data/moge_dataset/DIODE/val/outdoor/scene_00024/scan_00202/00024_00202_outdoor_210_030/depth.png,../../data/moge_dataset/DIODE/val/outdoor/scene_00024/scan_00202/00024_00202_outdoor_210_030/meta.json,DIODE,../../data/depthanything/moge_dataset/DIODE/val/outdoor/scene_00024/scan_00202/00024_00202_outdoor_210_030/image.png
763,763,../../data/moge_dataset/DIODE/val/outdoor/scene_00024/scan_00202/00024_00202_outdoor_220_020/image.jpg,../../data/moge_dataset/DIODE/val/outdoor/scene_00024/scan_00202/00024_00202_outdoor_220_020/depth.png,../../data/moge_dataset/DIODE/val/outdoor/scene_00024/scan_00202/00024_00202_outdoor_220_020/meta.json,DIODE,../../data/depthanything/moge_dataset/DIODE/val/outdoor/scene_00024/scan_00202/00024_00202_outdoor_220_020/image.png
764,764,../../data/moge_dataset/DIODE/val/outdoor/scene_00024/scan_00202/00024_00202_outdoor_220_040/image.jpg,../../data/moge_dataset/DIODE/val/outdoor/scene_00024/scan_00202/00024_00202_outdoor_220_040/depth.png,../../data/moge_dataset/DIODE/val/outdoor/scene_00024/scan_00202/00024_00202_outdoor_220_040/meta.json,DIODE,../../data/depthanything/moge_dataset/DIODE/val/outdoor/scene_00024/scan_00202/00024_00202_outdoor_220_040/image.png
765,765,../../data/moge_dataset/DIODE/val/outdoor/scene_00024/scan_00202/00024_00202_outdoor_230_010/image.jpg,../../data/moge_dataset/DIODE/val/outdoor/scene_00024/scan_00202/00024_00202_outdoor_230_010/depth.png,../../data/moge_dataset/DIODE/val/outdoor/scene_00024/scan_00202/00024_00202_outdoor_230_010/meta.json,DIODE,../../data/depthanything/moge_dataset/DIODE/val/outdoor/scene_00024/scan_00202/00024_00202_outdoor_230_010/image.png
766,766,../../data/moge_dataset/DIODE/val/outdoor/scene_00024/scan_00202/00024_00202_outdoor_300_030/image.jpg,../../data/moge_dataset/DIODE/val/outdoor/scene_00024/scan_00202/00024_00202_outdoor_300_030/depth.png,../../data/moge_dataset/DIODE/val/outdoor/scene_00024/scan_00202/00024_00202_outdoor_300_030/meta.json,DIODE,../../data/depthanything/moge_dataset/DIODE/val/outdoor/scene_00024/scan_00202/00024_00202_outdoor_300_030/image.png
767,767,../../data/moge_dataset/DIODE/val/outdoor/scene_00024/scan_00202/00024_00202_outdoor_310_040/image.jpg,../../data/moge_dataset/DIODE/val/outdoor/scene_00024/scan_00202/00024_00202_outdoor_310_040/depth.png,../../data/moge_dataset/DIODE/val/outdoor/scene_00024/scan_00202/00024_00202_outdoor_310_040/meta.json,DIODE,../../data/depthanything/moge_dataset/DIODE/val/outdoor/scene_00024/scan_00202/00024_00202_outdoor_310_040/image.png
768,768,../../data/moge_dataset/DIODE/val/outdoor/scene_00024/scan_00202/00024_00202_outdoor_320_030/image.jpg,../../data/moge_dataset/DIODE/val/outdoor/scene_00024/scan_00202/00024_00202_outdoor_320_030/depth.png,../../data/moge_dataset/DIODE/val/outdoor/scene_00024/scan_00202/00024_00202_outdoor_320_030/meta.json,DIODE,../../data/depthanything/moge_dataset/DIODE/val/outdoor/scene_00024/scan_00202/00024_00202_outdoor_320_030/image.png
769,769,../../data/moge_dataset/DIODE/val/outdoor/scene_00024/scan_00202/00024_00202_outdoor_330_040/image.jpg,../../data/moge_dataset/DIODE/val/outdoor/scene_00024/scan_00202/00024_00202_outdoor_330_040/depth.png,../../data/moge_dataset/DIODE/val/outdoor/scene_00024/scan_00202/00024_00202_outdoor_330_040/meta.json,DIODE,../../data/depthanything/moge_dataset/DIODE/val/outdoor/scene_00024/scan_00202/00024_00202_outdoor_330_040/image.png
770,770,../../data/moge_dataset/DIODE/val/outdoor/scene_00024/scan_00202/00024_00202_outdoor_340_030/image.jpg,../../data/moge_dataset/DIODE/val/outdoor/scene_00024/scan_00202/00024_00202_outdoor_340_030/depth.png,../../data/moge_dataset/DIODE/val/outdoor/scene_00024/scan_00202/00024_00202_outdoor_340_030/meta.json,DIODE,../../data/depthanything/moge_dataset/DIODE/val/outdoor/scene_00024/scan_00202/00024_00202_outdoor_340_030/image.png
