,Unnamed: 0,image,depth,meta,dataset,control_geo
0,0,../../data/moge_dataset/ETH3D/courtyard/DSC_0286/image.jpg,../../data/moge_dataset/ETH3D/courtyard/DSC_0286/depth.png,../../data/moge_dataset/ETH3D/courtyard/DSC_0286/meta.json,ETH3D,../../data/depthanything/moge_dataset/ETH3D/courtyard/DSC_0286/image.png
1,1,../../data/moge_dataset/ETH3D/courtyard/DSC_0287/image.jpg,../../data/moge_dataset/ETH3D/courtyard/DSC_0287/depth.png,../../data/moge_dataset/ETH3D/courtyard/DSC_0287/meta.json,ETH3D,../../data/depthanything/moge_dataset/ETH3D/courtyard/DSC_0287/image.png
2,2,../../data/moge_dataset/ETH3D/courtyard/DSC_0288/image.jpg,../../data/moge_dataset/ETH3D/courtyard/DSC_0288/depth.png,../../data/moge_dataset/ETH3D/courtyard/DSC_0288/meta.json,ETH3D,../../data/depthanything/moge_dataset/ETH3D/courtyard/DSC_0288/image.png
3,3,../../data/moge_dataset/ETH3D/courtyard/DSC_0289/image.jpg,../../data/moge_dataset/ETH3D/courtyard/DSC_0289/depth.png,../../data/moge_dataset/ETH3D/courtyard/DSC_0289/meta.json,ETH3D,../../data/depthanything/moge_dataset/ETH3D/courtyard/DSC_0289/image.png
4,4,../../data/moge_dataset/ETH3D/courtyard/DSC_0290/image.jpg,../../data/moge_dataset/ETH3D/courtyard/DSC_0290/depth.png,../../data/moge_dataset/ETH3D/courtyard/DSC_0290/meta.json,ETH3D,../../data/depthanything/moge_dataset/ETH3D/courtyard/DSC_0290/image.png
5,5,../../data/moge_dataset/ETH3D/courtyard/DSC_0291/image.jpg,../../data/moge_dataset/ETH3D/courtyard/DSC_0291/depth.png,../../data/moge_dataset/ETH3D/courtyard/DSC_0291/meta.json,ETH3D,../../data/depthanything/moge_dataset/ETH3D/courtyard/DSC_0291/image.png
6,6,../../data/moge_dataset/ETH3D/courtyard/DSC_0292/image.jpg,../../data/moge_dataset/ETH3D/courtyard/DSC_0292/depth.png,../../data/moge_dataset/ETH3D/courtyard/DSC_0292/meta.json,ETH3D,../../data/depthanything/moge_dataset/ETH3D/courtyard/DSC_0292/image.png
7,7,../../data/moge_dataset/ETH3D/courtyard/DSC_0293/image.jpg,../../data/moge_dataset/ETH3D/courtyard/DSC_0293/depth.png,../../data/moge_dataset/ETH3D/courtyard/DSC_0293/meta.json,ETH3D,../../data/depthanything/moge_dataset/ETH3D/courtyard/DSC_0293/image.png
8,8,../../data/moge_dataset/ETH3D/courtyard/DSC_0294/image.jpg,../../data/moge_dataset/ETH3D/courtyard/DSC_0294/depth.png,../../data/moge_dataset/ETH3D/courtyard/DSC_0294/meta.json,ETH3D,../../data/depthanything/moge_dataset/ETH3D/courtyard/DSC_0294/image.png
9,9,../../data/moge_dataset/ETH3D/courtyard/DSC_0295/image.jpg,../../data/moge_dataset/ETH3D/courtyard/DSC_0295/depth.png,../../data/moge_dataset/ETH3D/courtyard/DSC_0295/meta.json,ETH3D,../../data/depthanything/moge_dataset/ETH3D/courtyard/DSC_0295/image.png
10,10,../../data/moge_dataset/ETH3D/courtyard/DSC_0296/image.jpg,../../data/moge_dataset/ETH3D/courtyard/DSC_0296/depth.png,../../data/moge_dataset/ETH3D/courtyard/DSC_0296/meta.json,ETH3D,../../data/depthanything/moge_dataset/ETH3D/courtyard/DSC_0296/image.png
11,11,../../data/moge_dataset/ETH3D/courtyard/DSC_0297/image.jpg,../../data/moge_dataset/ETH3D/courtyard/DSC_0297/depth.png,../../data/moge_dataset/ETH3D/courtyard/DSC_0297/meta.json,ETH3D,../../data/depthanything/moge_dataset/ETH3D/courtyard/DSC_0297/image.png
12,12,../../data/moge_dataset/ETH3D/courtyard/DSC_0298/image.jpg,../../data/moge_dataset/ETH3D/courtyard/DSC_0298/depth.png,../../data/moge_dataset/ETH3D/courtyard/DSC_0298/meta.json,ETH3D,../../data/depthanything/moge_dataset/ETH3D/courtyard/DSC_0298/image.png
13,13,../../data/moge_dataset/ETH3D/courtyard/DSC_0299/image.jpg,../../data/moge_dataset/ETH3D/courtyard/DSC_0299/depth.png,../../data/moge_dataset/ETH3D/courtyard/DSC_0299/meta.json,ETH3D,../../data/depthanything/moge_dataset/ETH3D/courtyard/DSC_0299/image.png
14,14,../../data/moge_dataset/ETH3D/courtyard/DSC_0300/image.jpg,../../data/moge_dataset/ETH3D/courtyard/DSC_0300/depth.png,../../data/moge_dataset/ETH3D/courtyard/DSC_0300/meta.json,ETH3D,../../data/depthanything/moge_dataset/ETH3D/courtyard/DSC_0300/image.png
15,15,../../data/moge_dataset/ETH3D/courtyard/DSC_0301/image.jpg,../../data/moge_dataset/ETH3D/courtyard/DSC_0301/depth.png,../../data/moge_dataset/ETH3D/courtyard/DSC_0301/meta.json,ETH3D,../../data/depthanything/moge_dataset/ETH3D/courtyard/DSC_0301/image.png
16,16,../../data/moge_dataset/ETH3D/courtyard/DSC_0302/image.jpg,../../data/moge_dataset/ETH3D/courtyard/DSC_0302/depth.png,../../data/moge_dataset/ETH3D/courtyard/DSC_0302/meta.json,ETH3D,../../data/depthanything/moge_dataset/ETH3D/courtyard/DSC_0302/image.png
17,17,../../data/moge_dataset/ETH3D/courtyard/DSC_0303/image.jpg,../../data/moge_dataset/ETH3D/courtyard/DSC_0303/depth.png,../../data/moge_dataset/ETH3D/courtyard/DSC_0303/meta.json,ETH3D,../../data/depthanything/moge_dataset/ETH3D/courtyard/DSC_0303/image.png
18,18,../../data/moge_dataset/ETH3D/courtyard/DSC_0304/image.jpg,../../data/moge_dataset/ETH3D/courtyard/DSC_0304/depth.png,../../data/moge_dataset/ETH3D/courtyard/DSC_0304/meta.json,ETH3D,../../data/depthanything/moge_dataset/ETH3D/courtyard/DSC_0304/image.png
19,19,../../data/moge_dataset/ETH3D/courtyard/DSC_0305/image.jpg,../../data/moge_dataset/ETH3D/courtyard/DSC_0305/depth.png,../../data/moge_dataset/ETH3D/courtyard/DSC_0305/meta.json,ETH3D,../../data/depthanything/moge_dataset/ETH3D/courtyard/DSC_0305/image.png
20,20,../../data/moge_dataset/ETH3D/courtyard/DSC_0306/image.jpg,../../data/moge_dataset/ETH3D/courtyard/DSC_0306/depth.png,../../data/moge_dataset/ETH3D/courtyard/DSC_0306/meta.json,ETH3D,../../data/depthanything/moge_dataset/ETH3D/courtyard/DSC_0306/image.png
21,21,../../data/moge_dataset/ETH3D/courtyard/DSC_0307/image.jpg,../../data/moge_dataset/ETH3D/courtyard/DSC_0307/depth.png,../../data/moge_dataset/ETH3D/courtyard/DSC_0307/meta.json,ETH3D,../../data/depthanything/moge_dataset/ETH3D/courtyard/DSC_0307/image.png
22,22,../../data/moge_dataset/ETH3D/courtyard/DSC_0308/image.jpg,../../data/moge_dataset/ETH3D/courtyard/DSC_0308/depth.png,../../data/moge_dataset/ETH3D/courtyard/DSC_0308/meta.json,ETH3D,../../data/depthanything/moge_dataset/ETH3D/courtyard/DSC_0308/image.png
23,23,../../data/moge_dataset/ETH3D/courtyard/DSC_0309/image.jpg,../../data/moge_dataset/ETH3D/courtyard/DSC_0309/depth.png,../../data/moge_dataset/ETH3D/courtyard/DSC_0309/meta.json,ETH3D,../../data/depthanything/moge_dataset/ETH3D/courtyard/DSC_0309/image.png
24,24,../../data/moge_dataset/ETH3D/courtyard/DSC_0310/image.jpg,../../data/moge_dataset/ETH3D/courtyard/DSC_0310/depth.png,../../data/moge_dataset/ETH3D/courtyard/DSC_0310/meta.json,ETH3D,../../data/depthanything/moge_dataset/ETH3D/courtyard/DSC_0310/image.png
25,25,../../data/moge_dataset/ETH3D/courtyard/DSC_0311/image.jpg,../../data/moge_dataset/ETH3D/courtyard/DSC_0311/depth.png,../../data/moge_dataset/ETH3D/courtyard/DSC_0311/meta.json,ETH3D,../../data/depthanything/moge_dataset/ETH3D/courtyard/DSC_0311/image.png
26,26,../../data/moge_dataset/ETH3D/courtyard/DSC_0312/image.jpg,../../data/moge_dataset/ETH3D/courtyard/DSC_0312/depth.png,../../data/moge_dataset/ETH3D/courtyard/DSC_0312/meta.json,ETH3D,../../data/depthanything/moge_dataset/ETH3D/courtyard/DSC_0312/image.png
27,27,../../data/moge_dataset/ETH3D/courtyard/DSC_0313/image.jpg,../../data/moge_dataset/ETH3D/courtyard/DSC_0313/depth.png,../../data/moge_dataset/ETH3D/courtyard/DSC_0313/meta.json,ETH3D,../../data/depthanything/moge_dataset/ETH3D/courtyard/DSC_0313/image.png
28,28,../../data/moge_dataset/ETH3D/courtyard/DSC_0314/image.jpg,../../data/moge_dataset/ETH3D/courtyard/DSC_0314/depth.png,../../data/moge_dataset/ETH3D/courtyard/DSC_0314/meta.json,ETH3D,../../data/depthanything/moge_dataset/ETH3D/courtyard/DSC_0314/image.png
29,29,../../data/moge_dataset/ETH3D/courtyard/DSC_0315/image.jpg,../../data/moge_dataset/ETH3D/courtyard/DSC_0315/depth.png,../../data/moge_dataset/ETH3D/courtyard/DSC_0315/meta.json,ETH3D,../../data/depthanything/moge_dataset/ETH3D/courtyard/DSC_0315/image.png
30,30,../../data/moge_dataset/ETH3D/courtyard/DSC_0316/image.jpg,../../data/moge_dataset/ETH3D/courtyard/DSC_0316/depth.png,../../data/moge_dataset/ETH3D/courtyard/DSC_0316/meta.json,ETH3D,../../data/depthanything/moge_dataset/ETH3D/courtyard/DSC_0316/image.png
31,31,../../data/moge_dataset/ETH3D/courtyard/DSC_0317/image.jpg,../../data/moge_dataset/ETH3D/courtyard/DSC_0317/depth.png,../../data/moge_dataset/ETH3D/courtyard/DSC_0317/meta.json,ETH3D,../../data/depthanything/moge_dataset/ETH3D/courtyard/DSC_0317/image.png
32,32,../../data/moge_dataset/ETH3D/courtyard/DSC_0318/image.jpg,../../data/moge_dataset/ETH3D/courtyard/DSC_0318/depth.png,../../data/moge_dataset/ETH3D/courtyard/DSC_0318/meta.json,ETH3D,../../data/depthanything/moge_dataset/ETH3D/courtyard/DSC_0318/image.png
33,33,../../data/moge_dataset/ETH3D/courtyard/DSC_0319/image.jpg,../../data/moge_dataset/ETH3D/courtyard/DSC_0319/depth.png,../../data/moge_dataset/ETH3D/courtyard/DSC_0319/meta.json,ETH3D,../../data/depthanything/moge_dataset/ETH3D/courtyard/DSC_0319/image.png
34,34,../../data/moge_dataset/ETH3D/courtyard/DSC_0320/image.jpg,../../data/moge_dataset/ETH3D/courtyard/DSC_0320/depth.png,../../data/moge_dataset/ETH3D/courtyard/DSC_0320/meta.json,ETH3D,../../data/depthanything/moge_dataset/ETH3D/courtyard/DSC_0320/image.png
35,35,../../data/moge_dataset/ETH3D/courtyard/DSC_0321/image.jpg,../../data/moge_dataset/ETH3D/courtyard/DSC_0321/depth.png,../../data/moge_dataset/ETH3D/courtyard/DSC_0321/meta.json,ETH3D,../../data/depthanything/moge_dataset/ETH3D/courtyard/DSC_0321/image.png
36,36,../../data/moge_dataset/ETH3D/courtyard/DSC_0322/image.jpg,../../data/moge_dataset/ETH3D/courtyard/DSC_0322/depth.png,../../data/moge_dataset/ETH3D/courtyard/DSC_0322/meta.json,ETH3D,../../data/depthanything/moge_dataset/ETH3D/courtyard/DSC_0322/image.png
37,37,../../data/moge_dataset/ETH3D/courtyard/DSC_0323/image.jpg,../../data/moge_dataset/ETH3D/courtyard/DSC_0323/depth.png,../../data/moge_dataset/ETH3D/courtyard/DSC_0323/meta.json,ETH3D,../../data/depthanything/moge_dataset/ETH3D/courtyard/DSC_0323/image.png
38,38,../../data/moge_dataset/ETH3D/delivery_area/DSC_0675/image.jpg,../../data/moge_dataset/ETH3D/delivery_area/DSC_0675/depth.png,../../data/moge_dataset/ETH3D/delivery_area/DSC_0675/meta.json,ETH3D,../../data/depthanything/moge_dataset/ETH3D/delivery_area/DSC_0675/image.png
39,39,../../data/moge_dataset/ETH3D/delivery_area/DSC_0676/image.jpg,../../data/moge_dataset/ETH3D/delivery_area/DSC_0676/depth.png,../../data/moge_dataset/ETH3D/delivery_area/DSC_0676/meta.json,ETH3D,../../data/depthanything/moge_dataset/ETH3D/delivery_area/DSC_0676/image.png
40,40,../../data/moge_dataset/ETH3D/delivery_area/DSC_0677/image.jpg,../../data/moge_dataset/ETH3D/delivery_area/DSC_0677/depth.png,../../data/moge_dataset/ETH3D/delivery_area/DSC_0677/meta.json,ETH3D,../../data/depthanything/moge_dataset/ETH3D/delivery_area/DSC_0677/image.png
41,41,../../data/moge_dataset/ETH3D/delivery_area/DSC_0678/image.jpg,../../data/moge_dataset/ETH3D/delivery_area/DSC_0678/depth.png,../../data/moge_dataset/ETH3D/delivery_area/DSC_0678/meta.json,ETH3D,../../data/depthanything/moge_dataset/ETH3D/delivery_area/DSC_0678/image.png
42,42,../../data/moge_dataset/ETH3D/delivery_area/DSC_0679/image.jpg,../../data/moge_dataset/ETH3D/delivery_area/DSC_0679/depth.png,../../data/moge_dataset/ETH3D/delivery_area/DSC_0679/meta.json,ETH3D,../../data/depthanything/moge_dataset/ETH3D/delivery_area/DSC_0679/image.png
43,43,../../data/moge_dataset/ETH3D/delivery_area/DSC_0680/image.jpg,../../data/moge_dataset/ETH3D/delivery_area/DSC_0680/depth.png,../../data/moge_dataset/ETH3D/delivery_area/DSC_0680/meta.json,ETH3D,../../data/depthanything/moge_dataset/ETH3D/delivery_area/DSC_0680/image.png
44,44,../../data/moge_dataset/ETH3D/delivery_area/DSC_0681/image.jpg,../../data/moge_dataset/ETH3D/delivery_area/DSC_0681/depth.png,../../data/moge_dataset/ETH3D/delivery_area/DSC_0681/meta.json,ETH3D,../../data/depthanything/moge_dataset/ETH3D/delivery_area/DSC_0681/image.png
45,45,../../data/moge_dataset/ETH3D/delivery_area/DSC_0682/image.jpg,../../data/moge_dataset/ETH3D/delivery_area/DSC_0682/depth.png,../../data/moge_dataset/ETH3D/delivery_area/DSC_0682/meta.json,ETH3D,../../data/depthanything/moge_dataset/ETH3D/delivery_area/DSC_0682/image.png
46,46,../../data/moge_dataset/ETH3D/delivery_area/DSC_0683/image.jpg,../../data/moge_dataset/ETH3D/delivery_area/DSC_0683/depth.png,../../data/moge_dataset/ETH3D/delivery_area/DSC_0683/meta.json,ETH3D,../../data/depthanything/moge_dataset/ETH3D/delivery_area/DSC_0683/image.png
47,47,../../data/moge_dataset/ETH3D/delivery_area/DSC_0684/image.jpg,../../data/moge_dataset/ETH3D/delivery_area/DSC_0684/depth.png,../../data/moge_dataset/ETH3D/delivery_area/DSC_0684/meta.json,ETH3D,../../data/depthanything/moge_dataset/ETH3D/delivery_area/DSC_0684/image.png
48,48,../../data/moge_dataset/ETH3D/delivery_area/DSC_0685/image.jpg,../../data/moge_dataset/ETH3D/delivery_area/DSC_0685/depth.png,../../data/moge_dataset/ETH3D/delivery_area/DSC_0685/meta.json,ETH3D,../../data/depthanything/moge_dataset/ETH3D/delivery_area/DSC_0685/image.png
49,49,../../data/moge_dataset/ETH3D/delivery_area/DSC_0686/image.jpg,../../data/moge_dataset/ETH3D/delivery_area/DSC_0686/depth.png,../../data/moge_dataset/ETH3D/delivery_area/DSC_0686/meta.json,ETH3D,../../data/depthanything/moge_dataset/ETH3D/delivery_area/DSC_0686/image.png
50,50,../../data/moge_dataset/ETH3D/delivery_area/DSC_0687/image.jpg,../../data/moge_dataset/ETH3D/delivery_area/DSC_0687/depth.png,../../data/moge_dataset/ETH3D/delivery_area/DSC_0687/meta.json,ETH3D,../../data/depthanything/moge_dataset/ETH3D/delivery_area/DSC_0687/image.png
51,51,../../data/moge_dataset/ETH3D/delivery_area/DSC_0688/image.jpg,../../data/moge_dataset/ETH3D/delivery_area/DSC_0688/depth.png,../../data/moge_dataset/ETH3D/delivery_area/DSC_0688/meta.json,ETH3D,../../data/depthanything/moge_dataset/ETH3D/delivery_area/DSC_0688/image.png
52,52,../../data/moge_dataset/ETH3D/delivery_area/DSC_0689/image.jpg,../../data/moge_dataset/ETH3D/delivery_area/DSC_0689/depth.png,../../data/moge_dataset/ETH3D/delivery_area/DSC_0689/meta.json,ETH3D,../../data/depthanything/moge_dataset/ETH3D/delivery_area/DSC_0689/image.png
53,53,../../data/moge_dataset/ETH3D/delivery_area/DSC_0690/image.jpg,../../data/moge_dataset/ETH3D/delivery_area/DSC_0690/depth.png,../../data/moge_dataset/ETH3D/delivery_area/DSC_0690/meta.json,ETH3D,../../data/depthanything/moge_dataset/ETH3D/delivery_area/DSC_0690/image.png
54,54,../../data/moge_dataset/ETH3D/delivery_area/DSC_0691/image.jpg,../../data/moge_dataset/ETH3D/delivery_area/DSC_0691/depth.png,../../data/moge_dataset/ETH3D/delivery_area/DSC_0691/meta.json,ETH3D,../../data/depthanything/moge_dataset/ETH3D/delivery_area/DSC_0691/image.png
55,55,../../data/moge_dataset/ETH3D/delivery_area/DSC_0692/image.jpg,../../data/moge_dataset/ETH3D/delivery_area/DSC_0692/depth.png,../../data/moge_dataset/ETH3D/delivery_area/DSC_0692/meta.json,ETH3D,../../data/depthanything/moge_dataset/ETH3D/delivery_area/DSC_0692/image.png
56,56,../../data/moge_dataset/ETH3D/delivery_area/DSC_0693/image.jpg,../../data/moge_dataset/ETH3D/delivery_area/DSC_0693/depth.png,../../data/moge_dataset/ETH3D/delivery_area/DSC_0693/meta.json,ETH3D,../../data/depthanything/moge_dataset/ETH3D/delivery_area/DSC_0693/image.png
57,57,../../data/moge_dataset/ETH3D/delivery_area/DSC_0694/image.jpg,../../data/moge_dataset/ETH3D/delivery_area/DSC_0694/depth.png,../../data/moge_dataset/ETH3D/delivery_area/DSC_0694/meta.json,ETH3D,../../data/depthanything/moge_dataset/ETH3D/delivery_area/DSC_0694/image.png
58,58,../../data/moge_dataset/ETH3D/delivery_area/DSC_0695/image.jpg,../../data/moge_dataset/ETH3D/delivery_area/DSC_0695/depth.png,../../data/moge_dataset/ETH3D/delivery_area/DSC_0695/meta.json,ETH3D,../../data/depthanything/moge_dataset/ETH3D/delivery_area/DSC_0695/image.png
59,59,../../data/moge_dataset/ETH3D/delivery_area/DSC_0696/image.jpg,../../data/moge_dataset/ETH3D/delivery_area/DSC_0696/depth.png,../../data/moge_dataset/ETH3D/delivery_area/DSC_0696/meta.json,ETH3D,../../data/depthanything/moge_dataset/ETH3D/delivery_area/DSC_0696/image.png
60,60,../../data/moge_dataset/ETH3D/delivery_area/DSC_0697/image.jpg,../../data/moge_dataset/ETH3D/delivery_area/DSC_0697/depth.png,../../data/moge_dataset/ETH3D/delivery_area/DSC_0697/meta.json,ETH3D,../../data/depthanything/moge_dataset/ETH3D/delivery_area/DSC_0697/image.png
61,61,../../data/moge_dataset/ETH3D/delivery_area/DSC_0698/image.jpg,../../data/moge_dataset/ETH3D/delivery_area/DSC_0698/depth.png,../../data/moge_dataset/ETH3D/delivery_area/DSC_0698/meta.json,ETH3D,../../data/depthanything/moge_dataset/ETH3D/delivery_area/DSC_0698/image.png
62,62,../../data/moge_dataset/ETH3D/delivery_area/DSC_0699/image.jpg,../../data/moge_dataset/ETH3D/delivery_area/DSC_0699/depth.png,../../data/moge_dataset/ETH3D/delivery_area/DSC_0699/meta.json,ETH3D,../../data/depthanything/moge_dataset/ETH3D/delivery_area/DSC_0699/image.png
63,63,../../data/moge_dataset/ETH3D/delivery_area/DSC_0700/image.jpg,../../data/moge_dataset/ETH3D/delivery_area/DSC_0700/depth.png,../../data/moge_dataset/ETH3D/delivery_area/DSC_0700/meta.json,ETH3D,../../data/depthanything/moge_dataset/ETH3D/delivery_area/DSC_0700/image.png
64,64,../../data/moge_dataset/ETH3D/delivery_area/DSC_0701/image.jpg,../../data/moge_dataset/ETH3D/delivery_area/DSC_0701/depth.png,../../data/moge_dataset/ETH3D/delivery_area/DSC_0701/meta.json,ETH3D,../../data/depthanything/moge_dataset/ETH3D/delivery_area/DSC_0701/image.png
65,65,../../data/moge_dataset/ETH3D/delivery_area/DSC_0702/image.jpg,../../data/moge_dataset/ETH3D/delivery_area/DSC_0702/depth.png,../../data/moge_dataset/ETH3D/delivery_area/DSC_0702/meta.json,ETH3D,../../data/depthanything/moge_dataset/ETH3D/delivery_area/DSC_0702/image.png
66,66,../../data/moge_dataset/ETH3D/delivery_area/DSC_0703/image.jpg,../../data/moge_dataset/ETH3D/delivery_area/DSC_0703/depth.png,../../data/moge_dataset/ETH3D/delivery_area/DSC_0703/meta.json,ETH3D,../../data/depthanything/moge_dataset/ETH3D/delivery_area/DSC_0703/image.png
67,67,../../data/moge_dataset/ETH3D/delivery_area/DSC_0704/image.jpg,../../data/moge_dataset/ETH3D/delivery_area/DSC_0704/depth.png,../../data/moge_dataset/ETH3D/delivery_area/DSC_0704/meta.json,ETH3D,../../data/depthanything/moge_dataset/ETH3D/delivery_area/DSC_0704/image.png
68,68,../../data/moge_dataset/ETH3D/delivery_area/DSC_0705/image.jpg,../../data/moge_dataset/ETH3D/delivery_area/DSC_0705/depth.png,../../data/moge_dataset/ETH3D/delivery_area/DSC_0705/meta.json,ETH3D,../../data/depthanything/moge_dataset/ETH3D/delivery_area/DSC_0705/image.png
69,69,../../data/moge_dataset/ETH3D/delivery_area/DSC_0706/image.jpg,../../data/moge_dataset/ETH3D/delivery_area/DSC_0706/depth.png,../../data/moge_dataset/ETH3D/delivery_area/DSC_0706/meta.json,ETH3D,../../data/depthanything/moge_dataset/ETH3D/delivery_area/DSC_0706/image.png
70,70,../../data/moge_dataset/ETH3D/delivery_area/DSC_0707/image.jpg,../../data/moge_dataset/ETH3D/delivery_area/DSC_0707/depth.png,../../data/moge_dataset/ETH3D/delivery_area/DSC_0707/meta.json,ETH3D,../../data/depthanything/moge_dataset/ETH3D/delivery_area/DSC_0707/image.png
71,71,../../data/moge_dataset/ETH3D/delivery_area/DSC_0708/image.jpg,../../data/moge_dataset/ETH3D/delivery_area/DSC_0708/depth.png,../../data/moge_dataset/ETH3D/delivery_area/DSC_0708/meta.json,ETH3D,../../data/depthanything/moge_dataset/ETH3D/delivery_area/DSC_0708/image.png
72,72,../../data/moge_dataset/ETH3D/delivery_area/DSC_0709/image.jpg,../../data/moge_dataset/ETH3D/delivery_area/DSC_0709/depth.png,../../data/moge_dataset/ETH3D/delivery_area/DSC_0709/meta.json,ETH3D,../../data/depthanything/moge_dataset/ETH3D/delivery_area/DSC_0709/image.png
73,73,../../data/moge_dataset/ETH3D/delivery_area/DSC_0710/image.jpg,../../data/moge_dataset/ETH3D/delivery_area/DSC_0710/depth.png,../../data/moge_dataset/ETH3D/delivery_area/DSC_0710/meta.json,ETH3D,../../data/depthanything/moge_dataset/ETH3D/delivery_area/DSC_0710/image.png
74,74,../../data/moge_dataset/ETH3D/delivery_area/DSC_0711/image.jpg,../../data/moge_dataset/ETH3D/delivery_area/DSC_0711/depth.png,../../data/moge_dataset/ETH3D/delivery_area/DSC_0711/meta.json,ETH3D,../../data/depthanything/moge_dataset/ETH3D/delivery_area/DSC_0711/image.png
75,75,../../data/moge_dataset/ETH3D/delivery_area/DSC_0712/image.jpg,../../data/moge_dataset/ETH3D/delivery_area/DSC_0712/depth.png,../../data/moge_dataset/ETH3D/delivery_area/DSC_0712/meta.json,ETH3D,../../data/depthanything/moge_dataset/ETH3D/delivery_area/DSC_0712/image.png
76,76,../../data/moge_dataset/ETH3D/delivery_area/DSC_0713/image.jpg,../../data/moge_dataset/ETH3D/delivery_area/DSC_0713/depth.png,../../data/moge_dataset/ETH3D/delivery_area/DSC_0713/meta.json,ETH3D,../../data/depthanything/moge_dataset/ETH3D/delivery_area/DSC_0713/image.png
77,77,../../data/moge_dataset/ETH3D/delivery_area/DSC_0714/image.jpg,../../data/moge_dataset/ETH3D/delivery_area/DSC_0714/depth.png,../../data/moge_dataset/ETH3D/delivery_area/DSC_0714/meta.json,ETH3D,../../data/depthanything/moge_dataset/ETH3D/delivery_area/DSC_0714/image.png
78,78,../../data/moge_dataset/ETH3D/delivery_area/DSC_0715/image.jpg,../../data/moge_dataset/ETH3D/delivery_area/DSC_0715/depth.png,../../data/moge_dataset/ETH3D/delivery_area/DSC_0715/meta.json,ETH3D,../../data/depthanything/moge_dataset/ETH3D/delivery_area/DSC_0715/image.png
79,79,../../data/moge_dataset/ETH3D/delivery_area/DSC_0716/image.jpg,../../data/moge_dataset/ETH3D/delivery_area/DSC_0716/depth.png,../../data/moge_dataset/ETH3D/delivery_area/DSC_0716/meta.json,ETH3D,../../data/depthanything/moge_dataset/ETH3D/delivery_area/DSC_0716/image.png
80,80,../../data/moge_dataset/ETH3D/delivery_area/DSC_0717/image.jpg,../../data/moge_dataset/ETH3D/delivery_area/DSC_0717/depth.png,../../data/moge_dataset/ETH3D/delivery_area/DSC_0717/meta.json,ETH3D,../../data/depthanything/moge_dataset/ETH3D/delivery_area/DSC_0717/image.png
81,81,../../data/moge_dataset/ETH3D/delivery_area/DSC_0718/image.jpg,../../data/moge_dataset/ETH3D/delivery_area/DSC_0718/depth.png,../../data/moge_dataset/ETH3D/delivery_area/DSC_0718/meta.json,ETH3D,../../data/depthanything/moge_dataset/ETH3D/delivery_area/DSC_0718/image.png
82,82,../../data/moge_dataset/ETH3D/electro/DSC_9257/image.jpg,../../data/moge_dataset/ETH3D/electro/DSC_9257/depth.png,../../data/moge_dataset/ETH3D/electro/DSC_9257/meta.json,ETH3D,../../data/depthanything/moge_dataset/ETH3D/electro/DSC_9257/image.png
83,83,../../data/moge_dataset/ETH3D/electro/DSC_9258/image.jpg,../../data/moge_dataset/ETH3D/electro/DSC_9258/depth.png,../../data/moge_dataset/ETH3D/electro/DSC_9258/meta.json,ETH3D,../../data/depthanything/moge_dataset/ETH3D/electro/DSC_9258/image.png
84,84,../../data/moge_dataset/ETH3D/electro/DSC_9259/image.jpg,../../data/moge_dataset/ETH3D/electro/DSC_9259/depth.png,../../data/moge_dataset/ETH3D/electro/DSC_9259/meta.json,ETH3D,../../data/depthanything/moge_dataset/ETH3D/electro/DSC_9259/image.png
85,85,../../data/moge_dataset/ETH3D/electro/DSC_9260/image.jpg,../../data/moge_dataset/ETH3D/electro/DSC_9260/depth.png,../../data/moge_dataset/ETH3D/electro/DSC_9260/meta.json,ETH3D,../../data/depthanything/moge_dataset/ETH3D/electro/DSC_9260/image.png
86,86,../../data/moge_dataset/ETH3D/electro/DSC_9261/image.jpg,../../data/moge_dataset/ETH3D/electro/DSC_9261/depth.png,../../data/moge_dataset/ETH3D/electro/DSC_9261/meta.json,ETH3D,../../data/depthanything/moge_dataset/ETH3D/electro/DSC_9261/image.png
87,87,../../data/moge_dataset/ETH3D/electro/DSC_9262/image.jpg,../../data/moge_dataset/ETH3D/electro/DSC_9262/depth.png,../../data/moge_dataset/ETH3D/electro/DSC_9262/meta.json,ETH3D,../../data/depthanything/moge_dataset/ETH3D/electro/DSC_9262/image.png
88,88,../../data/moge_dataset/ETH3D/electro/DSC_9263/image.jpg,../../data/moge_dataset/ETH3D/electro/DSC_9263/depth.png,../../data/moge_dataset/ETH3D/electro/DSC_9263/meta.json,ETH3D,../../data/depthanything/moge_dataset/ETH3D/electro/DSC_9263/image.png
89,89,../../data/moge_dataset/ETH3D/electro/DSC_9264/image.jpg,../../data/moge_dataset/ETH3D/electro/DSC_9264/depth.png,../../data/moge_dataset/ETH3D/electro/DSC_9264/meta.json,ETH3D,../../data/depthanything/moge_dataset/ETH3D/electro/DSC_9264/image.png
90,90,../../data/moge_dataset/ETH3D/electro/DSC_9265/image.jpg,../../data/moge_dataset/ETH3D/electro/DSC_9265/depth.png,../../data/moge_dataset/ETH3D/electro/DSC_9265/meta.json,ETH3D,../../data/depthanything/moge_dataset/ETH3D/electro/DSC_9265/image.png
91,91,../../data/moge_dataset/ETH3D/electro/DSC_9266/image.jpg,../../data/moge_dataset/ETH3D/electro/DSC_9266/depth.png,../../data/moge_dataset/ETH3D/electro/DSC_9266/meta.json,ETH3D,../../data/depthanything/moge_dataset/ETH3D/electro/DSC_9266/image.png
92,92,../../data/moge_dataset/ETH3D/electro/DSC_9267/image.jpg,../../data/moge_dataset/ETH3D/electro/DSC_9267/depth.png,../../data/moge_dataset/ETH3D/electro/DSC_9267/meta.json,ETH3D,../../data/depthanything/moge_dataset/ETH3D/electro/DSC_9267/image.png
93,93,../../data/moge_dataset/ETH3D/electro/DSC_9268/image.jpg,../../data/moge_dataset/ETH3D/electro/DSC_9268/depth.png,../../data/moge_dataset/ETH3D/electro/DSC_9268/meta.json,ETH3D,../../data/depthanything/moge_dataset/ETH3D/electro/DSC_9268/image.png
94,94,../../data/moge_dataset/ETH3D/electro/DSC_9269/image.jpg,../../data/moge_dataset/ETH3D/electro/DSC_9269/depth.png,../../data/moge_dataset/ETH3D/electro/DSC_9269/meta.json,ETH3D,../../data/depthanything/moge_dataset/ETH3D/electro/DSC_9269/image.png
95,95,../../data/moge_dataset/ETH3D/electro/DSC_9270/image.jpg,../../data/moge_dataset/ETH3D/electro/DSC_9270/depth.png,../../data/moge_dataset/ETH3D/electro/DSC_9270/meta.json,ETH3D,../../data/depthanything/moge_dataset/ETH3D/electro/DSC_9270/image.png
96,96,../../data/moge_dataset/ETH3D/electro/DSC_9271/image.jpg,../../data/moge_dataset/ETH3D/electro/DSC_9271/depth.png,../../data/moge_dataset/ETH3D/electro/DSC_9271/meta.json,ETH3D,../../data/depthanything/moge_dataset/ETH3D/electro/DSC_9271/image.png
97,97,../../data/moge_dataset/ETH3D/electro/DSC_9272/image.jpg,../../data/moge_dataset/ETH3D/electro/DSC_9272/depth.png,../../data/moge_dataset/ETH3D/electro/DSC_9272/meta.json,ETH3D,../../data/depthanything/moge_dataset/ETH3D/electro/DSC_9272/image.png
98,98,../../data/moge_dataset/ETH3D/electro/DSC_9273/image.jpg,../../data/moge_dataset/ETH3D/electro/DSC_9273/depth.png,../../data/moge_dataset/ETH3D/electro/DSC_9273/meta.json,ETH3D,../../data/depthanything/moge_dataset/ETH3D/electro/DSC_9273/image.png
99,99,../../data/moge_dataset/ETH3D/electro/DSC_9274/image.jpg,../../data/moge_dataset/ETH3D/electro/DSC_9274/depth.png,../../data/moge_dataset/ETH3D/electro/DSC_9274/meta.json,ETH3D,../../data/depthanything/moge_dataset/ETH3D/electro/DSC_9274/image.png
100,100,../../data/moge_dataset/ETH3D/electro/DSC_9275/image.jpg,../../data/moge_dataset/ETH3D/electro/DSC_9275/depth.png,../../data/moge_dataset/ETH3D/electro/DSC_9275/meta.json,ETH3D,../../data/depthanything/moge_dataset/ETH3D/electro/DSC_9275/image.png
101,101,../../data/moge_dataset/ETH3D/electro/DSC_9276/image.jpg,../../data/moge_dataset/ETH3D/electro/DSC_9276/depth.png,../../data/moge_dataset/ETH3D/electro/DSC_9276/meta.json,ETH3D,../../data/depthanything/moge_dataset/ETH3D/electro/DSC_9276/image.png
102,102,../../data/moge_dataset/ETH3D/electro/DSC_9277/image.jpg,../../data/moge_dataset/ETH3D/electro/DSC_9277/depth.png,../../data/moge_dataset/ETH3D/electro/DSC_9277/meta.json,ETH3D,../../data/depthanything/moge_dataset/ETH3D/electro/DSC_9277/image.png
103,103,../../data/moge_dataset/ETH3D/electro/DSC_9278/image.jpg,../../data/moge_dataset/ETH3D/electro/DSC_9278/depth.png,../../data/moge_dataset/ETH3D/electro/DSC_9278/meta.json,ETH3D,../../data/depthanything/moge_dataset/ETH3D/electro/DSC_9278/image.png
104,104,../../data/moge_dataset/ETH3D/electro/DSC_9279/image.jpg,../../data/moge_dataset/ETH3D/electro/DSC_9279/depth.png,../../data/moge_dataset/ETH3D/electro/DSC_9279/meta.json,ETH3D,../../data/depthanything/moge_dataset/ETH3D/electro/DSC_9279/image.png
105,105,../../data/moge_dataset/ETH3D/electro/DSC_9280/image.jpg,../../data/moge_dataset/ETH3D/electro/DSC_9280/depth.png,../../data/moge_dataset/ETH3D/electro/DSC_9280/meta.json,ETH3D,../../data/depthanything/moge_dataset/ETH3D/electro/DSC_9280/image.png
106,106,../../data/moge_dataset/ETH3D/electro/DSC_9281/image.jpg,../../data/moge_dataset/ETH3D/electro/DSC_9281/depth.png,../../data/moge_dataset/ETH3D/electro/DSC_9281/meta.json,ETH3D,../../data/depthanything/moge_dataset/ETH3D/electro/DSC_9281/image.png
107,107,../../data/moge_dataset/ETH3D/electro/DSC_9282/image.jpg,../../data/moge_dataset/ETH3D/electro/DSC_9282/depth.png,../../data/moge_dataset/ETH3D/electro/DSC_9282/meta.json,ETH3D,../../data/depthanything/moge_dataset/ETH3D/electro/DSC_9282/image.png
108,108,../../data/moge_dataset/ETH3D/electro/DSC_9283/image.jpg,../../data/moge_dataset/ETH3D/electro/DSC_9283/depth.png,../../data/moge_dataset/ETH3D/electro/DSC_9283/meta.json,ETH3D,../../data/depthanything/moge_dataset/ETH3D/electro/DSC_9283/image.png
109,109,../../data/moge_dataset/ETH3D/electro/DSC_9284/image.jpg,../../data/moge_dataset/ETH3D/electro/DSC_9284/depth.png,../../data/moge_dataset/ETH3D/electro/DSC_9284/meta.json,ETH3D,../../data/depthanything/moge_dataset/ETH3D/electro/DSC_9284/image.png
110,110,../../data/moge_dataset/ETH3D/electro/DSC_9285/image.jpg,../../data/moge_dataset/ETH3D/electro/DSC_9285/depth.png,../../data/moge_dataset/ETH3D/electro/DSC_9285/meta.json,ETH3D,../../data/depthanything/moge_dataset/ETH3D/electro/DSC_9285/image.png
111,111,../../data/moge_dataset/ETH3D/electro/DSC_9287/image.jpg,../../data/moge_dataset/ETH3D/electro/DSC_9287/depth.png,../../data/moge_dataset/ETH3D/electro/DSC_9287/meta.json,ETH3D,../../data/depthanything/moge_dataset/ETH3D/electro/DSC_9287/image.png
112,112,../../data/moge_dataset/ETH3D/electro/DSC_9289/image.jpg,../../data/moge_dataset/ETH3D/electro/DSC_9289/depth.png,../../data/moge_dataset/ETH3D/electro/DSC_9289/meta.json,ETH3D,../../data/depthanything/moge_dataset/ETH3D/electro/DSC_9289/image.png
113,113,../../data/moge_dataset/ETH3D/electro/DSC_9290/image.jpg,../../data/moge_dataset/ETH3D/electro/DSC_9290/depth.png,../../data/moge_dataset/ETH3D/electro/DSC_9290/meta.json,ETH3D,../../data/depthanything/moge_dataset/ETH3D/electro/DSC_9290/image.png
114,114,../../data/moge_dataset/ETH3D/electro/DSC_9291/image.jpg,../../data/moge_dataset/ETH3D/electro/DSC_9291/depth.png,../../data/moge_dataset/ETH3D/electro/DSC_9291/meta.json,ETH3D,../../data/depthanything/moge_dataset/ETH3D/electro/DSC_9291/image.png
115,115,../../data/moge_dataset/ETH3D/electro/DSC_9292/image.jpg,../../data/moge_dataset/ETH3D/electro/DSC_9292/depth.png,../../data/moge_dataset/ETH3D/electro/DSC_9292/meta.json,ETH3D,../../data/depthanything/moge_dataset/ETH3D/electro/DSC_9292/image.png
116,116,../../data/moge_dataset/ETH3D/electro/DSC_9293/image.jpg,../../data/moge_dataset/ETH3D/electro/DSC_9293/depth.png,../../data/moge_dataset/ETH3D/electro/DSC_9293/meta.json,ETH3D,../../data/depthanything/moge_dataset/ETH3D/electro/DSC_9293/image.png
117,117,../../data/moge_dataset/ETH3D/electro/DSC_9294/image.jpg,../../data/moge_dataset/ETH3D/electro/DSC_9294/depth.png,../../data/moge_dataset/ETH3D/electro/DSC_9294/meta.json,ETH3D,../../data/depthanything/moge_dataset/ETH3D/electro/DSC_9294/image.png
118,118,../../data/moge_dataset/ETH3D/electro/DSC_9295/image.jpg,../../data/moge_dataset/ETH3D/electro/DSC_9295/depth.png,../../data/moge_dataset/ETH3D/electro/DSC_9295/meta.json,ETH3D,../../data/depthanything/moge_dataset/ETH3D/electro/DSC_9295/image.png
119,119,../../data/moge_dataset/ETH3D/electro/DSC_9296/image.jpg,../../data/moge_dataset/ETH3D/electro/DSC_9296/depth.png,../../data/moge_dataset/ETH3D/electro/DSC_9296/meta.json,ETH3D,../../data/depthanything/moge_dataset/ETH3D/electro/DSC_9296/image.png
120,120,../../data/moge_dataset/ETH3D/electro/DSC_9297/image.jpg,../../data/moge_dataset/ETH3D/electro/DSC_9297/depth.png,../../data/moge_dataset/ETH3D/electro/DSC_9297/meta.json,ETH3D,../../data/depthanything/moge_dataset/ETH3D/electro/DSC_9297/image.png
121,121,../../data/moge_dataset/ETH3D/electro/DSC_9298/image.jpg,../../data/moge_dataset/ETH3D/electro/DSC_9298/depth.png,../../data/moge_dataset/ETH3D/electro/DSC_9298/meta.json,ETH3D,../../data/depthanything/moge_dataset/ETH3D/electro/DSC_9298/image.png
122,122,../../data/moge_dataset/ETH3D/electro/DSC_9299/image.jpg,../../data/moge_dataset/ETH3D/electro/DSC_9299/depth.png,../../data/moge_dataset/ETH3D/electro/DSC_9299/meta.json,ETH3D,../../data/depthanything/moge_dataset/ETH3D/electro/DSC_9299/image.png
123,123,../../data/moge_dataset/ETH3D/electro/DSC_9300/image.jpg,../../data/moge_dataset/ETH3D/electro/DSC_9300/depth.png,../../data/moge_dataset/ETH3D/electro/DSC_9300/meta.json,ETH3D,../../data/depthanything/moge_dataset/ETH3D/electro/DSC_9300/image.png
124,124,../../data/moge_dataset/ETH3D/electro/DSC_9301/image.jpg,../../data/moge_dataset/ETH3D/electro/DSC_9301/depth.png,../../data/moge_dataset/ETH3D/electro/DSC_9301/meta.json,ETH3D,../../data/depthanything/moge_dataset/ETH3D/electro/DSC_9301/image.png
125,125,../../data/moge_dataset/ETH3D/electro/DSC_9302/image.jpg,../../data/moge_dataset/ETH3D/electro/DSC_9302/depth.png,../../data/moge_dataset/ETH3D/electro/DSC_9302/meta.json,ETH3D,../../data/depthanything/moge_dataset/ETH3D/electro/DSC_9302/image.png
126,126,../../data/moge_dataset/ETH3D/electro/DSC_9303/image.jpg,../../data/moge_dataset/ETH3D/electro/DSC_9303/depth.png,../../data/moge_dataset/ETH3D/electro/DSC_9303/meta.json,ETH3D,../../data/depthanything/moge_dataset/ETH3D/electro/DSC_9303/image.png
127,127,../../data/moge_dataset/ETH3D/facade/DSC_0324/image.jpg,../../data/moge_dataset/ETH3D/facade/DSC_0324/depth.png,../../data/moge_dataset/ETH3D/facade/DSC_0324/meta.json,ETH3D,../../data/depthanything/moge_dataset/ETH3D/facade/DSC_0324/image.png
128,128,../../data/moge_dataset/ETH3D/facade/DSC_0325/image.jpg,../../data/moge_dataset/ETH3D/facade/DSC_0325/depth.png,../../data/moge_dataset/ETH3D/facade/DSC_0325/meta.json,ETH3D,../../data/depthanything/moge_dataset/ETH3D/facade/DSC_0325/image.png
129,129,../../data/moge_dataset/ETH3D/facade/DSC_0326/image.jpg,../../data/moge_dataset/ETH3D/facade/DSC_0326/depth.png,../../data/moge_dataset/ETH3D/facade/DSC_0326/meta.json,ETH3D,../../data/depthanything/moge_dataset/ETH3D/facade/DSC_0326/image.png
130,130,../../data/moge_dataset/ETH3D/facade/DSC_0327/image.jpg,../../data/moge_dataset/ETH3D/facade/DSC_0327/depth.png,../../data/moge_dataset/ETH3D/facade/DSC_0327/meta.json,ETH3D,../../data/depthanything/moge_dataset/ETH3D/facade/DSC_0327/image.png
131,131,../../data/moge_dataset/ETH3D/facade/DSC_0328/image.jpg,../../data/moge_dataset/ETH3D/facade/DSC_0328/depth.png,../../data/moge_dataset/ETH3D/facade/DSC_0328/meta.json,ETH3D,../../data/depthanything/moge_dataset/ETH3D/facade/DSC_0328/image.png
132,132,../../data/moge_dataset/ETH3D/facade/DSC_0329/image.jpg,../../data/moge_dataset/ETH3D/facade/DSC_0329/depth.png,../../data/moge_dataset/ETH3D/facade/DSC_0329/meta.json,ETH3D,../../data/depthanything/moge_dataset/ETH3D/facade/DSC_0329/image.png
133,133,../../data/moge_dataset/ETH3D/facade/DSC_0330/image.jpg,../../data/moge_dataset/ETH3D/facade/DSC_0330/depth.png,../../data/moge_dataset/ETH3D/facade/DSC_0330/meta.json,ETH3D,../../data/depthanything/moge_dataset/ETH3D/facade/DSC_0330/image.png
134,134,../../data/moge_dataset/ETH3D/facade/DSC_0331/image.jpg,../../data/moge_dataset/ETH3D/facade/DSC_0331/depth.png,../../data/moge_dataset/ETH3D/facade/DSC_0331/meta.json,ETH3D,../../data/depthanything/moge_dataset/ETH3D/facade/DSC_0331/image.png
135,135,../../data/moge_dataset/ETH3D/facade/DSC_0332/image.jpg,../../data/moge_dataset/ETH3D/facade/DSC_0332/depth.png,../../data/moge_dataset/ETH3D/facade/DSC_0332/meta.json,ETH3D,../../data/depthanything/moge_dataset/ETH3D/facade/DSC_0332/image.png
136,136,../../data/moge_dataset/ETH3D/facade/DSC_0333/image.jpg,../../data/moge_dataset/ETH3D/facade/DSC_0333/depth.png,../../data/moge_dataset/ETH3D/facade/DSC_0333/meta.json,ETH3D,../../data/depthanything/moge_dataset/ETH3D/facade/DSC_0333/image.png
137,137,../../data/moge_dataset/ETH3D/facade/DSC_0334/image.jpg,../../data/moge_dataset/ETH3D/facade/DSC_0334/depth.png,../../data/moge_dataset/ETH3D/facade/DSC_0334/meta.json,ETH3D,../../data/depthanything/moge_dataset/ETH3D/facade/DSC_0334/image.png
138,138,../../data/moge_dataset/ETH3D/facade/DSC_0335/image.jpg,../../data/moge_dataset/ETH3D/facade/DSC_0335/depth.png,../../data/moge_dataset/ETH3D/facade/DSC_0335/meta.json,ETH3D,../../data/depthanything/moge_dataset/ETH3D/facade/DSC_0335/image.png
139,139,../../data/moge_dataset/ETH3D/facade/DSC_0336/image.jpg,../../data/moge_dataset/ETH3D/facade/DSC_0336/depth.png,../../data/moge_dataset/ETH3D/facade/DSC_0336/meta.json,ETH3D,../../data/depthanything/moge_dataset/ETH3D/facade/DSC_0336/image.png
140,140,../../data/moge_dataset/ETH3D/facade/DSC_0337/image.jpg,../../data/moge_dataset/ETH3D/facade/DSC_0337/depth.png,../../data/moge_dataset/ETH3D/facade/DSC_0337/meta.json,ETH3D,../../data/depthanything/moge_dataset/ETH3D/facade/DSC_0337/image.png
141,141,../../data/moge_dataset/ETH3D/facade/DSC_0338/image.jpg,../../data/moge_dataset/ETH3D/facade/DSC_0338/depth.png,../../data/moge_dataset/ETH3D/facade/DSC_0338/meta.json,ETH3D,../../data/depthanything/moge_dataset/ETH3D/facade/DSC_0338/image.png
142,142,../../data/moge_dataset/ETH3D/facade/DSC_0339/image.jpg,../../data/moge_dataset/ETH3D/facade/DSC_0339/depth.png,../../data/moge_dataset/ETH3D/facade/DSC_0339/meta.json,ETH3D,../../data/depthanything/moge_dataset/ETH3D/facade/DSC_0339/image.png
143,143,../../data/moge_dataset/ETH3D/facade/DSC_0340/image.jpg,../../data/moge_dataset/ETH3D/facade/DSC_0340/depth.png,../../data/moge_dataset/ETH3D/facade/DSC_0340/meta.json,ETH3D,../../data/depthanything/moge_dataset/ETH3D/facade/DSC_0340/image.png
144,144,../../data/moge_dataset/ETH3D/facade/DSC_0341/image.jpg,../../data/moge_dataset/ETH3D/facade/DSC_0341/depth.png,../../data/moge_dataset/ETH3D/facade/DSC_0341/meta.json,ETH3D,../../data/depthanything/moge_dataset/ETH3D/facade/DSC_0341/image.png
145,145,../../data/moge_dataset/ETH3D/facade/DSC_0342/image.jpg,../../data/moge_dataset/ETH3D/facade/DSC_0342/depth.png,../../data/moge_dataset/ETH3D/facade/DSC_0342/meta.json,ETH3D,../../data/depthanything/moge_dataset/ETH3D/facade/DSC_0342/image.png
146,146,../../data/moge_dataset/ETH3D/facade/DSC_0343/image.jpg,../../data/moge_dataset/ETH3D/facade/DSC_0343/depth.png,../../data/moge_dataset/ETH3D/facade/DSC_0343/meta.json,ETH3D,../../data/depthanything/moge_dataset/ETH3D/facade/DSC_0343/image.png
147,147,../../data/moge_dataset/ETH3D/facade/DSC_0344/image.jpg,../../data/moge_dataset/ETH3D/facade/DSC_0344/depth.png,../../data/moge_dataset/ETH3D/facade/DSC_0344/meta.json,ETH3D,../../data/depthanything/moge_dataset/ETH3D/facade/DSC_0344/image.png
148,148,../../data/moge_dataset/ETH3D/facade/DSC_0345/image.jpg,../../data/moge_dataset/ETH3D/facade/DSC_0345/depth.png,../../data/moge_dataset/ETH3D/facade/DSC_0345/meta.json,ETH3D,../../data/depthanything/moge_dataset/ETH3D/facade/DSC_0345/image.png
149,149,../../data/moge_dataset/ETH3D/facade/DSC_0346/image.jpg,../../data/moge_dataset/ETH3D/facade/DSC_0346/depth.png,../../data/moge_dataset/ETH3D/facade/DSC_0346/meta.json,ETH3D,../../data/depthanything/moge_dataset/ETH3D/facade/DSC_0346/image.png
150,150,../../data/moge_dataset/ETH3D/facade/DSC_0347/image.jpg,../../data/moge_dataset/ETH3D/facade/DSC_0347/depth.png,../../data/moge_dataset/ETH3D/facade/DSC_0347/meta.json,ETH3D,../../data/depthanything/moge_dataset/ETH3D/facade/DSC_0347/image.png
151,151,../../data/moge_dataset/ETH3D/facade/DSC_0348/image.jpg,../../data/moge_dataset/ETH3D/facade/DSC_0348/depth.png,../../data/moge_dataset/ETH3D/facade/DSC_0348/meta.json,ETH3D,../../data/depthanything/moge_dataset/ETH3D/facade/DSC_0348/image.png
152,152,../../data/moge_dataset/ETH3D/facade/DSC_0349/image.jpg,../../data/moge_dataset/ETH3D/facade/DSC_0349/depth.png,../../data/moge_dataset/ETH3D/facade/DSC_0349/meta.json,ETH3D,../../data/depthanything/moge_dataset/ETH3D/facade/DSC_0349/image.png
153,153,../../data/moge_dataset/ETH3D/facade/DSC_0350/image.jpg,../../data/moge_dataset/ETH3D/facade/DSC_0350/depth.png,../../data/moge_dataset/ETH3D/facade/DSC_0350/meta.json,ETH3D,../../data/depthanything/moge_dataset/ETH3D/facade/DSC_0350/image.png
154,154,../../data/moge_dataset/ETH3D/facade/DSC_0351/image.jpg,../../data/moge_dataset/ETH3D/facade/DSC_0351/depth.png,../../data/moge_dataset/ETH3D/facade/DSC_0351/meta.json,ETH3D,../../data/depthanything/moge_dataset/ETH3D/facade/DSC_0351/image.png
155,155,../../data/moge_dataset/ETH3D/facade/DSC_0352/image.jpg,../../data/moge_dataset/ETH3D/facade/DSC_0352/depth.png,../../data/moge_dataset/ETH3D/facade/DSC_0352/meta.json,ETH3D,../../data/depthanything/moge_dataset/ETH3D/facade/DSC_0352/image.png
156,156,../../data/moge_dataset/ETH3D/facade/DSC_0353/image.jpg,../../data/moge_dataset/ETH3D/facade/DSC_0353/depth.png,../../data/moge_dataset/ETH3D/facade/DSC_0353/meta.json,ETH3D,../../data/depthanything/moge_dataset/ETH3D/facade/DSC_0353/image.png
157,157,../../data/moge_dataset/ETH3D/facade/DSC_0354/image.jpg,../../data/moge_dataset/ETH3D/facade/DSC_0354/depth.png,../../data/moge_dataset/ETH3D/facade/DSC_0354/meta.json,ETH3D,../../data/depthanything/moge_dataset/ETH3D/facade/DSC_0354/image.png
158,158,../../data/moge_dataset/ETH3D/facade/DSC_0355/image.jpg,../../data/moge_dataset/ETH3D/facade/DSC_0355/depth.png,../../data/moge_dataset/ETH3D/facade/DSC_0355/meta.json,ETH3D,../../data/depthanything/moge_dataset/ETH3D/facade/DSC_0355/image.png
159,159,../../data/moge_dataset/ETH3D/facade/DSC_0356/image.jpg,../../data/moge_dataset/ETH3D/facade/DSC_0356/depth.png,../../data/moge_dataset/ETH3D/facade/DSC_0356/meta.json,ETH3D,../../data/depthanything/moge_dataset/ETH3D/facade/DSC_0356/image.png
160,160,../../data/moge_dataset/ETH3D/facade/DSC_0357/image.jpg,../../data/moge_dataset/ETH3D/facade/DSC_0357/depth.png,../../data/moge_dataset/ETH3D/facade/DSC_0357/meta.json,ETH3D,../../data/depthanything/moge_dataset/ETH3D/facade/DSC_0357/image.png
161,161,../../data/moge_dataset/ETH3D/facade/DSC_0358/image.jpg,../../data/moge_dataset/ETH3D/facade/DSC_0358/depth.png,../../data/moge_dataset/ETH3D/facade/DSC_0358/meta.json,ETH3D,../../data/depthanything/moge_dataset/ETH3D/facade/DSC_0358/image.png
162,162,../../data/moge_dataset/ETH3D/facade/DSC_0359/image.jpg,../../data/moge_dataset/ETH3D/facade/DSC_0359/depth.png,../../data/moge_dataset/ETH3D/facade/DSC_0359/meta.json,ETH3D,../../data/depthanything/moge_dataset/ETH3D/facade/DSC_0359/image.png
163,163,../../data/moge_dataset/ETH3D/facade/DSC_0360/image.jpg,../../data/moge_dataset/ETH3D/facade/DSC_0360/depth.png,../../data/moge_dataset/ETH3D/facade/DSC_0360/meta.json,ETH3D,../../data/depthanything/moge_dataset/ETH3D/facade/DSC_0360/image.png
164,164,../../data/moge_dataset/ETH3D/facade/DSC_0361/image.jpg,../../data/moge_dataset/ETH3D/facade/DSC_0361/depth.png,../../data/moge_dataset/ETH3D/facade/DSC_0361/meta.json,ETH3D,../../data/depthanything/moge_dataset/ETH3D/facade/DSC_0361/image.png
165,165,../../data/moge_dataset/ETH3D/facade/DSC_0362/image.jpg,../../data/moge_dataset/ETH3D/facade/DSC_0362/depth.png,../../data/moge_dataset/ETH3D/facade/DSC_0362/meta.json,ETH3D,../../data/depthanything/moge_dataset/ETH3D/facade/DSC_0362/image.png
166,166,../../data/moge_dataset/ETH3D/facade/DSC_0363/image.jpg,../../data/moge_dataset/ETH3D/facade/DSC_0363/depth.png,../../data/moge_dataset/ETH3D/facade/DSC_0363/meta.json,ETH3D,../../data/depthanything/moge_dataset/ETH3D/facade/DSC_0363/image.png
167,167,../../data/moge_dataset/ETH3D/facade/DSC_0364/image.jpg,../../data/moge_dataset/ETH3D/facade/DSC_0364/depth.png,../../data/moge_dataset/ETH3D/facade/DSC_0364/meta.json,ETH3D,../../data/depthanything/moge_dataset/ETH3D/facade/DSC_0364/image.png
168,168,../../data/moge_dataset/ETH3D/facade/DSC_0365/image.jpg,../../data/moge_dataset/ETH3D/facade/DSC_0365/depth.png,../../data/moge_dataset/ETH3D/facade/DSC_0365/meta.json,ETH3D,../../data/depthanything/moge_dataset/ETH3D/facade/DSC_0365/image.png
169,169,../../data/moge_dataset/ETH3D/facade/DSC_0366/image.jpg,../../data/moge_dataset/ETH3D/facade/DSC_0366/depth.png,../../data/moge_dataset/ETH3D/facade/DSC_0366/meta.json,ETH3D,../../data/depthanything/moge_dataset/ETH3D/facade/DSC_0366/image.png
170,170,../../data/moge_dataset/ETH3D/facade/DSC_0386/image.jpg,../../data/moge_dataset/ETH3D/facade/DSC_0386/depth.png,../../data/moge_dataset/ETH3D/facade/DSC_0386/meta.json,ETH3D,../../data/depthanything/moge_dataset/ETH3D/facade/DSC_0386/image.png
171,171,../../data/moge_dataset/ETH3D/facade/DSC_0387/image.jpg,../../data/moge_dataset/ETH3D/facade/DSC_0387/depth.png,../../data/moge_dataset/ETH3D/facade/DSC_0387/meta.json,ETH3D,../../data/depthanything/moge_dataset/ETH3D/facade/DSC_0387/image.png
172,172,../../data/moge_dataset/ETH3D/facade/DSC_0388/image.jpg,../../data/moge_dataset/ETH3D/facade/DSC_0388/depth.png,../../data/moge_dataset/ETH3D/facade/DSC_0388/meta.json,ETH3D,../../data/depthanything/moge_dataset/ETH3D/facade/DSC_0388/image.png
173,173,../../data/moge_dataset/ETH3D/facade/DSC_0389/image.jpg,../../data/moge_dataset/ETH3D/facade/DSC_0389/depth.png,../../data/moge_dataset/ETH3D/facade/DSC_0389/meta.json,ETH3D,../../data/depthanything/moge_dataset/ETH3D/facade/DSC_0389/image.png
174,174,../../data/moge_dataset/ETH3D/facade/DSC_0390/image.jpg,../../data/moge_dataset/ETH3D/facade/DSC_0390/depth.png,../../data/moge_dataset/ETH3D/facade/DSC_0390/meta.json,ETH3D,../../data/depthanything/moge_dataset/ETH3D/facade/DSC_0390/image.png
175,175,../../data/moge_dataset/ETH3D/facade/DSC_0391/image.jpg,../../data/moge_dataset/ETH3D/facade/DSC_0391/depth.png,../../data/moge_dataset/ETH3D/facade/DSC_0391/meta.json,ETH3D,../../data/depthanything/moge_dataset/ETH3D/facade/DSC_0391/image.png
176,176,../../data/moge_dataset/ETH3D/facade/DSC_0392/image.jpg,../../data/moge_dataset/ETH3D/facade/DSC_0392/depth.png,../../data/moge_dataset/ETH3D/facade/DSC_0392/meta.json,ETH3D,../../data/depthanything/moge_dataset/ETH3D/facade/DSC_0392/image.png
177,177,../../data/moge_dataset/ETH3D/facade/DSC_0393/image.jpg,../../data/moge_dataset/ETH3D/facade/DSC_0393/depth.png,../../data/moge_dataset/ETH3D/facade/DSC_0393/meta.json,ETH3D,../../data/depthanything/moge_dataset/ETH3D/facade/DSC_0393/image.png
178,178,../../data/moge_dataset/ETH3D/facade/DSC_0394/image.jpg,../../data/moge_dataset/ETH3D/facade/DSC_0394/depth.png,../../data/moge_dataset/ETH3D/facade/DSC_0394/meta.json,ETH3D,../../data/depthanything/moge_dataset/ETH3D/facade/DSC_0394/image.png
179,179,../../data/moge_dataset/ETH3D/facade/DSC_0395/image.jpg,../../data/moge_dataset/ETH3D/facade/DSC_0395/depth.png,../../data/moge_dataset/ETH3D/facade/DSC_0395/meta.json,ETH3D,../../data/depthanything/moge_dataset/ETH3D/facade/DSC_0395/image.png
180,180,../../data/moge_dataset/ETH3D/facade/DSC_0396/image.jpg,../../data/moge_dataset/ETH3D/facade/DSC_0396/depth.png,../../data/moge_dataset/ETH3D/facade/DSC_0396/meta.json,ETH3D,../../data/depthanything/moge_dataset/ETH3D/facade/DSC_0396/image.png
181,181,../../data/moge_dataset/ETH3D/facade/DSC_0397/image.jpg,../../data/moge_dataset/ETH3D/facade/DSC_0397/depth.png,../../data/moge_dataset/ETH3D/facade/DSC_0397/meta.json,ETH3D,../../data/depthanything/moge_dataset/ETH3D/facade/DSC_0397/image.png
182,182,../../data/moge_dataset/ETH3D/facade/DSC_0398/image.jpg,../../data/moge_dataset/ETH3D/facade/DSC_0398/depth.png,../../data/moge_dataset/ETH3D/facade/DSC_0398/meta.json,ETH3D,../../data/depthanything/moge_dataset/ETH3D/facade/DSC_0398/image.png
183,183,../../data/moge_dataset/ETH3D/facade/DSC_0399/image.jpg,../../data/moge_dataset/ETH3D/facade/DSC_0399/depth.png,../../data/moge_dataset/ETH3D/facade/DSC_0399/meta.json,ETH3D,../../data/depthanything/moge_dataset/ETH3D/facade/DSC_0399/image.png
184,184,../../data/moge_dataset/ETH3D/facade/DSC_0400/image.jpg,../../data/moge_dataset/ETH3D/facade/DSC_0400/depth.png,../../data/moge_dataset/ETH3D/facade/DSC_0400/meta.json,ETH3D,../../data/depthanything/moge_dataset/ETH3D/facade/DSC_0400/image.png
185,185,../../data/moge_dataset/ETH3D/facade/DSC_0401/image.jpg,../../data/moge_dataset/ETH3D/facade/DSC_0401/depth.png,../../data/moge_dataset/ETH3D/facade/DSC_0401/meta.json,ETH3D,../../data/depthanything/moge_dataset/ETH3D/facade/DSC_0401/image.png
186,186,../../data/moge_dataset/ETH3D/facade/DSC_0402/image.jpg,../../data/moge_dataset/ETH3D/facade/DSC_0402/depth.png,../../data/moge_dataset/ETH3D/facade/DSC_0402/meta.json,ETH3D,../../data/depthanything/moge_dataset/ETH3D/facade/DSC_0402/image.png
187,187,../../data/moge_dataset/ETH3D/facade/DSC_0404/image.jpg,../../data/moge_dataset/ETH3D/facade/DSC_0404/depth.png,../../data/moge_dataset/ETH3D/facade/DSC_0404/meta.json,ETH3D,../../data/depthanything/moge_dataset/ETH3D/facade/DSC_0404/image.png
188,188,../../data/moge_dataset/ETH3D/facade/DSC_0405/image.jpg,../../data/moge_dataset/ETH3D/facade/DSC_0405/depth.png,../../data/moge_dataset/ETH3D/facade/DSC_0405/meta.json,ETH3D,../../data/depthanything/moge_dataset/ETH3D/facade/DSC_0405/image.png
189,189,../../data/moge_dataset/ETH3D/facade/DSC_0406/image.jpg,../../data/moge_dataset/ETH3D/facade/DSC_0406/depth.png,../../data/moge_dataset/ETH3D/facade/DSC_0406/meta.json,ETH3D,../../data/depthanything/moge_dataset/ETH3D/facade/DSC_0406/image.png
190,190,../../data/moge_dataset/ETH3D/facade/DSC_0407/image.jpg,../../data/moge_dataset/ETH3D/facade/DSC_0407/depth.png,../../data/moge_dataset/ETH3D/facade/DSC_0407/meta.json,ETH3D,../../data/depthanything/moge_dataset/ETH3D/facade/DSC_0407/image.png
191,191,../../data/moge_dataset/ETH3D/facade/DSC_0408/image.jpg,../../data/moge_dataset/ETH3D/facade/DSC_0408/depth.png,../../data/moge_dataset/ETH3D/facade/DSC_0408/meta.json,ETH3D,../../data/depthanything/moge_dataset/ETH3D/facade/DSC_0408/image.png
192,192,../../data/moge_dataset/ETH3D/facade/DSC_0409/image.jpg,../../data/moge_dataset/ETH3D/facade/DSC_0409/depth.png,../../data/moge_dataset/ETH3D/facade/DSC_0409/meta.json,ETH3D,../../data/depthanything/moge_dataset/ETH3D/facade/DSC_0409/image.png
193,193,../../data/moge_dataset/ETH3D/facade/DSC_0410/image.jpg,../../data/moge_dataset/ETH3D/facade/DSC_0410/depth.png,../../data/moge_dataset/ETH3D/facade/DSC_0410/meta.json,ETH3D,../../data/depthanything/moge_dataset/ETH3D/facade/DSC_0410/image.png
194,194,../../data/moge_dataset/ETH3D/facade/DSC_0411/image.jpg,../../data/moge_dataset/ETH3D/facade/DSC_0411/depth.png,../../data/moge_dataset/ETH3D/facade/DSC_0411/meta.json,ETH3D,../../data/depthanything/moge_dataset/ETH3D/facade/DSC_0411/image.png
195,195,../../data/moge_dataset/ETH3D/facade/DSC_0412/image.jpg,../../data/moge_dataset/ETH3D/facade/DSC_0412/depth.png,../../data/moge_dataset/ETH3D/facade/DSC_0412/meta.json,ETH3D,../../data/depthanything/moge_dataset/ETH3D/facade/DSC_0412/image.png
196,196,../../data/moge_dataset/ETH3D/facade/DSC_0413/image.jpg,../../data/moge_dataset/ETH3D/facade/DSC_0413/depth.png,../../data/moge_dataset/ETH3D/facade/DSC_0413/meta.json,ETH3D,../../data/depthanything/moge_dataset/ETH3D/facade/DSC_0413/image.png
197,197,../../data/moge_dataset/ETH3D/facade/DSC_0414/image.jpg,../../data/moge_dataset/ETH3D/facade/DSC_0414/depth.png,../../data/moge_dataset/ETH3D/facade/DSC_0414/meta.json,ETH3D,../../data/depthanything/moge_dataset/ETH3D/facade/DSC_0414/image.png
198,198,../../data/moge_dataset/ETH3D/facade/DSC_0415/image.jpg,../../data/moge_dataset/ETH3D/facade/DSC_0415/depth.png,../../data/moge_dataset/ETH3D/facade/DSC_0415/meta.json,ETH3D,../../data/depthanything/moge_dataset/ETH3D/facade/DSC_0415/image.png
199,199,../../data/moge_dataset/ETH3D/facade/DSC_0419/image.jpg,../../data/moge_dataset/ETH3D/facade/DSC_0419/depth.png,../../data/moge_dataset/ETH3D/facade/DSC_0419/meta.json,ETH3D,../../data/depthanything/moge_dataset/ETH3D/facade/DSC_0419/image.png
200,200,../../data/moge_dataset/ETH3D/facade/DSC_0420/image.jpg,../../data/moge_dataset/ETH3D/facade/DSC_0420/depth.png,../../data/moge_dataset/ETH3D/facade/DSC_0420/meta.json,ETH3D,../../data/depthanything/moge_dataset/ETH3D/facade/DSC_0420/image.png
201,201,../../data/moge_dataset/ETH3D/facade/DSC_0421/image.jpg,../../data/moge_dataset/ETH3D/facade/DSC_0421/depth.png,../../data/moge_dataset/ETH3D/facade/DSC_0421/meta.json,ETH3D,../../data/depthanything/moge_dataset/ETH3D/facade/DSC_0421/image.png
202,202,../../data/moge_dataset/ETH3D/facade/DSC_0422/image.jpg,../../data/moge_dataset/ETH3D/facade/DSC_0422/depth.png,../../data/moge_dataset/ETH3D/facade/DSC_0422/meta.json,ETH3D,../../data/depthanything/moge_dataset/ETH3D/facade/DSC_0422/image.png
203,203,../../data/moge_dataset/ETH3D/kicker/DSC_6487/image.jpg,../../data/moge_dataset/ETH3D/kicker/DSC_6487/depth.png,../../data/moge_dataset/ETH3D/kicker/DSC_6487/meta.json,ETH3D,../../data/depthanything/moge_dataset/ETH3D/kicker/DSC_6487/image.png
204,204,../../data/moge_dataset/ETH3D/kicker/DSC_6489/image.jpg,../../data/moge_dataset/ETH3D/kicker/DSC_6489/depth.png,../../data/moge_dataset/ETH3D/kicker/DSC_6489/meta.json,ETH3D,../../data/depthanything/moge_dataset/ETH3D/kicker/DSC_6489/image.png
205,205,../../data/moge_dataset/ETH3D/kicker/DSC_6490/image.jpg,../../data/moge_dataset/ETH3D/kicker/DSC_6490/depth.png,../../data/moge_dataset/ETH3D/kicker/DSC_6490/meta.json,ETH3D,../../data/depthanything/moge_dataset/ETH3D/kicker/DSC_6490/image.png
206,206,../../data/moge_dataset/ETH3D/kicker/DSC_6491/image.jpg,../../data/moge_dataset/ETH3D/kicker/DSC_6491/depth.png,../../data/moge_dataset/ETH3D/kicker/DSC_6491/meta.json,ETH3D,../../data/depthanything/moge_dataset/ETH3D/kicker/DSC_6491/image.png
207,207,../../data/moge_dataset/ETH3D/kicker/DSC_6492/image.jpg,../../data/moge_dataset/ETH3D/kicker/DSC_6492/depth.png,../../data/moge_dataset/ETH3D/kicker/DSC_6492/meta.json,ETH3D,../../data/depthanything/moge_dataset/ETH3D/kicker/DSC_6492/image.png
208,208,../../data/moge_dataset/ETH3D/kicker/DSC_6493/image.jpg,../../data/moge_dataset/ETH3D/kicker/DSC_6493/depth.png,../../data/moge_dataset/ETH3D/kicker/DSC_6493/meta.json,ETH3D,../../data/depthanything/moge_dataset/ETH3D/kicker/DSC_6493/image.png
209,209,../../data/moge_dataset/ETH3D/kicker/DSC_6494/image.jpg,../../data/moge_dataset/ETH3D/kicker/DSC_6494/depth.png,../../data/moge_dataset/ETH3D/kicker/DSC_6494/meta.json,ETH3D,../../data/depthanything/moge_dataset/ETH3D/kicker/DSC_6494/image.png
210,210,../../data/moge_dataset/ETH3D/kicker/DSC_6495/image.jpg,../../data/moge_dataset/ETH3D/kicker/DSC_6495/depth.png,../../data/moge_dataset/ETH3D/kicker/DSC_6495/meta.json,ETH3D,../../data/depthanything/moge_dataset/ETH3D/kicker/DSC_6495/image.png
211,211,../../data/moge_dataset/ETH3D/kicker/DSC_6496/image.jpg,../../data/moge_dataset/ETH3D/kicker/DSC_6496/depth.png,../../data/moge_dataset/ETH3D/kicker/DSC_6496/meta.json,ETH3D,../../data/depthanything/moge_dataset/ETH3D/kicker/DSC_6496/image.png
212,212,../../data/moge_dataset/ETH3D/kicker/DSC_6497/image.jpg,../../data/moge_dataset/ETH3D/kicker/DSC_6497/depth.png,../../data/moge_dataset/ETH3D/kicker/DSC_6497/meta.json,ETH3D,../../data/depthanything/moge_dataset/ETH3D/kicker/DSC_6497/image.png
213,213,../../data/moge_dataset/ETH3D/kicker/DSC_6499/image.jpg,../../data/moge_dataset/ETH3D/kicker/DSC_6499/depth.png,../../data/moge_dataset/ETH3D/kicker/DSC_6499/meta.json,ETH3D,../../data/depthanything/moge_dataset/ETH3D/kicker/DSC_6499/image.png
214,214,../../data/moge_dataset/ETH3D/kicker/DSC_6500/image.jpg,../../data/moge_dataset/ETH3D/kicker/DSC_6500/depth.png,../../data/moge_dataset/ETH3D/kicker/DSC_6500/meta.json,ETH3D,../../data/depthanything/moge_dataset/ETH3D/kicker/DSC_6500/image.png
215,215,../../data/moge_dataset/ETH3D/kicker/DSC_6502/image.jpg,../../data/moge_dataset/ETH3D/kicker/DSC_6502/depth.png,../../data/moge_dataset/ETH3D/kicker/DSC_6502/meta.json,ETH3D,../../data/depthanything/moge_dataset/ETH3D/kicker/DSC_6502/image.png
216,216,../../data/moge_dataset/ETH3D/kicker/DSC_6503/image.jpg,../../data/moge_dataset/ETH3D/kicker/DSC_6503/depth.png,../../data/moge_dataset/ETH3D/kicker/DSC_6503/meta.json,ETH3D,../../data/depthanything/moge_dataset/ETH3D/kicker/DSC_6503/image.png
217,217,../../data/moge_dataset/ETH3D/kicker/DSC_6504/image.jpg,../../data/moge_dataset/ETH3D/kicker/DSC_6504/depth.png,../../data/moge_dataset/ETH3D/kicker/DSC_6504/meta.json,ETH3D,../../data/depthanything/moge_dataset/ETH3D/kicker/DSC_6504/image.png
218,218,../../data/moge_dataset/ETH3D/kicker/DSC_6505/image.jpg,../../data/moge_dataset/ETH3D/kicker/DSC_6505/depth.png,../../data/moge_dataset/ETH3D/kicker/DSC_6505/meta.json,ETH3D,../../data/depthanything/moge_dataset/ETH3D/kicker/DSC_6505/image.png
219,219,../../data/moge_dataset/ETH3D/kicker/DSC_6506/image.jpg,../../data/moge_dataset/ETH3D/kicker/DSC_6506/depth.png,../../data/moge_dataset/ETH3D/kicker/DSC_6506/meta.json,ETH3D,../../data/depthanything/moge_dataset/ETH3D/kicker/DSC_6506/image.png
220,220,../../data/moge_dataset/ETH3D/kicker/DSC_6507/image.jpg,../../data/moge_dataset/ETH3D/kicker/DSC_6507/depth.png,../../data/moge_dataset/ETH3D/kicker/DSC_6507/meta.json,ETH3D,../../data/depthanything/moge_dataset/ETH3D/kicker/DSC_6507/image.png
221,221,../../data/moge_dataset/ETH3D/kicker/DSC_6508/image.jpg,../../data/moge_dataset/ETH3D/kicker/DSC_6508/depth.png,../../data/moge_dataset/ETH3D/kicker/DSC_6508/meta.json,ETH3D,../../data/depthanything/moge_dataset/ETH3D/kicker/DSC_6508/image.png
222,222,../../data/moge_dataset/ETH3D/kicker/DSC_6509/image.jpg,../../data/moge_dataset/ETH3D/kicker/DSC_6509/depth.png,../../data/moge_dataset/ETH3D/kicker/DSC_6509/meta.json,ETH3D,../../data/depthanything/moge_dataset/ETH3D/kicker/DSC_6509/image.png
223,223,../../data/moge_dataset/ETH3D/kicker/DSC_6510/image.jpg,../../data/moge_dataset/ETH3D/kicker/DSC_6510/depth.png,../../data/moge_dataset/ETH3D/kicker/DSC_6510/meta.json,ETH3D,../../data/depthanything/moge_dataset/ETH3D/kicker/DSC_6510/image.png
224,224,../../data/moge_dataset/ETH3D/kicker/DSC_6511/image.jpg,../../data/moge_dataset/ETH3D/kicker/DSC_6511/depth.png,../../data/moge_dataset/ETH3D/kicker/DSC_6511/meta.json,ETH3D,../../data/depthanything/moge_dataset/ETH3D/kicker/DSC_6511/image.png
225,225,../../data/moge_dataset/ETH3D/kicker/DSC_6512/image.jpg,../../data/moge_dataset/ETH3D/kicker/DSC_6512/depth.png,../../data/moge_dataset/ETH3D/kicker/DSC_6512/meta.json,ETH3D,../../data/depthanything/moge_dataset/ETH3D/kicker/DSC_6512/image.png
226,226,../../data/moge_dataset/ETH3D/kicker/DSC_6513/image.jpg,../../data/moge_dataset/ETH3D/kicker/DSC_6513/depth.png,../../data/moge_dataset/ETH3D/kicker/DSC_6513/meta.json,ETH3D,../../data/depthanything/moge_dataset/ETH3D/kicker/DSC_6513/image.png
227,227,../../data/moge_dataset/ETH3D/kicker/DSC_6514/image.jpg,../../data/moge_dataset/ETH3D/kicker/DSC_6514/depth.png,../../data/moge_dataset/ETH3D/kicker/DSC_6514/meta.json,ETH3D,../../data/depthanything/moge_dataset/ETH3D/kicker/DSC_6514/image.png
228,228,../../data/moge_dataset/ETH3D/kicker/DSC_6515/image.jpg,../../data/moge_dataset/ETH3D/kicker/DSC_6515/depth.png,../../data/moge_dataset/ETH3D/kicker/DSC_6515/meta.json,ETH3D,../../data/depthanything/moge_dataset/ETH3D/kicker/DSC_6515/image.png
229,229,../../data/moge_dataset/ETH3D/kicker/DSC_6516/image.jpg,../../data/moge_dataset/ETH3D/kicker/DSC_6516/depth.png,../../data/moge_dataset/ETH3D/kicker/DSC_6516/meta.json,ETH3D,../../data/depthanything/moge_dataset/ETH3D/kicker/DSC_6516/image.png
230,230,../../data/moge_dataset/ETH3D/kicker/DSC_6517/image.jpg,../../data/moge_dataset/ETH3D/kicker/DSC_6517/depth.png,../../data/moge_dataset/ETH3D/kicker/DSC_6517/meta.json,ETH3D,../../data/depthanything/moge_dataset/ETH3D/kicker/DSC_6517/image.png
231,231,../../data/moge_dataset/ETH3D/kicker/DSC_6518/image.jpg,../../data/moge_dataset/ETH3D/kicker/DSC_6518/depth.png,../../data/moge_dataset/ETH3D/kicker/DSC_6518/meta.json,ETH3D,../../data/depthanything/moge_dataset/ETH3D/kicker/DSC_6518/image.png
232,232,../../data/moge_dataset/ETH3D/kicker/DSC_6519/image.jpg,../../data/moge_dataset/ETH3D/kicker/DSC_6519/depth.png,../../data/moge_dataset/ETH3D/kicker/DSC_6519/meta.json,ETH3D,../../data/depthanything/moge_dataset/ETH3D/kicker/DSC_6519/image.png
233,233,../../data/moge_dataset/ETH3D/kicker/DSC_6520/image.jpg,../../data/moge_dataset/ETH3D/kicker/DSC_6520/depth.png,../../data/moge_dataset/ETH3D/kicker/DSC_6520/meta.json,ETH3D,../../data/depthanything/moge_dataset/ETH3D/kicker/DSC_6520/image.png
234,234,../../data/moge_dataset/ETH3D/meadow/DSC_6535/image.jpg,../../data/moge_dataset/ETH3D/meadow/DSC_6535/depth.png,../../data/moge_dataset/ETH3D/meadow/DSC_6535/meta.json,ETH3D,../../data/depthanything/moge_dataset/ETH3D/meadow/DSC_6535/image.png
235,235,../../data/moge_dataset/ETH3D/meadow/DSC_6536/image.jpg,../../data/moge_dataset/ETH3D/meadow/DSC_6536/depth.png,../../data/moge_dataset/ETH3D/meadow/DSC_6536/meta.json,ETH3D,../../data/depthanything/moge_dataset/ETH3D/meadow/DSC_6536/image.png
236,236,../../data/moge_dataset/ETH3D/meadow/DSC_6537/image.jpg,../../data/moge_dataset/ETH3D/meadow/DSC_6537/depth.png,../../data/moge_dataset/ETH3D/meadow/DSC_6537/meta.json,ETH3D,../../data/depthanything/moge_dataset/ETH3D/meadow/DSC_6537/image.png
237,237,../../data/moge_dataset/ETH3D/meadow/DSC_6538/image.jpg,../../data/moge_dataset/ETH3D/meadow/DSC_6538/depth.png,../../data/moge_dataset/ETH3D/meadow/DSC_6538/meta.json,ETH3D,../../data/depthanything/moge_dataset/ETH3D/meadow/DSC_6538/image.png
238,238,../../data/moge_dataset/ETH3D/meadow/DSC_6539/image.jpg,../../data/moge_dataset/ETH3D/meadow/DSC_6539/depth.png,../../data/moge_dataset/ETH3D/meadow/DSC_6539/meta.json,ETH3D,../../data/depthanything/moge_dataset/ETH3D/meadow/DSC_6539/image.png
239,239,../../data/moge_dataset/ETH3D/meadow/DSC_6540/image.jpg,../../data/moge_dataset/ETH3D/meadow/DSC_6540/depth.png,../../data/moge_dataset/ETH3D/meadow/DSC_6540/meta.json,ETH3D,../../data/depthanything/moge_dataset/ETH3D/meadow/DSC_6540/image.png
240,240,../../data/moge_dataset/ETH3D/meadow/DSC_6541/image.jpg,../../data/moge_dataset/ETH3D/meadow/DSC_6541/depth.png,../../data/moge_dataset/ETH3D/meadow/DSC_6541/meta.json,ETH3D,../../data/depthanything/moge_dataset/ETH3D/meadow/DSC_6541/image.png
241,241,../../data/moge_dataset/ETH3D/meadow/DSC_6547/image.jpg,../../data/moge_dataset/ETH3D/meadow/DSC_6547/depth.png,../../data/moge_dataset/ETH3D/meadow/DSC_6547/meta.json,ETH3D,../../data/depthanything/moge_dataset/ETH3D/meadow/DSC_6547/image.png
242,242,../../data/moge_dataset/ETH3D/meadow/DSC_6548/image.jpg,../../data/moge_dataset/ETH3D/meadow/DSC_6548/depth.png,../../data/moge_dataset/ETH3D/meadow/DSC_6548/meta.json,ETH3D,../../data/depthanything/moge_dataset/ETH3D/meadow/DSC_6548/image.png
243,243,../../data/moge_dataset/ETH3D/meadow/DSC_6553/image.jpg,../../data/moge_dataset/ETH3D/meadow/DSC_6553/depth.png,../../data/moge_dataset/ETH3D/meadow/DSC_6553/meta.json,ETH3D,../../data/depthanything/moge_dataset/ETH3D/meadow/DSC_6553/image.png
244,244,../../data/moge_dataset/ETH3D/meadow/DSC_6556/image.jpg,../../data/moge_dataset/ETH3D/meadow/DSC_6556/depth.png,../../data/moge_dataset/ETH3D/meadow/DSC_6556/meta.json,ETH3D,../../data/depthanything/moge_dataset/ETH3D/meadow/DSC_6556/image.png
245,245,../../data/moge_dataset/ETH3D/meadow/DSC_6557/image.jpg,../../data/moge_dataset/ETH3D/meadow/DSC_6557/depth.png,../../data/moge_dataset/ETH3D/meadow/DSC_6557/meta.json,ETH3D,../../data/depthanything/moge_dataset/ETH3D/meadow/DSC_6557/image.png
246,246,../../data/moge_dataset/ETH3D/meadow/DSC_6558/image.jpg,../../data/moge_dataset/ETH3D/meadow/DSC_6558/depth.png,../../data/moge_dataset/ETH3D/meadow/DSC_6558/meta.json,ETH3D,../../data/depthanything/moge_dataset/ETH3D/meadow/DSC_6558/image.png
247,247,../../data/moge_dataset/ETH3D/meadow/DSC_6559/image.jpg,../../data/moge_dataset/ETH3D/meadow/DSC_6559/depth.png,../../data/moge_dataset/ETH3D/meadow/DSC_6559/meta.json,ETH3D,../../data/depthanything/moge_dataset/ETH3D/meadow/DSC_6559/image.png
248,248,../../data/moge_dataset/ETH3D/meadow/DSC_6560/image.jpg,../../data/moge_dataset/ETH3D/meadow/DSC_6560/depth.png,../../data/moge_dataset/ETH3D/meadow/DSC_6560/meta.json,ETH3D,../../data/depthanything/moge_dataset/ETH3D/meadow/DSC_6560/image.png
249,249,../../data/moge_dataset/ETH3D/office/DSC_0219/image.jpg,../../data/moge_dataset/ETH3D/office/DSC_0219/depth.png,../../data/moge_dataset/ETH3D/office/DSC_0219/meta.json,ETH3D,../../data/depthanything/moge_dataset/ETH3D/office/DSC_0219/image.png
250,250,../../data/moge_dataset/ETH3D/office/DSC_0220/image.jpg,../../data/moge_dataset/ETH3D/office/DSC_0220/depth.png,../../data/moge_dataset/ETH3D/office/DSC_0220/meta.json,ETH3D,../../data/depthanything/moge_dataset/ETH3D/office/DSC_0220/image.png
251,251,../../data/moge_dataset/ETH3D/office/DSC_0221/image.jpg,../../data/moge_dataset/ETH3D/office/DSC_0221/depth.png,../../data/moge_dataset/ETH3D/office/DSC_0221/meta.json,ETH3D,../../data/depthanything/moge_dataset/ETH3D/office/DSC_0221/image.png
252,252,../../data/moge_dataset/ETH3D/office/DSC_0222/image.jpg,../../data/moge_dataset/ETH3D/office/DSC_0222/depth.png,../../data/moge_dataset/ETH3D/office/DSC_0222/meta.json,ETH3D,../../data/depthanything/moge_dataset/ETH3D/office/DSC_0222/image.png
253,253,../../data/moge_dataset/ETH3D/office/DSC_0223/image.jpg,../../data/moge_dataset/ETH3D/office/DSC_0223/depth.png,../../data/moge_dataset/ETH3D/office/DSC_0223/meta.json,ETH3D,../../data/depthanything/moge_dataset/ETH3D/office/DSC_0223/image.png
254,254,../../data/moge_dataset/ETH3D/office/DSC_0228/image.jpg,../../data/moge_dataset/ETH3D/office/DSC_0228/depth.png,../../data/moge_dataset/ETH3D/office/DSC_0228/meta.json,ETH3D,../../data/depthanything/moge_dataset/ETH3D/office/DSC_0228/image.png
255,255,../../data/moge_dataset/ETH3D/office/DSC_0229/image.jpg,../../data/moge_dataset/ETH3D/office/DSC_0229/depth.png,../../data/moge_dataset/ETH3D/office/DSC_0229/meta.json,ETH3D,../../data/depthanything/moge_dataset/ETH3D/office/DSC_0229/image.png
256,256,../../data/moge_dataset/ETH3D/office/DSC_0230/image.jpg,../../data/moge_dataset/ETH3D/office/DSC_0230/depth.png,../../data/moge_dataset/ETH3D/office/DSC_0230/meta.json,ETH3D,../../data/depthanything/moge_dataset/ETH3D/office/DSC_0230/image.png
257,257,../../data/moge_dataset/ETH3D/office/DSC_0231/image.jpg,../../data/moge_dataset/ETH3D/office/DSC_0231/depth.png,../../data/moge_dataset/ETH3D/office/DSC_0231/meta.json,ETH3D,../../data/depthanything/moge_dataset/ETH3D/office/DSC_0231/image.png
258,258,../../data/moge_dataset/ETH3D/office/DSC_0235/image.jpg,../../data/moge_dataset/ETH3D/office/DSC_0235/depth.png,../../data/moge_dataset/ETH3D/office/DSC_0235/meta.json,ETH3D,../../data/depthanything/moge_dataset/ETH3D/office/DSC_0235/image.png
259,259,../../data/moge_dataset/ETH3D/office/DSC_0236/image.jpg,../../data/moge_dataset/ETH3D/office/DSC_0236/depth.png,../../data/moge_dataset/ETH3D/office/DSC_0236/meta.json,ETH3D,../../data/depthanything/moge_dataset/ETH3D/office/DSC_0236/image.png
260,260,../../data/moge_dataset/ETH3D/office/DSC_0237/image.jpg,../../data/moge_dataset/ETH3D/office/DSC_0237/depth.png,../../data/moge_dataset/ETH3D/office/DSC_0237/meta.json,ETH3D,../../data/depthanything/moge_dataset/ETH3D/office/DSC_0237/image.png
261,261,../../data/moge_dataset/ETH3D/office/DSC_0238/image.jpg,../../data/moge_dataset/ETH3D/office/DSC_0238/depth.png,../../data/moge_dataset/ETH3D/office/DSC_0238/meta.json,ETH3D,../../data/depthanything/moge_dataset/ETH3D/office/DSC_0238/image.png
262,262,../../data/moge_dataset/ETH3D/office/DSC_0239/image.jpg,../../data/moge_dataset/ETH3D/office/DSC_0239/depth.png,../../data/moge_dataset/ETH3D/office/DSC_0239/meta.json,ETH3D,../../data/depthanything/moge_dataset/ETH3D/office/DSC_0239/image.png
263,263,../../data/moge_dataset/ETH3D/office/DSC_0240/image.jpg,../../data/moge_dataset/ETH3D/office/DSC_0240/depth.png,../../data/moge_dataset/ETH3D/office/DSC_0240/meta.json,ETH3D,../../data/depthanything/moge_dataset/ETH3D/office/DSC_0240/image.png
264,264,../../data/moge_dataset/ETH3D/office/DSC_0241/image.jpg,../../data/moge_dataset/ETH3D/office/DSC_0241/depth.png,../../data/moge_dataset/ETH3D/office/DSC_0241/meta.json,ETH3D,../../data/depthanything/moge_dataset/ETH3D/office/DSC_0241/image.png
265,265,../../data/moge_dataset/ETH3D/office/DSC_0242/image.jpg,../../data/moge_dataset/ETH3D/office/DSC_0242/depth.png,../../data/moge_dataset/ETH3D/office/DSC_0242/meta.json,ETH3D,../../data/depthanything/moge_dataset/ETH3D/office/DSC_0242/image.png
266,266,../../data/moge_dataset/ETH3D/office/DSC_0243/image.jpg,../../data/moge_dataset/ETH3D/office/DSC_0243/depth.png,../../data/moge_dataset/ETH3D/office/DSC_0243/meta.json,ETH3D,../../data/depthanything/moge_dataset/ETH3D/office/DSC_0243/image.png
267,267,../../data/moge_dataset/ETH3D/office/DSC_0248/image.jpg,../../data/moge_dataset/ETH3D/office/DSC_0248/depth.png,../../data/moge_dataset/ETH3D/office/DSC_0248/meta.json,ETH3D,../../data/depthanything/moge_dataset/ETH3D/office/DSC_0248/image.png
268,268,../../data/moge_dataset/ETH3D/office/DSC_0249/image.jpg,../../data/moge_dataset/ETH3D/office/DSC_0249/depth.png,../../data/moge_dataset/ETH3D/office/DSC_0249/meta.json,ETH3D,../../data/depthanything/moge_dataset/ETH3D/office/DSC_0249/image.png
269,269,../../data/moge_dataset/ETH3D/office/DSC_0250/image.jpg,../../data/moge_dataset/ETH3D/office/DSC_0250/depth.png,../../data/moge_dataset/ETH3D/office/DSC_0250/meta.json,ETH3D,../../data/depthanything/moge_dataset/ETH3D/office/DSC_0250/image.png
270,270,../../data/moge_dataset/ETH3D/office/DSC_0251/image.jpg,../../data/moge_dataset/ETH3D/office/DSC_0251/depth.png,../../data/moge_dataset/ETH3D/office/DSC_0251/meta.json,ETH3D,../../data/depthanything/moge_dataset/ETH3D/office/DSC_0251/image.png
271,271,../../data/moge_dataset/ETH3D/office/DSC_0252/image.jpg,../../data/moge_dataset/ETH3D/office/DSC_0252/depth.png,../../data/moge_dataset/ETH3D/office/DSC_0252/meta.json,ETH3D,../../data/depthanything/moge_dataset/ETH3D/office/DSC_0252/image.png
272,272,../../data/moge_dataset/ETH3D/office/DSC_0253/image.jpg,../../data/moge_dataset/ETH3D/office/DSC_0253/depth.png,../../data/moge_dataset/ETH3D/office/DSC_0253/meta.json,ETH3D,../../data/depthanything/moge_dataset/ETH3D/office/DSC_0253/image.png
273,273,../../data/moge_dataset/ETH3D/office/DSC_0254/image.jpg,../../data/moge_dataset/ETH3D/office/DSC_0254/depth.png,../../data/moge_dataset/ETH3D/office/DSC_0254/meta.json,ETH3D,../../data/depthanything/moge_dataset/ETH3D/office/DSC_0254/image.png
274,274,../../data/moge_dataset/ETH3D/office/DSC_0255/image.jpg,../../data/moge_dataset/ETH3D/office/DSC_0255/depth.png,../../data/moge_dataset/ETH3D/office/DSC_0255/meta.json,ETH3D,../../data/depthanything/moge_dataset/ETH3D/office/DSC_0255/image.png
275,275,../../data/moge_dataset/ETH3D/pipes/DSC_0634/image.jpg,../../data/moge_dataset/ETH3D/pipes/DSC_0634/depth.png,../../data/moge_dataset/ETH3D/pipes/DSC_0634/meta.json,ETH3D,../../data/depthanything/moge_dataset/ETH3D/pipes/DSC_0634/image.png
276,276,../../data/moge_dataset/ETH3D/pipes/DSC_0635/image.jpg,../../data/moge_dataset/ETH3D/pipes/DSC_0635/depth.png,../../data/moge_dataset/ETH3D/pipes/DSC_0635/meta.json,ETH3D,../../data/depthanything/moge_dataset/ETH3D/pipes/DSC_0635/image.png
277,277,../../data/moge_dataset/ETH3D/pipes/DSC_0636/image.jpg,../../data/moge_dataset/ETH3D/pipes/DSC_0636/depth.png,../../data/moge_dataset/ETH3D/pipes/DSC_0636/meta.json,ETH3D,../../data/depthanything/moge_dataset/ETH3D/pipes/DSC_0636/image.png
278,278,../../data/moge_dataset/ETH3D/pipes/DSC_0637/image.jpg,../../data/moge_dataset/ETH3D/pipes/DSC_0637/depth.png,../../data/moge_dataset/ETH3D/pipes/DSC_0637/meta.json,ETH3D,../../data/depthanything/moge_dataset/ETH3D/pipes/DSC_0637/image.png
279,279,../../data/moge_dataset/ETH3D/pipes/DSC_0638/image.jpg,../../data/moge_dataset/ETH3D/pipes/DSC_0638/depth.png,../../data/moge_dataset/ETH3D/pipes/DSC_0638/meta.json,ETH3D,../../data/depthanything/moge_dataset/ETH3D/pipes/DSC_0638/image.png
280,280,../../data/moge_dataset/ETH3D/pipes/DSC_0639/image.jpg,../../data/moge_dataset/ETH3D/pipes/DSC_0639/depth.png,../../data/moge_dataset/ETH3D/pipes/DSC_0639/meta.json,ETH3D,../../data/depthanything/moge_dataset/ETH3D/pipes/DSC_0639/image.png
281,281,../../data/moge_dataset/ETH3D/pipes/DSC_0640/image.jpg,../../data/moge_dataset/ETH3D/pipes/DSC_0640/depth.png,../../data/moge_dataset/ETH3D/pipes/DSC_0640/meta.json,ETH3D,../../data/depthanything/moge_dataset/ETH3D/pipes/DSC_0640/image.png
282,282,../../data/moge_dataset/ETH3D/pipes/DSC_0641/image.jpg,../../data/moge_dataset/ETH3D/pipes/DSC_0641/depth.png,../../data/moge_dataset/ETH3D/pipes/DSC_0641/meta.json,ETH3D,../../data/depthanything/moge_dataset/ETH3D/pipes/DSC_0641/image.png
283,283,../../data/moge_dataset/ETH3D/pipes/DSC_0642/image.jpg,../../data/moge_dataset/ETH3D/pipes/DSC_0642/depth.png,../../data/moge_dataset/ETH3D/pipes/DSC_0642/meta.json,ETH3D,../../data/depthanything/moge_dataset/ETH3D/pipes/DSC_0642/image.png
284,284,../../data/moge_dataset/ETH3D/pipes/DSC_0643/image.jpg,../../data/moge_dataset/ETH3D/pipes/DSC_0643/depth.png,../../data/moge_dataset/ETH3D/pipes/DSC_0643/meta.json,ETH3D,../../data/depthanything/moge_dataset/ETH3D/pipes/DSC_0643/image.png
285,285,../../data/moge_dataset/ETH3D/pipes/DSC_0644/image.jpg,../../data/moge_dataset/ETH3D/pipes/DSC_0644/depth.png,../../data/moge_dataset/ETH3D/pipes/DSC_0644/meta.json,ETH3D,../../data/depthanything/moge_dataset/ETH3D/pipes/DSC_0644/image.png
286,286,../../data/moge_dataset/ETH3D/pipes/DSC_0645/image.jpg,../../data/moge_dataset/ETH3D/pipes/DSC_0645/depth.png,../../data/moge_dataset/ETH3D/pipes/DSC_0645/meta.json,ETH3D,../../data/depthanything/moge_dataset/ETH3D/pipes/DSC_0645/image.png
287,287,../../data/moge_dataset/ETH3D/pipes/DSC_0646/image.jpg,../../data/moge_dataset/ETH3D/pipes/DSC_0646/depth.png,../../data/moge_dataset/ETH3D/pipes/DSC_0646/meta.json,ETH3D,../../data/depthanything/moge_dataset/ETH3D/pipes/DSC_0646/image.png
288,288,../../data/moge_dataset/ETH3D/pipes/DSC_0647/image.jpg,../../data/moge_dataset/ETH3D/pipes/DSC_0647/depth.png,../../data/moge_dataset/ETH3D/pipes/DSC_0647/meta.json,ETH3D,../../data/depthanything/moge_dataset/ETH3D/pipes/DSC_0647/image.png
289,289,../../data/moge_dataset/ETH3D/playground/DSC_0567/image.jpg,../../data/moge_dataset/ETH3D/playground/DSC_0567/depth.png,../../data/moge_dataset/ETH3D/playground/DSC_0567/meta.json,ETH3D,../../data/depthanything/moge_dataset/ETH3D/playground/DSC_0567/image.png
290,290,../../data/moge_dataset/ETH3D/playground/DSC_0568/image.jpg,../../data/moge_dataset/ETH3D/playground/DSC_0568/depth.png,../../data/moge_dataset/ETH3D/playground/DSC_0568/meta.json,ETH3D,../../data/depthanything/moge_dataset/ETH3D/playground/DSC_0568/image.png
291,291,../../data/moge_dataset/ETH3D/playground/DSC_0569/image.jpg,../../data/moge_dataset/ETH3D/playground/DSC_0569/depth.png,../../data/moge_dataset/ETH3D/playground/DSC_0569/meta.json,ETH3D,../../data/depthanything/moge_dataset/ETH3D/playground/DSC_0569/image.png
292,292,../../data/moge_dataset/ETH3D/playground/DSC_0570/image.jpg,../../data/moge_dataset/ETH3D/playground/DSC_0570/depth.png,../../data/moge_dataset/ETH3D/playground/DSC_0570/meta.json,ETH3D,../../data/depthanything/moge_dataset/ETH3D/playground/DSC_0570/image.png
293,293,../../data/moge_dataset/ETH3D/playground/DSC_0571/image.jpg,../../data/moge_dataset/ETH3D/playground/DSC_0571/depth.png,../../data/moge_dataset/ETH3D/playground/DSC_0571/meta.json,ETH3D,../../data/depthanything/moge_dataset/ETH3D/playground/DSC_0571/image.png
294,294,../../data/moge_dataset/ETH3D/playground/DSC_0572/image.jpg,../../data/moge_dataset/ETH3D/playground/DSC_0572/depth.png,../../data/moge_dataset/ETH3D/playground/DSC_0572/meta.json,ETH3D,../../data/depthanything/moge_dataset/ETH3D/playground/DSC_0572/image.png
295,295,../../data/moge_dataset/ETH3D/playground/DSC_0573/image.jpg,../../data/moge_dataset/ETH3D/playground/DSC_0573/depth.png,../../data/moge_dataset/ETH3D/playground/DSC_0573/meta.json,ETH3D,../../data/depthanything/moge_dataset/ETH3D/playground/DSC_0573/image.png
296,296,../../data/moge_dataset/ETH3D/playground/DSC_0574/image.jpg,../../data/moge_dataset/ETH3D/playground/DSC_0574/depth.png,../../data/moge_dataset/ETH3D/playground/DSC_0574/meta.json,ETH3D,../../data/depthanything/moge_dataset/ETH3D/playground/DSC_0574/image.png
297,297,../../data/moge_dataset/ETH3D/playground/DSC_0575/image.jpg,../../data/moge_dataset/ETH3D/playground/DSC_0575/depth.png,../../data/moge_dataset/ETH3D/playground/DSC_0575/meta.json,ETH3D,../../data/depthanything/moge_dataset/ETH3D/playground/DSC_0575/image.png
298,298,../../data/moge_dataset/ETH3D/playground/DSC_0576/image.jpg,../../data/moge_dataset/ETH3D/playground/DSC_0576/depth.png,../../data/moge_dataset/ETH3D/playground/DSC_0576/meta.json,ETH3D,../../data/depthanything/moge_dataset/ETH3D/playground/DSC_0576/image.png
299,299,../../data/moge_dataset/ETH3D/playground/DSC_0577/image.jpg,../../data/moge_dataset/ETH3D/playground/DSC_0577/depth.png,../../data/moge_dataset/ETH3D/playground/DSC_0577/meta.json,ETH3D,../../data/depthanything/moge_dataset/ETH3D/playground/DSC_0577/image.png
300,300,../../data/moge_dataset/ETH3D/playground/DSC_0578/image.jpg,../../data/moge_dataset/ETH3D/playground/DSC_0578/depth.png,../../data/moge_dataset/ETH3D/playground/DSC_0578/meta.json,ETH3D,../../data/depthanything/moge_dataset/ETH3D/playground/DSC_0578/image.png
301,301,../../data/moge_dataset/ETH3D/playground/DSC_0579/image.jpg,../../data/moge_dataset/ETH3D/playground/DSC_0579/depth.png,../../data/moge_dataset/ETH3D/playground/DSC_0579/meta.json,ETH3D,../../data/depthanything/moge_dataset/ETH3D/playground/DSC_0579/image.png
302,302,../../data/moge_dataset/ETH3D/playground/DSC_0580/image.jpg,../../data/moge_dataset/ETH3D/playground/DSC_0580/depth.png,../../data/moge_dataset/ETH3D/playground/DSC_0580/meta.json,ETH3D,../../data/depthanything/moge_dataset/ETH3D/playground/DSC_0580/image.png
303,303,../../data/moge_dataset/ETH3D/playground/DSC_0581/image.jpg,../../data/moge_dataset/ETH3D/playground/DSC_0581/depth.png,../../data/moge_dataset/ETH3D/playground/DSC_0581/meta.json,ETH3D,../../data/depthanything/moge_dataset/ETH3D/playground/DSC_0581/image.png
304,304,../../data/moge_dataset/ETH3D/playground/DSC_0582/image.jpg,../../data/moge_dataset/ETH3D/playground/DSC_0582/depth.png,../../data/moge_dataset/ETH3D/playground/DSC_0582/meta.json,ETH3D,../../data/depthanything/moge_dataset/ETH3D/playground/DSC_0582/image.png
305,305,../../data/moge_dataset/ETH3D/playground/DSC_0583/image.jpg,../../data/moge_dataset/ETH3D/playground/DSC_0583/depth.png,../../data/moge_dataset/ETH3D/playground/DSC_0583/meta.json,ETH3D,../../data/depthanything/moge_dataset/ETH3D/playground/DSC_0583/image.png
306,306,../../data/moge_dataset/ETH3D/playground/DSC_0584/image.jpg,../../data/moge_dataset/ETH3D/playground/DSC_0584/depth.png,../../data/moge_dataset/ETH3D/playground/DSC_0584/meta.json,ETH3D,../../data/depthanything/moge_dataset/ETH3D/playground/DSC_0584/image.png
307,307,../../data/moge_dataset/ETH3D/playground/DSC_0585/image.jpg,../../data/moge_dataset/ETH3D/playground/DSC_0585/depth.png,../../data/moge_dataset/ETH3D/playground/DSC_0585/meta.json,ETH3D,../../data/depthanything/moge_dataset/ETH3D/playground/DSC_0585/image.png
308,308,../../data/moge_dataset/ETH3D/playground/DSC_0586/image.jpg,../../data/moge_dataset/ETH3D/playground/DSC_0586/depth.png,../../data/moge_dataset/ETH3D/playground/DSC_0586/meta.json,ETH3D,../../data/depthanything/moge_dataset/ETH3D/playground/DSC_0586/image.png
309,309,../../data/moge_dataset/ETH3D/playground/DSC_0587/image.jpg,../../data/moge_dataset/ETH3D/playground/DSC_0587/depth.png,../../data/moge_dataset/ETH3D/playground/DSC_0587/meta.json,ETH3D,../../data/depthanything/moge_dataset/ETH3D/playground/DSC_0587/image.png
310,310,../../data/moge_dataset/ETH3D/playground/DSC_0588/image.jpg,../../data/moge_dataset/ETH3D/playground/DSC_0588/depth.png,../../data/moge_dataset/ETH3D/playground/DSC_0588/meta.json,ETH3D,../../data/depthanything/moge_dataset/ETH3D/playground/DSC_0588/image.png
311,311,../../data/moge_dataset/ETH3D/playground/DSC_0589/image.jpg,../../data/moge_dataset/ETH3D/playground/DSC_0589/depth.png,../../data/moge_dataset/ETH3D/playground/DSC_0589/meta.json,ETH3D,../../data/depthanything/moge_dataset/ETH3D/playground/DSC_0589/image.png
312,312,../../data/moge_dataset/ETH3D/playground/DSC_0590/image.jpg,../../data/moge_dataset/ETH3D/playground/DSC_0590/depth.png,../../data/moge_dataset/ETH3D/playground/DSC_0590/meta.json,ETH3D,../../data/depthanything/moge_dataset/ETH3D/playground/DSC_0590/image.png
313,313,../../data/moge_dataset/ETH3D/playground/DSC_0591/image.jpg,../../data/moge_dataset/ETH3D/playground/DSC_0591/depth.png,../../data/moge_dataset/ETH3D/playground/DSC_0591/meta.json,ETH3D,../../data/depthanything/moge_dataset/ETH3D/playground/DSC_0591/image.png
314,314,../../data/moge_dataset/ETH3D/playground/DSC_0592/image.jpg,../../data/moge_dataset/ETH3D/playground/DSC_0592/depth.png,../../data/moge_dataset/ETH3D/playground/DSC_0592/meta.json,ETH3D,../../data/depthanything/moge_dataset/ETH3D/playground/DSC_0592/image.png
315,315,../../data/moge_dataset/ETH3D/playground/DSC_0593/image.jpg,../../data/moge_dataset/ETH3D/playground/DSC_0593/depth.png,../../data/moge_dataset/ETH3D/playground/DSC_0593/meta.json,ETH3D,../../data/depthanything/moge_dataset/ETH3D/playground/DSC_0593/image.png
316,316,../../data/moge_dataset/ETH3D/playground/DSC_0594/image.jpg,../../data/moge_dataset/ETH3D/playground/DSC_0594/depth.png,../../data/moge_dataset/ETH3D/playground/DSC_0594/meta.json,ETH3D,../../data/depthanything/moge_dataset/ETH3D/playground/DSC_0594/image.png
317,317,../../data/moge_dataset/ETH3D/playground/DSC_0595/image.jpg,../../data/moge_dataset/ETH3D/playground/DSC_0595/depth.png,../../data/moge_dataset/ETH3D/playground/DSC_0595/meta.json,ETH3D,../../data/depthanything/moge_dataset/ETH3D/playground/DSC_0595/image.png
318,318,../../data/moge_dataset/ETH3D/playground/DSC_0596/image.jpg,../../data/moge_dataset/ETH3D/playground/DSC_0596/depth.png,../../data/moge_dataset/ETH3D/playground/DSC_0596/meta.json,ETH3D,../../data/depthanything/moge_dataset/ETH3D/playground/DSC_0596/image.png
319,319,../../data/moge_dataset/ETH3D/playground/DSC_0597/image.jpg,../../data/moge_dataset/ETH3D/playground/DSC_0597/depth.png,../../data/moge_dataset/ETH3D/playground/DSC_0597/meta.json,ETH3D,../../data/depthanything/moge_dataset/ETH3D/playground/DSC_0597/image.png
320,320,../../data/moge_dataset/ETH3D/playground/DSC_0598/image.jpg,../../data/moge_dataset/ETH3D/playground/DSC_0598/depth.png,../../data/moge_dataset/ETH3D/playground/DSC_0598/meta.json,ETH3D,../../data/depthanything/moge_dataset/ETH3D/playground/DSC_0598/image.png
321,321,../../data/moge_dataset/ETH3D/playground/DSC_0599/image.jpg,../../data/moge_dataset/ETH3D/playground/DSC_0599/depth.png,../../data/moge_dataset/ETH3D/playground/DSC_0599/meta.json,ETH3D,../../data/depthanything/moge_dataset/ETH3D/playground/DSC_0599/image.png
322,322,../../data/moge_dataset/ETH3D/playground/DSC_0602/image.jpg,../../data/moge_dataset/ETH3D/playground/DSC_0602/depth.png,../../data/moge_dataset/ETH3D/playground/DSC_0602/meta.json,ETH3D,../../data/depthanything/moge_dataset/ETH3D/playground/DSC_0602/image.png
323,323,../../data/moge_dataset/ETH3D/playground/DSC_0603/image.jpg,../../data/moge_dataset/ETH3D/playground/DSC_0603/depth.png,../../data/moge_dataset/ETH3D/playground/DSC_0603/meta.json,ETH3D,../../data/depthanything/moge_dataset/ETH3D/playground/DSC_0603/image.png
324,324,../../data/moge_dataset/ETH3D/playground/DSC_0604/image.jpg,../../data/moge_dataset/ETH3D/playground/DSC_0604/depth.png,../../data/moge_dataset/ETH3D/playground/DSC_0604/meta.json,ETH3D,../../data/depthanything/moge_dataset/ETH3D/playground/DSC_0604/image.png
325,325,../../data/moge_dataset/ETH3D/playground/DSC_0605/image.jpg,../../data/moge_dataset/ETH3D/playground/DSC_0605/depth.png,../../data/moge_dataset/ETH3D/playground/DSC_0605/meta.json,ETH3D,../../data/depthanything/moge_dataset/ETH3D/playground/DSC_0605/image.png
326,326,../../data/moge_dataset/ETH3D/playground/DSC_0606/image.jpg,../../data/moge_dataset/ETH3D/playground/DSC_0606/depth.png,../../data/moge_dataset/ETH3D/playground/DSC_0606/meta.json,ETH3D,../../data/depthanything/moge_dataset/ETH3D/playground/DSC_0606/image.png
327,327,../../data/moge_dataset/ETH3D/relief/DSC_0427/image.jpg,../../data/moge_dataset/ETH3D/relief/DSC_0427/depth.png,../../data/moge_dataset/ETH3D/relief/DSC_0427/meta.json,ETH3D,../../data/depthanything/moge_dataset/ETH3D/relief/DSC_0427/image.png
328,328,../../data/moge_dataset/ETH3D/relief/DSC_0428/image.jpg,../../data/moge_dataset/ETH3D/relief/DSC_0428/depth.png,../../data/moge_dataset/ETH3D/relief/DSC_0428/meta.json,ETH3D,../../data/depthanything/moge_dataset/ETH3D/relief/DSC_0428/image.png
329,329,../../data/moge_dataset/ETH3D/relief/DSC_0429/image.jpg,../../data/moge_dataset/ETH3D/relief/DSC_0429/depth.png,../../data/moge_dataset/ETH3D/relief/DSC_0429/meta.json,ETH3D,../../data/depthanything/moge_dataset/ETH3D/relief/DSC_0429/image.png
330,330,../../data/moge_dataset/ETH3D/relief/DSC_0430/image.jpg,../../data/moge_dataset/ETH3D/relief/DSC_0430/depth.png,../../data/moge_dataset/ETH3D/relief/DSC_0430/meta.json,ETH3D,../../data/depthanything/moge_dataset/ETH3D/relief/DSC_0430/image.png
331,331,../../data/moge_dataset/ETH3D/relief/DSC_0431/image.jpg,../../data/moge_dataset/ETH3D/relief/DSC_0431/depth.png,../../data/moge_dataset/ETH3D/relief/DSC_0431/meta.json,ETH3D,../../data/depthanything/moge_dataset/ETH3D/relief/DSC_0431/image.png
332,332,../../data/moge_dataset/ETH3D/relief/DSC_0432/image.jpg,../../data/moge_dataset/ETH3D/relief/DSC_0432/depth.png,../../data/moge_dataset/ETH3D/relief/DSC_0432/meta.json,ETH3D,../../data/depthanything/moge_dataset/ETH3D/relief/DSC_0432/image.png
333,333,../../data/moge_dataset/ETH3D/relief/DSC_0433/image.jpg,../../data/moge_dataset/ETH3D/relief/DSC_0433/depth.png,../../data/moge_dataset/ETH3D/relief/DSC_0433/meta.json,ETH3D,../../data/depthanything/moge_dataset/ETH3D/relief/DSC_0433/image.png
334,334,../../data/moge_dataset/ETH3D/relief/DSC_0434/image.jpg,../../data/moge_dataset/ETH3D/relief/DSC_0434/depth.png,../../data/moge_dataset/ETH3D/relief/DSC_0434/meta.json,ETH3D,../../data/depthanything/moge_dataset/ETH3D/relief/DSC_0434/image.png
335,335,../../data/moge_dataset/ETH3D/relief/DSC_0435/image.jpg,../../data/moge_dataset/ETH3D/relief/DSC_0435/depth.png,../../data/moge_dataset/ETH3D/relief/DSC_0435/meta.json,ETH3D,../../data/depthanything/moge_dataset/ETH3D/relief/DSC_0435/image.png
336,336,../../data/moge_dataset/ETH3D/relief/DSC_0436/image.jpg,../../data/moge_dataset/ETH3D/relief/DSC_0436/depth.png,../../data/moge_dataset/ETH3D/relief/DSC_0436/meta.json,ETH3D,../../data/depthanything/moge_dataset/ETH3D/relief/DSC_0436/image.png
337,337,../../data/moge_dataset/ETH3D/relief/DSC_0437/image.jpg,../../data/moge_dataset/ETH3D/relief/DSC_0437/depth.png,../../data/moge_dataset/ETH3D/relief/DSC_0437/meta.json,ETH3D,../../data/depthanything/moge_dataset/ETH3D/relief/DSC_0437/image.png
338,338,../../data/moge_dataset/ETH3D/relief/DSC_0438/image.jpg,../../data/moge_dataset/ETH3D/relief/DSC_0438/depth.png,../../data/moge_dataset/ETH3D/relief/DSC_0438/meta.json,ETH3D,../../data/depthanything/moge_dataset/ETH3D/relief/DSC_0438/image.png
339,339,../../data/moge_dataset/ETH3D/relief/DSC_0439/image.jpg,../../data/moge_dataset/ETH3D/relief/DSC_0439/depth.png,../../data/moge_dataset/ETH3D/relief/DSC_0439/meta.json,ETH3D,../../data/depthanything/moge_dataset/ETH3D/relief/DSC_0439/image.png
340,340,../../data/moge_dataset/ETH3D/relief/DSC_0440/image.jpg,../../data/moge_dataset/ETH3D/relief/DSC_0440/depth.png,../../data/moge_dataset/ETH3D/relief/DSC_0440/meta.json,ETH3D,../../data/depthanything/moge_dataset/ETH3D/relief/DSC_0440/image.png
341,341,../../data/moge_dataset/ETH3D/relief/DSC_0441/image.jpg,../../data/moge_dataset/ETH3D/relief/DSC_0441/depth.png,../../data/moge_dataset/ETH3D/relief/DSC_0441/meta.json,ETH3D,../../data/depthanything/moge_dataset/ETH3D/relief/DSC_0441/image.png
342,342,../../data/moge_dataset/ETH3D/relief/DSC_0442/image.jpg,../../data/moge_dataset/ETH3D/relief/DSC_0442/depth.png,../../data/moge_dataset/ETH3D/relief/DSC_0442/meta.json,ETH3D,../../data/depthanything/moge_dataset/ETH3D/relief/DSC_0442/image.png
343,343,../../data/moge_dataset/ETH3D/relief/DSC_0443/image.jpg,../../data/moge_dataset/ETH3D/relief/DSC_0443/depth.png,../../data/moge_dataset/ETH3D/relief/DSC_0443/meta.json,ETH3D,../../data/depthanything/moge_dataset/ETH3D/relief/DSC_0443/image.png
344,344,../../data/moge_dataset/ETH3D/relief/DSC_0444/image.jpg,../../data/moge_dataset/ETH3D/relief/DSC_0444/depth.png,../../data/moge_dataset/ETH3D/relief/DSC_0444/meta.json,ETH3D,../../data/depthanything/moge_dataset/ETH3D/relief/DSC_0444/image.png
345,345,../../data/moge_dataset/ETH3D/relief/DSC_0445/image.jpg,../../data/moge_dataset/ETH3D/relief/DSC_0445/depth.png,../../data/moge_dataset/ETH3D/relief/DSC_0445/meta.json,ETH3D,../../data/depthanything/moge_dataset/ETH3D/relief/DSC_0445/image.png
346,346,../../data/moge_dataset/ETH3D/relief/DSC_0446/image.jpg,../../data/moge_dataset/ETH3D/relief/DSC_0446/depth.png,../../data/moge_dataset/ETH3D/relief/DSC_0446/meta.json,ETH3D,../../data/depthanything/moge_dataset/ETH3D/relief/DSC_0446/image.png
347,347,../../data/moge_dataset/ETH3D/relief/DSC_0447/image.jpg,../../data/moge_dataset/ETH3D/relief/DSC_0447/depth.png,../../data/moge_dataset/ETH3D/relief/DSC_0447/meta.json,ETH3D,../../data/depthanything/moge_dataset/ETH3D/relief/DSC_0447/image.png
348,348,../../data/moge_dataset/ETH3D/relief/DSC_0448/image.jpg,../../data/moge_dataset/ETH3D/relief/DSC_0448/depth.png,../../data/moge_dataset/ETH3D/relief/DSC_0448/meta.json,ETH3D,../../data/depthanything/moge_dataset/ETH3D/relief/DSC_0448/image.png
349,349,../../data/moge_dataset/ETH3D/relief/DSC_0449/image.jpg,../../data/moge_dataset/ETH3D/relief/DSC_0449/depth.png,../../data/moge_dataset/ETH3D/relief/DSC_0449/meta.json,ETH3D,../../data/depthanything/moge_dataset/ETH3D/relief/DSC_0449/image.png
350,350,../../data/moge_dataset/ETH3D/relief/DSC_0450/image.jpg,../../data/moge_dataset/ETH3D/relief/DSC_0450/depth.png,../../data/moge_dataset/ETH3D/relief/DSC_0450/meta.json,ETH3D,../../data/depthanything/moge_dataset/ETH3D/relief/DSC_0450/image.png
351,351,../../data/moge_dataset/ETH3D/relief/DSC_0451/image.jpg,../../data/moge_dataset/ETH3D/relief/DSC_0451/depth.png,../../data/moge_dataset/ETH3D/relief/DSC_0451/meta.json,ETH3D,../../data/depthanything/moge_dataset/ETH3D/relief/DSC_0451/image.png
352,352,../../data/moge_dataset/ETH3D/relief/DSC_0452/image.jpg,../../data/moge_dataset/ETH3D/relief/DSC_0452/depth.png,../../data/moge_dataset/ETH3D/relief/DSC_0452/meta.json,ETH3D,../../data/depthanything/moge_dataset/ETH3D/relief/DSC_0452/image.png
353,353,../../data/moge_dataset/ETH3D/relief/DSC_0453/image.jpg,../../data/moge_dataset/ETH3D/relief/DSC_0453/depth.png,../../data/moge_dataset/ETH3D/relief/DSC_0453/meta.json,ETH3D,../../data/depthanything/moge_dataset/ETH3D/relief/DSC_0453/image.png
354,354,../../data/moge_dataset/ETH3D/relief/DSC_0454/image.jpg,../../data/moge_dataset/ETH3D/relief/DSC_0454/depth.png,../../data/moge_dataset/ETH3D/relief/DSC_0454/meta.json,ETH3D,../../data/depthanything/moge_dataset/ETH3D/relief/DSC_0454/image.png
355,355,../../data/moge_dataset/ETH3D/relief/DSC_0455/image.jpg,../../data/moge_dataset/ETH3D/relief/DSC_0455/depth.png,../../data/moge_dataset/ETH3D/relief/DSC_0455/meta.json,ETH3D,../../data/depthanything/moge_dataset/ETH3D/relief/DSC_0455/image.png
356,356,../../data/moge_dataset/ETH3D/relief/DSC_0456/image.jpg,../../data/moge_dataset/ETH3D/relief/DSC_0456/depth.png,../../data/moge_dataset/ETH3D/relief/DSC_0456/meta.json,ETH3D,../../data/depthanything/moge_dataset/ETH3D/relief/DSC_0456/image.png
357,357,../../data/moge_dataset/ETH3D/relief/DSC_0457/image.jpg,../../data/moge_dataset/ETH3D/relief/DSC_0457/depth.png,../../data/moge_dataset/ETH3D/relief/DSC_0457/meta.json,ETH3D,../../data/depthanything/moge_dataset/ETH3D/relief/DSC_0457/image.png
358,358,../../data/moge_dataset/ETH3D/relief_2/DSC_0458/image.jpg,../../data/moge_dataset/ETH3D/relief_2/DSC_0458/depth.png,../../data/moge_dataset/ETH3D/relief_2/DSC_0458/meta.json,ETH3D,../../data/depthanything/moge_dataset/ETH3D/relief_2/DSC_0458/image.png
359,359,../../data/moge_dataset/ETH3D/relief_2/DSC_0459/image.jpg,../../data/moge_dataset/ETH3D/relief_2/DSC_0459/depth.png,../../data/moge_dataset/ETH3D/relief_2/DSC_0459/meta.json,ETH3D,../../data/depthanything/moge_dataset/ETH3D/relief_2/DSC_0459/image.png
360,360,../../data/moge_dataset/ETH3D/relief_2/DSC_0460/image.jpg,../../data/moge_dataset/ETH3D/relief_2/DSC_0460/depth.png,../../data/moge_dataset/ETH3D/relief_2/DSC_0460/meta.json,ETH3D,../../data/depthanything/moge_dataset/ETH3D/relief_2/DSC_0460/image.png
361,361,../../data/moge_dataset/ETH3D/relief_2/DSC_0461/image.jpg,../../data/moge_dataset/ETH3D/relief_2/DSC_0461/depth.png,../../data/moge_dataset/ETH3D/relief_2/DSC_0461/meta.json,ETH3D,../../data/depthanything/moge_dataset/ETH3D/relief_2/DSC_0461/image.png
362,362,../../data/moge_dataset/ETH3D/relief_2/DSC_0462/image.jpg,../../data/moge_dataset/ETH3D/relief_2/DSC_0462/depth.png,../../data/moge_dataset/ETH3D/relief_2/DSC_0462/meta.json,ETH3D,../../data/depthanything/moge_dataset/ETH3D/relief_2/DSC_0462/image.png
363,363,../../data/moge_dataset/ETH3D/relief_2/DSC_0463/image.jpg,../../data/moge_dataset/ETH3D/relief_2/DSC_0463/depth.png,../../data/moge_dataset/ETH3D/relief_2/DSC_0463/meta.json,ETH3D,../../data/depthanything/moge_dataset/ETH3D/relief_2/DSC_0463/image.png
364,364,../../data/moge_dataset/ETH3D/relief_2/DSC_0464/image.jpg,../../data/moge_dataset/ETH3D/relief_2/DSC_0464/depth.png,../../data/moge_dataset/ETH3D/relief_2/DSC_0464/meta.json,ETH3D,../../data/depthanything/moge_dataset/ETH3D/relief_2/DSC_0464/image.png
365,365,../../data/moge_dataset/ETH3D/relief_2/DSC_0465/image.jpg,../../data/moge_dataset/ETH3D/relief_2/DSC_0465/depth.png,../../data/moge_dataset/ETH3D/relief_2/DSC_0465/meta.json,ETH3D,../../data/depthanything/moge_dataset/ETH3D/relief_2/DSC_0465/image.png
366,366,../../data/moge_dataset/ETH3D/relief_2/DSC_0466/image.jpg,../../data/moge_dataset/ETH3D/relief_2/DSC_0466/depth.png,../../data/moge_dataset/ETH3D/relief_2/DSC_0466/meta.json,ETH3D,../../data/depthanything/moge_dataset/ETH3D/relief_2/DSC_0466/image.png
367,367,../../data/moge_dataset/ETH3D/relief_2/DSC_0467/image.jpg,../../data/moge_dataset/ETH3D/relief_2/DSC_0467/depth.png,../../data/moge_dataset/ETH3D/relief_2/DSC_0467/meta.json,ETH3D,../../data/depthanything/moge_dataset/ETH3D/relief_2/DSC_0467/image.png
368,368,../../data/moge_dataset/ETH3D/relief_2/DSC_0468/image.jpg,../../data/moge_dataset/ETH3D/relief_2/DSC_0468/depth.png,../../data/moge_dataset/ETH3D/relief_2/DSC_0468/meta.json,ETH3D,../../data/depthanything/moge_dataset/ETH3D/relief_2/DSC_0468/image.png
369,369,../../data/moge_dataset/ETH3D/relief_2/DSC_0469/image.jpg,../../data/moge_dataset/ETH3D/relief_2/DSC_0469/depth.png,../../data/moge_dataset/ETH3D/relief_2/DSC_0469/meta.json,ETH3D,../../data/depthanything/moge_dataset/ETH3D/relief_2/DSC_0469/image.png
370,370,../../data/moge_dataset/ETH3D/relief_2/DSC_0470/image.jpg,../../data/moge_dataset/ETH3D/relief_2/DSC_0470/depth.png,../../data/moge_dataset/ETH3D/relief_2/DSC_0470/meta.json,ETH3D,../../data/depthanything/moge_dataset/ETH3D/relief_2/DSC_0470/image.png
371,371,../../data/moge_dataset/ETH3D/relief_2/DSC_0471/image.jpg,../../data/moge_dataset/ETH3D/relief_2/DSC_0471/depth.png,../../data/moge_dataset/ETH3D/relief_2/DSC_0471/meta.json,ETH3D,../../data/depthanything/moge_dataset/ETH3D/relief_2/DSC_0471/image.png
372,372,../../data/moge_dataset/ETH3D/relief_2/DSC_0472/image.jpg,../../data/moge_dataset/ETH3D/relief_2/DSC_0472/depth.png,../../data/moge_dataset/ETH3D/relief_2/DSC_0472/meta.json,ETH3D,../../data/depthanything/moge_dataset/ETH3D/relief_2/DSC_0472/image.png
373,373,../../data/moge_dataset/ETH3D/relief_2/DSC_0473/image.jpg,../../data/moge_dataset/ETH3D/relief_2/DSC_0473/depth.png,../../data/moge_dataset/ETH3D/relief_2/DSC_0473/meta.json,ETH3D,../../data/depthanything/moge_dataset/ETH3D/relief_2/DSC_0473/image.png
374,374,../../data/moge_dataset/ETH3D/relief_2/DSC_0474/image.jpg,../../data/moge_dataset/ETH3D/relief_2/DSC_0474/depth.png,../../data/moge_dataset/ETH3D/relief_2/DSC_0474/meta.json,ETH3D,../../data/depthanything/moge_dataset/ETH3D/relief_2/DSC_0474/image.png
375,375,../../data/moge_dataset/ETH3D/relief_2/DSC_0475/image.jpg,../../data/moge_dataset/ETH3D/relief_2/DSC_0475/depth.png,../../data/moge_dataset/ETH3D/relief_2/DSC_0475/meta.json,ETH3D,../../data/depthanything/moge_dataset/ETH3D/relief_2/DSC_0475/image.png
376,376,../../data/moge_dataset/ETH3D/relief_2/DSC_0476/image.jpg,../../data/moge_dataset/ETH3D/relief_2/DSC_0476/depth.png,../../data/moge_dataset/ETH3D/relief_2/DSC_0476/meta.json,ETH3D,../../data/depthanything/moge_dataset/ETH3D/relief_2/DSC_0476/image.png
377,377,../../data/moge_dataset/ETH3D/relief_2/DSC_0477/image.jpg,../../data/moge_dataset/ETH3D/relief_2/DSC_0477/depth.png,../../data/moge_dataset/ETH3D/relief_2/DSC_0477/meta.json,ETH3D,../../data/depthanything/moge_dataset/ETH3D/relief_2/DSC_0477/image.png
378,378,../../data/moge_dataset/ETH3D/relief_2/DSC_0478/image.jpg,../../data/moge_dataset/ETH3D/relief_2/DSC_0478/depth.png,../../data/moge_dataset/ETH3D/relief_2/DSC_0478/meta.json,ETH3D,../../data/depthanything/moge_dataset/ETH3D/relief_2/DSC_0478/image.png
379,379,../../data/moge_dataset/ETH3D/relief_2/DSC_0480/image.jpg,../../data/moge_dataset/ETH3D/relief_2/DSC_0480/depth.png,../../data/moge_dataset/ETH3D/relief_2/DSC_0480/meta.json,ETH3D,../../data/depthanything/moge_dataset/ETH3D/relief_2/DSC_0480/image.png
380,380,../../data/moge_dataset/ETH3D/relief_2/DSC_0481/image.jpg,../../data/moge_dataset/ETH3D/relief_2/DSC_0481/depth.png,../../data/moge_dataset/ETH3D/relief_2/DSC_0481/meta.json,ETH3D,../../data/depthanything/moge_dataset/ETH3D/relief_2/DSC_0481/image.png
381,381,../../data/moge_dataset/ETH3D/relief_2/DSC_0482/image.jpg,../../data/moge_dataset/ETH3D/relief_2/DSC_0482/depth.png,../../data/moge_dataset/ETH3D/relief_2/DSC_0482/meta.json,ETH3D,../../data/depthanything/moge_dataset/ETH3D/relief_2/DSC_0482/image.png
382,382,../../data/moge_dataset/ETH3D/relief_2/DSC_0483/image.jpg,../../data/moge_dataset/ETH3D/relief_2/DSC_0483/depth.png,../../data/moge_dataset/ETH3D/relief_2/DSC_0483/meta.json,ETH3D,../../data/depthanything/moge_dataset/ETH3D/relief_2/DSC_0483/image.png
383,383,../../data/moge_dataset/ETH3D/relief_2/DSC_0484/image.jpg,../../data/moge_dataset/ETH3D/relief_2/DSC_0484/depth.png,../../data/moge_dataset/ETH3D/relief_2/DSC_0484/meta.json,ETH3D,../../data/depthanything/moge_dataset/ETH3D/relief_2/DSC_0484/image.png
384,384,../../data/moge_dataset/ETH3D/relief_2/DSC_0485/image.jpg,../../data/moge_dataset/ETH3D/relief_2/DSC_0485/depth.png,../../data/moge_dataset/ETH3D/relief_2/DSC_0485/meta.json,ETH3D,../../data/depthanything/moge_dataset/ETH3D/relief_2/DSC_0485/image.png
385,385,../../data/moge_dataset/ETH3D/relief_2/DSC_0486/image.jpg,../../data/moge_dataset/ETH3D/relief_2/DSC_0486/depth.png,../../data/moge_dataset/ETH3D/relief_2/DSC_0486/meta.json,ETH3D,../../data/depthanything/moge_dataset/ETH3D/relief_2/DSC_0486/image.png
386,386,../../data/moge_dataset/ETH3D/relief_2/DSC_0487/image.jpg,../../data/moge_dataset/ETH3D/relief_2/DSC_0487/depth.png,../../data/moge_dataset/ETH3D/relief_2/DSC_0487/meta.json,ETH3D,../../data/depthanything/moge_dataset/ETH3D/relief_2/DSC_0487/image.png
387,387,../../data/moge_dataset/ETH3D/relief_2/DSC_0488/image.jpg,../../data/moge_dataset/ETH3D/relief_2/DSC_0488/depth.png,../../data/moge_dataset/ETH3D/relief_2/DSC_0488/meta.json,ETH3D,../../data/depthanything/moge_dataset/ETH3D/relief_2/DSC_0488/image.png
388,388,../../data/moge_dataset/ETH3D/relief_2/DSC_0489/image.jpg,../../data/moge_dataset/ETH3D/relief_2/DSC_0489/depth.png,../../data/moge_dataset/ETH3D/relief_2/DSC_0489/meta.json,ETH3D,../../data/depthanything/moge_dataset/ETH3D/relief_2/DSC_0489/image.png
389,389,../../data/moge_dataset/ETH3D/terrace/DSC_0259/image.jpg,../../data/moge_dataset/ETH3D/terrace/DSC_0259/depth.png,../../data/moge_dataset/ETH3D/terrace/DSC_0259/meta.json,ETH3D,../../data/depthanything/moge_dataset/ETH3D/terrace/DSC_0259/image.png
390,390,../../data/moge_dataset/ETH3D/terrace/DSC_0260/image.jpg,../../data/moge_dataset/ETH3D/terrace/DSC_0260/depth.png,../../data/moge_dataset/ETH3D/terrace/DSC_0260/meta.json,ETH3D,../../data/depthanything/moge_dataset/ETH3D/terrace/DSC_0260/image.png
391,391,../../data/moge_dataset/ETH3D/terrace/DSC_0261/image.jpg,../../data/moge_dataset/ETH3D/terrace/DSC_0261/depth.png,../../data/moge_dataset/ETH3D/terrace/DSC_0261/meta.json,ETH3D,../../data/depthanything/moge_dataset/ETH3D/terrace/DSC_0261/image.png
392,392,../../data/moge_dataset/ETH3D/terrace/DSC_0262/image.jpg,../../data/moge_dataset/ETH3D/terrace/DSC_0262/depth.png,../../data/moge_dataset/ETH3D/terrace/DSC_0262/meta.json,ETH3D,../../data/depthanything/moge_dataset/ETH3D/terrace/DSC_0262/image.png
393,393,../../data/moge_dataset/ETH3D/terrace/DSC_0263/image.jpg,../../data/moge_dataset/ETH3D/terrace/DSC_0263/depth.png,../../data/moge_dataset/ETH3D/terrace/DSC_0263/meta.json,ETH3D,../../data/depthanything/moge_dataset/ETH3D/terrace/DSC_0263/image.png
394,394,../../data/moge_dataset/ETH3D/terrace/DSC_0264/image.jpg,../../data/moge_dataset/ETH3D/terrace/DSC_0264/depth.png,../../data/moge_dataset/ETH3D/terrace/DSC_0264/meta.json,ETH3D,../../data/depthanything/moge_dataset/ETH3D/terrace/DSC_0264/image.png
395,395,../../data/moge_dataset/ETH3D/terrace/DSC_0266/image.jpg,../../data/moge_dataset/ETH3D/terrace/DSC_0266/depth.png,../../data/moge_dataset/ETH3D/terrace/DSC_0266/meta.json,ETH3D,../../data/depthanything/moge_dataset/ETH3D/terrace/DSC_0266/image.png
396,396,../../data/moge_dataset/ETH3D/terrace/DSC_0267/image.jpg,../../data/moge_dataset/ETH3D/terrace/DSC_0267/depth.png,../../data/moge_dataset/ETH3D/terrace/DSC_0267/meta.json,ETH3D,../../data/depthanything/moge_dataset/ETH3D/terrace/DSC_0267/image.png
397,397,../../data/moge_dataset/ETH3D/terrace/DSC_0268/image.jpg,../../data/moge_dataset/ETH3D/terrace/DSC_0268/depth.png,../../data/moge_dataset/ETH3D/terrace/DSC_0268/meta.json,ETH3D,../../data/depthanything/moge_dataset/ETH3D/terrace/DSC_0268/image.png
398,398,../../data/moge_dataset/ETH3D/terrace/DSC_0269/image.jpg,../../data/moge_dataset/ETH3D/terrace/DSC_0269/depth.png,../../data/moge_dataset/ETH3D/terrace/DSC_0269/meta.json,ETH3D,../../data/depthanything/moge_dataset/ETH3D/terrace/DSC_0269/image.png
399,399,../../data/moge_dataset/ETH3D/terrace/DSC_0270/image.jpg,../../data/moge_dataset/ETH3D/terrace/DSC_0270/depth.png,../../data/moge_dataset/ETH3D/terrace/DSC_0270/meta.json,ETH3D,../../data/depthanything/moge_dataset/ETH3D/terrace/DSC_0270/image.png
400,400,../../data/moge_dataset/ETH3D/terrace/DSC_0271/image.jpg,../../data/moge_dataset/ETH3D/terrace/DSC_0271/depth.png,../../data/moge_dataset/ETH3D/terrace/DSC_0271/meta.json,ETH3D,../../data/depthanything/moge_dataset/ETH3D/terrace/DSC_0271/image.png
401,401,../../data/moge_dataset/ETH3D/terrace/DSC_0272/image.jpg,../../data/moge_dataset/ETH3D/terrace/DSC_0272/depth.png,../../data/moge_dataset/ETH3D/terrace/DSC_0272/meta.json,ETH3D,../../data/depthanything/moge_dataset/ETH3D/terrace/DSC_0272/image.png
402,402,../../data/moge_dataset/ETH3D/terrace/DSC_0273/image.jpg,../../data/moge_dataset/ETH3D/terrace/DSC_0273/depth.png,../../data/moge_dataset/ETH3D/terrace/DSC_0273/meta.json,ETH3D,../../data/depthanything/moge_dataset/ETH3D/terrace/DSC_0273/image.png
403,403,../../data/moge_dataset/ETH3D/terrace/DSC_0274/image.jpg,../../data/moge_dataset/ETH3D/terrace/DSC_0274/depth.png,../../data/moge_dataset/ETH3D/terrace/DSC_0274/meta.json,ETH3D,../../data/depthanything/moge_dataset/ETH3D/terrace/DSC_0274/image.png
404,404,../../data/moge_dataset/ETH3D/terrace/DSC_0275/image.jpg,../../data/moge_dataset/ETH3D/terrace/DSC_0275/depth.png,../../data/moge_dataset/ETH3D/terrace/DSC_0275/meta.json,ETH3D,../../data/depthanything/moge_dataset/ETH3D/terrace/DSC_0275/image.png
405,405,../../data/moge_dataset/ETH3D/terrace/DSC_0276/image.jpg,../../data/moge_dataset/ETH3D/terrace/DSC_0276/depth.png,../../data/moge_dataset/ETH3D/terrace/DSC_0276/meta.json,ETH3D,../../data/depthanything/moge_dataset/ETH3D/terrace/DSC_0276/image.png
406,406,../../data/moge_dataset/ETH3D/terrace/DSC_0277/image.jpg,../../data/moge_dataset/ETH3D/terrace/DSC_0277/depth.png,../../data/moge_dataset/ETH3D/terrace/DSC_0277/meta.json,ETH3D,../../data/depthanything/moge_dataset/ETH3D/terrace/DSC_0277/image.png
407,407,../../data/moge_dataset/ETH3D/terrace/DSC_0278/image.jpg,../../data/moge_dataset/ETH3D/terrace/DSC_0278/depth.png,../../data/moge_dataset/ETH3D/terrace/DSC_0278/meta.json,ETH3D,../../data/depthanything/moge_dataset/ETH3D/terrace/DSC_0278/image.png
408,408,../../data/moge_dataset/ETH3D/terrace/DSC_0279/image.jpg,../../data/moge_dataset/ETH3D/terrace/DSC_0279/depth.png,../../data/moge_dataset/ETH3D/terrace/DSC_0279/meta.json,ETH3D,../../data/depthanything/moge_dataset/ETH3D/terrace/DSC_0279/image.png
409,409,../../data/moge_dataset/ETH3D/terrace/DSC_0283/image.jpg,../../data/moge_dataset/ETH3D/terrace/DSC_0283/depth.png,../../data/moge_dataset/ETH3D/terrace/DSC_0283/meta.json,ETH3D,../../data/depthanything/moge_dataset/ETH3D/terrace/DSC_0283/image.png
410,410,../../data/moge_dataset/ETH3D/terrace/DSC_0284/image.jpg,../../data/moge_dataset/ETH3D/terrace/DSC_0284/depth.png,../../data/moge_dataset/ETH3D/terrace/DSC_0284/meta.json,ETH3D,../../data/depthanything/moge_dataset/ETH3D/terrace/DSC_0284/image.png
411,411,../../data/moge_dataset/ETH3D/terrace/DSC_0285/image.jpg,../../data/moge_dataset/ETH3D/terrace/DSC_0285/depth.png,../../data/moge_dataset/ETH3D/terrace/DSC_0285/meta.json,ETH3D,../../data/depthanything/moge_dataset/ETH3D/terrace/DSC_0285/image.png
412,412,../../data/moge_dataset/ETH3D/terrains/DSC_0614/image.jpg,../../data/moge_dataset/ETH3D/terrains/DSC_0614/depth.png,../../data/moge_dataset/ETH3D/terrains/DSC_0614/meta.json,ETH3D,../../data/depthanything/moge_dataset/ETH3D/terrains/DSC_0614/image.png
413,413,../../data/moge_dataset/ETH3D/terrains/DSC_0615/image.jpg,../../data/moge_dataset/ETH3D/terrains/DSC_0615/depth.png,../../data/moge_dataset/ETH3D/terrains/DSC_0615/meta.json,ETH3D,../../data/depthanything/moge_dataset/ETH3D/terrains/DSC_0615/image.png
414,414,../../data/moge_dataset/ETH3D/terrains/DSC_0616/image.jpg,../../data/moge_dataset/ETH3D/terrains/DSC_0616/depth.png,../../data/moge_dataset/ETH3D/terrains/DSC_0616/meta.json,ETH3D,../../data/depthanything/moge_dataset/ETH3D/terrains/DSC_0616/image.png
415,415,../../data/moge_dataset/ETH3D/terrains/DSC_0617/image.jpg,../../data/moge_dataset/ETH3D/terrains/DSC_0617/depth.png,../../data/moge_dataset/ETH3D/terrains/DSC_0617/meta.json,ETH3D,../../data/depthanything/moge_dataset/ETH3D/terrains/DSC_0617/image.png
416,416,../../data/moge_dataset/ETH3D/terrains/DSC_0618/image.jpg,../../data/moge_dataset/ETH3D/terrains/DSC_0618/depth.png,../../data/moge_dataset/ETH3D/terrains/DSC_0618/meta.json,ETH3D,../../data/depthanything/moge_dataset/ETH3D/terrains/DSC_0618/image.png
417,417,../../data/moge_dataset/ETH3D/terrains/DSC_0619/image.jpg,../../data/moge_dataset/ETH3D/terrains/DSC_0619/depth.png,../../data/moge_dataset/ETH3D/terrains/DSC_0619/meta.json,ETH3D,../../data/depthanything/moge_dataset/ETH3D/terrains/DSC_0619/image.png
418,418,../../data/moge_dataset/ETH3D/terrains/DSC_0620/image.jpg,../../data/moge_dataset/ETH3D/terrains/DSC_0620/depth.png,../../data/moge_dataset/ETH3D/terrains/DSC_0620/meta.json,ETH3D,../../data/depthanything/moge_dataset/ETH3D/terrains/DSC_0620/image.png
419,419,../../data/moge_dataset/ETH3D/terrains/DSC_0622/image.jpg,../../data/moge_dataset/ETH3D/terrains/DSC_0622/depth.png,../../data/moge_dataset/ETH3D/terrains/DSC_0622/meta.json,ETH3D,../../data/depthanything/moge_dataset/ETH3D/terrains/DSC_0622/image.png
420,420,../../data/moge_dataset/ETH3D/terrains/DSC_0623/image.jpg,../../data/moge_dataset/ETH3D/terrains/DSC_0623/depth.png,../../data/moge_dataset/ETH3D/terrains/DSC_0623/meta.json,ETH3D,../../data/depthanything/moge_dataset/ETH3D/terrains/DSC_0623/image.png
421,421,../../data/moge_dataset/ETH3D/terrains/DSC_0624/image.jpg,../../data/moge_dataset/ETH3D/terrains/DSC_0624/depth.png,../../data/moge_dataset/ETH3D/terrains/DSC_0624/meta.json,ETH3D,../../data/depthanything/moge_dataset/ETH3D/terrains/DSC_0624/image.png
422,422,../../data/moge_dataset/ETH3D/terrains/DSC_0625/image.jpg,../../data/moge_dataset/ETH3D/terrains/DSC_0625/depth.png,../../data/moge_dataset/ETH3D/terrains/DSC_0625/meta.json,ETH3D,../../data/depthanything/moge_dataset/ETH3D/terrains/DSC_0625/image.png
423,423,../../data/moge_dataset/ETH3D/terrains/DSC_0626/image.jpg,../../data/moge_dataset/ETH3D/terrains/DSC_0626/depth.png,../../data/moge_dataset/ETH3D/terrains/DSC_0626/meta.json,ETH3D,../../data/depthanything/moge_dataset/ETH3D/terrains/DSC_0626/image.png
424,424,../../data/moge_dataset/ETH3D/terrains/DSC_0627/image.jpg,../../data/moge_dataset/ETH3D/terrains/DSC_0627/depth.png,../../data/moge_dataset/ETH3D/terrains/DSC_0627/meta.json,ETH3D,../../data/depthanything/moge_dataset/ETH3D/terrains/DSC_0627/image.png
425,425,../../data/moge_dataset/ETH3D/terrains/DSC_0628/image.jpg,../../data/moge_dataset/ETH3D/terrains/DSC_0628/depth.png,../../data/moge_dataset/ETH3D/terrains/DSC_0628/meta.json,ETH3D,../../data/depthanything/moge_dataset/ETH3D/terrains/DSC_0628/image.png
426,426,../../data/moge_dataset/ETH3D/terrains/DSC_0629/image.jpg,../../data/moge_dataset/ETH3D/terrains/DSC_0629/depth.png,../../data/moge_dataset/ETH3D/terrains/DSC_0629/meta.json,ETH3D,../../data/depthanything/moge_dataset/ETH3D/terrains/DSC_0629/image.png
427,427,../../data/moge_dataset/ETH3D/terrains/DSC_0630/image.jpg,../../data/moge_dataset/ETH3D/terrains/DSC_0630/depth.png,../../data/moge_dataset/ETH3D/terrains/DSC_0630/meta.json,ETH3D,../../data/depthanything/moge_dataset/ETH3D/terrains/DSC_0630/image.png
428,428,../../data/moge_dataset/ETH3D/terrains/DSC_0631/image.jpg,../../data/moge_dataset/ETH3D/terrains/DSC_0631/depth.png,../../data/moge_dataset/ETH3D/terrains/DSC_0631/meta.json,ETH3D,../../data/depthanything/moge_dataset/ETH3D/terrains/DSC_0631/image.png
429,429,../../data/moge_dataset/ETH3D/terrains/DSC_0632/image.jpg,../../data/moge_dataset/ETH3D/terrains/DSC_0632/depth.png,../../data/moge_dataset/ETH3D/terrains/DSC_0632/meta.json,ETH3D,../../data/depthanything/moge_dataset/ETH3D/terrains/DSC_0632/image.png
430,430,../../data/moge_dataset/ETH3D/terrains/DSC_0648/image.jpg,../../data/moge_dataset/ETH3D/terrains/DSC_0648/depth.png,../../data/moge_dataset/ETH3D/terrains/DSC_0648/meta.json,ETH3D,../../data/depthanything/moge_dataset/ETH3D/terrains/DSC_0648/image.png
431,431,../../data/moge_dataset/ETH3D/terrains/DSC_0649/image.jpg,../../data/moge_dataset/ETH3D/terrains/DSC_0649/depth.png,../../data/moge_dataset/ETH3D/terrains/DSC_0649/meta.json,ETH3D,../../data/depthanything/moge_dataset/ETH3D/terrains/DSC_0649/image.png
432,432,../../data/moge_dataset/ETH3D/terrains/DSC_0650/image.jpg,../../data/moge_dataset/ETH3D/terrains/DSC_0650/depth.png,../../data/moge_dataset/ETH3D/terrains/DSC_0650/meta.json,ETH3D,../../data/depthanything/moge_dataset/ETH3D/terrains/DSC_0650/image.png
433,433,../../data/moge_dataset/ETH3D/terrains/DSC_0651/image.jpg,../../data/moge_dataset/ETH3D/terrains/DSC_0651/depth.png,../../data/moge_dataset/ETH3D/terrains/DSC_0651/meta.json,ETH3D,../../data/depthanything/moge_dataset/ETH3D/terrains/DSC_0651/image.png
434,434,../../data/moge_dataset/ETH3D/terrains/DSC_0652/image.jpg,../../data/moge_dataset/ETH3D/terrains/DSC_0652/depth.png,../../data/moge_dataset/ETH3D/terrains/DSC_0652/meta.json,ETH3D,../../data/depthanything/moge_dataset/ETH3D/terrains/DSC_0652/image.png
435,435,../../data/moge_dataset/ETH3D/terrains/DSC_0653/image.jpg,../../data/moge_dataset/ETH3D/terrains/DSC_0653/depth.png,../../data/moge_dataset/ETH3D/terrains/DSC_0653/meta.json,ETH3D,../../data/depthanything/moge_dataset/ETH3D/terrains/DSC_0653/image.png
436,436,../../data/moge_dataset/ETH3D/terrains/DSC_0654/image.jpg,../../data/moge_dataset/ETH3D/terrains/DSC_0654/depth.png,../../data/moge_dataset/ETH3D/terrains/DSC_0654/meta.json,ETH3D,../../data/depthanything/moge_dataset/ETH3D/terrains/DSC_0654/image.png
437,437,../../data/moge_dataset/ETH3D/terrains/DSC_0655/image.jpg,../../data/moge_dataset/ETH3D/terrains/DSC_0655/depth.png,../../data/moge_dataset/ETH3D/terrains/DSC_0655/meta.json,ETH3D,../../data/depthanything/moge_dataset/ETH3D/terrains/DSC_0655/image.png
438,438,../../data/moge_dataset/ETH3D/terrains/DSC_0656/image.jpg,../../data/moge_dataset/ETH3D/terrains/DSC_0656/depth.png,../../data/moge_dataset/ETH3D/terrains/DSC_0656/meta.json,ETH3D,../../data/depthanything/moge_dataset/ETH3D/terrains/DSC_0656/image.png
439,439,../../data/moge_dataset/ETH3D/terrains/DSC_0657/image.jpg,../../data/moge_dataset/ETH3D/terrains/DSC_0657/depth.png,../../data/moge_dataset/ETH3D/terrains/DSC_0657/meta.json,ETH3D,../../data/depthanything/moge_dataset/ETH3D/terrains/DSC_0657/image.png
440,440,../../data/moge_dataset/ETH3D/terrains/DSC_0658/image.jpg,../../data/moge_dataset/ETH3D/terrains/DSC_0658/depth.png,../../data/moge_dataset/ETH3D/terrains/DSC_0658/meta.json,ETH3D,../../data/depthanything/moge_dataset/ETH3D/terrains/DSC_0658/image.png
441,441,../../data/moge_dataset/ETH3D/terrains/DSC_0659/image.jpg,../../data/moge_dataset/ETH3D/terrains/DSC_0659/depth.png,../../data/moge_dataset/ETH3D/terrains/DSC_0659/meta.json,ETH3D,../../data/depthanything/moge_dataset/ETH3D/terrains/DSC_0659/image.png
442,442,../../data/moge_dataset/ETH3D/terrains/DSC_0660/image.jpg,../../data/moge_dataset/ETH3D/terrains/DSC_0660/depth.png,../../data/moge_dataset/ETH3D/terrains/DSC_0660/meta.json,ETH3D,../../data/depthanything/moge_dataset/ETH3D/terrains/DSC_0660/image.png
443,443,../../data/moge_dataset/ETH3D/terrains/DSC_0661/image.jpg,../../data/moge_dataset/ETH3D/terrains/DSC_0661/depth.png,../../data/moge_dataset/ETH3D/terrains/DSC_0661/meta.json,ETH3D,../../data/depthanything/moge_dataset/ETH3D/terrains/DSC_0661/image.png
444,444,../../data/moge_dataset/ETH3D/terrains/DSC_0662/image.jpg,../../data/moge_dataset/ETH3D/terrains/DSC_0662/depth.png,../../data/moge_dataset/ETH3D/terrains/DSC_0662/meta.json,ETH3D,../../data/depthanything/moge_dataset/ETH3D/terrains/DSC_0662/image.png
445,445,../../data/moge_dataset/ETH3D/terrains/DSC_0663/image.jpg,../../data/moge_dataset/ETH3D/terrains/DSC_0663/depth.png,../../data/moge_dataset/ETH3D/terrains/DSC_0663/meta.json,ETH3D,../../data/depthanything/moge_dataset/ETH3D/terrains/DSC_0663/image.png
446,446,../../data/moge_dataset/ETH3D/terrains/DSC_0664/image.jpg,../../data/moge_dataset/ETH3D/terrains/DSC_0664/depth.png,../../data/moge_dataset/ETH3D/terrains/DSC_0664/meta.json,ETH3D,../../data/depthanything/moge_dataset/ETH3D/terrains/DSC_0664/image.png
447,447,../../data/moge_dataset/ETH3D/terrains/DSC_0665/image.jpg,../../data/moge_dataset/ETH3D/terrains/DSC_0665/depth.png,../../data/moge_dataset/ETH3D/terrains/DSC_0665/meta.json,ETH3D,../../data/depthanything/moge_dataset/ETH3D/terrains/DSC_0665/image.png
448,448,../../data/moge_dataset/ETH3D/terrains/DSC_0666/image.jpg,../../data/moge_dataset/ETH3D/terrains/DSC_0666/depth.png,../../data/moge_dataset/ETH3D/terrains/DSC_0666/meta.json,ETH3D,../../data/depthanything/moge_dataset/ETH3D/terrains/DSC_0666/image.png
449,449,../../data/moge_dataset/ETH3D/terrains/DSC_0667/image.jpg,../../data/moge_dataset/ETH3D/terrains/DSC_0667/depth.png,../../data/moge_dataset/ETH3D/terrains/DSC_0667/meta.json,ETH3D,../../data/depthanything/moge_dataset/ETH3D/terrains/DSC_0667/image.png
450,450,../../data/moge_dataset/ETH3D/terrains/DSC_0668/image.jpg,../../data/moge_dataset/ETH3D/terrains/DSC_0668/depth.png,../../data/moge_dataset/ETH3D/terrains/DSC_0668/meta.json,ETH3D,../../data/depthanything/moge_dataset/ETH3D/terrains/DSC_0668/image.png
451,451,../../data/moge_dataset/ETH3D/terrains/DSC_0669/image.jpg,../../data/moge_dataset/ETH3D/terrains/DSC_0669/depth.png,../../data/moge_dataset/ETH3D/terrains/DSC_0669/meta.json,ETH3D,../../data/depthanything/moge_dataset/ETH3D/terrains/DSC_0669/image.png
452,452,../../data/moge_dataset/ETH3D/terrains/DSC_0670/image.jpg,../../data/moge_dataset/ETH3D/terrains/DSC_0670/depth.png,../../data/moge_dataset/ETH3D/terrains/DSC_0670/meta.json,ETH3D,../../data/depthanything/moge_dataset/ETH3D/terrains/DSC_0670/image.png
453,453,../../data/moge_dataset/ETH3D/terrains/DSC_0671/image.jpg,../../data/moge_dataset/ETH3D/terrains/DSC_0671/depth.png,../../data/moge_dataset/ETH3D/terrains/DSC_0671/meta.json,ETH3D,../../data/depthanything/moge_dataset/ETH3D/terrains/DSC_0671/image.png
