,Unnamed: 0,image,depth,meta,dataset,control_geo
0,0,../../data/moge_dataset/GSO/11pro_SL_TRX_FG/image.jpg,../../data/moge_dataset/GSO/11pro_SL_TRX_FG/depth.png,../../data/moge_dataset/GSO/11pro_SL_TRX_FG/meta.json,GSO,../../data/depthanything/moge_dataset/GSO/11pro_SL_TRX_FG/image.png
1,1,../../data/moge_dataset/GSO/2_of_Jenga_Classic_Game/image.jpg,../../data/moge_dataset/GSO/2_of_Jenga_Classic_Game/depth.png,../../data/moge_dataset/GSO/2_of_Jenga_Classic_Game/meta.json,GSO,../../data/depthanything/moge_dataset/GSO/2_of_Jenga_Classic_Game/image.png
2,2,../../data/moge_dataset/GSO/30_CONSTRUCTION_SET/image.jpg,../../data/moge_dataset/GSO/30_CONSTRUCTION_SET/depth.png,../../data/moge_dataset/GSO/30_CONSTRUCTION_SET/meta.json,GSO,../../data/depthanything/moge_dataset/GSO/30_CONSTRUCTION_SET/image.png
3,3,../../data/moge_dataset/GSO/3D_Dollhouse_Happy_Brother/image.jpg,../../data/moge_dataset/GSO/3D_Dollhouse_Happy_Brother/depth.png,../../data/moge_dataset/GSO/3D_Dollhouse_Happy_Brother/meta.json,GSO,../../data/depthanything/moge_dataset/GSO/3D_Dollhouse_Happy_Brother/image.png
4,4,../../data/moge_dataset/GSO/3D_Dollhouse_Lamp/image.jpg,../../data/moge_dataset/GSO/3D_Dollhouse_Lamp/depth.png,../../data/moge_dataset/GSO/3D_Dollhouse_Lamp/meta.json,GSO,../../data/depthanything/moge_dataset/GSO/3D_Dollhouse_Lamp/image.png
5,5,../../data/moge_dataset/GSO/3D_Dollhouse_Refrigerator/image.jpg,../../data/moge_dataset/GSO/3D_Dollhouse_Refrigerator/depth.png,../../data/moge_dataset/GSO/3D_Dollhouse_Refrigerator/meta.json,GSO,../../data/depthanything/moge_dataset/GSO/3D_Dollhouse_Refrigerator/image.png
6,6,../../data/moge_dataset/GSO/3D_Dollhouse_Sink/image.jpg,../../data/moge_dataset/GSO/3D_Dollhouse_Sink/depth.png,../../data/moge_dataset/GSO/3D_Dollhouse_Sink/meta.json,GSO,../../data/depthanything/moge_dataset/GSO/3D_Dollhouse_Sink/image.png
7,7,../../data/moge_dataset/GSO/3D_Dollhouse_Sofa/image.jpg,../../data/moge_dataset/GSO/3D_Dollhouse_Sofa/depth.png,../../data/moge_dataset/GSO/3D_Dollhouse_Sofa/meta.json,GSO,../../data/depthanything/moge_dataset/GSO/3D_Dollhouse_Sofa/image.png
8,8,../../data/moge_dataset/GSO/3D_Dollhouse_Swing/image.jpg,../../data/moge_dataset/GSO/3D_Dollhouse_Swing/depth.png,../../data/moge_dataset/GSO/3D_Dollhouse_Swing/meta.json,GSO,../../data/depthanything/moge_dataset/GSO/3D_Dollhouse_Swing/image.png
9,9,../../data/moge_dataset/GSO/3D_Dollhouse_TablePurple/image.jpg,../../data/moge_dataset/GSO/3D_Dollhouse_TablePurple/depth.png,../../data/moge_dataset/GSO/3D_Dollhouse_TablePurple/meta.json,GSO,../../data/depthanything/moge_dataset/GSO/3D_Dollhouse_TablePurple/image.png
10,10,../../data/moge_dataset/GSO/3M_Antislip_Surfacing_Light_Duty_White/image.jpg,../../data/moge_dataset/GSO/3M_Antislip_Surfacing_Light_Duty_White/depth.png,../../data/moge_dataset/GSO/3M_Antislip_Surfacing_Light_Duty_White/meta.json,GSO,../../data/depthanything/moge_dataset/GSO/3M_Antislip_Surfacing_Light_Duty_White/image.png
11,11,../../data/moge_dataset/GSO/3M_Vinyl_Tape_Green_1_x_36_yd/image.jpg,../../data/moge_dataset/GSO/3M_Vinyl_Tape_Green_1_x_36_yd/depth.png,../../data/moge_dataset/GSO/3M_Vinyl_Tape_Green_1_x_36_yd/meta.json,GSO,../../data/depthanything/moge_dataset/GSO/3M_Vinyl_Tape_Green_1_x_36_yd/image.png
12,12,../../data/moge_dataset/GSO/45oz_RAMEKIN_ASST_DEEP_COLORS/image.jpg,../../data/moge_dataset/GSO/45oz_RAMEKIN_ASST_DEEP_COLORS/depth.png,../../data/moge_dataset/GSO/45oz_RAMEKIN_ASST_DEEP_COLORS/meta.json,GSO,../../data/depthanything/moge_dataset/GSO/45oz_RAMEKIN_ASST_DEEP_COLORS/image.png
13,13,../../data/moge_dataset/GSO/50_BLOCKS/image.jpg,../../data/moge_dataset/GSO/50_BLOCKS/depth.png,../../data/moge_dataset/GSO/50_BLOCKS/meta.json,GSO,../../data/depthanything/moge_dataset/GSO/50_BLOCKS/image.png
14,14,../../data/moge_dataset/GSO/5_HTP/image.jpg,../../data/moge_dataset/GSO/5_HTP/depth.png,../../data/moge_dataset/GSO/5_HTP/meta.json,GSO,../../data/depthanything/moge_dataset/GSO/5_HTP/image.png
15,15,../../data/moge_dataset/GSO/60_CONSTRUCTION_SET/image.jpg,../../data/moge_dataset/GSO/60_CONSTRUCTION_SET/depth.png,../../data/moge_dataset/GSO/60_CONSTRUCTION_SET/meta.json,GSO,../../data/depthanything/moge_dataset/GSO/60_CONSTRUCTION_SET/image.png
16,16,../../data/moge_dataset/GSO/ACE_Coffee_Mug_Kristen_16_oz_cup/image.jpg,../../data/moge_dataset/GSO/ACE_Coffee_Mug_Kristen_16_oz_cup/depth.png,../../data/moge_dataset/GSO/ACE_Coffee_Mug_Kristen_16_oz_cup/meta.json,GSO,../../data/depthanything/moge_dataset/GSO/ACE_Coffee_Mug_Kristen_16_oz_cup/image.png
17,17,../../data/moge_dataset/GSO/ALPHABET_AZ_GRADIENT/image.jpg,../../data/moge_dataset/GSO/ALPHABET_AZ_GRADIENT/depth.png,../../data/moge_dataset/GSO/ALPHABET_AZ_GRADIENT/meta.json,GSO,../../data/depthanything/moge_dataset/GSO/ALPHABET_AZ_GRADIENT/image.png
18,18,../../data/moge_dataset/GSO/ALPHABET_AZ_GRADIENT_WQb1ufEycSj/image.jpg,../../data/moge_dataset/GSO/ALPHABET_AZ_GRADIENT_WQb1ufEycSj/depth.png,../../data/moge_dataset/GSO/ALPHABET_AZ_GRADIENT_WQb1ufEycSj/meta.json,GSO,../../data/depthanything/moge_dataset/GSO/ALPHABET_AZ_GRADIENT_WQb1ufEycSj/image.png
19,19,../../data/moge_dataset/GSO/AMBERLIGHT_UP_W/image.jpg,../../data/moge_dataset/GSO/AMBERLIGHT_UP_W/depth.png,../../data/moge_dataset/GSO/AMBERLIGHT_UP_W/meta.json,GSO,../../data/depthanything/moge_dataset/GSO/AMBERLIGHT_UP_W/image.png
20,20,../../data/moge_dataset/GSO/ASICS_GEL1140V_WhiteBlackSilver/image.jpg,../../data/moge_dataset/GSO/ASICS_GEL1140V_WhiteBlackSilver/depth.png,../../data/moge_dataset/GSO/ASICS_GEL1140V_WhiteBlackSilver/meta.json,GSO,../../data/depthanything/moge_dataset/GSO/ASICS_GEL1140V_WhiteBlackSilver/image.png
21,21,../../data/moge_dataset/GSO/ASICS_GEL1140V_WhiteRoyalSilver/image.jpg,../../data/moge_dataset/GSO/ASICS_GEL1140V_WhiteRoyalSilver/depth.png,../../data/moge_dataset/GSO/ASICS_GEL1140V_WhiteRoyalSilver/meta.json,GSO,../../data/depthanything/moge_dataset/GSO/ASICS_GEL1140V_WhiteRoyalSilver/image.png
22,22,../../data/moge_dataset/GSO/ASICS_GELAce_Pro_Pearl_WhitePink/image.jpg,../../data/moge_dataset/GSO/ASICS_GELAce_Pro_Pearl_WhitePink/depth.png,../../data/moge_dataset/GSO/ASICS_GELAce_Pro_Pearl_WhitePink/meta.json,GSO,../../data/depthanything/moge_dataset/GSO/ASICS_GELAce_Pro_Pearl_WhitePink/image.png
23,23,../../data/moge_dataset/GSO/ASICS_GELBlur33_20_GS_BlackWhiteSafety_Orange/image.jpg,../../data/moge_dataset/GSO/ASICS_GELBlur33_20_GS_BlackWhiteSafety_Orange/depth.png,../../data/moge_dataset/GSO/ASICS_GELBlur33_20_GS_BlackWhiteSafety_Orange/meta.json,GSO,../../data/depthanything/moge_dataset/GSO/ASICS_GELBlur33_20_GS_BlackWhiteSafety_Orange/image.png
24,24,../../data/moge_dataset/GSO/ASICS_GELBlur33_20_GS_Flash_YellowHot_PunchSilver/image.jpg,../../data/moge_dataset/GSO/ASICS_GELBlur33_20_GS_Flash_YellowHot_PunchSilver/depth.png,../../data/moge_dataset/GSO/ASICS_GELBlur33_20_GS_Flash_YellowHot_PunchSilver/meta.json,GSO,../../data/depthanything/moge_dataset/GSO/ASICS_GELBlur33_20_GS_Flash_YellowHot_PunchSilver/image.png
25,25,../../data/moge_dataset/GSO/ASICS_GELChallenger_9_Royal_BlueWhiteBlack/image.jpg,../../data/moge_dataset/GSO/ASICS_GELChallenger_9_Royal_BlueWhiteBlack/depth.png,../../data/moge_dataset/GSO/ASICS_GELChallenger_9_Royal_BlueWhiteBlack/meta.json,GSO,../../data/depthanything/moge_dataset/GSO/ASICS_GELChallenger_9_Royal_BlueWhiteBlack/image.png
26,26,../../data/moge_dataset/GSO/ASICS_GELDirt_Dog_4_SunFlameBlack/image.jpg,../../data/moge_dataset/GSO/ASICS_GELDirt_Dog_4_SunFlameBlack/depth.png,../../data/moge_dataset/GSO/ASICS_GELDirt_Dog_4_SunFlameBlack/meta.json,GSO,../../data/depthanything/moge_dataset/GSO/ASICS_GELDirt_Dog_4_SunFlameBlack/image.png
27,27,../../data/moge_dataset/GSO/ASICS_GELLinksmaster_WhiteCoffeeSand/image.jpg,../../data/moge_dataset/GSO/ASICS_GELLinksmaster_WhiteCoffeeSand/depth.png,../../data/moge_dataset/GSO/ASICS_GELLinksmaster_WhiteCoffeeSand/meta.json,GSO,../../data/depthanything/moge_dataset/GSO/ASICS_GELLinksmaster_WhiteCoffeeSand/image.png
28,28,../../data/moge_dataset/GSO/ASICS_GELLinksmaster_WhiteRasberryGunmetal/image.jpg,../../data/moge_dataset/GSO/ASICS_GELLinksmaster_WhiteRasberryGunmetal/depth.png,../../data/moge_dataset/GSO/ASICS_GELLinksmaster_WhiteRasberryGunmetal/meta.json,GSO,../../data/depthanything/moge_dataset/GSO/ASICS_GELLinksmaster_WhiteRasberryGunmetal/image.png
29,29,../../data/moge_dataset/GSO/ASICS_GELLinksmaster_WhiteSilverCarolina_Blue/image.jpg,../../data/moge_dataset/GSO/ASICS_GELLinksmaster_WhiteSilverCarolina_Blue/depth.png,../../data/moge_dataset/GSO/ASICS_GELLinksmaster_WhiteSilverCarolina_Blue/meta.json,GSO,../../data/depthanything/moge_dataset/GSO/ASICS_GELLinksmaster_WhiteSilverCarolina_Blue/image.png
30,30,../../data/moge_dataset/GSO/ASICS_GELResolution_5_Flash_YellowBlackSilver/image.jpg,../../data/moge_dataset/GSO/ASICS_GELResolution_5_Flash_YellowBlackSilver/depth.png,../../data/moge_dataset/GSO/ASICS_GELResolution_5_Flash_YellowBlackSilver/meta.json,GSO,../../data/depthanything/moge_dataset/GSO/ASICS_GELResolution_5_Flash_YellowBlackSilver/image.png
31,31,../../data/moge_dataset/GSO/ASICS_GELTour_Lyte_WhiteOrchidSilver/image.jpg,../../data/moge_dataset/GSO/ASICS_GELTour_Lyte_WhiteOrchidSilver/depth.png,../../data/moge_dataset/GSO/ASICS_GELTour_Lyte_WhiteOrchidSilver/meta.json,GSO,../../data/depthanything/moge_dataset/GSO/ASICS_GELTour_Lyte_WhiteOrchidSilver/image.png
32,32,../../data/moge_dataset/GSO/ASICS_HyperRocketgirl_SP_5_WhiteMalibu_BlueBlack/image.jpg,../../data/moge_dataset/GSO/ASICS_HyperRocketgirl_SP_5_WhiteMalibu_BlueBlack/depth.png,../../data/moge_dataset/GSO/ASICS_HyperRocketgirl_SP_5_WhiteMalibu_BlueBlack/meta.json,GSO,../../data/depthanything/moge_dataset/GSO/ASICS_HyperRocketgirl_SP_5_WhiteMalibu_BlueBlack/image.png
33,33,../../data/moge_dataset/GSO/ASSORTED_VEGETABLE_SET/image.jpg,../../data/moge_dataset/GSO/ASSORTED_VEGETABLE_SET/depth.png,../../data/moge_dataset/GSO/ASSORTED_VEGETABLE_SET/meta.json,GSO,../../data/depthanything/moge_dataset/GSO/ASSORTED_VEGETABLE_SET/image.png
34,34,../../data/moge_dataset/GSO/Adrenaline_GTS_13_Color_DrkDenimWhtBachlorBttnSlvr_Size_50_yfK40TNjq0V/image.jpg,../../data/moge_dataset/GSO/Adrenaline_GTS_13_Color_DrkDenimWhtBachlorBttnSlvr_Size_50_yfK40TNjq0V/depth.png,../../data/moge_dataset/GSO/Adrenaline_GTS_13_Color_DrkDenimWhtBachlorBttnSlvr_Size_50_yfK40TNjq0V/meta.json,GSO,../../data/depthanything/moge_dataset/GSO/Adrenaline_GTS_13_Color_DrkDenimWhtBachlorBttnSlvr_Size_50_yfK40TNjq0V/image.png
35,35,../../data/moge_dataset/GSO/Adrenaline_GTS_13_Color_WhtObsdianBlckOlmpcSlvr_Size_70/image.jpg,../../data/moge_dataset/GSO/Adrenaline_GTS_13_Color_WhtObsdianBlckOlmpcSlvr_Size_70/depth.png,../../data/moge_dataset/GSO/Adrenaline_GTS_13_Color_WhtObsdianBlckOlmpcSlvr_Size_70/meta.json,GSO,../../data/depthanything/moge_dataset/GSO/Adrenaline_GTS_13_Color_WhtObsdianBlckOlmpcSlvr_Size_70/image.png
36,36,../../data/moge_dataset/GSO/Air_Hogs_Wind_Flyers_Set_Airplane_Red/image.jpg,../../data/moge_dataset/GSO/Air_Hogs_Wind_Flyers_Set_Airplane_Red/depth.png,../../data/moge_dataset/GSO/Air_Hogs_Wind_Flyers_Set_Airplane_Red/meta.json,GSO,../../data/depthanything/moge_dataset/GSO/Air_Hogs_Wind_Flyers_Set_Airplane_Red/image.png
37,37,../../data/moge_dataset/GSO/AllergenFree_JarroDophilus/image.jpg,../../data/moge_dataset/GSO/AllergenFree_JarroDophilus/depth.png,../../data/moge_dataset/GSO/AllergenFree_JarroDophilus/meta.json,GSO,../../data/depthanything/moge_dataset/GSO/AllergenFree_JarroDophilus/image.png
38,38,../../data/moge_dataset/GSO/Android_Figure_Chrome/image.jpg,../../data/moge_dataset/GSO/Android_Figure_Chrome/depth.png,../../data/moge_dataset/GSO/Android_Figure_Chrome/meta.json,GSO,../../data/depthanything/moge_dataset/GSO/Android_Figure_Chrome/image.png
39,39,../../data/moge_dataset/GSO/Android_Figure_Orange/image.jpg,../../data/moge_dataset/GSO/Android_Figure_Orange/depth.png,../../data/moge_dataset/GSO/Android_Figure_Orange/meta.json,GSO,../../data/depthanything/moge_dataset/GSO/Android_Figure_Orange/image.png
40,40,../../data/moge_dataset/GSO/Android_Figure_Panda/image.jpg,../../data/moge_dataset/GSO/Android_Figure_Panda/depth.png,../../data/moge_dataset/GSO/Android_Figure_Panda/meta.json,GSO,../../data/depthanything/moge_dataset/GSO/Android_Figure_Panda/image.png
41,41,../../data/moge_dataset/GSO/Android_Lego/image.jpg,../../data/moge_dataset/GSO/Android_Lego/depth.png,../../data/moge_dataset/GSO/Android_Lego/meta.json,GSO,../../data/depthanything/moge_dataset/GSO/Android_Lego/image.png
42,42,../../data/moge_dataset/GSO/Animal_Crossing_New_Leaf_Nintendo_3DS_Game/image.jpg,../../data/moge_dataset/GSO/Animal_Crossing_New_Leaf_Nintendo_3DS_Game/depth.png,../../data/moge_dataset/GSO/Animal_Crossing_New_Leaf_Nintendo_3DS_Game/meta.json,GSO,../../data/depthanything/moge_dataset/GSO/Animal_Crossing_New_Leaf_Nintendo_3DS_Game/image.png
43,43,../../data/moge_dataset/GSO/Animal_Planet_Foam_2Headed_Dragon/image.jpg,../../data/moge_dataset/GSO/Animal_Planet_Foam_2Headed_Dragon/depth.png,../../data/moge_dataset/GSO/Animal_Planet_Foam_2Headed_Dragon/meta.json,GSO,../../data/depthanything/moge_dataset/GSO/Animal_Planet_Foam_2Headed_Dragon/image.png
44,44,../../data/moge_dataset/GSO/Apples_to_Apples_Kids_Edition/image.jpg,../../data/moge_dataset/GSO/Apples_to_Apples_Kids_Edition/depth.png,../../data/moge_dataset/GSO/Apples_to_Apples_Kids_Edition/meta.json,GSO,../../data/depthanything/moge_dataset/GSO/Apples_to_Apples_Kids_Edition/image.png
45,45,../../data/moge_dataset/GSO/Arm_Hammer_Diaper_Pail_Refills_12_Pack_MFWkmoweejt/image.jpg,../../data/moge_dataset/GSO/Arm_Hammer_Diaper_Pail_Refills_12_Pack_MFWkmoweejt/depth.png,../../data/moge_dataset/GSO/Arm_Hammer_Diaper_Pail_Refills_12_Pack_MFWkmoweejt/meta.json,GSO,../../data/depthanything/moge_dataset/GSO/Arm_Hammer_Diaper_Pail_Refills_12_Pack_MFWkmoweejt/image.png
46,46,../../data/moge_dataset/GSO/Aroma_Stainless_Steel_Milk_Frother_2_Cup/image.jpg,../../data/moge_dataset/GSO/Aroma_Stainless_Steel_Milk_Frother_2_Cup/depth.png,../../data/moge_dataset/GSO/Aroma_Stainless_Steel_Milk_Frother_2_Cup/meta.json,GSO,../../data/depthanything/moge_dataset/GSO/Aroma_Stainless_Steel_Milk_Frother_2_Cup/image.png
47,47,../../data/moge_dataset/GSO/Asus_80211ac_DualBand_Gigabit_Wireless_Router_RTAC68R/image.jpg,../../data/moge_dataset/GSO/Asus_80211ac_DualBand_Gigabit_Wireless_Router_RTAC68R/depth.png,../../data/moge_dataset/GSO/Asus_80211ac_DualBand_Gigabit_Wireless_Router_RTAC68R/meta.json,GSO,../../data/depthanything/moge_dataset/GSO/Asus_80211ac_DualBand_Gigabit_Wireless_Router_RTAC68R/image.png
48,48,../../data/moge_dataset/GSO/Asus_M5A78LMUSB3_Motherboard_Micro_ATX_Socket_AM3/image.jpg,../../data/moge_dataset/GSO/Asus_M5A78LMUSB3_Motherboard_Micro_ATX_Socket_AM3/depth.png,../../data/moge_dataset/GSO/Asus_M5A78LMUSB3_Motherboard_Micro_ATX_Socket_AM3/meta.json,GSO,../../data/depthanything/moge_dataset/GSO/Asus_M5A78LMUSB3_Motherboard_Micro_ATX_Socket_AM3/image.png
49,49,../../data/moge_dataset/GSO/Asus_M5A99FX_PRO_R20_Motherboard_ATX_Socket_AM3/image.jpg,../../data/moge_dataset/GSO/Asus_M5A99FX_PRO_R20_Motherboard_ATX_Socket_AM3/depth.png,../../data/moge_dataset/GSO/Asus_M5A99FX_PRO_R20_Motherboard_ATX_Socket_AM3/meta.json,GSO,../../data/depthanything/moge_dataset/GSO/Asus_M5A99FX_PRO_R20_Motherboard_ATX_Socket_AM3/image.png
50,50,../../data/moge_dataset/GSO/Asus_Sabertooth_990FX_20_Motherboard_ATX_Socket_AM3/image.jpg,../../data/moge_dataset/GSO/Asus_Sabertooth_990FX_20_Motherboard_ATX_Socket_AM3/depth.png,../../data/moge_dataset/GSO/Asus_Sabertooth_990FX_20_Motherboard_ATX_Socket_AM3/meta.json,GSO,../../data/depthanything/moge_dataset/GSO/Asus_Sabertooth_990FX_20_Motherboard_ATX_Socket_AM3/image.png
51,51,../../data/moge_dataset/GSO/Asus_Sabertooth_Z97_MARK_1_Motherboard_ATX_LGA1150_Socket/image.jpg,../../data/moge_dataset/GSO/Asus_Sabertooth_Z97_MARK_1_Motherboard_ATX_LGA1150_Socket/depth.png,../../data/moge_dataset/GSO/Asus_Sabertooth_Z97_MARK_1_Motherboard_ATX_LGA1150_Socket/meta.json,GSO,../../data/depthanything/moge_dataset/GSO/Asus_Sabertooth_Z97_MARK_1_Motherboard_ATX_LGA1150_Socket/image.png
52,52,../../data/moge_dataset/GSO/Asus_X99Deluxe_Motherboard_ATX_LGA2011v3_Socket/image.jpg,../../data/moge_dataset/GSO/Asus_X99Deluxe_Motherboard_ATX_LGA2011v3_Socket/depth.png,../../data/moge_dataset/GSO/Asus_X99Deluxe_Motherboard_ATX_LGA2011v3_Socket/meta.json,GSO,../../data/depthanything/moge_dataset/GSO/Asus_X99Deluxe_Motherboard_ATX_LGA2011v3_Socket/image.png
53,53,../../data/moge_dataset/GSO/Asus_Z87PRO_Motherboard_ATX_LGA1150_Socket/image.jpg,../../data/moge_dataset/GSO/Asus_Z87PRO_Motherboard_ATX_LGA1150_Socket/depth.png,../../data/moge_dataset/GSO/Asus_Z87PRO_Motherboard_ATX_LGA1150_Socket/meta.json,GSO,../../data/depthanything/moge_dataset/GSO/Asus_Z87PRO_Motherboard_ATX_LGA1150_Socket/image.png
54,54,../../data/moge_dataset/GSO/Asus_Z97AR_LGA_1150_Intel_ATX_Motherboard/image.jpg,../../data/moge_dataset/GSO/Asus_Z97AR_LGA_1150_Intel_ATX_Motherboard/depth.png,../../data/moge_dataset/GSO/Asus_Z97AR_LGA_1150_Intel_ATX_Motherboard/meta.json,GSO,../../data/depthanything/moge_dataset/GSO/Asus_Z97AR_LGA_1150_Intel_ATX_Motherboard/image.png
55,55,../../data/moge_dataset/GSO/Asus_Z97IPLUS_Motherboard_Mini_ITX_LGA1150_Socket/image.jpg,../../data/moge_dataset/GSO/Asus_Z97IPLUS_Motherboard_Mini_ITX_LGA1150_Socket/depth.png,../../data/moge_dataset/GSO/Asus_Z97IPLUS_Motherboard_Mini_ITX_LGA1150_Socket/meta.json,GSO,../../data/depthanything/moge_dataset/GSO/Asus_Z97IPLUS_Motherboard_Mini_ITX_LGA1150_Socket/image.png
56,56,../../data/moge_dataset/GSO/Avengers_Gamma_Green_Smash_Fists/image.jpg,../../data/moge_dataset/GSO/Avengers_Gamma_Green_Smash_Fists/depth.png,../../data/moge_dataset/GSO/Avengers_Gamma_Green_Smash_Fists/meta.json,GSO,../../data/depthanything/moge_dataset/GSO/Avengers_Gamma_Green_Smash_Fists/image.png
57,57,../../data/moge_dataset/GSO/Avengers_Thor_PLlrpYniaeB/image.jpg,../../data/moge_dataset/GSO/Avengers_Thor_PLlrpYniaeB/depth.png,../../data/moge_dataset/GSO/Avengers_Thor_PLlrpYniaeB/meta.json,GSO,../../data/depthanything/moge_dataset/GSO/Avengers_Thor_PLlrpYniaeB/image.png
58,58,../../data/moge_dataset/GSO/Azure_Snake_Tieks_Leather_Snake_Print_Ballet_Flats/image.jpg,../../data/moge_dataset/GSO/Azure_Snake_Tieks_Leather_Snake_Print_Ballet_Flats/depth.png,../../data/moge_dataset/GSO/Azure_Snake_Tieks_Leather_Snake_Print_Ballet_Flats/meta.json,GSO,../../data/depthanything/moge_dataset/GSO/Azure_Snake_Tieks_Leather_Snake_Print_Ballet_Flats/image.png
59,59,../../data/moge_dataset/GSO/BABY_CAR/image.jpg,../../data/moge_dataset/GSO/BABY_CAR/depth.png,../../data/moge_dataset/GSO/BABY_CAR/meta.json,GSO,../../data/depthanything/moge_dataset/GSO/BABY_CAR/image.png
60,60,../../data/moge_dataset/GSO/BAGEL_WITH_CHEESE/image.jpg,../../data/moge_dataset/GSO/BAGEL_WITH_CHEESE/depth.png,../../data/moge_dataset/GSO/BAGEL_WITH_CHEESE/meta.json,GSO,../../data/depthanything/moge_dataset/GSO/BAGEL_WITH_CHEESE/image.png
61,61,../../data/moge_dataset/GSO/BAKING_UTENSILS/image.jpg,../../data/moge_dataset/GSO/BAKING_UTENSILS/depth.png,../../data/moge_dataset/GSO/BAKING_UTENSILS/meta.json,GSO,../../data/depthanything/moge_dataset/GSO/BAKING_UTENSILS/image.png
62,62,../../data/moge_dataset/GSO/BALANCING_CACTUS/image.jpg,../../data/moge_dataset/GSO/BALANCING_CACTUS/depth.png,../../data/moge_dataset/GSO/BALANCING_CACTUS/meta.json,GSO,../../data/depthanything/moge_dataset/GSO/BALANCING_CACTUS/image.png
63,63,../../data/moge_dataset/GSO/BATHROOM_CLASSIC/image.jpg,../../data/moge_dataset/GSO/BATHROOM_CLASSIC/depth.png,../../data/moge_dataset/GSO/BATHROOM_CLASSIC/meta.json,GSO,../../data/depthanything/moge_dataset/GSO/BATHROOM_CLASSIC/image.png
64,64,../../data/moge_dataset/GSO/BATHROOM_FURNITURE_SET_1/image.jpg,../../data/moge_dataset/GSO/BATHROOM_FURNITURE_SET_1/depth.png,../../data/moge_dataset/GSO/BATHROOM_FURNITURE_SET_1/meta.json,GSO,../../data/depthanything/moge_dataset/GSO/BATHROOM_FURNITURE_SET_1/image.png
65,65,../../data/moge_dataset/GSO/BEDROOM_CLASSIC/image.jpg,../../data/moge_dataset/GSO/BEDROOM_CLASSIC/depth.png,../../data/moge_dataset/GSO/BEDROOM_CLASSIC/meta.json,GSO,../../data/depthanything/moge_dataset/GSO/BEDROOM_CLASSIC/image.png
66,66,../../data/moge_dataset/GSO/BEDROOM_NEO/image.jpg,../../data/moge_dataset/GSO/BEDROOM_NEO/depth.png,../../data/moge_dataset/GSO/BEDROOM_NEO/meta.json,GSO,../../data/depthanything/moge_dataset/GSO/BEDROOM_NEO/image.png
67,67,../../data/moge_dataset/GSO/BIA_Cordon_Bleu_White_Porcelain_Utensil_Holder_900028/image.jpg,../../data/moge_dataset/GSO/BIA_Cordon_Bleu_White_Porcelain_Utensil_Holder_900028/depth.png,../../data/moge_dataset/GSO/BIA_Cordon_Bleu_White_Porcelain_Utensil_Holder_900028/meta.json,GSO,../../data/depthanything/moge_dataset/GSO/BIA_Cordon_Bleu_White_Porcelain_Utensil_Holder_900028/image.png
68,68,../../data/moge_dataset/GSO/BIA_Porcelain_Ramekin_With_Glazed_Rim_35_45_oz_cup/image.jpg,../../data/moge_dataset/GSO/BIA_Porcelain_Ramekin_With_Glazed_Rim_35_45_oz_cup/depth.png,../../data/moge_dataset/GSO/BIA_Porcelain_Ramekin_With_Glazed_Rim_35_45_oz_cup/meta.json,GSO,../../data/depthanything/moge_dataset/GSO/BIA_Porcelain_Ramekin_With_Glazed_Rim_35_45_oz_cup/image.png
69,69,../../data/moge_dataset/GSO/BIRD_RATTLE/image.jpg,../../data/moge_dataset/GSO/BIRD_RATTLE/depth.png,../../data/moge_dataset/GSO/BIRD_RATTLE/meta.json,GSO,../../data/depthanything/moge_dataset/GSO/BIRD_RATTLE/image.png
70,70,../../data/moge_dataset/GSO/BRAILLE_ALPHABET_AZ/image.jpg,../../data/moge_dataset/GSO/BRAILLE_ALPHABET_AZ/depth.png,../../data/moge_dataset/GSO/BRAILLE_ALPHABET_AZ/meta.json,GSO,../../data/depthanything/moge_dataset/GSO/BRAILLE_ALPHABET_AZ/image.png
71,71,../../data/moge_dataset/GSO/BREAKFAST_MENU/image.jpg,../../data/moge_dataset/GSO/BREAKFAST_MENU/depth.png,../../data/moge_dataset/GSO/BREAKFAST_MENU/meta.json,GSO,../../data/depthanything/moge_dataset/GSO/BREAKFAST_MENU/image.png
72,72,../../data/moge_dataset/GSO/BUILD_A_ROBOT/image.jpg,../../data/moge_dataset/GSO/BUILD_A_ROBOT/depth.png,../../data/moge_dataset/GSO/BUILD_A_ROBOT/meta.json,GSO,../../data/depthanything/moge_dataset/GSO/BUILD_A_ROBOT/image.png
73,73,../../data/moge_dataset/GSO/BUILD_A_ZOO/image.jpg,../../data/moge_dataset/GSO/BUILD_A_ZOO/depth.png,../../data/moge_dataset/GSO/BUILD_A_ZOO/meta.json,GSO,../../data/depthanything/moge_dataset/GSO/BUILD_A_ZOO/image.png
74,74,../../data/moge_dataset/GSO/BUNNY_RACER/image.jpg,../../data/moge_dataset/GSO/BUNNY_RACER/depth.png,../../data/moge_dataset/GSO/BUNNY_RACER/meta.json,GSO,../../data/depthanything/moge_dataset/GSO/BUNNY_RACER/image.png
75,75,../../data/moge_dataset/GSO/BUNNY_RATTLE/image.jpg,../../data/moge_dataset/GSO/BUNNY_RATTLE/depth.png,../../data/moge_dataset/GSO/BUNNY_RATTLE/meta.json,GSO,../../data/depthanything/moge_dataset/GSO/BUNNY_RATTLE/image.png
76,76,../../data/moge_dataset/GSO/Baby_Elements_Stacking_Cups/image.jpg,../../data/moge_dataset/GSO/Baby_Elements_Stacking_Cups/depth.png,../../data/moge_dataset/GSO/Baby_Elements_Stacking_Cups/meta.json,GSO,../../data/depthanything/moge_dataset/GSO/Baby_Elements_Stacking_Cups/image.png
77,77,../../data/moge_dataset/GSO/Balderdash_Game/image.jpg,../../data/moge_dataset/GSO/Balderdash_Game/depth.png,../../data/moge_dataset/GSO/Balderdash_Game/meta.json,GSO,../../data/depthanything/moge_dataset/GSO/Balderdash_Game/image.png
78,78,../../data/moge_dataset/GSO/Beetle_Adventure_Racing_Nintendo_64/image.jpg,../../data/moge_dataset/GSO/Beetle_Adventure_Racing_Nintendo_64/depth.png,../../data/moge_dataset/GSO/Beetle_Adventure_Racing_Nintendo_64/meta.json,GSO,../../data/depthanything/moge_dataset/GSO/Beetle_Adventure_Racing_Nintendo_64/image.png
79,79,../../data/moge_dataset/GSO/Beta_Glucan/image.jpg,../../data/moge_dataset/GSO/Beta_Glucan/depth.png,../../data/moge_dataset/GSO/Beta_Glucan/meta.json,GSO,../../data/depthanything/moge_dataset/GSO/Beta_Glucan/image.png
80,80,../../data/moge_dataset/GSO/Beyonc_Life_is_But_a_Dream_DVD/image.jpg,../../data/moge_dataset/GSO/Beyonc_Life_is_But_a_Dream_DVD/depth.png,../../data/moge_dataset/GSO/Beyonc_Life_is_But_a_Dream_DVD/meta.json,GSO,../../data/depthanything/moge_dataset/GSO/Beyonc_Life_is_But_a_Dream_DVD/image.png
81,81,../../data/moge_dataset/GSO/Bifidus_Balance_FOS/image.jpg,../../data/moge_dataset/GSO/Bifidus_Balance_FOS/depth.png,../../data/moge_dataset/GSO/Bifidus_Balance_FOS/meta.json,GSO,../../data/depthanything/moge_dataset/GSO/Bifidus_Balance_FOS/image.png
82,82,../../data/moge_dataset/GSO/Big_Dot_Aqua_Pencil_Case/image.jpg,../../data/moge_dataset/GSO/Big_Dot_Aqua_Pencil_Case/depth.png,../../data/moge_dataset/GSO/Big_Dot_Aqua_Pencil_Case/meta.json,GSO,../../data/depthanything/moge_dataset/GSO/Big_Dot_Aqua_Pencil_Case/image.png
83,83,../../data/moge_dataset/GSO/Big_Dot_Pink_Pencil_Case/image.jpg,../../data/moge_dataset/GSO/Big_Dot_Pink_Pencil_Case/depth.png,../../data/moge_dataset/GSO/Big_Dot_Pink_Pencil_Case/meta.json,GSO,../../data/depthanything/moge_dataset/GSO/Big_Dot_Pink_Pencil_Case/image.png
84,84,../../data/moge_dataset/GSO/Big_O_Sponges_Assorted_Cellulose_12_pack/image.jpg,../../data/moge_dataset/GSO/Big_O_Sponges_Assorted_Cellulose_12_pack/depth.png,../../data/moge_dataset/GSO/Big_O_Sponges_Assorted_Cellulose_12_pack/meta.json,GSO,../../data/depthanything/moge_dataset/GSO/Big_O_Sponges_Assorted_Cellulose_12_pack/image.png
85,85,../../data/moge_dataset/GSO/BlackBlack_Nintendo_3DSXL/image.jpg,../../data/moge_dataset/GSO/BlackBlack_Nintendo_3DSXL/depth.png,../../data/moge_dataset/GSO/BlackBlack_Nintendo_3DSXL/meta.json,GSO,../../data/depthanything/moge_dataset/GSO/BlackBlack_Nintendo_3DSXL/image.png
86,86,../../data/moge_dataset/GSO/Black_Decker_CM2035B_12Cup_Thermal_Coffeemaker/image.jpg,../../data/moge_dataset/GSO/Black_Decker_CM2035B_12Cup_Thermal_Coffeemaker/depth.png,../../data/moge_dataset/GSO/Black_Decker_CM2035B_12Cup_Thermal_Coffeemaker/meta.json,GSO,../../data/depthanything/moge_dataset/GSO/Black_Decker_CM2035B_12Cup_Thermal_Coffeemaker/image.png
87,87,../../data/moge_dataset/GSO/Black_Decker_Stainless_Steel_Toaster_4_Slice/image.jpg,../../data/moge_dataset/GSO/Black_Decker_Stainless_Steel_Toaster_4_Slice/depth.png,../../data/moge_dataset/GSO/Black_Decker_Stainless_Steel_Toaster_4_Slice/meta.json,GSO,../../data/depthanything/moge_dataset/GSO/Black_Decker_Stainless_Steel_Toaster_4_Slice/image.png
88,88,../../data/moge_dataset/GSO/Black_Elderberry_Syrup_54_oz_Gaia_Herbs/image.jpg,../../data/moge_dataset/GSO/Black_Elderberry_Syrup_54_oz_Gaia_Herbs/depth.png,../../data/moge_dataset/GSO/Black_Elderberry_Syrup_54_oz_Gaia_Herbs/meta.json,GSO,../../data/depthanything/moge_dataset/GSO/Black_Elderberry_Syrup_54_oz_Gaia_Herbs/image.png
89,89,../../data/moge_dataset/GSO/Black_Forest_Fruit_Snacks_28_Pack_Grape/image.jpg,../../data/moge_dataset/GSO/Black_Forest_Fruit_Snacks_28_Pack_Grape/depth.png,../../data/moge_dataset/GSO/Black_Forest_Fruit_Snacks_28_Pack_Grape/meta.json,GSO,../../data/depthanything/moge_dataset/GSO/Black_Forest_Fruit_Snacks_28_Pack_Grape/image.png
90,90,../../data/moge_dataset/GSO/Black_Forest_Fruit_Snacks_Juicy_Filled_Centers_10_pouches_9_oz_total/image.jpg,../../data/moge_dataset/GSO/Black_Forest_Fruit_Snacks_Juicy_Filled_Centers_10_pouches_9_oz_total/depth.png,../../data/moge_dataset/GSO/Black_Forest_Fruit_Snacks_Juicy_Filled_Centers_10_pouches_9_oz_total/meta.json,GSO,../../data/depthanything/moge_dataset/GSO/Black_Forest_Fruit_Snacks_Juicy_Filled_Centers_10_pouches_9_oz_total/image.png
91,91,../../data/moge_dataset/GSO/Black_and_Decker_PBJ2000_FusionBlade_Blender_Jars/image.jpg,../../data/moge_dataset/GSO/Black_and_Decker_PBJ2000_FusionBlade_Blender_Jars/depth.png,../../data/moge_dataset/GSO/Black_and_Decker_PBJ2000_FusionBlade_Blender_Jars/meta.json,GSO,../../data/depthanything/moge_dataset/GSO/Black_and_Decker_PBJ2000_FusionBlade_Blender_Jars/image.png
92,92,../../data/moge_dataset/GSO/Black_and_Decker_TR3500SD_2Slice_Toaster/image.jpg,../../data/moge_dataset/GSO/Black_and_Decker_TR3500SD_2Slice_Toaster/depth.png,../../data/moge_dataset/GSO/Black_and_Decker_TR3500SD_2Slice_Toaster/meta.json,GSO,../../data/depthanything/moge_dataset/GSO/Black_and_Decker_TR3500SD_2Slice_Toaster/image.png
93,93,../../data/moge_dataset/GSO/Blackcurrant_Lutein/image.jpg,../../data/moge_dataset/GSO/Blackcurrant_Lutein/depth.png,../../data/moge_dataset/GSO/Blackcurrant_Lutein/meta.json,GSO,../../data/depthanything/moge_dataset/GSO/Blackcurrant_Lutein/image.png
94,94,../../data/moge_dataset/GSO/BlueBlack_Nintendo_3DSXL/image.jpg,../../data/moge_dataset/GSO/BlueBlack_Nintendo_3DSXL/depth.png,../../data/moge_dataset/GSO/BlueBlack_Nintendo_3DSXL/meta.json,GSO,../../data/depthanything/moge_dataset/GSO/BlueBlack_Nintendo_3DSXL/image.png
95,95,../../data/moge_dataset/GSO/Blue_Jasmine_Includes_Digital_Copy_UltraViolet_DVD/image.jpg,../../data/moge_dataset/GSO/Blue_Jasmine_Includes_Digital_Copy_UltraViolet_DVD/depth.png,../../data/moge_dataset/GSO/Blue_Jasmine_Includes_Digital_Copy_UltraViolet_DVD/meta.json,GSO,../../data/depthanything/moge_dataset/GSO/Blue_Jasmine_Includes_Digital_Copy_UltraViolet_DVD/image.png
96,96,../../data/moge_dataset/GSO/Borage_GLA240Gamma_Tocopherol/image.jpg,../../data/moge_dataset/GSO/Borage_GLA240Gamma_Tocopherol/depth.png,../../data/moge_dataset/GSO/Borage_GLA240Gamma_Tocopherol/meta.json,GSO,../../data/depthanything/moge_dataset/GSO/Borage_GLA240Gamma_Tocopherol/image.png
97,97,../../data/moge_dataset/GSO/Bradshaw_International_11642_7_Qt_MP_Plastic_Bowl/image.jpg,../../data/moge_dataset/GSO/Bradshaw_International_11642_7_Qt_MP_Plastic_Bowl/depth.png,../../data/moge_dataset/GSO/Bradshaw_International_11642_7_Qt_MP_Plastic_Bowl/meta.json,GSO,../../data/depthanything/moge_dataset/GSO/Bradshaw_International_11642_7_Qt_MP_Plastic_Bowl/image.png
98,98,../../data/moge_dataset/GSO/Breyer_Horse_Of_The_Year_2015/image.jpg,../../data/moge_dataset/GSO/Breyer_Horse_Of_The_Year_2015/depth.png,../../data/moge_dataset/GSO/Breyer_Horse_Of_The_Year_2015/meta.json,GSO,../../data/depthanything/moge_dataset/GSO/Breyer_Horse_Of_The_Year_2015/image.png
99,99,../../data/moge_dataset/GSO/Brisk_Iced_Tea_Lemon_12_12_fl_oz_355_ml_cans_144_fl_oz_426_lt/image.jpg,../../data/moge_dataset/GSO/Brisk_Iced_Tea_Lemon_12_12_fl_oz_355_ml_cans_144_fl_oz_426_lt/depth.png,../../data/moge_dataset/GSO/Brisk_Iced_Tea_Lemon_12_12_fl_oz_355_ml_cans_144_fl_oz_426_lt/meta.json,GSO,../../data/depthanything/moge_dataset/GSO/Brisk_Iced_Tea_Lemon_12_12_fl_oz_355_ml_cans_144_fl_oz_426_lt/image.png
100,100,../../data/moge_dataset/GSO/Brother_Ink_Cartridge_Magenta_LC75M/image.jpg,../../data/moge_dataset/GSO/Brother_Ink_Cartridge_Magenta_LC75M/depth.png,../../data/moge_dataset/GSO/Brother_Ink_Cartridge_Magenta_LC75M/meta.json,GSO,../../data/depthanything/moge_dataset/GSO/Brother_Ink_Cartridge_Magenta_LC75M/image.png
101,101,../../data/moge_dataset/GSO/Brother_LC_1053PKS_Ink_Cartridge_CyanMagentaYellow_1pack/image.jpg,../../data/moge_dataset/GSO/Brother_LC_1053PKS_Ink_Cartridge_CyanMagentaYellow_1pack/depth.png,../../data/moge_dataset/GSO/Brother_LC_1053PKS_Ink_Cartridge_CyanMagentaYellow_1pack/meta.json,GSO,../../data/depthanything/moge_dataset/GSO/Brother_LC_1053PKS_Ink_Cartridge_CyanMagentaYellow_1pack/image.png
102,102,../../data/moge_dataset/GSO/Brother_Printing_Cartridge_PC501/image.jpg,../../data/moge_dataset/GSO/Brother_Printing_Cartridge_PC501/depth.png,../../data/moge_dataset/GSO/Brother_Printing_Cartridge_PC501/meta.json,GSO,../../data/depthanything/moge_dataset/GSO/Brother_Printing_Cartridge_PC501/image.png
103,103,../../data/moge_dataset/GSO/CARSII/image.jpg,../../data/moge_dataset/GSO/CARSII/depth.png,../../data/moge_dataset/GSO/CARSII/meta.json,GSO,../../data/depthanything/moge_dataset/GSO/CARSII/image.png
104,104,../../data/moge_dataset/GSO/CAR_CARRIER_TRAIN/image.jpg,../../data/moge_dataset/GSO/CAR_CARRIER_TRAIN/depth.png,../../data/moge_dataset/GSO/CAR_CARRIER_TRAIN/meta.json,GSO,../../data/depthanything/moge_dataset/GSO/CAR_CARRIER_TRAIN/image.png
105,105,../../data/moge_dataset/GSO/CASTLE_BLOCKS/image.jpg,../../data/moge_dataset/GSO/CASTLE_BLOCKS/depth.png,../../data/moge_dataset/GSO/CASTLE_BLOCKS/meta.json,GSO,../../data/depthanything/moge_dataset/GSO/CASTLE_BLOCKS/image.png
106,106,../../data/moge_dataset/GSO/CHICKEN_NESTING/image.jpg,../../data/moge_dataset/GSO/CHICKEN_NESTING/depth.png,../../data/moge_dataset/GSO/CHICKEN_NESTING/meta.json,GSO,../../data/depthanything/moge_dataset/GSO/CHICKEN_NESTING/image.png
107,107,../../data/moge_dataset/GSO/CHICKEN_RACER/image.jpg,../../data/moge_dataset/GSO/CHICKEN_RACER/depth.png,../../data/moge_dataset/GSO/CHICKEN_RACER/meta.json,GSO,../../data/depthanything/moge_dataset/GSO/CHICKEN_RACER/image.png
108,108,../../data/moge_dataset/GSO/CHILDRENS_ROOM_NEO/image.jpg,../../data/moge_dataset/GSO/CHILDRENS_ROOM_NEO/depth.png,../../data/moge_dataset/GSO/CHILDRENS_ROOM_NEO/meta.json,GSO,../../data/depthanything/moge_dataset/GSO/CHILDRENS_ROOM_NEO/image.png
109,109,../../data/moge_dataset/GSO/CHILDREN_BEDROOM_CLASSIC/image.jpg,../../data/moge_dataset/GSO/CHILDREN_BEDROOM_CLASSIC/depth.png,../../data/moge_dataset/GSO/CHILDREN_BEDROOM_CLASSIC/meta.json,GSO,../../data/depthanything/moge_dataset/GSO/CHILDREN_BEDROOM_CLASSIC/image.png
110,110,../../data/moge_dataset/GSO/CITY_TAXI_POLICE_CAR/image.jpg,../../data/moge_dataset/GSO/CITY_TAXI_POLICE_CAR/depth.png,../../data/moge_dataset/GSO/CITY_TAXI_POLICE_CAR/meta.json,GSO,../../data/depthanything/moge_dataset/GSO/CITY_TAXI_POLICE_CAR/image.png
111,111,../../data/moge_dataset/GSO/CLIMACOOL_BOAT_BREEZE_IE6CyqSaDwN/image.jpg,../../data/moge_dataset/GSO/CLIMACOOL_BOAT_BREEZE_IE6CyqSaDwN/depth.png,../../data/moge_dataset/GSO/CLIMACOOL_BOAT_BREEZE_IE6CyqSaDwN/meta.json,GSO,../../data/depthanything/moge_dataset/GSO/CLIMACOOL_BOAT_BREEZE_IE6CyqSaDwN/image.png
112,112,../../data/moge_dataset/GSO/COAST_GUARD_BOAT/image.jpg,../../data/moge_dataset/GSO/COAST_GUARD_BOAT/depth.png,../../data/moge_dataset/GSO/COAST_GUARD_BOAT/meta.json,GSO,../../data/depthanything/moge_dataset/GSO/COAST_GUARD_BOAT/image.png
113,113,../../data/moge_dataset/GSO/CONE_SORTING/image.jpg,../../data/moge_dataset/GSO/CONE_SORTING/depth.png,../../data/moge_dataset/GSO/CONE_SORTING/meta.json,GSO,../../data/depthanything/moge_dataset/GSO/CONE_SORTING/image.png
114,114,../../data/moge_dataset/GSO/CONE_SORTING_kg5fbARBwts/image.jpg,../../data/moge_dataset/GSO/CONE_SORTING_kg5fbARBwts/depth.png,../../data/moge_dataset/GSO/CONE_SORTING_kg5fbARBwts/meta.json,GSO,../../data/depthanything/moge_dataset/GSO/CONE_SORTING_kg5fbARBwts/image.png
115,115,../../data/moge_dataset/GSO/CREATIVE_BLOCKS_35_MM/image.jpg,../../data/moge_dataset/GSO/CREATIVE_BLOCKS_35_MM/depth.png,../../data/moge_dataset/GSO/CREATIVE_BLOCKS_35_MM/meta.json,GSO,../../data/depthanything/moge_dataset/GSO/CREATIVE_BLOCKS_35_MM/image.png
116,116,../../data/moge_dataset/GSO/California_Navy_Tieks_Italian_Leather_Ballet_Flats/image.jpg,../../data/moge_dataset/GSO/California_Navy_Tieks_Italian_Leather_Ballet_Flats/depth.png,../../data/moge_dataset/GSO/California_Navy_Tieks_Italian_Leather_Ballet_Flats/meta.json,GSO,../../data/depthanything/moge_dataset/GSO/California_Navy_Tieks_Italian_Leather_Ballet_Flats/image.png
117,117,../../data/moge_dataset/GSO/Calphalon_Kitchen_Essentials_12_Cast_Iron_Fry_Pan_Black/image.jpg,../../data/moge_dataset/GSO/Calphalon_Kitchen_Essentials_12_Cast_Iron_Fry_Pan_Black/depth.png,../../data/moge_dataset/GSO/Calphalon_Kitchen_Essentials_12_Cast_Iron_Fry_Pan_Black/meta.json,GSO,../../data/depthanything/moge_dataset/GSO/Calphalon_Kitchen_Essentials_12_Cast_Iron_Fry_Pan_Black/image.png
118,118,../../data/moge_dataset/GSO/Canon_225226_Ink_Cartridges_BlackColor_Cyan_Magenta_Yellow_6_count/image.jpg,../../data/moge_dataset/GSO/Canon_225226_Ink_Cartridges_BlackColor_Cyan_Magenta_Yellow_6_count/depth.png,../../data/moge_dataset/GSO/Canon_225226_Ink_Cartridges_BlackColor_Cyan_Magenta_Yellow_6_count/meta.json,GSO,../../data/depthanything/moge_dataset/GSO/Canon_225226_Ink_Cartridges_BlackColor_Cyan_Magenta_Yellow_6_count/image.png
119,119,../../data/moge_dataset/GSO/Canon_Ink_Cartridge_Green_6/image.jpg,../../data/moge_dataset/GSO/Canon_Ink_Cartridge_Green_6/depth.png,../../data/moge_dataset/GSO/Canon_Ink_Cartridge_Green_6/meta.json,GSO,../../data/depthanything/moge_dataset/GSO/Canon_Ink_Cartridge_Green_6/image.png
120,120,../../data/moge_dataset/GSO/Canon_Pixma_Chromalife_100_Magenta_8/image.jpg,../../data/moge_dataset/GSO/Canon_Pixma_Chromalife_100_Magenta_8/depth.png,../../data/moge_dataset/GSO/Canon_Pixma_Chromalife_100_Magenta_8/meta.json,GSO,../../data/depthanything/moge_dataset/GSO/Canon_Pixma_Chromalife_100_Magenta_8/image.png
121,121,../../data/moge_dataset/GSO/Canon_Pixma_Ink_Cartridge_251_M/image.jpg,../../data/moge_dataset/GSO/Canon_Pixma_Ink_Cartridge_251_M/depth.png,../../data/moge_dataset/GSO/Canon_Pixma_Ink_Cartridge_251_M/meta.json,GSO,../../data/depthanything/moge_dataset/GSO/Canon_Pixma_Ink_Cartridge_251_M/image.png
122,122,../../data/moge_dataset/GSO/Canon_Pixma_Ink_Cartridge_8/image.jpg,../../data/moge_dataset/GSO/Canon_Pixma_Ink_Cartridge_8/depth.png,../../data/moge_dataset/GSO/Canon_Pixma_Ink_Cartridge_8/meta.json,GSO,../../data/depthanything/moge_dataset/GSO/Canon_Pixma_Ink_Cartridge_8/image.png
123,123,../../data/moge_dataset/GSO/Canon_Pixma_Ink_Cartridge_8_Green/image.jpg,../../data/moge_dataset/GSO/Canon_Pixma_Ink_Cartridge_8_Green/depth.png,../../data/moge_dataset/GSO/Canon_Pixma_Ink_Cartridge_8_Green/meta.json,GSO,../../data/depthanything/moge_dataset/GSO/Canon_Pixma_Ink_Cartridge_8_Green/image.png
124,124,../../data/moge_dataset/GSO/Canon_Pixma_Ink_Cartridge_8_Red/image.jpg,../../data/moge_dataset/GSO/Canon_Pixma_Ink_Cartridge_8_Red/depth.png,../../data/moge_dataset/GSO/Canon_Pixma_Ink_Cartridge_8_Red/meta.json,GSO,../../data/depthanything/moge_dataset/GSO/Canon_Pixma_Ink_Cartridge_8_Red/image.png
125,125,../../data/moge_dataset/GSO/Canon_Pixma_Ink_Cartridge_Cyan_251/image.jpg,../../data/moge_dataset/GSO/Canon_Pixma_Ink_Cartridge_Cyan_251/depth.png,../../data/moge_dataset/GSO/Canon_Pixma_Ink_Cartridge_Cyan_251/meta.json,GSO,../../data/depthanything/moge_dataset/GSO/Canon_Pixma_Ink_Cartridge_Cyan_251/image.png
126,126,../../data/moge_dataset/GSO/Cascadia_8_Color_AquariusHibscsBearingSeaBlk_Size_50/image.jpg,../../data/moge_dataset/GSO/Cascadia_8_Color_AquariusHibscsBearingSeaBlk_Size_50/depth.png,../../data/moge_dataset/GSO/Cascadia_8_Color_AquariusHibscsBearingSeaBlk_Size_50/meta.json,GSO,../../data/depthanything/moge_dataset/GSO/Cascadia_8_Color_AquariusHibscsBearingSeaBlk_Size_50/image.png
127,127,../../data/moge_dataset/GSO/Central_Garden_Flower_Pot_Goo_425/image.jpg,../../data/moge_dataset/GSO/Central_Garden_Flower_Pot_Goo_425/depth.png,../../data/moge_dataset/GSO/Central_Garden_Flower_Pot_Goo_425/meta.json,GSO,../../data/depthanything/moge_dataset/GSO/Central_Garden_Flower_Pot_Goo_425/image.png
128,128,../../data/moge_dataset/GSO/Chef_Style_Round_Cake_Pan_9_inch_pan/image.jpg,../../data/moge_dataset/GSO/Chef_Style_Round_Cake_Pan_9_inch_pan/depth.png,../../data/moge_dataset/GSO/Chef_Style_Round_Cake_Pan_9_inch_pan/meta.json,GSO,../../data/depthanything/moge_dataset/GSO/Chef_Style_Round_Cake_Pan_9_inch_pan/image.png
129,129,../../data/moge_dataset/GSO/Chefmate_8_Frypan/image.jpg,../../data/moge_dataset/GSO/Chefmate_8_Frypan/depth.png,../../data/moge_dataset/GSO/Chefmate_8_Frypan/meta.json,GSO,../../data/depthanything/moge_dataset/GSO/Chefmate_8_Frypan/image.png
130,130,../../data/moge_dataset/GSO/Chelsea_BlkHeelPMP_DwxLtZNxLZZ/image.jpg,../../data/moge_dataset/GSO/Chelsea_BlkHeelPMP_DwxLtZNxLZZ/depth.png,../../data/moge_dataset/GSO/Chelsea_BlkHeelPMP_DwxLtZNxLZZ/meta.json,GSO,../../data/depthanything/moge_dataset/GSO/Chelsea_BlkHeelPMP_DwxLtZNxLZZ/image.png
131,131,../../data/moge_dataset/GSO/Chelsea_lo_fl_rdheel_nQ0LPNF1oMw/image.jpg,../../data/moge_dataset/GSO/Chelsea_lo_fl_rdheel_nQ0LPNF1oMw/depth.png,../../data/moge_dataset/GSO/Chelsea_lo_fl_rdheel_nQ0LPNF1oMw/meta.json,GSO,../../data/depthanything/moge_dataset/GSO/Chelsea_lo_fl_rdheel_nQ0LPNF1oMw/image.png
132,132,../../data/moge_dataset/GSO/Chelsea_lo_fl_rdheel_zAQrnhlEfw8/image.jpg,../../data/moge_dataset/GSO/Chelsea_lo_fl_rdheel_zAQrnhlEfw8/depth.png,../../data/moge_dataset/GSO/Chelsea_lo_fl_rdheel_zAQrnhlEfw8/meta.json,GSO,../../data/depthanything/moge_dataset/GSO/Chelsea_lo_fl_rdheel_zAQrnhlEfw8/image.png
133,133,../../data/moge_dataset/GSO/Circo_Fish_Toothbrush_Holder_14995988/image.jpg,../../data/moge_dataset/GSO/Circo_Fish_Toothbrush_Holder_14995988/depth.png,../../data/moge_dataset/GSO/Circo_Fish_Toothbrush_Holder_14995988/meta.json,GSO,../../data/depthanything/moge_dataset/GSO/Circo_Fish_Toothbrush_Holder_14995988/image.png
134,134,../../data/moge_dataset/GSO/ClimaCool_Aerate_2_W_Wide/image.jpg,../../data/moge_dataset/GSO/ClimaCool_Aerate_2_W_Wide/depth.png,../../data/moge_dataset/GSO/ClimaCool_Aerate_2_W_Wide/meta.json,GSO,../../data/depthanything/moge_dataset/GSO/ClimaCool_Aerate_2_W_Wide/image.png
135,135,../../data/moge_dataset/GSO/Clorox_Premium_Choice_Gloves_SM_1_pair/image.jpg,../../data/moge_dataset/GSO/Clorox_Premium_Choice_Gloves_SM_1_pair/depth.png,../../data/moge_dataset/GSO/Clorox_Premium_Choice_Gloves_SM_1_pair/meta.json,GSO,../../data/depthanything/moge_dataset/GSO/Clorox_Premium_Choice_Gloves_SM_1_pair/image.png
136,136,../../data/moge_dataset/GSO/Closetmaid_Premium_Fabric_Cube_Red/image.jpg,../../data/moge_dataset/GSO/Closetmaid_Premium_Fabric_Cube_Red/depth.png,../../data/moge_dataset/GSO/Closetmaid_Premium_Fabric_Cube_Red/meta.json,GSO,../../data/depthanything/moge_dataset/GSO/Closetmaid_Premium_Fabric_Cube_Red/image.png
137,137,../../data/moge_dataset/GSO/Clue_Board_Game_Classic_Edition/image.jpg,../../data/moge_dataset/GSO/Clue_Board_Game_Classic_Edition/depth.png,../../data/moge_dataset/GSO/Clue_Board_Game_Classic_Edition/meta.json,GSO,../../data/depthanything/moge_dataset/GSO/Clue_Board_Game_Classic_Edition/image.png
138,138,../../data/moge_dataset/GSO/CoQ10/image.jpg,../../data/moge_dataset/GSO/CoQ10/depth.png,../../data/moge_dataset/GSO/CoQ10/meta.json,GSO,../../data/depthanything/moge_dataset/GSO/CoQ10/image.png
139,139,../../data/moge_dataset/GSO/CoQ10_BjTLbuRVt1t/image.jpg,../../data/moge_dataset/GSO/CoQ10_BjTLbuRVt1t/depth.png,../../data/moge_dataset/GSO/CoQ10_BjTLbuRVt1t/meta.json,GSO,../../data/depthanything/moge_dataset/GSO/CoQ10_BjTLbuRVt1t/image.png
140,140,../../data/moge_dataset/GSO/CoQ10_wSSVoxVppVD/image.jpg,../../data/moge_dataset/GSO/CoQ10_wSSVoxVppVD/depth.png,../../data/moge_dataset/GSO/CoQ10_wSSVoxVppVD/meta.json,GSO,../../data/depthanything/moge_dataset/GSO/CoQ10_wSSVoxVppVD/image.png
141,141,../../data/moge_dataset/GSO/Cole_Hardware_Antislip_Surfacing_Material_White/image.jpg,../../data/moge_dataset/GSO/Cole_Hardware_Antislip_Surfacing_Material_White/depth.png,../../data/moge_dataset/GSO/Cole_Hardware_Antislip_Surfacing_Material_White/meta.json,GSO,../../data/depthanything/moge_dataset/GSO/Cole_Hardware_Antislip_Surfacing_Material_White/image.png
142,142,../../data/moge_dataset/GSO/Cole_Hardware_Antislip_Surfacing_White_2_x_60/image.jpg,../../data/moge_dataset/GSO/Cole_Hardware_Antislip_Surfacing_White_2_x_60/depth.png,../../data/moge_dataset/GSO/Cole_Hardware_Antislip_Surfacing_White_2_x_60/meta.json,GSO,../../data/depthanything/moge_dataset/GSO/Cole_Hardware_Antislip_Surfacing_White_2_x_60/image.png
143,143,../../data/moge_dataset/GSO/Cole_Hardware_Bowl_Scirocco_YellowBlue/image.jpg,../../data/moge_dataset/GSO/Cole_Hardware_Bowl_Scirocco_YellowBlue/depth.png,../../data/moge_dataset/GSO/Cole_Hardware_Bowl_Scirocco_YellowBlue/meta.json,GSO,../../data/depthanything/moge_dataset/GSO/Cole_Hardware_Bowl_Scirocco_YellowBlue/image.png
144,144,../../data/moge_dataset/GSO/Cole_Hardware_Butter_Dish_Square_Red/image.jpg,../../data/moge_dataset/GSO/Cole_Hardware_Butter_Dish_Square_Red/depth.png,../../data/moge_dataset/GSO/Cole_Hardware_Butter_Dish_Square_Red/meta.json,GSO,../../data/depthanything/moge_dataset/GSO/Cole_Hardware_Butter_Dish_Square_Red/image.png
145,145,../../data/moge_dataset/GSO/Cole_Hardware_Deep_Bowl_Good_Earth_1075/image.jpg,../../data/moge_dataset/GSO/Cole_Hardware_Deep_Bowl_Good_Earth_1075/depth.png,../../data/moge_dataset/GSO/Cole_Hardware_Deep_Bowl_Good_Earth_1075/meta.json,GSO,../../data/depthanything/moge_dataset/GSO/Cole_Hardware_Deep_Bowl_Good_Earth_1075/image.png
146,146,../../data/moge_dataset/GSO/Cole_Hardware_Dishtowel_Blue/image.jpg,../../data/moge_dataset/GSO/Cole_Hardware_Dishtowel_Blue/depth.png,../../data/moge_dataset/GSO/Cole_Hardware_Dishtowel_Blue/meta.json,GSO,../../data/depthanything/moge_dataset/GSO/Cole_Hardware_Dishtowel_Blue/image.png
147,147,../../data/moge_dataset/GSO/Cole_Hardware_Dishtowel_BlueWhite/image.jpg,../../data/moge_dataset/GSO/Cole_Hardware_Dishtowel_BlueWhite/depth.png,../../data/moge_dataset/GSO/Cole_Hardware_Dishtowel_BlueWhite/meta.json,GSO,../../data/depthanything/moge_dataset/GSO/Cole_Hardware_Dishtowel_BlueWhite/image.png
148,148,../../data/moge_dataset/GSO/Cole_Hardware_Dishtowel_Multicolors/image.jpg,../../data/moge_dataset/GSO/Cole_Hardware_Dishtowel_Multicolors/depth.png,../../data/moge_dataset/GSO/Cole_Hardware_Dishtowel_Multicolors/meta.json,GSO,../../data/depthanything/moge_dataset/GSO/Cole_Hardware_Dishtowel_Multicolors/image.png
149,149,../../data/moge_dataset/GSO/Cole_Hardware_Dishtowel_Red/image.jpg,../../data/moge_dataset/GSO/Cole_Hardware_Dishtowel_Red/depth.png,../../data/moge_dataset/GSO/Cole_Hardware_Dishtowel_Red/meta.json,GSO,../../data/depthanything/moge_dataset/GSO/Cole_Hardware_Dishtowel_Red/image.png
150,150,../../data/moge_dataset/GSO/Cole_Hardware_Dishtowel_Stripe/image.jpg,../../data/moge_dataset/GSO/Cole_Hardware_Dishtowel_Stripe/depth.png,../../data/moge_dataset/GSO/Cole_Hardware_Dishtowel_Stripe/meta.json,GSO,../../data/depthanything/moge_dataset/GSO/Cole_Hardware_Dishtowel_Stripe/image.png
151,151,../../data/moge_dataset/GSO/Cole_Hardware_Electric_Pot_Assortment_55/image.jpg,../../data/moge_dataset/GSO/Cole_Hardware_Electric_Pot_Assortment_55/depth.png,../../data/moge_dataset/GSO/Cole_Hardware_Electric_Pot_Assortment_55/meta.json,GSO,../../data/depthanything/moge_dataset/GSO/Cole_Hardware_Electric_Pot_Assortment_55/image.png
152,152,../../data/moge_dataset/GSO/Cole_Hardware_Electric_Pot_Cabana_55/image.jpg,../../data/moge_dataset/GSO/Cole_Hardware_Electric_Pot_Cabana_55/depth.png,../../data/moge_dataset/GSO/Cole_Hardware_Electric_Pot_Cabana_55/meta.json,GSO,../../data/depthanything/moge_dataset/GSO/Cole_Hardware_Electric_Pot_Cabana_55/image.png
153,153,../../data/moge_dataset/GSO/Cole_Hardware_Flower_Pot_1025/image.jpg,../../data/moge_dataset/GSO/Cole_Hardware_Flower_Pot_1025/depth.png,../../data/moge_dataset/GSO/Cole_Hardware_Flower_Pot_1025/meta.json,GSO,../../data/depthanything/moge_dataset/GSO/Cole_Hardware_Flower_Pot_1025/image.png
154,154,../../data/moge_dataset/GSO/Cole_Hardware_Hammer_Black/image.jpg,../../data/moge_dataset/GSO/Cole_Hardware_Hammer_Black/depth.png,../../data/moge_dataset/GSO/Cole_Hardware_Hammer_Black/meta.json,GSO,../../data/depthanything/moge_dataset/GSO/Cole_Hardware_Hammer_Black/image.png
155,155,../../data/moge_dataset/GSO/Cole_Hardware_Mini_Honey_Dipper/image.jpg,../../data/moge_dataset/GSO/Cole_Hardware_Mini_Honey_Dipper/depth.png,../../data/moge_dataset/GSO/Cole_Hardware_Mini_Honey_Dipper/meta.json,GSO,../../data/depthanything/moge_dataset/GSO/Cole_Hardware_Mini_Honey_Dipper/image.png
156,156,../../data/moge_dataset/GSO/Cole_Hardware_Mug_Classic_Blue/image.jpg,../../data/moge_dataset/GSO/Cole_Hardware_Mug_Classic_Blue/depth.png,../../data/moge_dataset/GSO/Cole_Hardware_Mug_Classic_Blue/meta.json,GSO,../../data/depthanything/moge_dataset/GSO/Cole_Hardware_Mug_Classic_Blue/image.png
157,157,../../data/moge_dataset/GSO/Cole_Hardware_Orchid_Pot_85/image.jpg,../../data/moge_dataset/GSO/Cole_Hardware_Orchid_Pot_85/depth.png,../../data/moge_dataset/GSO/Cole_Hardware_Orchid_Pot_85/meta.json,GSO,../../data/depthanything/moge_dataset/GSO/Cole_Hardware_Orchid_Pot_85/image.png
158,158,../../data/moge_dataset/GSO/Cole_Hardware_Plant_Saucer_Brown_125/image.jpg,../../data/moge_dataset/GSO/Cole_Hardware_Plant_Saucer_Brown_125/depth.png,../../data/moge_dataset/GSO/Cole_Hardware_Plant_Saucer_Brown_125/meta.json,GSO,../../data/depthanything/moge_dataset/GSO/Cole_Hardware_Plant_Saucer_Brown_125/image.png
159,159,../../data/moge_dataset/GSO/Cole_Hardware_Plant_Saucer_Glazed_9/image.jpg,../../data/moge_dataset/GSO/Cole_Hardware_Plant_Saucer_Glazed_9/depth.png,../../data/moge_dataset/GSO/Cole_Hardware_Plant_Saucer_Glazed_9/meta.json,GSO,../../data/depthanything/moge_dataset/GSO/Cole_Hardware_Plant_Saucer_Glazed_9/image.png
160,160,../../data/moge_dataset/GSO/Cole_Hardware_Saucer_Electric/image.jpg,../../data/moge_dataset/GSO/Cole_Hardware_Saucer_Electric/depth.png,../../data/moge_dataset/GSO/Cole_Hardware_Saucer_Electric/meta.json,GSO,../../data/depthanything/moge_dataset/GSO/Cole_Hardware_Saucer_Electric/image.png
161,161,../../data/moge_dataset/GSO/Cole_Hardware_Saucer_Glazed_6/image.jpg,../../data/moge_dataset/GSO/Cole_Hardware_Saucer_Glazed_6/depth.png,../../data/moge_dataset/GSO/Cole_Hardware_Saucer_Glazed_6/meta.json,GSO,../../data/depthanything/moge_dataset/GSO/Cole_Hardware_Saucer_Glazed_6/image.png
162,162,../../data/moge_dataset/GSO/Cole_Hardware_School_Bell_Solid_Brass_38/image.jpg,../../data/moge_dataset/GSO/Cole_Hardware_School_Bell_Solid_Brass_38/depth.png,../../data/moge_dataset/GSO/Cole_Hardware_School_Bell_Solid_Brass_38/meta.json,GSO,../../data/depthanything/moge_dataset/GSO/Cole_Hardware_School_Bell_Solid_Brass_38/image.png
163,163,../../data/moge_dataset/GSO/Colton_Wntr_Chukka_y4jO0I8JQFW/image.jpg,../../data/moge_dataset/GSO/Colton_Wntr_Chukka_y4jO0I8JQFW/depth.png,../../data/moge_dataset/GSO/Colton_Wntr_Chukka_y4jO0I8JQFW/meta.json,GSO,../../data/depthanything/moge_dataset/GSO/Colton_Wntr_Chukka_y4jO0I8JQFW/image.png
164,164,../../data/moge_dataset/GSO/Connect_4_Launchers/image.jpg,../../data/moge_dataset/GSO/Connect_4_Launchers/depth.png,../../data/moge_dataset/GSO/Connect_4_Launchers/meta.json,GSO,../../data/depthanything/moge_dataset/GSO/Connect_4_Launchers/image.png
165,165,../../data/moge_dataset/GSO/Cootie_Game/image.jpg,../../data/moge_dataset/GSO/Cootie_Game/depth.png,../../data/moge_dataset/GSO/Cootie_Game/meta.json,GSO,../../data/depthanything/moge_dataset/GSO/Cootie_Game/image.png
166,166,../../data/moge_dataset/GSO/Cootie_Game_tDhURNbfU5J/image.jpg,../../data/moge_dataset/GSO/Cootie_Game_tDhURNbfU5J/depth.png,../../data/moge_dataset/GSO/Cootie_Game_tDhURNbfU5J/meta.json,GSO,../../data/depthanything/moge_dataset/GSO/Cootie_Game_tDhURNbfU5J/image.png
167,167,../../data/moge_dataset/GSO/Copperhead_Snake_Tieks_Brown_Snake_Print_Ballet_Flats/image.jpg,../../data/moge_dataset/GSO/Copperhead_Snake_Tieks_Brown_Snake_Print_Ballet_Flats/depth.png,../../data/moge_dataset/GSO/Copperhead_Snake_Tieks_Brown_Snake_Print_Ballet_Flats/meta.json,GSO,../../data/depthanything/moge_dataset/GSO/Copperhead_Snake_Tieks_Brown_Snake_Print_Ballet_Flats/image.png
168,168,../../data/moge_dataset/GSO/Corningware_CW_by_Corningware_3qt_Oblong_Casserole_Dish_Blue/image.jpg,../../data/moge_dataset/GSO/Corningware_CW_by_Corningware_3qt_Oblong_Casserole_Dish_Blue/depth.png,../../data/moge_dataset/GSO/Corningware_CW_by_Corningware_3qt_Oblong_Casserole_Dish_Blue/meta.json,GSO,../../data/depthanything/moge_dataset/GSO/Corningware_CW_by_Corningware_3qt_Oblong_Casserole_Dish_Blue/image.png
169,169,../../data/moge_dataset/GSO/Court_Attitude/image.jpg,../../data/moge_dataset/GSO/Court_Attitude/depth.png,../../data/moge_dataset/GSO/Court_Attitude/meta.json,GSO,../../data/depthanything/moge_dataset/GSO/Court_Attitude/image.png
170,170,../../data/moge_dataset/GSO/Craftsman_Grip_Screwdriver_Phillips_Cushion/image.jpg,../../data/moge_dataset/GSO/Craftsman_Grip_Screwdriver_Phillips_Cushion/depth.png,../../data/moge_dataset/GSO/Craftsman_Grip_Screwdriver_Phillips_Cushion/meta.json,GSO,../../data/depthanything/moge_dataset/GSO/Craftsman_Grip_Screwdriver_Phillips_Cushion/image.png
171,171,../../data/moge_dataset/GSO/Crayola_Bonus_64_Crayons/image.jpg,../../data/moge_dataset/GSO/Crayola_Bonus_64_Crayons/depth.png,../../data/moge_dataset/GSO/Crayola_Bonus_64_Crayons/meta.json,GSO,../../data/depthanything/moge_dataset/GSO/Crayola_Bonus_64_Crayons/image.png
172,172,../../data/moge_dataset/GSO/Crayola_Crayons_120_crayons/image.jpg,../../data/moge_dataset/GSO/Crayola_Crayons_120_crayons/depth.png,../../data/moge_dataset/GSO/Crayola_Crayons_120_crayons/meta.json,GSO,../../data/depthanything/moge_dataset/GSO/Crayola_Crayons_120_crayons/image.png
173,173,../../data/moge_dataset/GSO/Crayola_Crayons_24_count/image.jpg,../../data/moge_dataset/GSO/Crayola_Crayons_24_count/depth.png,../../data/moge_dataset/GSO/Crayola_Crayons_24_count/meta.json,GSO,../../data/depthanything/moge_dataset/GSO/Crayola_Crayons_24_count/image.png
174,174,../../data/moge_dataset/GSO/Crayola_Crayons_Washable_24_crayons/image.jpg,../../data/moge_dataset/GSO/Crayola_Crayons_Washable_24_crayons/depth.png,../../data/moge_dataset/GSO/Crayola_Crayons_Washable_24_crayons/meta.json,GSO,../../data/depthanything/moge_dataset/GSO/Crayola_Crayons_Washable_24_crayons/image.png
175,175,../../data/moge_dataset/GSO/Crayola_Model_Magic_Modeling_Material_Single_Packs_6_pack_05_oz_packs/image.jpg,../../data/moge_dataset/GSO/Crayola_Model_Magic_Modeling_Material_Single_Packs_6_pack_05_oz_packs/depth.png,../../data/moge_dataset/GSO/Crayola_Model_Magic_Modeling_Material_Single_Packs_6_pack_05_oz_packs/meta.json,GSO,../../data/depthanything/moge_dataset/GSO/Crayola_Model_Magic_Modeling_Material_Single_Packs_6_pack_05_oz_packs/image.png
176,176,../../data/moge_dataset/GSO/Crayola_Model_Magic_Modeling_Material_White_3_oz/image.jpg,../../data/moge_dataset/GSO/Crayola_Model_Magic_Modeling_Material_White_3_oz/depth.png,../../data/moge_dataset/GSO/Crayola_Model_Magic_Modeling_Material_White_3_oz/meta.json,GSO,../../data/depthanything/moge_dataset/GSO/Crayola_Model_Magic_Modeling_Material_White_3_oz/image.png
177,177,../../data/moge_dataset/GSO/Crayola_Washable_Fingerpaint_Red_Blue_Yellow_3_count_8_fl_oz_bottes_each/image.jpg,../../data/moge_dataset/GSO/Crayola_Washable_Fingerpaint_Red_Blue_Yellow_3_count_8_fl_oz_bottes_each/depth.png,../../data/moge_dataset/GSO/Crayola_Washable_Fingerpaint_Red_Blue_Yellow_3_count_8_fl_oz_bottes_each/meta.json,GSO,../../data/depthanything/moge_dataset/GSO/Crayola_Washable_Fingerpaint_Red_Blue_Yellow_3_count_8_fl_oz_bottes_each/image.png
178,178,../../data/moge_dataset/GSO/Crayola_Washable_Sidewalk_Chalk_16_pack/image.jpg,../../data/moge_dataset/GSO/Crayola_Washable_Sidewalk_Chalk_16_pack/depth.png,../../data/moge_dataset/GSO/Crayola_Washable_Sidewalk_Chalk_16_pack/meta.json,GSO,../../data/depthanything/moge_dataset/GSO/Crayola_Washable_Sidewalk_Chalk_16_pack/image.png
179,179,../../data/moge_dataset/GSO/Crayola_Washable_Sidewalk_Chalk_16_pack_wDZECiw7J6s/image.jpg,../../data/moge_dataset/GSO/Crayola_Washable_Sidewalk_Chalk_16_pack_wDZECiw7J6s/depth.png,../../data/moge_dataset/GSO/Crayola_Washable_Sidewalk_Chalk_16_pack_wDZECiw7J6s/meta.json,GSO,../../data/depthanything/moge_dataset/GSO/Crayola_Washable_Sidewalk_Chalk_16_pack_wDZECiw7J6s/image.png
180,180,../../data/moge_dataset/GSO/Crazy_8/image.jpg,../../data/moge_dataset/GSO/Crazy_8/depth.png,../../data/moge_dataset/GSO/Crazy_8/meta.json,GSO,../../data/depthanything/moge_dataset/GSO/Crazy_8/image.png
181,181,../../data/moge_dataset/GSO/Crazy_Shadow_2/image.jpg,../../data/moge_dataset/GSO/Crazy_Shadow_2/depth.png,../../data/moge_dataset/GSO/Crazy_Shadow_2/meta.json,GSO,../../data/depthanything/moge_dataset/GSO/Crazy_Shadow_2/image.png
182,182,../../data/moge_dataset/GSO/Crazy_Shadow_2_oW4Jd10HFFr/image.jpg,../../data/moge_dataset/GSO/Crazy_Shadow_2_oW4Jd10HFFr/depth.png,../../data/moge_dataset/GSO/Crazy_Shadow_2_oW4Jd10HFFr/meta.json,GSO,../../data/depthanything/moge_dataset/GSO/Crazy_Shadow_2_oW4Jd10HFFr/image.png
183,183,../../data/moge_dataset/GSO/Cream_Tieks_Italian_Leather_Ballet_Flats/image.jpg,../../data/moge_dataset/GSO/Cream_Tieks_Italian_Leather_Ballet_Flats/depth.png,../../data/moge_dataset/GSO/Cream_Tieks_Italian_Leather_Ballet_Flats/meta.json,GSO,../../data/depthanything/moge_dataset/GSO/Cream_Tieks_Italian_Leather_Ballet_Flats/image.png
184,184,../../data/moge_dataset/GSO/Creatine_Monohydrate/image.jpg,../../data/moge_dataset/GSO/Creatine_Monohydrate/depth.png,../../data/moge_dataset/GSO/Creatine_Monohydrate/meta.json,GSO,../../data/depthanything/moge_dataset/GSO/Creatine_Monohydrate/image.png
185,185,../../data/moge_dataset/GSO/Crosley_Alarm_Clock_Vintage_Metal/image.jpg,../../data/moge_dataset/GSO/Crosley_Alarm_Clock_Vintage_Metal/depth.png,../../data/moge_dataset/GSO/Crosley_Alarm_Clock_Vintage_Metal/meta.json,GSO,../../data/depthanything/moge_dataset/GSO/Crosley_Alarm_Clock_Vintage_Metal/image.png
186,186,../../data/moge_dataset/GSO/Crunch_Girl_Scouts_Candy_Bars_Peanut_Butter_Creme_78_oz_box/image.jpg,../../data/moge_dataset/GSO/Crunch_Girl_Scouts_Candy_Bars_Peanut_Butter_Creme_78_oz_box/depth.png,../../data/moge_dataset/GSO/Crunch_Girl_Scouts_Candy_Bars_Peanut_Butter_Creme_78_oz_box/meta.json,GSO,../../data/depthanything/moge_dataset/GSO/Crunch_Girl_Scouts_Candy_Bars_Peanut_Butter_Creme_78_oz_box/image.png
187,187,../../data/moge_dataset/GSO/Curver_Storage_Bin_Black_Small/image.jpg,../../data/moge_dataset/GSO/Curver_Storage_Bin_Black_Small/depth.png,../../data/moge_dataset/GSO/Curver_Storage_Bin_Black_Small/meta.json,GSO,../../data/depthanything/moge_dataset/GSO/Curver_Storage_Bin_Black_Small/image.png
188,188,../../data/moge_dataset/GSO/DANCING_ALLIGATOR_zoWBjc0jbTs/image.jpg,../../data/moge_dataset/GSO/DANCING_ALLIGATOR_zoWBjc0jbTs/depth.png,../../data/moge_dataset/GSO/DANCING_ALLIGATOR_zoWBjc0jbTs/meta.json,GSO,../../data/depthanything/moge_dataset/GSO/DANCING_ALLIGATOR_zoWBjc0jbTs/image.png
189,189,../../data/moge_dataset/GSO/DIM_CDG/image.jpg,../../data/moge_dataset/GSO/DIM_CDG/depth.png,../../data/moge_dataset/GSO/DIM_CDG/meta.json,GSO,../../data/depthanything/moge_dataset/GSO/DIM_CDG/image.png
190,190,../../data/moge_dataset/GSO/DINING_ROOM_CLASSIC/image.jpg,../../data/moge_dataset/GSO/DINING_ROOM_CLASSIC/depth.png,../../data/moge_dataset/GSO/DINING_ROOM_CLASSIC/meta.json,GSO,../../data/depthanything/moge_dataset/GSO/DINING_ROOM_CLASSIC/image.png
191,191,../../data/moge_dataset/GSO/DINING_ROOM_CLASSIC_UJuxQ0hv5XU/image.jpg,../../data/moge_dataset/GSO/DINING_ROOM_CLASSIC_UJuxQ0hv5XU/depth.png,../../data/moge_dataset/GSO/DINING_ROOM_CLASSIC_UJuxQ0hv5XU/meta.json,GSO,../../data/depthanything/moge_dataset/GSO/DINING_ROOM_CLASSIC_UJuxQ0hv5XU/image.png
192,192,../../data/moge_dataset/GSO/DINNING_ROOM_FURNITURE_SET_1/image.jpg,../../data/moge_dataset/GSO/DINNING_ROOM_FURNITURE_SET_1/depth.png,../../data/moge_dataset/GSO/DINNING_ROOM_FURNITURE_SET_1/meta.json,GSO,../../data/depthanything/moge_dataset/GSO/DINNING_ROOM_FURNITURE_SET_1/image.png
193,193,../../data/moge_dataset/GSO/DOLL_FAMILY/image.jpg,../../data/moge_dataset/GSO/DOLL_FAMILY/depth.png,../../data/moge_dataset/GSO/DOLL_FAMILY/meta.json,GSO,../../data/depthanything/moge_dataset/GSO/DOLL_FAMILY/image.png
194,194,../../data/moge_dataset/GSO/DPC_Handmade_Hat_Brown/image.jpg,../../data/moge_dataset/GSO/DPC_Handmade_Hat_Brown/depth.png,../../data/moge_dataset/GSO/DPC_Handmade_Hat_Brown/meta.json,GSO,../../data/depthanything/moge_dataset/GSO/DPC_Handmade_Hat_Brown/image.png
195,195,../../data/moge_dataset/GSO/DPC_Thinsulate_Isolate_Gloves_Brown/image.jpg,../../data/moge_dataset/GSO/DPC_Thinsulate_Isolate_Gloves_Brown/depth.png,../../data/moge_dataset/GSO/DPC_Thinsulate_Isolate_Gloves_Brown/meta.json,GSO,../../data/depthanything/moge_dataset/GSO/DPC_Thinsulate_Isolate_Gloves_Brown/image.png
196,196,../../data/moge_dataset/GSO/DPC_tropical_Trends_Hat/image.jpg,../../data/moge_dataset/GSO/DPC_tropical_Trends_Hat/depth.png,../../data/moge_dataset/GSO/DPC_tropical_Trends_Hat/meta.json,GSO,../../data/depthanything/moge_dataset/GSO/DPC_tropical_Trends_Hat/image.png
197,197,../../data/moge_dataset/GSO/DRAGON_W/image.jpg,../../data/moge_dataset/GSO/DRAGON_W/depth.png,../../data/moge_dataset/GSO/DRAGON_W/meta.json,GSO,../../data/depthanything/moge_dataset/GSO/DRAGON_W/image.png
198,198,../../data/moge_dataset/GSO/D_ROSE_45/image.jpg,../../data/moge_dataset/GSO/D_ROSE_45/depth.png,../../data/moge_dataset/GSO/D_ROSE_45/meta.json,GSO,../../data/depthanything/moge_dataset/GSO/D_ROSE_45/image.png
199,199,../../data/moge_dataset/GSO/D_ROSE_773_II_Kqclsph05pE/image.jpg,../../data/moge_dataset/GSO/D_ROSE_773_II_Kqclsph05pE/depth.png,../../data/moge_dataset/GSO/D_ROSE_773_II_Kqclsph05pE/meta.json,GSO,../../data/depthanything/moge_dataset/GSO/D_ROSE_773_II_Kqclsph05pE/image.png
200,200,../../data/moge_dataset/GSO/D_ROSE_773_II_hvInJwJ5HUD/image.jpg,../../data/moge_dataset/GSO/D_ROSE_773_II_hvInJwJ5HUD/depth.png,../../data/moge_dataset/GSO/D_ROSE_773_II_hvInJwJ5HUD/meta.json,GSO,../../data/depthanything/moge_dataset/GSO/D_ROSE_773_II_hvInJwJ5HUD/image.png
201,201,../../data/moge_dataset/GSO/D_ROSE_ENGLEWOOD_II/image.jpg,../../data/moge_dataset/GSO/D_ROSE_ENGLEWOOD_II/depth.png,../../data/moge_dataset/GSO/D_ROSE_ENGLEWOOD_II/meta.json,GSO,../../data/depthanything/moge_dataset/GSO/D_ROSE_ENGLEWOOD_II/image.png
202,202,../../data/moge_dataset/GSO/Dell_Ink_Cartridge/image.jpg,../../data/moge_dataset/GSO/Dell_Ink_Cartridge/depth.png,../../data/moge_dataset/GSO/Dell_Ink_Cartridge/meta.json,GSO,../../data/depthanything/moge_dataset/GSO/Dell_Ink_Cartridge/image.png
203,203,../../data/moge_dataset/GSO/Dell_Ink_Cartridge_Yellow_31/image.jpg,../../data/moge_dataset/GSO/Dell_Ink_Cartridge_Yellow_31/depth.png,../../data/moge_dataset/GSO/Dell_Ink_Cartridge_Yellow_31/meta.json,GSO,../../data/depthanything/moge_dataset/GSO/Dell_Ink_Cartridge_Yellow_31/image.png
204,204,../../data/moge_dataset/GSO/Dell_Series_9_Color_Ink_Cartridge_MK993_High_Yield/image.jpg,../../data/moge_dataset/GSO/Dell_Series_9_Color_Ink_Cartridge_MK993_High_Yield/depth.png,../../data/moge_dataset/GSO/Dell_Series_9_Color_Ink_Cartridge_MK993_High_Yield/meta.json,GSO,../../data/depthanything/moge_dataset/GSO/Dell_Series_9_Color_Ink_Cartridge_MK993_High_Yield/image.png
205,205,../../data/moge_dataset/GSO/Design_Ideas_Drawer_Store_Organizer/image.jpg,../../data/moge_dataset/GSO/Design_Ideas_Drawer_Store_Organizer/depth.png,../../data/moge_dataset/GSO/Design_Ideas_Drawer_Store_Organizer/meta.json,GSO,../../data/depthanything/moge_dataset/GSO/Design_Ideas_Drawer_Store_Organizer/image.png
206,206,../../data/moge_dataset/GSO/Deskstar_Desk_Top_Hard_Drive_1_TB/image.jpg,../../data/moge_dataset/GSO/Deskstar_Desk_Top_Hard_Drive_1_TB/depth.png,../../data/moge_dataset/GSO/Deskstar_Desk_Top_Hard_Drive_1_TB/meta.json,GSO,../../data/depthanything/moge_dataset/GSO/Deskstar_Desk_Top_Hard_Drive_1_TB/image.png
207,207,../../data/moge_dataset/GSO/Diamond_Visions_Scissors_Red/image.jpg,../../data/moge_dataset/GSO/Diamond_Visions_Scissors_Red/depth.png,../../data/moge_dataset/GSO/Diamond_Visions_Scissors_Red/meta.json,GSO,../../data/depthanything/moge_dataset/GSO/Diamond_Visions_Scissors_Red/image.png
208,208,../../data/moge_dataset/GSO/Diet_Pepsi_Soda_Cola12_Pack_12_oz_Cans/image.jpg,../../data/moge_dataset/GSO/Diet_Pepsi_Soda_Cola12_Pack_12_oz_Cans/depth.png,../../data/moge_dataset/GSO/Diet_Pepsi_Soda_Cola12_Pack_12_oz_Cans/meta.json,GSO,../../data/depthanything/moge_dataset/GSO/Diet_Pepsi_Soda_Cola12_Pack_12_oz_Cans/image.png
209,209,../../data/moge_dataset/GSO/Digital_Camo_Double_Decker_Lunch_Bag/image.jpg,../../data/moge_dataset/GSO/Digital_Camo_Double_Decker_Lunch_Bag/depth.png,../../data/moge_dataset/GSO/Digital_Camo_Double_Decker_Lunch_Bag/meta.json,GSO,../../data/depthanything/moge_dataset/GSO/Digital_Camo_Double_Decker_Lunch_Bag/image.png
210,210,../../data/moge_dataset/GSO/Dino_3/image.jpg,../../data/moge_dataset/GSO/Dino_3/depth.png,../../data/moge_dataset/GSO/Dino_3/meta.json,GSO,../../data/depthanything/moge_dataset/GSO/Dino_3/image.png
211,211,../../data/moge_dataset/GSO/Dino_4/image.jpg,../../data/moge_dataset/GSO/Dino_4/depth.png,../../data/moge_dataset/GSO/Dino_4/meta.json,GSO,../../data/depthanything/moge_dataset/GSO/Dino_4/image.png
212,212,../../data/moge_dataset/GSO/Dino_5/image.jpg,../../data/moge_dataset/GSO/Dino_5/depth.png,../../data/moge_dataset/GSO/Dino_5/meta.json,GSO,../../data/depthanything/moge_dataset/GSO/Dino_5/image.png
213,213,../../data/moge_dataset/GSO/Dixie_10_ounce_Bowls_35_ct/image.jpg,../../data/moge_dataset/GSO/Dixie_10_ounce_Bowls_35_ct/depth.png,../../data/moge_dataset/GSO/Dixie_10_ounce_Bowls_35_ct/meta.json,GSO,../../data/depthanything/moge_dataset/GSO/Dixie_10_ounce_Bowls_35_ct/image.png
214,214,../../data/moge_dataset/GSO/Dog/image.jpg,../../data/moge_dataset/GSO/Dog/depth.png,../../data/moge_dataset/GSO/Dog/meta.json,GSO,../../data/depthanything/moge_dataset/GSO/Dog/image.png
215,215,../../data/moge_dataset/GSO/Don_Franciscos_Gourmet_Coffee_Medium_Decaf_100_Colombian_12_oz_340_g/image.jpg,../../data/moge_dataset/GSO/Don_Franciscos_Gourmet_Coffee_Medium_Decaf_100_Colombian_12_oz_340_g/depth.png,../../data/moge_dataset/GSO/Don_Franciscos_Gourmet_Coffee_Medium_Decaf_100_Colombian_12_oz_340_g/meta.json,GSO,../../data/depthanything/moge_dataset/GSO/Don_Franciscos_Gourmet_Coffee_Medium_Decaf_100_Colombian_12_oz_340_g/image.png
216,216,../../data/moge_dataset/GSO/Down_To_Earth_Ceramic_Orchid_Pot_Asst_Blue/image.jpg,../../data/moge_dataset/GSO/Down_To_Earth_Ceramic_Orchid_Pot_Asst_Blue/depth.png,../../data/moge_dataset/GSO/Down_To_Earth_Ceramic_Orchid_Pot_Asst_Blue/meta.json,GSO,../../data/depthanything/moge_dataset/GSO/Down_To_Earth_Ceramic_Orchid_Pot_Asst_Blue/image.png
217,217,../../data/moge_dataset/GSO/Down_To_Earth_Orchid_Pot_Ceramic_Lime/image.jpg,../../data/moge_dataset/GSO/Down_To_Earth_Orchid_Pot_Ceramic_Lime/depth.png,../../data/moge_dataset/GSO/Down_To_Earth_Orchid_Pot_Ceramic_Lime/meta.json,GSO,../../data/depthanything/moge_dataset/GSO/Down_To_Earth_Orchid_Pot_Ceramic_Lime/image.png
218,218,../../data/moge_dataset/GSO/Down_To_Earth_Orchid_Pot_Ceramic_Red/image.jpg,../../data/moge_dataset/GSO/Down_To_Earth_Orchid_Pot_Ceramic_Red/depth.png,../../data/moge_dataset/GSO/Down_To_Earth_Orchid_Pot_Ceramic_Red/meta.json,GSO,../../data/depthanything/moge_dataset/GSO/Down_To_Earth_Orchid_Pot_Ceramic_Red/image.png
219,219,../../data/moge_dataset/GSO/ENFR_MID_ENFORCER/image.jpg,../../data/moge_dataset/GSO/ENFR_MID_ENFORCER/depth.png,../../data/moge_dataset/GSO/ENFR_MID_ENFORCER/meta.json,GSO,../../data/depthanything/moge_dataset/GSO/ENFR_MID_ENFORCER/image.png
220,220,../../data/moge_dataset/GSO/Eat_to_Live_The_Amazing_NutrientRich_Program_for_Fast_and_Sustained_Weight_Loss_Revised_Edition_Book/image.jpg,../../data/moge_dataset/GSO/Eat_to_Live_The_Amazing_NutrientRich_Program_for_Fast_and_Sustained_Weight_Loss_Revised_Edition_Book/depth.png,../../data/moge_dataset/GSO/Eat_to_Live_The_Amazing_NutrientRich_Program_for_Fast_and_Sustained_Weight_Loss_Revised_Edition_Book/meta.json,GSO,../../data/depthanything/moge_dataset/GSO/Eat_to_Live_The_Amazing_NutrientRich_Program_for_Fast_and_Sustained_Weight_Loss_Revised_Edition_Book/image.png
221,221,../../data/moge_dataset/GSO/Ecoforms_Cup_B4_SAN/image.jpg,../../data/moge_dataset/GSO/Ecoforms_Cup_B4_SAN/depth.png,../../data/moge_dataset/GSO/Ecoforms_Cup_B4_SAN/meta.json,GSO,../../data/depthanything/moge_dataset/GSO/Ecoforms_Cup_B4_SAN/image.png
222,222,../../data/moge_dataset/GSO/Ecoforms_Garden_Pot_GP16ATurquois/image.jpg,../../data/moge_dataset/GSO/Ecoforms_Garden_Pot_GP16ATurquois/depth.png,../../data/moge_dataset/GSO/Ecoforms_Garden_Pot_GP16ATurquois/meta.json,GSO,../../data/depthanything/moge_dataset/GSO/Ecoforms_Garden_Pot_GP16ATurquois/image.png
223,223,../../data/moge_dataset/GSO/Ecoforms_Plant_Bowl_Atlas_Low/image.jpg,../../data/moge_dataset/GSO/Ecoforms_Plant_Bowl_Atlas_Low/depth.png,../../data/moge_dataset/GSO/Ecoforms_Plant_Bowl_Atlas_Low/meta.json,GSO,../../data/depthanything/moge_dataset/GSO/Ecoforms_Plant_Bowl_Atlas_Low/image.png
224,224,../../data/moge_dataset/GSO/Ecoforms_Plant_Bowl_Turquoise_7/image.jpg,../../data/moge_dataset/GSO/Ecoforms_Plant_Bowl_Turquoise_7/depth.png,../../data/moge_dataset/GSO/Ecoforms_Plant_Bowl_Turquoise_7/meta.json,GSO,../../data/depthanything/moge_dataset/GSO/Ecoforms_Plant_Bowl_Turquoise_7/image.png
225,225,../../data/moge_dataset/GSO/Ecoforms_Plant_Container_12_Pot_Nova/image.jpg,../../data/moge_dataset/GSO/Ecoforms_Plant_Container_12_Pot_Nova/depth.png,../../data/moge_dataset/GSO/Ecoforms_Plant_Container_12_Pot_Nova/meta.json,GSO,../../data/depthanything/moge_dataset/GSO/Ecoforms_Plant_Container_12_Pot_Nova/image.png
226,226,../../data/moge_dataset/GSO/Ecoforms_Plant_Container_B4_Har/image.jpg,../../data/moge_dataset/GSO/Ecoforms_Plant_Container_B4_Har/depth.png,../../data/moge_dataset/GSO/Ecoforms_Plant_Container_B4_Har/meta.json,GSO,../../data/depthanything/moge_dataset/GSO/Ecoforms_Plant_Container_B4_Har/image.png
227,227,../../data/moge_dataset/GSO/Ecoforms_Plant_Container_FB6_Tur/image.jpg,../../data/moge_dataset/GSO/Ecoforms_Plant_Container_FB6_Tur/depth.png,../../data/moge_dataset/GSO/Ecoforms_Plant_Container_FB6_Tur/meta.json,GSO,../../data/depthanything/moge_dataset/GSO/Ecoforms_Plant_Container_FB6_Tur/image.png
228,228,../../data/moge_dataset/GSO/Ecoforms_Plant_Container_GP16AMOCHA/image.jpg,../../data/moge_dataset/GSO/Ecoforms_Plant_Container_GP16AMOCHA/depth.png,../../data/moge_dataset/GSO/Ecoforms_Plant_Container_GP16AMOCHA/meta.json,GSO,../../data/depthanything/moge_dataset/GSO/Ecoforms_Plant_Container_GP16AMOCHA/image.png
229,229,../../data/moge_dataset/GSO/Ecoforms_Plant_Container_GP16A_Coral/image.jpg,../../data/moge_dataset/GSO/Ecoforms_Plant_Container_GP16A_Coral/depth.png,../../data/moge_dataset/GSO/Ecoforms_Plant_Container_GP16A_Coral/meta.json,GSO,../../data/depthanything/moge_dataset/GSO/Ecoforms_Plant_Container_GP16A_Coral/image.png
230,230,../../data/moge_dataset/GSO/Ecoforms_Plant_Container_QP6CORAL/image.jpg,../../data/moge_dataset/GSO/Ecoforms_Plant_Container_QP6CORAL/depth.png,../../data/moge_dataset/GSO/Ecoforms_Plant_Container_QP6CORAL/meta.json,GSO,../../data/depthanything/moge_dataset/GSO/Ecoforms_Plant_Container_QP6CORAL/image.png
231,231,../../data/moge_dataset/GSO/Ecoforms_Plant_Container_QP6HARVEST/image.jpg,../../data/moge_dataset/GSO/Ecoforms_Plant_Container_QP6HARVEST/depth.png,../../data/moge_dataset/GSO/Ecoforms_Plant_Container_QP6HARVEST/meta.json,GSO,../../data/depthanything/moge_dataset/GSO/Ecoforms_Plant_Container_QP6HARVEST/image.png
232,232,../../data/moge_dataset/GSO/Ecoforms_Plant_Container_QP_Harvest/image.jpg,../../data/moge_dataset/GSO/Ecoforms_Plant_Container_QP_Harvest/depth.png,../../data/moge_dataset/GSO/Ecoforms_Plant_Container_QP_Harvest/meta.json,GSO,../../data/depthanything/moge_dataset/GSO/Ecoforms_Plant_Container_QP_Harvest/image.png
233,233,../../data/moge_dataset/GSO/Ecoforms_Plant_Container_QP_Turquoise/image.jpg,../../data/moge_dataset/GSO/Ecoforms_Plant_Container_QP_Turquoise/depth.png,../../data/moge_dataset/GSO/Ecoforms_Plant_Container_QP_Turquoise/meta.json,GSO,../../data/depthanything/moge_dataset/GSO/Ecoforms_Plant_Container_QP_Turquoise/image.png
234,234,../../data/moge_dataset/GSO/Ecoforms_Plant_Container_Quadra_Sand_QP6/image.jpg,../../data/moge_dataset/GSO/Ecoforms_Plant_Container_Quadra_Sand_QP6/depth.png,../../data/moge_dataset/GSO/Ecoforms_Plant_Container_Quadra_Sand_QP6/meta.json,GSO,../../data/depthanything/moge_dataset/GSO/Ecoforms_Plant_Container_Quadra_Sand_QP6/image.png
235,235,../../data/moge_dataset/GSO/Ecoforms_Plant_Container_Quadra_Turquoise_QP12/image.jpg,../../data/moge_dataset/GSO/Ecoforms_Plant_Container_Quadra_Turquoise_QP12/depth.png,../../data/moge_dataset/GSO/Ecoforms_Plant_Container_Quadra_Turquoise_QP12/meta.json,GSO,../../data/depthanything/moge_dataset/GSO/Ecoforms_Plant_Container_Quadra_Turquoise_QP12/image.png
236,236,../../data/moge_dataset/GSO/Ecoforms_Plant_Container_S14Turquoise/image.jpg,../../data/moge_dataset/GSO/Ecoforms_Plant_Container_S14Turquoise/depth.png,../../data/moge_dataset/GSO/Ecoforms_Plant_Container_S14Turquoise/meta.json,GSO,../../data/depthanything/moge_dataset/GSO/Ecoforms_Plant_Container_S14Turquoise/image.png
237,237,../../data/moge_dataset/GSO/Ecoforms_Plant_Container_S24NATURAL/image.jpg,../../data/moge_dataset/GSO/Ecoforms_Plant_Container_S24NATURAL/depth.png,../../data/moge_dataset/GSO/Ecoforms_Plant_Container_S24NATURAL/meta.json,GSO,../../data/depthanything/moge_dataset/GSO/Ecoforms_Plant_Container_S24NATURAL/image.png
238,238,../../data/moge_dataset/GSO/Ecoforms_Plant_Container_S24Turquoise/image.jpg,../../data/moge_dataset/GSO/Ecoforms_Plant_Container_S24Turquoise/depth.png,../../data/moge_dataset/GSO/Ecoforms_Plant_Container_S24Turquoise/meta.json,GSO,../../data/depthanything/moge_dataset/GSO/Ecoforms_Plant_Container_S24Turquoise/image.png
239,239,../../data/moge_dataset/GSO/Ecoforms_Plant_Container_SB9Turquoise/image.jpg,../../data/moge_dataset/GSO/Ecoforms_Plant_Container_SB9Turquoise/depth.png,../../data/moge_dataset/GSO/Ecoforms_Plant_Container_SB9Turquoise/meta.json,GSO,../../data/depthanything/moge_dataset/GSO/Ecoforms_Plant_Container_SB9Turquoise/image.png
240,240,../../data/moge_dataset/GSO/Ecoforms_Plant_Container_URN_NAT/image.jpg,../../data/moge_dataset/GSO/Ecoforms_Plant_Container_URN_NAT/depth.png,../../data/moge_dataset/GSO/Ecoforms_Plant_Container_URN_NAT/meta.json,GSO,../../data/depthanything/moge_dataset/GSO/Ecoforms_Plant_Container_URN_NAT/image.png
241,241,../../data/moge_dataset/GSO/Ecoforms_Plant_Container_URN_SAN/image.jpg,../../data/moge_dataset/GSO/Ecoforms_Plant_Container_URN_SAN/depth.png,../../data/moge_dataset/GSO/Ecoforms_Plant_Container_URN_SAN/meta.json,GSO,../../data/depthanything/moge_dataset/GSO/Ecoforms_Plant_Container_URN_SAN/image.png
242,242,../../data/moge_dataset/GSO/Ecoforms_Plant_Container_Urn_55_Avocado/image.jpg,../../data/moge_dataset/GSO/Ecoforms_Plant_Container_Urn_55_Avocado/depth.png,../../data/moge_dataset/GSO/Ecoforms_Plant_Container_Urn_55_Avocado/meta.json,GSO,../../data/depthanything/moge_dataset/GSO/Ecoforms_Plant_Container_Urn_55_Avocado/image.png
243,243,../../data/moge_dataset/GSO/Ecoforms_Plant_Container_Urn_55_Mocha/image.jpg,../../data/moge_dataset/GSO/Ecoforms_Plant_Container_Urn_55_Mocha/depth.png,../../data/moge_dataset/GSO/Ecoforms_Plant_Container_Urn_55_Mocha/meta.json,GSO,../../data/depthanything/moge_dataset/GSO/Ecoforms_Plant_Container_Urn_55_Mocha/image.png
244,244,../../data/moge_dataset/GSO/Ecoforms_Plant_Plate_S11Turquoise/image.jpg,../../data/moge_dataset/GSO/Ecoforms_Plant_Plate_S11Turquoise/depth.png,../../data/moge_dataset/GSO/Ecoforms_Plant_Plate_S11Turquoise/meta.json,GSO,../../data/depthanything/moge_dataset/GSO/Ecoforms_Plant_Plate_S11Turquoise/image.png
245,245,../../data/moge_dataset/GSO/Ecoforms_Plant_Pot_GP9AAvocado/image.jpg,../../data/moge_dataset/GSO/Ecoforms_Plant_Pot_GP9AAvocado/depth.png,../../data/moge_dataset/GSO/Ecoforms_Plant_Pot_GP9AAvocado/meta.json,GSO,../../data/depthanything/moge_dataset/GSO/Ecoforms_Plant_Pot_GP9AAvocado/image.png
246,246,../../data/moge_dataset/GSO/Ecoforms_Plant_Pot_GP9_SAND/image.jpg,../../data/moge_dataset/GSO/Ecoforms_Plant_Pot_GP9_SAND/depth.png,../../data/moge_dataset/GSO/Ecoforms_Plant_Pot_GP9_SAND/meta.json,GSO,../../data/depthanything/moge_dataset/GSO/Ecoforms_Plant_Pot_GP9_SAND/image.png
247,247,../../data/moge_dataset/GSO/Ecoforms_Plant_Saucer_S14MOCHA/image.jpg,../../data/moge_dataset/GSO/Ecoforms_Plant_Saucer_S14MOCHA/depth.png,../../data/moge_dataset/GSO/Ecoforms_Plant_Saucer_S14MOCHA/meta.json,GSO,../../data/depthanything/moge_dataset/GSO/Ecoforms_Plant_Saucer_S14MOCHA/image.png
248,248,../../data/moge_dataset/GSO/Ecoforms_Plant_Saucer_S14NATURAL/image.jpg,../../data/moge_dataset/GSO/Ecoforms_Plant_Saucer_S14NATURAL/depth.png,../../data/moge_dataset/GSO/Ecoforms_Plant_Saucer_S14NATURAL/meta.json,GSO,../../data/depthanything/moge_dataset/GSO/Ecoforms_Plant_Saucer_S14NATURAL/image.png
249,249,../../data/moge_dataset/GSO/Ecoforms_Plant_Saucer_S17MOCHA/image.jpg,../../data/moge_dataset/GSO/Ecoforms_Plant_Saucer_S17MOCHA/depth.png,../../data/moge_dataset/GSO/Ecoforms_Plant_Saucer_S17MOCHA/meta.json,GSO,../../data/depthanything/moge_dataset/GSO/Ecoforms_Plant_Saucer_S17MOCHA/image.png
250,250,../../data/moge_dataset/GSO/Ecoforms_Plant_Saucer_S20MOCHA/image.jpg,../../data/moge_dataset/GSO/Ecoforms_Plant_Saucer_S20MOCHA/depth.png,../../data/moge_dataset/GSO/Ecoforms_Plant_Saucer_S20MOCHA/meta.json,GSO,../../data/depthanything/moge_dataset/GSO/Ecoforms_Plant_Saucer_S20MOCHA/image.png
251,251,../../data/moge_dataset/GSO/Ecoforms_Plant_Saucer_SQ1HARVEST/image.jpg,../../data/moge_dataset/GSO/Ecoforms_Plant_Saucer_SQ1HARVEST/depth.png,../../data/moge_dataset/GSO/Ecoforms_Plant_Saucer_SQ1HARVEST/meta.json,GSO,../../data/depthanything/moge_dataset/GSO/Ecoforms_Plant_Saucer_SQ1HARVEST/image.png
252,252,../../data/moge_dataset/GSO/Ecoforms_Plant_Saucer_SQ8COR/image.jpg,../../data/moge_dataset/GSO/Ecoforms_Plant_Saucer_SQ8COR/depth.png,../../data/moge_dataset/GSO/Ecoforms_Plant_Saucer_SQ8COR/meta.json,GSO,../../data/depthanything/moge_dataset/GSO/Ecoforms_Plant_Saucer_SQ8COR/image.png
253,253,../../data/moge_dataset/GSO/Ecoforms_Planter_Bowl_Cole_Hardware/image.jpg,../../data/moge_dataset/GSO/Ecoforms_Planter_Bowl_Cole_Hardware/depth.png,../../data/moge_dataset/GSO/Ecoforms_Planter_Bowl_Cole_Hardware/meta.json,GSO,../../data/depthanything/moge_dataset/GSO/Ecoforms_Planter_Bowl_Cole_Hardware/image.png
254,254,../../data/moge_dataset/GSO/Ecoforms_Planter_Pot_GP12AAvocado/image.jpg,../../data/moge_dataset/GSO/Ecoforms_Planter_Pot_GP12AAvocado/depth.png,../../data/moge_dataset/GSO/Ecoforms_Planter_Pot_GP12AAvocado/meta.json,GSO,../../data/depthanything/moge_dataset/GSO/Ecoforms_Planter_Pot_GP12AAvocado/image.png
255,255,../../data/moge_dataset/GSO/Ecoforms_Planter_Pot_QP6Ebony/image.jpg,../../data/moge_dataset/GSO/Ecoforms_Planter_Pot_QP6Ebony/depth.png,../../data/moge_dataset/GSO/Ecoforms_Planter_Pot_QP6Ebony/meta.json,GSO,../../data/depthanything/moge_dataset/GSO/Ecoforms_Planter_Pot_QP6Ebony/image.png
256,256,../../data/moge_dataset/GSO/Ecoforms_Plate_S20Avocado/image.jpg,../../data/moge_dataset/GSO/Ecoforms_Plate_S20Avocado/depth.png,../../data/moge_dataset/GSO/Ecoforms_Plate_S20Avocado/meta.json,GSO,../../data/depthanything/moge_dataset/GSO/Ecoforms_Plate_S20Avocado/image.png
257,257,../../data/moge_dataset/GSO/Ecoforms_Pot_Nova_6_Turquoise/image.jpg,../../data/moge_dataset/GSO/Ecoforms_Pot_Nova_6_Turquoise/depth.png,../../data/moge_dataset/GSO/Ecoforms_Pot_Nova_6_Turquoise/meta.json,GSO,../../data/depthanything/moge_dataset/GSO/Ecoforms_Pot_Nova_6_Turquoise/image.png
258,258,../../data/moge_dataset/GSO/Ecoforms_Quadra_Saucer_SQ1_Avocado/image.jpg,../../data/moge_dataset/GSO/Ecoforms_Quadra_Saucer_SQ1_Avocado/depth.png,../../data/moge_dataset/GSO/Ecoforms_Quadra_Saucer_SQ1_Avocado/meta.json,GSO,../../data/depthanything/moge_dataset/GSO/Ecoforms_Quadra_Saucer_SQ1_Avocado/image.png
259,259,../../data/moge_dataset/GSO/Ecoforms_Saucer_SQ3_Turquoise/image.jpg,../../data/moge_dataset/GSO/Ecoforms_Saucer_SQ3_Turquoise/depth.png,../../data/moge_dataset/GSO/Ecoforms_Saucer_SQ3_Turquoise/meta.json,GSO,../../data/depthanything/moge_dataset/GSO/Ecoforms_Saucer_SQ3_Turquoise/image.png
260,260,../../data/moge_dataset/GSO/Elephant/image.jpg,../../data/moge_dataset/GSO/Elephant/depth.png,../../data/moge_dataset/GSO/Elephant/meta.json,GSO,../../data/depthanything/moge_dataset/GSO/Elephant/image.png
261,261,../../data/moge_dataset/GSO/Embark_Lunch_Cooler_Blue/image.jpg,../../data/moge_dataset/GSO/Embark_Lunch_Cooler_Blue/depth.png,../../data/moge_dataset/GSO/Embark_Lunch_Cooler_Blue/meta.json,GSO,../../data/depthanything/moge_dataset/GSO/Embark_Lunch_Cooler_Blue/image.png
262,262,../../data/moge_dataset/GSO/Envision_Home_Dish_Drying_Mat_Red_6_x_18/image.jpg,../../data/moge_dataset/GSO/Envision_Home_Dish_Drying_Mat_Red_6_x_18/depth.png,../../data/moge_dataset/GSO/Envision_Home_Dish_Drying_Mat_Red_6_x_18/meta.json,GSO,../../data/depthanything/moge_dataset/GSO/Envision_Home_Dish_Drying_Mat_Red_6_x_18/image.png
263,263,../../data/moge_dataset/GSO/Epson_273XL_Ink_Cartridge_Magenta/image.jpg,../../data/moge_dataset/GSO/Epson_273XL_Ink_Cartridge_Magenta/depth.png,../../data/moge_dataset/GSO/Epson_273XL_Ink_Cartridge_Magenta/meta.json,GSO,../../data/depthanything/moge_dataset/GSO/Epson_273XL_Ink_Cartridge_Magenta/image.png
264,264,../../data/moge_dataset/GSO/Epson_DURABrite_Ultra_786_Black_Ink_Cartridge_T786120S/image.jpg,../../data/moge_dataset/GSO/Epson_DURABrite_Ultra_786_Black_Ink_Cartridge_T786120S/depth.png,../../data/moge_dataset/GSO/Epson_DURABrite_Ultra_786_Black_Ink_Cartridge_T786120S/meta.json,GSO,../../data/depthanything/moge_dataset/GSO/Epson_DURABrite_Ultra_786_Black_Ink_Cartridge_T786120S/image.png
265,265,../../data/moge_dataset/GSO/Epson_Ink_Cartridge_126_Yellow/image.jpg,../../data/moge_dataset/GSO/Epson_Ink_Cartridge_126_Yellow/depth.png,../../data/moge_dataset/GSO/Epson_Ink_Cartridge_126_Yellow/meta.json,GSO,../../data/depthanything/moge_dataset/GSO/Epson_Ink_Cartridge_126_Yellow/image.png
266,266,../../data/moge_dataset/GSO/Epson_Ink_Cartridge_Black_200/image.jpg,../../data/moge_dataset/GSO/Epson_Ink_Cartridge_Black_200/depth.png,../../data/moge_dataset/GSO/Epson_Ink_Cartridge_Black_200/meta.json,GSO,../../data/depthanything/moge_dataset/GSO/Epson_Ink_Cartridge_Black_200/image.png
267,267,../../data/moge_dataset/GSO/Epson_LabelWorks_LC4WBN9_Tape_reel_labels_047_x_295_Roll_Black_on_White/image.jpg,../../data/moge_dataset/GSO/Epson_LabelWorks_LC4WBN9_Tape_reel_labels_047_x_295_Roll_Black_on_White/depth.png,../../data/moge_dataset/GSO/Epson_LabelWorks_LC4WBN9_Tape_reel_labels_047_x_295_Roll_Black_on_White/meta.json,GSO,../../data/depthanything/moge_dataset/GSO/Epson_LabelWorks_LC4WBN9_Tape_reel_labels_047_x_295_Roll_Black_on_White/image.png
268,268,../../data/moge_dataset/GSO/Epson_LabelWorks_LC5WBN9_Tape_reel_labels_071_x_295_Roll_Black_on_White/image.jpg,../../data/moge_dataset/GSO/Epson_LabelWorks_LC5WBN9_Tape_reel_labels_071_x_295_Roll_Black_on_White/depth.png,../../data/moge_dataset/GSO/Epson_LabelWorks_LC5WBN9_Tape_reel_labels_071_x_295_Roll_Black_on_White/meta.json,GSO,../../data/depthanything/moge_dataset/GSO/Epson_LabelWorks_LC5WBN9_Tape_reel_labels_071_x_295_Roll_Black_on_White/image.png
269,269,../../data/moge_dataset/GSO/Epson_T5803_Ink_Cartridge_Magenta_1pack/image.jpg,../../data/moge_dataset/GSO/Epson_T5803_Ink_Cartridge_Magenta_1pack/depth.png,../../data/moge_dataset/GSO/Epson_T5803_Ink_Cartridge_Magenta_1pack/meta.json,GSO,../../data/depthanything/moge_dataset/GSO/Epson_T5803_Ink_Cartridge_Magenta_1pack/image.png
270,270,../../data/moge_dataset/GSO/Epson_UltraChrome_T0543_Ink_Cartridge_Magenta_1pack/image.jpg,../../data/moge_dataset/GSO/Epson_UltraChrome_T0543_Ink_Cartridge_Magenta_1pack/depth.png,../../data/moge_dataset/GSO/Epson_UltraChrome_T0543_Ink_Cartridge_Magenta_1pack/meta.json,GSO,../../data/depthanything/moge_dataset/GSO/Epson_UltraChrome_T0543_Ink_Cartridge_Magenta_1pack/image.png
271,271,../../data/moge_dataset/GSO/Epson_UltraChrome_T0548_Ink_Cartridge_Matte_Black_1pack/image.jpg,../../data/moge_dataset/GSO/Epson_UltraChrome_T0548_Ink_Cartridge_Matte_Black_1pack/depth.png,../../data/moge_dataset/GSO/Epson_UltraChrome_T0548_Ink_Cartridge_Matte_Black_1pack/meta.json,GSO,../../data/depthanything/moge_dataset/GSO/Epson_UltraChrome_T0548_Ink_Cartridge_Matte_Black_1pack/image.png
272,272,../../data/moge_dataset/GSO/F10_TRX_FG_ssscuo9tGxb/image.jpg,../../data/moge_dataset/GSO/F10_TRX_FG_ssscuo9tGxb/depth.png,../../data/moge_dataset/GSO/F10_TRX_FG_ssscuo9tGxb/meta.json,GSO,../../data/depthanything/moge_dataset/GSO/F10_TRX_FG_ssscuo9tGxb/image.png
273,273,../../data/moge_dataset/GSO/F10_TRX_TF_rH7tmKCdUJq/image.jpg,../../data/moge_dataset/GSO/F10_TRX_TF_rH7tmKCdUJq/depth.png,../../data/moge_dataset/GSO/F10_TRX_TF_rH7tmKCdUJq/meta.json,GSO,../../data/depthanything/moge_dataset/GSO/F10_TRX_TF_rH7tmKCdUJq/image.png
274,274,../../data/moge_dataset/GSO/F5_TRX_FG/image.jpg,../../data/moge_dataset/GSO/F5_TRX_FG/depth.png,../../data/moge_dataset/GSO/F5_TRX_FG/meta.json,GSO,../../data/depthanything/moge_dataset/GSO/F5_TRX_FG/image.png
275,275,../../data/moge_dataset/GSO/FAIRY_TALE_BLOCKS/image.jpg,../../data/moge_dataset/GSO/FAIRY_TALE_BLOCKS/depth.png,../../data/moge_dataset/GSO/FAIRY_TALE_BLOCKS/meta.json,GSO,../../data/depthanything/moge_dataset/GSO/FAIRY_TALE_BLOCKS/image.png
276,276,../../data/moge_dataset/GSO/FARM_ANIMAL/image.jpg,../../data/moge_dataset/GSO/FARM_ANIMAL/depth.png,../../data/moge_dataset/GSO/FARM_ANIMAL/meta.json,GSO,../../data/depthanything/moge_dataset/GSO/FARM_ANIMAL/image.png
277,277,../../data/moge_dataset/GSO/FIRE_ENGINE/image.jpg,../../data/moge_dataset/GSO/FIRE_ENGINE/depth.png,../../data/moge_dataset/GSO/FIRE_ENGINE/meta.json,GSO,../../data/depthanything/moge_dataset/GSO/FIRE_ENGINE/image.png
278,278,../../data/moge_dataset/GSO/FIRE_TRUCK/image.jpg,../../data/moge_dataset/GSO/FIRE_TRUCK/depth.png,../../data/moge_dataset/GSO/FIRE_TRUCK/meta.json,GSO,../../data/depthanything/moge_dataset/GSO/FIRE_TRUCK/image.png
279,279,../../data/moge_dataset/GSO/FISHING_GAME/image.jpg,../../data/moge_dataset/GSO/FISHING_GAME/depth.png,../../data/moge_dataset/GSO/FISHING_GAME/meta.json,GSO,../../data/depthanything/moge_dataset/GSO/FISHING_GAME/image.png
280,280,../../data/moge_dataset/GSO/FOOD_BEVERAGE_SET/image.jpg,../../data/moge_dataset/GSO/FOOD_BEVERAGE_SET/depth.png,../../data/moge_dataset/GSO/FOOD_BEVERAGE_SET/meta.json,GSO,../../data/depthanything/moge_dataset/GSO/FOOD_BEVERAGE_SET/image.png
281,281,../../data/moge_dataset/GSO/FRACTION_FUN_n4h4qte23QR/image.jpg,../../data/moge_dataset/GSO/FRACTION_FUN_n4h4qte23QR/depth.png,../../data/moge_dataset/GSO/FRACTION_FUN_n4h4qte23QR/meta.json,GSO,../../data/depthanything/moge_dataset/GSO/FRACTION_FUN_n4h4qte23QR/image.png
282,282,../../data/moge_dataset/GSO/FRUIT_VEGGIE_DOMINO_GRADIENT/image.jpg,../../data/moge_dataset/GSO/FRUIT_VEGGIE_DOMINO_GRADIENT/depth.png,../../data/moge_dataset/GSO/FRUIT_VEGGIE_DOMINO_GRADIENT/meta.json,GSO,../../data/depthanything/moge_dataset/GSO/FRUIT_VEGGIE_DOMINO_GRADIENT/image.png
283,283,../../data/moge_dataset/GSO/FRUIT_VEGGIE_MEMO_GRADIENT/image.jpg,../../data/moge_dataset/GSO/FRUIT_VEGGIE_MEMO_GRADIENT/depth.png,../../data/moge_dataset/GSO/FRUIT_VEGGIE_MEMO_GRADIENT/meta.json,GSO,../../data/depthanything/moge_dataset/GSO/FRUIT_VEGGIE_MEMO_GRADIENT/image.png
284,284,../../data/moge_dataset/GSO/FYW_ALTERNATION/image.jpg,../../data/moge_dataset/GSO/FYW_ALTERNATION/depth.png,../../data/moge_dataset/GSO/FYW_ALTERNATION/meta.json,GSO,../../data/depthanything/moge_dataset/GSO/FYW_ALTERNATION/image.png
285,285,../../data/moge_dataset/GSO/FYW_DIVISION/image.jpg,../../data/moge_dataset/GSO/FYW_DIVISION/depth.png,../../data/moge_dataset/GSO/FYW_DIVISION/meta.json,GSO,../../data/depthanything/moge_dataset/GSO/FYW_DIVISION/image.png
286,286,../../data/moge_dataset/GSO/FemDophilus/image.jpg,../../data/moge_dataset/GSO/FemDophilus/depth.png,../../data/moge_dataset/GSO/FemDophilus/meta.json,GSO,../../data/depthanything/moge_dataset/GSO/FemDophilus/image.png
287,287,../../data/moge_dataset/GSO/Final_Fantasy_XIV_A_Realm_Reborn_60Day_Subscription/image.jpg,../../data/moge_dataset/GSO/Final_Fantasy_XIV_A_Realm_Reborn_60Day_Subscription/depth.png,../../data/moge_dataset/GSO/Final_Fantasy_XIV_A_Realm_Reborn_60Day_Subscription/meta.json,GSO,../../data/depthanything/moge_dataset/GSO/Final_Fantasy_XIV_A_Realm_Reborn_60Day_Subscription/image.png
288,288,../../data/moge_dataset/GSO/Firefly_Clue_Board_Game/image.jpg,../../data/moge_dataset/GSO/Firefly_Clue_Board_Game/depth.png,../../data/moge_dataset/GSO/Firefly_Clue_Board_Game/meta.json,GSO,../../data/depthanything/moge_dataset/GSO/Firefly_Clue_Board_Game/image.png
289,289,../../data/moge_dataset/GSO/FisherPrice_Make_A_Match_Game_Thomas_Friends/image.jpg,../../data/moge_dataset/GSO/FisherPrice_Make_A_Match_Game_Thomas_Friends/depth.png,../../data/moge_dataset/GSO/FisherPrice_Make_A_Match_Game_Thomas_Friends/meta.json,GSO,../../data/depthanything/moge_dataset/GSO/FisherPrice_Make_A_Match_Game_Thomas_Friends/image.png
290,290,../../data/moge_dataset/GSO/Fisher_price_Classic_Toys_Buzzy_Bee/image.jpg,../../data/moge_dataset/GSO/Fisher_price_Classic_Toys_Buzzy_Bee/depth.png,../../data/moge_dataset/GSO/Fisher_price_Classic_Toys_Buzzy_Bee/meta.json,GSO,../../data/depthanything/moge_dataset/GSO/Fisher_price_Classic_Toys_Buzzy_Bee/image.png
291,291,../../data/moge_dataset/GSO/Focus_8643_Lime_Squeezer_10x35x188_Enamelled_Aluminum_Light/image.jpg,../../data/moge_dataset/GSO/Focus_8643_Lime_Squeezer_10x35x188_Enamelled_Aluminum_Light/depth.png,../../data/moge_dataset/GSO/Focus_8643_Lime_Squeezer_10x35x188_Enamelled_Aluminum_Light/meta.json,GSO,../../data/depthanything/moge_dataset/GSO/Focus_8643_Lime_Squeezer_10x35x188_Enamelled_Aluminum_Light/image.png
292,292,../../data/moge_dataset/GSO/Folic_Acid/image.jpg,../../data/moge_dataset/GSO/Folic_Acid/depth.png,../../data/moge_dataset/GSO/Folic_Acid/meta.json,GSO,../../data/depthanything/moge_dataset/GSO/Folic_Acid/image.png
293,293,../../data/moge_dataset/GSO/Footed_Bowl_Sand/image.jpg,../../data/moge_dataset/GSO/Footed_Bowl_Sand/depth.png,../../data/moge_dataset/GSO/Footed_Bowl_Sand/meta.json,GSO,../../data/depthanything/moge_dataset/GSO/Footed_Bowl_Sand/image.png
294,294,../../data/moge_dataset/GSO/Fresca_Peach_Citrus_Sparkling_Flavored_Soda_12_PK/image.jpg,../../data/moge_dataset/GSO/Fresca_Peach_Citrus_Sparkling_Flavored_Soda_12_PK/depth.png,../../data/moge_dataset/GSO/Fresca_Peach_Citrus_Sparkling_Flavored_Soda_12_PK/meta.json,GSO,../../data/depthanything/moge_dataset/GSO/Fresca_Peach_Citrus_Sparkling_Flavored_Soda_12_PK/image.png
295,295,../../data/moge_dataset/GSO/Frozen_Olafs_In_Trouble_PopOMatic_Game/image.jpg,../../data/moge_dataset/GSO/Frozen_Olafs_In_Trouble_PopOMatic_Game/depth.png,../../data/moge_dataset/GSO/Frozen_Olafs_In_Trouble_PopOMatic_Game/meta.json,GSO,../../data/depthanything/moge_dataset/GSO/Frozen_Olafs_In_Trouble_PopOMatic_Game/image.png
296,296,../../data/moge_dataset/GSO/Frozen_Olafs_In_Trouble_PopOMatic_Game_OEu83W9T8pD/image.jpg,../../data/moge_dataset/GSO/Frozen_Olafs_In_Trouble_PopOMatic_Game_OEu83W9T8pD/depth.png,../../data/moge_dataset/GSO/Frozen_Olafs_In_Trouble_PopOMatic_Game_OEu83W9T8pD/meta.json,GSO,../../data/depthanything/moge_dataset/GSO/Frozen_Olafs_In_Trouble_PopOMatic_Game_OEu83W9T8pD/image.png
297,297,../../data/moge_dataset/GSO/Frozen_Scrabble_Jr/image.jpg,../../data/moge_dataset/GSO/Frozen_Scrabble_Jr/depth.png,../../data/moge_dataset/GSO/Frozen_Scrabble_Jr/meta.json,GSO,../../data/depthanything/moge_dataset/GSO/Frozen_Scrabble_Jr/image.png
298,298,../../data/moge_dataset/GSO/Fruity_Friends/image.jpg,../../data/moge_dataset/GSO/Fruity_Friends/depth.png,../../data/moge_dataset/GSO/Fruity_Friends/meta.json,GSO,../../data/depthanything/moge_dataset/GSO/Fruity_Friends/image.png
299,299,../../data/moge_dataset/GSO/Fujifilm_instax_SHARE_SP1_10_photos/image.jpg,../../data/moge_dataset/GSO/Fujifilm_instax_SHARE_SP1_10_photos/depth.png,../../data/moge_dataset/GSO/Fujifilm_instax_SHARE_SP1_10_photos/meta.json,GSO,../../data/depthanything/moge_dataset/GSO/Fujifilm_instax_SHARE_SP1_10_photos/image.png
300,300,../../data/moge_dataset/GSO/Full_Circle_Happy_Scraps_Out_Collector_Gray/image.jpg,../../data/moge_dataset/GSO/Full_Circle_Happy_Scraps_Out_Collector_Gray/depth.png,../../data/moge_dataset/GSO/Full_Circle_Happy_Scraps_Out_Collector_Gray/meta.json,GSO,../../data/depthanything/moge_dataset/GSO/Full_Circle_Happy_Scraps_Out_Collector_Gray/image.png
301,301,../../data/moge_dataset/GSO/GARDEN_SWING/image.jpg,../../data/moge_dataset/GSO/GARDEN_SWING/depth.png,../../data/moge_dataset/GSO/GARDEN_SWING/meta.json,GSO,../../data/depthanything/moge_dataset/GSO/GARDEN_SWING/image.png
302,302,../../data/moge_dataset/GSO/GEARS_PUZZLES_STANDARD_gcYxhNHhKlI/image.jpg,../../data/moge_dataset/GSO/GEARS_PUZZLES_STANDARD_gcYxhNHhKlI/depth.png,../../data/moge_dataset/GSO/GEARS_PUZZLES_STANDARD_gcYxhNHhKlI/meta.json,GSO,../../data/depthanything/moge_dataset/GSO/GEARS_PUZZLES_STANDARD_gcYxhNHhKlI/image.png
303,303,../../data/moge_dataset/GSO/GEOMETRIC_PEG_BOARD/image.jpg,../../data/moge_dataset/GSO/GEOMETRIC_PEG_BOARD/depth.png,../../data/moge_dataset/GSO/GEOMETRIC_PEG_BOARD/meta.json,GSO,../../data/depthanything/moge_dataset/GSO/GEOMETRIC_PEG_BOARD/image.png
304,304,../../data/moge_dataset/GSO/GEOMETRIC_SORTING_BOARD/image.jpg,../../data/moge_dataset/GSO/GEOMETRIC_SORTING_BOARD/depth.png,../../data/moge_dataset/GSO/GEOMETRIC_SORTING_BOARD/meta.json,GSO,../../data/depthanything/moge_dataset/GSO/GEOMETRIC_SORTING_BOARD/image.png
305,305,../../data/moge_dataset/GSO/GEOMETRIC_SORTING_BOARD_MNi4Rbuz9vj/image.jpg,../../data/moge_dataset/GSO/GEOMETRIC_SORTING_BOARD_MNi4Rbuz9vj/depth.png,../../data/moge_dataset/GSO/GEOMETRIC_SORTING_BOARD_MNi4Rbuz9vj/meta.json,GSO,../../data/depthanything/moge_dataset/GSO/GEOMETRIC_SORTING_BOARD_MNi4Rbuz9vj/image.png
306,306,../../data/moge_dataset/GSO/GIRLS_DECKHAND/image.jpg,../../data/moge_dataset/GSO/GIRLS_DECKHAND/depth.png,../../data/moge_dataset/GSO/GIRLS_DECKHAND/meta.json,GSO,../../data/depthanything/moge_dataset/GSO/GIRLS_DECKHAND/image.png
307,307,../../data/moge_dataset/GSO/GRANDFATHER_DOLL/image.jpg,../../data/moge_dataset/GSO/GRANDFATHER_DOLL/depth.png,../../data/moge_dataset/GSO/GRANDFATHER_DOLL/meta.json,GSO,../../data/depthanything/moge_dataset/GSO/GRANDFATHER_DOLL/image.png
308,308,../../data/moge_dataset/GSO/GRANDMOTHER/image.jpg,../../data/moge_dataset/GSO/GRANDMOTHER/depth.png,../../data/moge_dataset/GSO/GRANDMOTHER/meta.json,GSO,../../data/depthanything/moge_dataset/GSO/GRANDMOTHER/image.png
309,309,../../data/moge_dataset/GSO/Germanium_GE132/image.jpg,../../data/moge_dataset/GSO/Germanium_GE132/depth.png,../../data/moge_dataset/GSO/Germanium_GE132/meta.json,GSO,../../data/depthanything/moge_dataset/GSO/Germanium_GE132/image.png
310,310,../../data/moge_dataset/GSO/Ghost_6_Color_BlckWhtLavaSlvrCitrus_Size_80/image.jpg,../../data/moge_dataset/GSO/Ghost_6_Color_BlckWhtLavaSlvrCitrus_Size_80/depth.png,../../data/moge_dataset/GSO/Ghost_6_Color_BlckWhtLavaSlvrCitrus_Size_80/meta.json,GSO,../../data/depthanything/moge_dataset/GSO/Ghost_6_Color_BlckWhtLavaSlvrCitrus_Size_80/image.png
311,311,../../data/moge_dataset/GSO/Ghost_6_Color_MdngtDenmPomBrtePnkSlvBlk_Size_50/image.jpg,../../data/moge_dataset/GSO/Ghost_6_Color_MdngtDenmPomBrtePnkSlvBlk_Size_50/depth.png,../../data/moge_dataset/GSO/Ghost_6_Color_MdngtDenmPomBrtePnkSlvBlk_Size_50/meta.json,GSO,../../data/depthanything/moge_dataset/GSO/Ghost_6_Color_MdngtDenmPomBrtePnkSlvBlk_Size_50/image.png
312,312,../../data/moge_dataset/GSO/Ghost_6_GTX_Color_AnthBlckSlvrFernSulphSprng_Size_80/image.jpg,../../data/moge_dataset/GSO/Ghost_6_GTX_Color_AnthBlckSlvrFernSulphSprng_Size_80/depth.png,../../data/moge_dataset/GSO/Ghost_6_GTX_Color_AnthBlckSlvrFernSulphSprng_Size_80/meta.json,GSO,../../data/depthanything/moge_dataset/GSO/Ghost_6_GTX_Color_AnthBlckSlvrFernSulphSprng_Size_80/image.png
313,313,../../data/moge_dataset/GSO/Gigabyte_GA78LMTUSB3_50_Motherboard_Micro_ATX_Socket_AM3/image.jpg,../../data/moge_dataset/GSO/Gigabyte_GA78LMTUSB3_50_Motherboard_Micro_ATX_Socket_AM3/depth.png,../../data/moge_dataset/GSO/Gigabyte_GA78LMTUSB3_50_Motherboard_Micro_ATX_Socket_AM3/meta.json,GSO,../../data/depthanything/moge_dataset/GSO/Gigabyte_GA78LMTUSB3_50_Motherboard_Micro_ATX_Socket_AM3/image.png
314,314,../../data/moge_dataset/GSO/Gigabyte_GA970AUD3P_10_Motherboard_ATX_Socket_AM3/image.jpg,../../data/moge_dataset/GSO/Gigabyte_GA970AUD3P_10_Motherboard_ATX_Socket_AM3/depth.png,../../data/moge_dataset/GSO/Gigabyte_GA970AUD3P_10_Motherboard_ATX_Socket_AM3/meta.json,GSO,../../data/depthanything/moge_dataset/GSO/Gigabyte_GA970AUD3P_10_Motherboard_ATX_Socket_AM3/image.png
315,315,../../data/moge_dataset/GSO/Gigabyte_GAZ97XSLI_10_motherboard_ATX_LGA1150_Socket_Z97/image.jpg,../../data/moge_dataset/GSO/Gigabyte_GAZ97XSLI_10_motherboard_ATX_LGA1150_Socket_Z97/depth.png,../../data/moge_dataset/GSO/Gigabyte_GAZ97XSLI_10_motherboard_ATX_LGA1150_Socket_Z97/meta.json,GSO,../../data/depthanything/moge_dataset/GSO/Gigabyte_GAZ97XSLI_10_motherboard_ATX_LGA1150_Socket_Z97/image.png
316,316,../../data/moge_dataset/GSO/Glycerin_11_Color_AqrsDrsdnBluBlkSlvShckOrng_Size_50/image.jpg,../../data/moge_dataset/GSO/Glycerin_11_Color_AqrsDrsdnBluBlkSlvShckOrng_Size_50/depth.png,../../data/moge_dataset/GSO/Glycerin_11_Color_AqrsDrsdnBluBlkSlvShckOrng_Size_50/meta.json,GSO,../../data/depthanything/moge_dataset/GSO/Glycerin_11_Color_AqrsDrsdnBluBlkSlvShckOrng_Size_50/image.png
317,317,../../data/moge_dataset/GSO/Glycerin_11_Color_BrllntBluSkydvrSlvrBlckWht_Size_80/image.jpg,../../data/moge_dataset/GSO/Glycerin_11_Color_BrllntBluSkydvrSlvrBlckWht_Size_80/depth.png,../../data/moge_dataset/GSO/Glycerin_11_Color_BrllntBluSkydvrSlvrBlckWht_Size_80/meta.json,GSO,../../data/depthanything/moge_dataset/GSO/Glycerin_11_Color_BrllntBluSkydvrSlvrBlckWht_Size_80/image.png
318,318,../../data/moge_dataset/GSO/GoPro_HERO3_Composite_Cable/image.jpg,../../data/moge_dataset/GSO/GoPro_HERO3_Composite_Cable/depth.png,../../data/moge_dataset/GSO/GoPro_HERO3_Composite_Cable/meta.json,GSO,../../data/depthanything/moge_dataset/GSO/GoPro_HERO3_Composite_Cable/image.png
319,319,../../data/moge_dataset/GSO/Google_Cardboard_Original_package/image.jpg,../../data/moge_dataset/GSO/Google_Cardboard_Original_package/depth.png,../../data/moge_dataset/GSO/Google_Cardboard_Original_package/meta.json,GSO,../../data/depthanything/moge_dataset/GSO/Google_Cardboard_Original_package/image.png
320,320,../../data/moge_dataset/GSO/Grand_Prix/image.jpg,../../data/moge_dataset/GSO/Grand_Prix/depth.png,../../data/moge_dataset/GSO/Grand_Prix/meta.json,GSO,../../data/depthanything/moge_dataset/GSO/Grand_Prix/image.png
321,321,../../data/moge_dataset/GSO/Granimals_20_Wooden_ABC_Blocks_Wagon/image.jpg,../../data/moge_dataset/GSO/Granimals_20_Wooden_ABC_Blocks_Wagon/depth.png,../../data/moge_dataset/GSO/Granimals_20_Wooden_ABC_Blocks_Wagon/meta.json,GSO,../../data/depthanything/moge_dataset/GSO/Granimals_20_Wooden_ABC_Blocks_Wagon/image.png
322,322,../../data/moge_dataset/GSO/Granimals_20_Wooden_ABC_Blocks_Wagon_85VdSftGsLi/image.jpg,../../data/moge_dataset/GSO/Granimals_20_Wooden_ABC_Blocks_Wagon_85VdSftGsLi/depth.png,../../data/moge_dataset/GSO/Granimals_20_Wooden_ABC_Blocks_Wagon_85VdSftGsLi/meta.json,GSO,../../data/depthanything/moge_dataset/GSO/Granimals_20_Wooden_ABC_Blocks_Wagon_85VdSftGsLi/image.png
323,323,../../data/moge_dataset/GSO/Granimals_20_Wooden_ABC_Blocks_Wagon_g2TinmUGGHI/image.jpg,../../data/moge_dataset/GSO/Granimals_20_Wooden_ABC_Blocks_Wagon_g2TinmUGGHI/depth.png,../../data/moge_dataset/GSO/Granimals_20_Wooden_ABC_Blocks_Wagon_g2TinmUGGHI/meta.json,GSO,../../data/depthanything/moge_dataset/GSO/Granimals_20_Wooden_ABC_Blocks_Wagon_g2TinmUGGHI/image.png
324,324,../../data/moge_dataset/GSO/Great_Dinos_Triceratops_Toy/image.jpg,../../data/moge_dataset/GSO/Great_Dinos_Triceratops_Toy/depth.png,../../data/moge_dataset/GSO/Great_Dinos_Triceratops_Toy/meta.json,GSO,../../data/depthanything/moge_dataset/GSO/Great_Dinos_Triceratops_Toy/image.png
325,325,../../data/moge_dataset/GSO/Great_Jones_Wingtip/image.jpg,../../data/moge_dataset/GSO/Great_Jones_Wingtip/depth.png,../../data/moge_dataset/GSO/Great_Jones_Wingtip/meta.json,GSO,../../data/depthanything/moge_dataset/GSO/Great_Jones_Wingtip/image.png
326,326,../../data/moge_dataset/GSO/Great_Jones_Wingtip_j5NV8GRnitM/image.jpg,../../data/moge_dataset/GSO/Great_Jones_Wingtip_j5NV8GRnitM/depth.png,../../data/moge_dataset/GSO/Great_Jones_Wingtip_j5NV8GRnitM/meta.json,GSO,../../data/depthanything/moge_dataset/GSO/Great_Jones_Wingtip_j5NV8GRnitM/image.png
327,327,../../data/moge_dataset/GSO/Great_Jones_Wingtip_kAqSg6EgG0I/image.jpg,../../data/moge_dataset/GSO/Great_Jones_Wingtip_kAqSg6EgG0I/depth.png,../../data/moge_dataset/GSO/Great_Jones_Wingtip_kAqSg6EgG0I/meta.json,GSO,../../data/depthanything/moge_dataset/GSO/Great_Jones_Wingtip_kAqSg6EgG0I/image.png
328,328,../../data/moge_dataset/GSO/Great_Jones_Wingtip_wxH3dbtlvBC/image.jpg,../../data/moge_dataset/GSO/Great_Jones_Wingtip_wxH3dbtlvBC/depth.png,../../data/moge_dataset/GSO/Great_Jones_Wingtip_wxH3dbtlvBC/meta.json,GSO,../../data/depthanything/moge_dataset/GSO/Great_Jones_Wingtip_wxH3dbtlvBC/image.png
329,329,../../data/moge_dataset/GSO/Grreat_Choice_Dog_Double_Dish_Plastic_Blue/image.jpg,../../data/moge_dataset/GSO/Grreat_Choice_Dog_Double_Dish_Plastic_Blue/depth.png,../../data/moge_dataset/GSO/Grreat_Choice_Dog_Double_Dish_Plastic_Blue/meta.json,GSO,../../data/depthanything/moge_dataset/GSO/Grreat_Choice_Dog_Double_Dish_Plastic_Blue/image.png
330,330,../../data/moge_dataset/GSO/Grreatv_Choice_Dog_Bowl_Gray_Bones_Plastic_20_fl_oz_total/image.jpg,../../data/moge_dataset/GSO/Grreatv_Choice_Dog_Bowl_Gray_Bones_Plastic_20_fl_oz_total/depth.png,../../data/moge_dataset/GSO/Grreatv_Choice_Dog_Bowl_Gray_Bones_Plastic_20_fl_oz_total/meta.json,GSO,../../data/depthanything/moge_dataset/GSO/Grreatv_Choice_Dog_Bowl_Gray_Bones_Plastic_20_fl_oz_total/image.png
331,331,../../data/moge_dataset/GSO/Guardians_of_the_Galaxy_Galactic_Battlers_Rocket_Raccoon_Figure/image.jpg,../../data/moge_dataset/GSO/Guardians_of_the_Galaxy_Galactic_Battlers_Rocket_Raccoon_Figure/depth.png,../../data/moge_dataset/GSO/Guardians_of_the_Galaxy_Galactic_Battlers_Rocket_Raccoon_Figure/meta.json,GSO,../../data/depthanything/moge_dataset/GSO/Guardians_of_the_Galaxy_Galactic_Battlers_Rocket_Raccoon_Figure/image.png
332,332,../../data/moge_dataset/GSO/HAMMER_BALL/image.jpg,../../data/moge_dataset/GSO/HAMMER_BALL/depth.png,../../data/moge_dataset/GSO/HAMMER_BALL/meta.json,GSO,../../data/depthanything/moge_dataset/GSO/HAMMER_BALL/image.png
333,333,../../data/moge_dataset/GSO/HAMMER_PEG/image.jpg,../../data/moge_dataset/GSO/HAMMER_PEG/depth.png,../../data/moge_dataset/GSO/HAMMER_PEG/meta.json,GSO,../../data/depthanything/moge_dataset/GSO/HAMMER_PEG/image.png
334,334,../../data/moge_dataset/GSO/HAPPY_ENGINE/image.jpg,../../data/moge_dataset/GSO/HAPPY_ENGINE/depth.png,../../data/moge_dataset/GSO/HAPPY_ENGINE/meta.json,GSO,../../data/depthanything/moge_dataset/GSO/HAPPY_ENGINE/image.png
335,335,../../data/moge_dataset/GSO/HELICOPTER/image.jpg,../../data/moge_dataset/GSO/HELICOPTER/depth.png,../../data/moge_dataset/GSO/HELICOPTER/meta.json,GSO,../../data/depthanything/moge_dataset/GSO/HELICOPTER/image.png
336,336,../../data/moge_dataset/GSO/HP_1800_Tablet_8GB_7/image.jpg,../../data/moge_dataset/GSO/HP_1800_Tablet_8GB_7/depth.png,../../data/moge_dataset/GSO/HP_1800_Tablet_8GB_7/meta.json,GSO,../../data/depthanything/moge_dataset/GSO/HP_1800_Tablet_8GB_7/image.png
337,337,../../data/moge_dataset/GSO/HP_Card_Invitation_Kit/image.jpg,../../data/moge_dataset/GSO/HP_Card_Invitation_Kit/depth.png,../../data/moge_dataset/GSO/HP_Card_Invitation_Kit/meta.json,GSO,../../data/depthanything/moge_dataset/GSO/HP_Card_Invitation_Kit/image.png
338,338,../../data/moge_dataset/GSO/Hasbro_Cranium_Performance_and_Acting_Game/image.jpg,../../data/moge_dataset/GSO/Hasbro_Cranium_Performance_and_Acting_Game/depth.png,../../data/moge_dataset/GSO/Hasbro_Cranium_Performance_and_Acting_Game/meta.json,GSO,../../data/depthanything/moge_dataset/GSO/Hasbro_Cranium_Performance_and_Acting_Game/image.png
339,339,../../data/moge_dataset/GSO/Hasbro_Dont_Wake_Daddy_Board_Game/image.jpg,../../data/moge_dataset/GSO/Hasbro_Dont_Wake_Daddy_Board_Game/depth.png,../../data/moge_dataset/GSO/Hasbro_Dont_Wake_Daddy_Board_Game/meta.json,GSO,../../data/depthanything/moge_dataset/GSO/Hasbro_Dont_Wake_Daddy_Board_Game/image.png
340,340,../../data/moge_dataset/GSO/Hasbro_Dont_Wake_Daddy_Board_Game_NJnjGna4u1a/image.jpg,../../data/moge_dataset/GSO/Hasbro_Dont_Wake_Daddy_Board_Game_NJnjGna4u1a/depth.png,../../data/moge_dataset/GSO/Hasbro_Dont_Wake_Daddy_Board_Game_NJnjGna4u1a/meta.json,GSO,../../data/depthanything/moge_dataset/GSO/Hasbro_Dont_Wake_Daddy_Board_Game_NJnjGna4u1a/image.png
341,341,../../data/moge_dataset/GSO/Hasbro_Life_Board_Game/image.jpg,../../data/moge_dataset/GSO/Hasbro_Life_Board_Game/depth.png,../../data/moge_dataset/GSO/Hasbro_Life_Board_Game/meta.json,GSO,../../data/depthanything/moge_dataset/GSO/Hasbro_Life_Board_Game/image.png
342,342,../../data/moge_dataset/GSO/Hasbro_Monopoly_Hotels_Game/image.jpg,../../data/moge_dataset/GSO/Hasbro_Monopoly_Hotels_Game/depth.png,../../data/moge_dataset/GSO/Hasbro_Monopoly_Hotels_Game/meta.json,GSO,../../data/depthanything/moge_dataset/GSO/Hasbro_Monopoly_Hotels_Game/image.png
343,343,../../data/moge_dataset/GSO/Hasbro_Trivial_Pursuit_Family_Edition_Game/image.jpg,../../data/moge_dataset/GSO/Hasbro_Trivial_Pursuit_Family_Edition_Game/depth.png,../../data/moge_dataset/GSO/Hasbro_Trivial_Pursuit_Family_Edition_Game/meta.json,GSO,../../data/depthanything/moge_dataset/GSO/Hasbro_Trivial_Pursuit_Family_Edition_Game/image.png
344,344,../../data/moge_dataset/GSO/HeavyDuty_Flashlight/image.jpg,../../data/moge_dataset/GSO/HeavyDuty_Flashlight/depth.png,../../data/moge_dataset/GSO/HeavyDuty_Flashlight/meta.json,GSO,../../data/depthanything/moge_dataset/GSO/HeavyDuty_Flashlight/image.png
345,345,../../data/moge_dataset/GSO/Hefty_Waste_Basket_Decorative_Bronze_85_liter/image.jpg,../../data/moge_dataset/GSO/Hefty_Waste_Basket_Decorative_Bronze_85_liter/depth.png,../../data/moge_dataset/GSO/Hefty_Waste_Basket_Decorative_Bronze_85_liter/meta.json,GSO,../../data/depthanything/moge_dataset/GSO/Hefty_Waste_Basket_Decorative_Bronze_85_liter/image.png
346,346,../../data/moge_dataset/GSO/Hey_You_Pikachu_Nintendo_64/image.jpg,../../data/moge_dataset/GSO/Hey_You_Pikachu_Nintendo_64/depth.png,../../data/moge_dataset/GSO/Hey_You_Pikachu_Nintendo_64/meta.json,GSO,../../data/depthanything/moge_dataset/GSO/Hey_You_Pikachu_Nintendo_64/image.png
347,347,../../data/moge_dataset/GSO/Hilary/image.jpg,../../data/moge_dataset/GSO/Hilary/depth.png,../../data/moge_dataset/GSO/Hilary/meta.json,GSO,../../data/depthanything/moge_dataset/GSO/Hilary/image.png
348,348,../../data/moge_dataset/GSO/Home_Fashions_Washcloth_Linen/image.jpg,../../data/moge_dataset/GSO/Home_Fashions_Washcloth_Linen/depth.png,../../data/moge_dataset/GSO/Home_Fashions_Washcloth_Linen/meta.json,GSO,../../data/depthanything/moge_dataset/GSO/Home_Fashions_Washcloth_Linen/image.png
349,349,../../data/moge_dataset/GSO/Home_Fashions_Washcloth_Olive_Green/image.jpg,../../data/moge_dataset/GSO/Home_Fashions_Washcloth_Olive_Green/depth.png,../../data/moge_dataset/GSO/Home_Fashions_Washcloth_Olive_Green/meta.json,GSO,../../data/depthanything/moge_dataset/GSO/Home_Fashions_Washcloth_Olive_Green/image.png
350,350,../../data/moge_dataset/GSO/Horse_Dreams_Pencil_Case/image.jpg,../../data/moge_dataset/GSO/Horse_Dreams_Pencil_Case/depth.png,../../data/moge_dataset/GSO/Horse_Dreams_Pencil_Case/meta.json,GSO,../../data/depthanything/moge_dataset/GSO/Horse_Dreams_Pencil_Case/image.png
351,351,../../data/moge_dataset/GSO/Horses_in_Pink_Pencil_Case/image.jpg,../../data/moge_dataset/GSO/Horses_in_Pink_Pencil_Case/depth.png,../../data/moge_dataset/GSO/Horses_in_Pink_Pencil_Case/meta.json,GSO,../../data/depthanything/moge_dataset/GSO/Horses_in_Pink_Pencil_Case/image.png
352,352,../../data/moge_dataset/GSO/House_of_Cards_The_Complete_First_Season_4_Discs_DVD/image.jpg,../../data/moge_dataset/GSO/House_of_Cards_The_Complete_First_Season_4_Discs_DVD/depth.png,../../data/moge_dataset/GSO/House_of_Cards_The_Complete_First_Season_4_Discs_DVD/meta.json,GSO,../../data/depthanything/moge_dataset/GSO/House_of_Cards_The_Complete_First_Season_4_Discs_DVD/image.png
353,353,../../data/moge_dataset/GSO/Hyaluronic_Acid/image.jpg,../../data/moge_dataset/GSO/Hyaluronic_Acid/depth.png,../../data/moge_dataset/GSO/Hyaluronic_Acid/meta.json,GSO,../../data/depthanything/moge_dataset/GSO/Hyaluronic_Acid/image.png
354,354,../../data/moge_dataset/GSO/HyperX_Cloud_II_Headset_Gun_Metal/image.jpg,../../data/moge_dataset/GSO/HyperX_Cloud_II_Headset_Gun_Metal/depth.png,../../data/moge_dataset/GSO/HyperX_Cloud_II_Headset_Gun_Metal/meta.json,GSO,../../data/depthanything/moge_dataset/GSO/HyperX_Cloud_II_Headset_Gun_Metal/image.png
355,355,../../data/moge_dataset/GSO/HyperX_Cloud_II_Headset_Red/image.jpg,../../data/moge_dataset/GSO/HyperX_Cloud_II_Headset_Red/depth.png,../../data/moge_dataset/GSO/HyperX_Cloud_II_Headset_Red/meta.json,GSO,../../data/depthanything/moge_dataset/GSO/HyperX_Cloud_II_Headset_Red/image.png
356,356,../../data/moge_dataset/GSO/INTERNATIONAL_PAPER_Willamette_4_Brown_Bag_500Count/image.jpg,../../data/moge_dataset/GSO/INTERNATIONAL_PAPER_Willamette_4_Brown_Bag_500Count/depth.png,../../data/moge_dataset/GSO/INTERNATIONAL_PAPER_Willamette_4_Brown_Bag_500Count/meta.json,GSO,../../data/depthanything/moge_dataset/GSO/INTERNATIONAL_PAPER_Willamette_4_Brown_Bag_500Count/image.png
357,357,../../data/moge_dataset/GSO/Imaginext_Castle_Ogre/image.jpg,../../data/moge_dataset/GSO/Imaginext_Castle_Ogre/depth.png,../../data/moge_dataset/GSO/Imaginext_Castle_Ogre/meta.json,GSO,../../data/depthanything/moge_dataset/GSO/Imaginext_Castle_Ogre/image.png
358,358,../../data/moge_dataset/GSO/In_Green_Company_Surface_Saver_Ring_10_Terra_Cotta/image.jpg,../../data/moge_dataset/GSO/In_Green_Company_Surface_Saver_Ring_10_Terra_Cotta/depth.png,../../data/moge_dataset/GSO/In_Green_Company_Surface_Saver_Ring_10_Terra_Cotta/meta.json,GSO,../../data/depthanything/moge_dataset/GSO/In_Green_Company_Surface_Saver_Ring_10_Terra_Cotta/image.png
359,359,../../data/moge_dataset/GSO/Inositol/image.jpg,../../data/moge_dataset/GSO/Inositol/depth.png,../../data/moge_dataset/GSO/Inositol/meta.json,GSO,../../data/depthanything/moge_dataset/GSO/Inositol/image.png
360,360,../../data/moge_dataset/GSO/InterDesign_Over_Door/image.jpg,../../data/moge_dataset/GSO/InterDesign_Over_Door/depth.png,../../data/moge_dataset/GSO/InterDesign_Over_Door/meta.json,GSO,../../data/depthanything/moge_dataset/GSO/InterDesign_Over_Door/image.png
361,361,../../data/moge_dataset/GSO/IsoRich_Soy/image.jpg,../../data/moge_dataset/GSO/IsoRich_Soy/depth.png,../../data/moge_dataset/GSO/IsoRich_Soy/meta.json,GSO,../../data/depthanything/moge_dataset/GSO/IsoRich_Soy/image.png
362,362,../../data/moge_dataset/GSO/JA_Henckels_International_Premio_Cutlery_Block_Set_14Piece/image.jpg,../../data/moge_dataset/GSO/JA_Henckels_International_Premio_Cutlery_Block_Set_14Piece/depth.png,../../data/moge_dataset/GSO/JA_Henckels_International_Premio_Cutlery_Block_Set_14Piece/meta.json,GSO,../../data/depthanything/moge_dataset/GSO/JA_Henckels_International_Premio_Cutlery_Block_Set_14Piece/image.png
363,363,../../data/moge_dataset/GSO/JBL_Charge_Speaker_portable_wireless_wired_Green/image.jpg,../../data/moge_dataset/GSO/JBL_Charge_Speaker_portable_wireless_wired_Green/depth.png,../../data/moge_dataset/GSO/JBL_Charge_Speaker_portable_wireless_wired_Green/meta.json,GSO,../../data/depthanything/moge_dataset/GSO/JBL_Charge_Speaker_portable_wireless_wired_Green/image.png
364,364,../../data/moge_dataset/GSO/JS_WINGS_20_BLACK_FLAG/image.jpg,../../data/moge_dataset/GSO/JS_WINGS_20_BLACK_FLAG/depth.png,../../data/moge_dataset/GSO/JS_WINGS_20_BLACK_FLAG/meta.json,GSO,../../data/depthanything/moge_dataset/GSO/JS_WINGS_20_BLACK_FLAG/image.png
365,365,../../data/moge_dataset/GSO/JUICER_SET/image.jpg,../../data/moge_dataset/GSO/JUICER_SET/depth.png,../../data/moge_dataset/GSO/JUICER_SET/meta.json,GSO,../../data/depthanything/moge_dataset/GSO/JUICER_SET/image.png
366,366,../../data/moge_dataset/GSO/JUNGLE_HEIGHT/image.jpg,../../data/moge_dataset/GSO/JUNGLE_HEIGHT/depth.png,../../data/moge_dataset/GSO/JUNGLE_HEIGHT/meta.json,GSO,../../data/depthanything/moge_dataset/GSO/JUNGLE_HEIGHT/image.png
367,367,../../data/moge_dataset/GSO/Jansport_School_Backpack_Blue_Streak/image.jpg,../../data/moge_dataset/GSO/Jansport_School_Backpack_Blue_Streak/depth.png,../../data/moge_dataset/GSO/Jansport_School_Backpack_Blue_Streak/meta.json,GSO,../../data/depthanything/moge_dataset/GSO/Jansport_School_Backpack_Blue_Streak/image.png
368,368,../../data/moge_dataset/GSO/JarroDophilusFOS_Value_Size/image.jpg,../../data/moge_dataset/GSO/JarroDophilusFOS_Value_Size/depth.png,../../data/moge_dataset/GSO/JarroDophilusFOS_Value_Size/meta.json,GSO,../../data/depthanything/moge_dataset/GSO/JarroDophilusFOS_Value_Size/image.png
369,369,../../data/moge_dataset/GSO/JarroSil_Activated_Silicon/image.jpg,../../data/moge_dataset/GSO/JarroSil_Activated_Silicon/depth.png,../../data/moge_dataset/GSO/JarroSil_Activated_Silicon/meta.json,GSO,../../data/depthanything/moge_dataset/GSO/JarroSil_Activated_Silicon/image.png
370,370,../../data/moge_dataset/GSO/JarroSil_Activated_Silicon_5exdZHIeLAp/image.jpg,../../data/moge_dataset/GSO/JarroSil_Activated_Silicon_5exdZHIeLAp/depth.png,../../data/moge_dataset/GSO/JarroSil_Activated_Silicon_5exdZHIeLAp/meta.json,GSO,../../data/depthanything/moge_dataset/GSO/JarroSil_Activated_Silicon_5exdZHIeLAp/image.png
371,371,../../data/moge_dataset/GSO/Jarrow_Formulas_Glucosamine_Hci_Mega_1000_100_ct/image.jpg,../../data/moge_dataset/GSO/Jarrow_Formulas_Glucosamine_Hci_Mega_1000_100_ct/depth.png,../../data/moge_dataset/GSO/Jarrow_Formulas_Glucosamine_Hci_Mega_1000_100_ct/meta.json,GSO,../../data/depthanything/moge_dataset/GSO/Jarrow_Formulas_Glucosamine_Hci_Mega_1000_100_ct/image.png
372,372,../../data/moge_dataset/GSO/Jarrow_Glucosamine_Chondroitin_Combination_120_Caps/image.jpg,../../data/moge_dataset/GSO/Jarrow_Glucosamine_Chondroitin_Combination_120_Caps/depth.png,../../data/moge_dataset/GSO/Jarrow_Glucosamine_Chondroitin_Combination_120_Caps/meta.json,GSO,../../data/depthanything/moge_dataset/GSO/Jarrow_Glucosamine_Chondroitin_Combination_120_Caps/image.png
373,373,../../data/moge_dataset/GSO/Jawbone_UP24_Wireless_Activity_Tracker_Pink_Coral_L/image.jpg,../../data/moge_dataset/GSO/Jawbone_UP24_Wireless_Activity_Tracker_Pink_Coral_L/depth.png,../../data/moge_dataset/GSO/Jawbone_UP24_Wireless_Activity_Tracker_Pink_Coral_L/meta.json,GSO,../../data/depthanything/moge_dataset/GSO/Jawbone_UP24_Wireless_Activity_Tracker_Pink_Coral_L/image.png
374,374,../../data/moge_dataset/GSO/Just_For_Men_Mustache_Beard_Brushin_Hair_Color_Gel_Kit_Jet_Black_M60/image.jpg,../../data/moge_dataset/GSO/Just_For_Men_Mustache_Beard_Brushin_Hair_Color_Gel_Kit_Jet_Black_M60/depth.png,../../data/moge_dataset/GSO/Just_For_Men_Mustache_Beard_Brushin_Hair_Color_Gel_Kit_Jet_Black_M60/meta.json,GSO,../../data/depthanything/moge_dataset/GSO/Just_For_Men_Mustache_Beard_Brushin_Hair_Color_Gel_Kit_Jet_Black_M60/image.png
375,375,../../data/moge_dataset/GSO/Just_For_Men_Mustache_Beard_Brushin_Hair_Color_Gel_MediumDark_Brown_M40/image.jpg,../../data/moge_dataset/GSO/Just_For_Men_Mustache_Beard_Brushin_Hair_Color_Gel_MediumDark_Brown_M40/depth.png,../../data/moge_dataset/GSO/Just_For_Men_Mustache_Beard_Brushin_Hair_Color_Gel_MediumDark_Brown_M40/meta.json,GSO,../../data/depthanything/moge_dataset/GSO/Just_For_Men_Mustache_Beard_Brushin_Hair_Color_Gel_MediumDark_Brown_M40/image.png
376,376,../../data/moge_dataset/GSO/Just_For_Men_ShampooIn_Haircolor_Jet_Black_60/image.jpg,../../data/moge_dataset/GSO/Just_For_Men_ShampooIn_Haircolor_Jet_Black_60/depth.png,../../data/moge_dataset/GSO/Just_For_Men_ShampooIn_Haircolor_Jet_Black_60/meta.json,GSO,../../data/depthanything/moge_dataset/GSO/Just_For_Men_ShampooIn_Haircolor_Jet_Black_60/image.png
377,377,../../data/moge_dataset/GSO/Just_For_Men_ShampooIn_Haircolor_Light_Brown_25/image.jpg,../../data/moge_dataset/GSO/Just_For_Men_ShampooIn_Haircolor_Light_Brown_25/depth.png,../../data/moge_dataset/GSO/Just_For_Men_ShampooIn_Haircolor_Light_Brown_25/meta.json,GSO,../../data/depthanything/moge_dataset/GSO/Just_For_Men_ShampooIn_Haircolor_Light_Brown_25/image.png
378,378,../../data/moge_dataset/GSO/Just_For_Men_Shampoo_In_Haircolor_Darkest_Brown_50/image.jpg,../../data/moge_dataset/GSO/Just_For_Men_Shampoo_In_Haircolor_Darkest_Brown_50/depth.png,../../data/moge_dataset/GSO/Just_For_Men_Shampoo_In_Haircolor_Darkest_Brown_50/meta.json,GSO,../../data/depthanything/moge_dataset/GSO/Just_For_Men_Shampoo_In_Haircolor_Darkest_Brown_50/image.png
379,379,../../data/moge_dataset/GSO/Justified_The_Complete_Fourth_Season_3_Discs_DVD/image.jpg,../../data/moge_dataset/GSO/Justified_The_Complete_Fourth_Season_3_Discs_DVD/depth.png,../../data/moge_dataset/GSO/Justified_The_Complete_Fourth_Season_3_Discs_DVD/meta.json,GSO,../../data/depthanything/moge_dataset/GSO/Justified_The_Complete_Fourth_Season_3_Discs_DVD/image.png
380,380,../../data/moge_dataset/GSO/KID_ROOM_FURNITURE_SET_1/image.jpg,../../data/moge_dataset/GSO/KID_ROOM_FURNITURE_SET_1/depth.png,../../data/moge_dataset/GSO/KID_ROOM_FURNITURE_SET_1/meta.json,GSO,../../data/depthanything/moge_dataset/GSO/KID_ROOM_FURNITURE_SET_1/image.png
381,381,../../data/moge_dataset/GSO/KITCHEN_FURNITURE_SET_1/image.jpg,../../data/moge_dataset/GSO/KITCHEN_FURNITURE_SET_1/depth.png,../../data/moge_dataset/GSO/KITCHEN_FURNITURE_SET_1/meta.json,GSO,../../data/depthanything/moge_dataset/GSO/KITCHEN_FURNITURE_SET_1/image.png
382,382,../../data/moge_dataset/GSO/KITCHEN_SET_CLASSIC_40HwCHfeG0H/image.jpg,../../data/moge_dataset/GSO/KITCHEN_SET_CLASSIC_40HwCHfeG0H/depth.png,../../data/moge_dataset/GSO/KITCHEN_SET_CLASSIC_40HwCHfeG0H/meta.json,GSO,../../data/depthanything/moge_dataset/GSO/KITCHEN_SET_CLASSIC_40HwCHfeG0H/image.png
383,383,../../data/moge_dataset/GSO/KS_Chocolate_Cube_Box_Assortment_By_Neuhaus_2010_Ounces/image.jpg,../../data/moge_dataset/GSO/KS_Chocolate_Cube_Box_Assortment_By_Neuhaus_2010_Ounces/depth.png,../../data/moge_dataset/GSO/KS_Chocolate_Cube_Box_Assortment_By_Neuhaus_2010_Ounces/meta.json,GSO,../../data/depthanything/moge_dataset/GSO/KS_Chocolate_Cube_Box_Assortment_By_Neuhaus_2010_Ounces/image.png
384,384,../../data/moge_dataset/GSO/Kanex_MultiSync_Wireless_Keyboard/image.jpg,../../data/moge_dataset/GSO/Kanex_MultiSync_Wireless_Keyboard/depth.png,../../data/moge_dataset/GSO/Kanex_MultiSync_Wireless_Keyboard/meta.json,GSO,../../data/depthanything/moge_dataset/GSO/Kanex_MultiSync_Wireless_Keyboard/image.png
385,385,../../data/moge_dataset/GSO/Kid_Icarus_Uprising_Nintendo_3DS_Game/image.jpg,../../data/moge_dataset/GSO/Kid_Icarus_Uprising_Nintendo_3DS_Game/depth.png,../../data/moge_dataset/GSO/Kid_Icarus_Uprising_Nintendo_3DS_Game/meta.json,GSO,../../data/depthanything/moge_dataset/GSO/Kid_Icarus_Uprising_Nintendo_3DS_Game/image.png
386,386,../../data/moge_dataset/GSO/Kingston_DT4000MR_G2_Management_Ready_USB_64GB/image.jpg,../../data/moge_dataset/GSO/Kingston_DT4000MR_G2_Management_Ready_USB_64GB/depth.png,../../data/moge_dataset/GSO/Kingston_DT4000MR_G2_Management_Ready_USB_64GB/meta.json,GSO,../../data/depthanything/moge_dataset/GSO/Kingston_DT4000MR_G2_Management_Ready_USB_64GB/image.png
387,387,../../data/moge_dataset/GSO/Kong_Puppy_Teething_Rubber_Small_Pink/image.jpg,../../data/moge_dataset/GSO/Kong_Puppy_Teething_Rubber_Small_Pink/depth.png,../../data/moge_dataset/GSO/Kong_Puppy_Teething_Rubber_Small_Pink/meta.json,GSO,../../data/depthanything/moge_dataset/GSO/Kong_Puppy_Teething_Rubber_Small_Pink/image.png
388,388,../../data/moge_dataset/GSO/Kotex_U_Barely_There_Liners_Thin_60_count/image.jpg,../../data/moge_dataset/GSO/Kotex_U_Barely_There_Liners_Thin_60_count/depth.png,../../data/moge_dataset/GSO/Kotex_U_Barely_There_Liners_Thin_60_count/meta.json,GSO,../../data/depthanything/moge_dataset/GSO/Kotex_U_Barely_There_Liners_Thin_60_count/image.png
389,389,../../data/moge_dataset/GSO/Kotex_U_Tween_Pads_16_pads/image.jpg,../../data/moge_dataset/GSO/Kotex_U_Tween_Pads_16_pads/depth.png,../../data/moge_dataset/GSO/Kotex_U_Tween_Pads_16_pads/meta.json,GSO,../../data/depthanything/moge_dataset/GSO/Kotex_U_Tween_Pads_16_pads/image.png
390,390,../../data/moge_dataset/GSO/Kotobuki_Saucer_Dragon_Fly/image.jpg,../../data/moge_dataset/GSO/Kotobuki_Saucer_Dragon_Fly/depth.png,../../data/moge_dataset/GSO/Kotobuki_Saucer_Dragon_Fly/meta.json,GSO,../../data/depthanything/moge_dataset/GSO/Kotobuki_Saucer_Dragon_Fly/image.png
391,391,../../data/moge_dataset/GSO/Krill_Oil/image.jpg,../../data/moge_dataset/GSO/Krill_Oil/depth.png,../../data/moge_dataset/GSO/Krill_Oil/meta.json,GSO,../../data/depthanything/moge_dataset/GSO/Krill_Oil/image.png
392,392,../../data/moge_dataset/GSO/LACING_SHEEP/image.jpg,../../data/moge_dataset/GSO/LACING_SHEEP/depth.png,../../data/moge_dataset/GSO/LACING_SHEEP/meta.json,GSO,../../data/depthanything/moge_dataset/GSO/LACING_SHEEP/image.png
393,393,../../data/moge_dataset/GSO/LADYBUG_BEAD/image.jpg,../../data/moge_dataset/GSO/LADYBUG_BEAD/depth.png,../../data/moge_dataset/GSO/LADYBUG_BEAD/meta.json,GSO,../../data/depthanything/moge_dataset/GSO/LADYBUG_BEAD/image.png
394,394,../../data/moge_dataset/GSO/LEGO_5887_Dino_Defense_HQ/image.jpg,../../data/moge_dataset/GSO/LEGO_5887_Dino_Defense_HQ/depth.png,../../data/moge_dataset/GSO/LEGO_5887_Dino_Defense_HQ/meta.json,GSO,../../data/depthanything/moge_dataset/GSO/LEGO_5887_Dino_Defense_HQ/image.png
395,395,../../data/moge_dataset/GSO/LEGO_Bricks_More_Creative_Suitcase/image.jpg,../../data/moge_dataset/GSO/LEGO_Bricks_More_Creative_Suitcase/depth.png,../../data/moge_dataset/GSO/LEGO_Bricks_More_Creative_Suitcase/meta.json,GSO,../../data/depthanything/moge_dataset/GSO/LEGO_Bricks_More_Creative_Suitcase/image.png
396,396,../../data/moge_dataset/GSO/LEGO_City_Advent_Calendar/image.jpg,../../data/moge_dataset/GSO/LEGO_City_Advent_Calendar/depth.png,../../data/moge_dataset/GSO/LEGO_City_Advent_Calendar/meta.json,GSO,../../data/depthanything/moge_dataset/GSO/LEGO_City_Advent_Calendar/image.png
397,397,../../data/moge_dataset/GSO/LEGO_Creationary_Game/image.jpg,../../data/moge_dataset/GSO/LEGO_Creationary_Game/depth.png,../../data/moge_dataset/GSO/LEGO_Creationary_Game/meta.json,GSO,../../data/depthanything/moge_dataset/GSO/LEGO_Creationary_Game/image.png
398,398,../../data/moge_dataset/GSO/LEGO_Creationary_Game_ZJa163wlWp2/image.jpg,../../data/moge_dataset/GSO/LEGO_Creationary_Game_ZJa163wlWp2/depth.png,../../data/moge_dataset/GSO/LEGO_Creationary_Game_ZJa163wlWp2/meta.json,GSO,../../data/depthanything/moge_dataset/GSO/LEGO_Creationary_Game_ZJa163wlWp2/image.png
399,399,../../data/moge_dataset/GSO/LEGO_Duplo_Build_and_Play_Box_4629/image.jpg,../../data/moge_dataset/GSO/LEGO_Duplo_Build_and_Play_Box_4629/depth.png,../../data/moge_dataset/GSO/LEGO_Duplo_Build_and_Play_Box_4629/meta.json,GSO,../../data/depthanything/moge_dataset/GSO/LEGO_Duplo_Build_and_Play_Box_4629/image.png
400,400,../../data/moge_dataset/GSO/LEGO_Duplo_Creative_Animals_10573/image.jpg,../../data/moge_dataset/GSO/LEGO_Duplo_Creative_Animals_10573/depth.png,../../data/moge_dataset/GSO/LEGO_Duplo_Creative_Animals_10573/meta.json,GSO,../../data/depthanything/moge_dataset/GSO/LEGO_Duplo_Creative_Animals_10573/image.png
401,401,../../data/moge_dataset/GSO/LEGO_Fusion_Set_Town_Master/image.jpg,../../data/moge_dataset/GSO/LEGO_Fusion_Set_Town_Master/depth.png,../../data/moge_dataset/GSO/LEGO_Fusion_Set_Town_Master/meta.json,GSO,../../data/depthanything/moge_dataset/GSO/LEGO_Fusion_Set_Town_Master/image.png
402,402,../../data/moge_dataset/GSO/LEGO_Star_Wars_Advent_Calendar/image.jpg,../../data/moge_dataset/GSO/LEGO_Star_Wars_Advent_Calendar/depth.png,../../data/moge_dataset/GSO/LEGO_Star_Wars_Advent_Calendar/meta.json,GSO,../../data/depthanything/moge_dataset/GSO/LEGO_Star_Wars_Advent_Calendar/image.png
403,403,../../data/moge_dataset/GSO/LEUCIPPUS_ADIPURE/image.jpg,../../data/moge_dataset/GSO/LEUCIPPUS_ADIPURE/depth.png,../../data/moge_dataset/GSO/LEUCIPPUS_ADIPURE/meta.json,GSO,../../data/depthanything/moge_dataset/GSO/LEUCIPPUS_ADIPURE/image.png
404,404,../../data/moge_dataset/GSO/LTyrosine/image.jpg,../../data/moge_dataset/GSO/LTyrosine/depth.png,../../data/moge_dataset/GSO/LTyrosine/meta.json,GSO,../../data/depthanything/moge_dataset/GSO/LTyrosine/image.png
405,405,../../data/moge_dataset/GSO/Lactoferrin/image.jpg,../../data/moge_dataset/GSO/Lactoferrin/depth.png,../../data/moge_dataset/GSO/Lactoferrin/meta.json,GSO,../../data/depthanything/moge_dataset/GSO/Lactoferrin/image.png
406,406,../../data/moge_dataset/GSO/Lalaloopsy_Peanut_Big_Top_Tricycle/image.jpg,../../data/moge_dataset/GSO/Lalaloopsy_Peanut_Big_Top_Tricycle/depth.png,../../data/moge_dataset/GSO/Lalaloopsy_Peanut_Big_Top_Tricycle/meta.json,GSO,../../data/depthanything/moge_dataset/GSO/Lalaloopsy_Peanut_Big_Top_Tricycle/image.png
407,407,../../data/moge_dataset/GSO/Lavender_Snake_Tieks_Snake_Print_Ballet_Flats/image.jpg,../../data/moge_dataset/GSO/Lavender_Snake_Tieks_Snake_Print_Ballet_Flats/depth.png,../../data/moge_dataset/GSO/Lavender_Snake_Tieks_Snake_Print_Ballet_Flats/meta.json,GSO,../../data/depthanything/moge_dataset/GSO/Lavender_Snake_Tieks_Snake_Print_Ballet_Flats/image.png
408,408,../../data/moge_dataset/GSO/Leap_Frog_Paint_Dabber_Dot_Art_5_paint_bottles/image.jpg,../../data/moge_dataset/GSO/Leap_Frog_Paint_Dabber_Dot_Art_5_paint_bottles/depth.png,../../data/moge_dataset/GSO/Leap_Frog_Paint_Dabber_Dot_Art_5_paint_bottles/meta.json,GSO,../../data/depthanything/moge_dataset/GSO/Leap_Frog_Paint_Dabber_Dot_Art_5_paint_bottles/image.png
409,409,../../data/moge_dataset/GSO/Lego_Friends_Advent_Calendar/image.jpg,../../data/moge_dataset/GSO/Lego_Friends_Advent_Calendar/depth.png,../../data/moge_dataset/GSO/Lego_Friends_Advent_Calendar/meta.json,GSO,../../data/depthanything/moge_dataset/GSO/Lego_Friends_Advent_Calendar/image.png
410,410,../../data/moge_dataset/GSO/Lego_Friends_Mia/image.jpg,../../data/moge_dataset/GSO/Lego_Friends_Mia/depth.png,../../data/moge_dataset/GSO/Lego_Friends_Mia/meta.json,GSO,../../data/depthanything/moge_dataset/GSO/Lego_Friends_Mia/image.png
411,411,../../data/moge_dataset/GSO/Lenovo_Yoga_2_11/image.jpg,../../data/moge_dataset/GSO/Lenovo_Yoga_2_11/depth.png,../../data/moge_dataset/GSO/Lenovo_Yoga_2_11/meta.json,GSO,../../data/depthanything/moge_dataset/GSO/Lenovo_Yoga_2_11/image.png
412,412,../../data/moge_dataset/GSO/Little_Big_Planet_3_Plush_Edition/image.jpg,../../data/moge_dataset/GSO/Little_Big_Planet_3_Plush_Edition/depth.png,../../data/moge_dataset/GSO/Little_Big_Planet_3_Plush_Edition/meta.json,GSO,../../data/depthanything/moge_dataset/GSO/Little_Big_Planet_3_Plush_Edition/image.png
413,413,../../data/moge_dataset/GSO/Little_Debbie_Chocolate_Cupcakes_8_ct/image.jpg,../../data/moge_dataset/GSO/Little_Debbie_Chocolate_Cupcakes_8_ct/depth.png,../../data/moge_dataset/GSO/Little_Debbie_Chocolate_Cupcakes_8_ct/meta.json,GSO,../../data/depthanything/moge_dataset/GSO/Little_Debbie_Chocolate_Cupcakes_8_ct/image.png
414,414,../../data/moge_dataset/GSO/Little_Debbie_Cloud_Cakes_10_ct/image.jpg,../../data/moge_dataset/GSO/Little_Debbie_Cloud_Cakes_10_ct/depth.png,../../data/moge_dataset/GSO/Little_Debbie_Cloud_Cakes_10_ct/meta.json,GSO,../../data/depthanything/moge_dataset/GSO/Little_Debbie_Cloud_Cakes_10_ct/image.png
415,415,../../data/moge_dataset/GSO/Little_Debbie_Donut_Sticks_6_cake_donuts_10_oz_total/image.jpg,../../data/moge_dataset/GSO/Little_Debbie_Donut_Sticks_6_cake_donuts_10_oz_total/depth.png,../../data/moge_dataset/GSO/Little_Debbie_Donut_Sticks_6_cake_donuts_10_oz_total/meta.json,GSO,../../data/depthanything/moge_dataset/GSO/Little_Debbie_Donut_Sticks_6_cake_donuts_10_oz_total/image.png
416,416,../../data/moge_dataset/GSO/Little_House_on_the_Prairie_Season_Two_5_Discs_Includes_Digital/image.jpg,../../data/moge_dataset/GSO/Little_House_on_the_Prairie_Season_Two_5_Discs_Includes_Digital/depth.png,../../data/moge_dataset/GSO/Little_House_on_the_Prairie_Season_Two_5_Discs_Includes_Digital/meta.json,GSO,../../data/depthanything/moge_dataset/GSO/Little_House_on_the_Prairie_Season_Two_5_Discs_Includes_Digital/image.png
417,417,../../data/moge_dataset/GSO/Logitech_Ultimate_Ears_Boom_Wireless_Speaker_Night_Black/image.jpg,../../data/moge_dataset/GSO/Logitech_Ultimate_Ears_Boom_Wireless_Speaker_Night_Black/depth.png,../../data/moge_dataset/GSO/Logitech_Ultimate_Ears_Boom_Wireless_Speaker_Night_Black/meta.json,GSO,../../data/depthanything/moge_dataset/GSO/Logitech_Ultimate_Ears_Boom_Wireless_Speaker_Night_Black/image.png
418,418,../../data/moge_dataset/GSO/Lovable_Huggable_Cuddly_Boutique_Teddy_Bear_Beige/image.jpg,../../data/moge_dataset/GSO/Lovable_Huggable_Cuddly_Boutique_Teddy_Bear_Beige/depth.png,../../data/moge_dataset/GSO/Lovable_Huggable_Cuddly_Boutique_Teddy_Bear_Beige/meta.json,GSO,../../data/depthanything/moge_dataset/GSO/Lovable_Huggable_Cuddly_Boutique_Teddy_Bear_Beige/image.png
419,419,../../data/moge_dataset/GSO/Lovestruck_Tieks_Glittery_Rose_Gold_Italian_Leather_Ballet_Flats/image.jpg,../../data/moge_dataset/GSO/Lovestruck_Tieks_Glittery_Rose_Gold_Italian_Leather_Ballet_Flats/depth.png,../../data/moge_dataset/GSO/Lovestruck_Tieks_Glittery_Rose_Gold_Italian_Leather_Ballet_Flats/meta.json,GSO,../../data/depthanything/moge_dataset/GSO/Lovestruck_Tieks_Glittery_Rose_Gold_Italian_Leather_Ballet_Flats/image.png
420,420,../../data/moge_dataset/GSO/Luigis_Mansion_Dark_Moon_Nintendo_3DS_Game/image.jpg,../../data/moge_dataset/GSO/Luigis_Mansion_Dark_Moon_Nintendo_3DS_Game/depth.png,../../data/moge_dataset/GSO/Luigis_Mansion_Dark_Moon_Nintendo_3DS_Game/meta.json,GSO,../../data/depthanything/moge_dataset/GSO/Luigis_Mansion_Dark_Moon_Nintendo_3DS_Game/image.png
421,421,../../data/moge_dataset/GSO/Lutein/image.jpg,../../data/moge_dataset/GSO/Lutein/depth.png,../../data/moge_dataset/GSO/Lutein/meta.json,GSO,../../data/depthanything/moge_dataset/GSO/Lutein/image.png
422,422,../../data/moge_dataset/GSO/MARTIN_WEDGE_LACE_BOOT/image.jpg,../../data/moge_dataset/GSO/MARTIN_WEDGE_LACE_BOOT/depth.png,../../data/moge_dataset/GSO/MARTIN_WEDGE_LACE_BOOT/meta.json,GSO,../../data/depthanything/moge_dataset/GSO/MARTIN_WEDGE_LACE_BOOT/image.png
423,423,../../data/moge_dataset/GSO/MEAT_SET/image.jpg,../../data/moge_dataset/GSO/MEAT_SET/depth.png,../../data/moge_dataset/GSO/MEAT_SET/meta.json,GSO,../../data/depthanything/moge_dataset/GSO/MEAT_SET/image.png
424,424,../../data/moge_dataset/GSO/MINI_EXCAVATOR/image.jpg,../../data/moge_dataset/GSO/MINI_EXCAVATOR/depth.png,../../data/moge_dataset/GSO/MINI_EXCAVATOR/meta.json,GSO,../../data/depthanything/moge_dataset/GSO/MINI_EXCAVATOR/image.png
425,425,../../data/moge_dataset/GSO/MINI_FIRE_ENGINE/image.jpg,../../data/moge_dataset/GSO/MINI_FIRE_ENGINE/depth.png,../../data/moge_dataset/GSO/MINI_FIRE_ENGINE/meta.json,GSO,../../data/depthanything/moge_dataset/GSO/MINI_FIRE_ENGINE/image.png
426,426,../../data/moge_dataset/GSO/MINI_ROLLER/image.jpg,../../data/moge_dataset/GSO/MINI_ROLLER/depth.png,../../data/moge_dataset/GSO/MINI_ROLLER/meta.json,GSO,../../data/depthanything/moge_dataset/GSO/MINI_ROLLER/image.png
427,427,../../data/moge_dataset/GSO/MIRACLE_POUNDING/image.jpg,../../data/moge_dataset/GSO/MIRACLE_POUNDING/depth.png,../../data/moge_dataset/GSO/MIRACLE_POUNDING/meta.json,GSO,../../data/depthanything/moge_dataset/GSO/MIRACLE_POUNDING/image.png
428,428,../../data/moge_dataset/GSO/MK7/image.jpg,../../data/moge_dataset/GSO/MK7/depth.png,../../data/moge_dataset/GSO/MK7/meta.json,GSO,../../data/depthanything/moge_dataset/GSO/MK7/image.png
429,429,../../data/moge_dataset/GSO/MODERN_DOLL_FAMILY/image.jpg,../../data/moge_dataset/GSO/MODERN_DOLL_FAMILY/depth.png,../../data/moge_dataset/GSO/MODERN_DOLL_FAMILY/meta.json,GSO,../../data/depthanything/moge_dataset/GSO/MODERN_DOLL_FAMILY/image.png
430,430,../../data/moge_dataset/GSO/MONKEY_BOWLING/image.jpg,../../data/moge_dataset/GSO/MONKEY_BOWLING/depth.png,../../data/moge_dataset/GSO/MONKEY_BOWLING/meta.json,GSO,../../data/depthanything/moge_dataset/GSO/MONKEY_BOWLING/image.png
431,431,../../data/moge_dataset/GSO/MOSAIC/image.jpg,../../data/moge_dataset/GSO/MOSAIC/depth.png,../../data/moge_dataset/GSO/MOSAIC/meta.json,GSO,../../data/depthanything/moge_dataset/GSO/MOSAIC/image.png
432,432,../../data/moge_dataset/GSO/MOVING_MOUSE_PW_6PCSSET/image.jpg,../../data/moge_dataset/GSO/MOVING_MOUSE_PW_6PCSSET/depth.png,../../data/moge_dataset/GSO/MOVING_MOUSE_PW_6PCSSET/meta.json,GSO,../../data/depthanything/moge_dataset/GSO/MOVING_MOUSE_PW_6PCSSET/image.png
433,433,../../data/moge_dataset/GSO/MY_MOOD_MEMO/image.jpg,../../data/moge_dataset/GSO/MY_MOOD_MEMO/depth.png,../../data/moge_dataset/GSO/MY_MOOD_MEMO/meta.json,GSO,../../data/depthanything/moge_dataset/GSO/MY_MOOD_MEMO/image.png
434,434,../../data/moge_dataset/GSO/Mad_Gab_Refresh_Card_Game/image.jpg,../../data/moge_dataset/GSO/Mad_Gab_Refresh_Card_Game/depth.png,../../data/moge_dataset/GSO/Mad_Gab_Refresh_Card_Game/meta.json,GSO,../../data/depthanything/moge_dataset/GSO/Mad_Gab_Refresh_Card_Game/image.png
435,435,../../data/moge_dataset/GSO/Magnifying_Glassassrt/image.jpg,../../data/moge_dataset/GSO/Magnifying_Glassassrt/depth.png,../../data/moge_dataset/GSO/Magnifying_Glassassrt/meta.json,GSO,../../data/depthanything/moge_dataset/GSO/Magnifying_Glassassrt/image.png
436,436,../../data/moge_dataset/GSO/Marc_Anthony_Skip_Professional_Oil_of_Morocco_Conditioner_with_Argan_Oil/image.jpg,../../data/moge_dataset/GSO/Marc_Anthony_Skip_Professional_Oil_of_Morocco_Conditioner_with_Argan_Oil/depth.png,../../data/moge_dataset/GSO/Marc_Anthony_Skip_Professional_Oil_of_Morocco_Conditioner_with_Argan_Oil/meta.json,GSO,../../data/depthanything/moge_dataset/GSO/Marc_Anthony_Skip_Professional_Oil_of_Morocco_Conditioner_with_Argan_Oil/image.png
437,437,../../data/moge_dataset/GSO/Marc_Anthony_Strictly_Curls_Curl_Envy_Perfect_Curl_Cream_6_fl_oz_bottle/image.jpg,../../data/moge_dataset/GSO/Marc_Anthony_Strictly_Curls_Curl_Envy_Perfect_Curl_Cream_6_fl_oz_bottle/depth.png,../../data/moge_dataset/GSO/Marc_Anthony_Strictly_Curls_Curl_Envy_Perfect_Curl_Cream_6_fl_oz_bottle/meta.json,GSO,../../data/depthanything/moge_dataset/GSO/Marc_Anthony_Strictly_Curls_Curl_Envy_Perfect_Curl_Cream_6_fl_oz_bottle/image.png
438,438,../../data/moge_dataset/GSO/Marc_Anthony_True_Professional_Oil_of_Morocco_Argan_Oil_Treatment/image.jpg,../../data/moge_dataset/GSO/Marc_Anthony_True_Professional_Oil_of_Morocco_Argan_Oil_Treatment/depth.png,../../data/moge_dataset/GSO/Marc_Anthony_True_Professional_Oil_of_Morocco_Argan_Oil_Treatment/meta.json,GSO,../../data/depthanything/moge_dataset/GSO/Marc_Anthony_True_Professional_Oil_of_Morocco_Argan_Oil_Treatment/image.png
439,439,../../data/moge_dataset/GSO/Marc_Anthony_True_Professional_Strictly_Curls_Curl_Defining_Lotion/image.jpg,../../data/moge_dataset/GSO/Marc_Anthony_True_Professional_Strictly_Curls_Curl_Defining_Lotion/depth.png,../../data/moge_dataset/GSO/Marc_Anthony_True_Professional_Strictly_Curls_Curl_Defining_Lotion/meta.json,GSO,../../data/depthanything/moge_dataset/GSO/Marc_Anthony_True_Professional_Strictly_Curls_Curl_Defining_Lotion/image.png
440,440,../../data/moge_dataset/GSO/Mario_Luigi_Dream_Team_Nintendo_3DS_Game/image.jpg,../../data/moge_dataset/GSO/Mario_Luigi_Dream_Team_Nintendo_3DS_Game/depth.png,../../data/moge_dataset/GSO/Mario_Luigi_Dream_Team_Nintendo_3DS_Game/meta.json,GSO,../../data/depthanything/moge_dataset/GSO/Mario_Luigi_Dream_Team_Nintendo_3DS_Game/image.png
441,441,../../data/moge_dataset/GSO/Mario_Party_9_Wii_Game/image.jpg,../../data/moge_dataset/GSO/Mario_Party_9_Wii_Game/depth.png,../../data/moge_dataset/GSO/Mario_Party_9_Wii_Game/meta.json,GSO,../../data/depthanything/moge_dataset/GSO/Mario_Party_9_Wii_Game/image.png
442,442,../../data/moge_dataset/GSO/Markings_Desk_Caddy/image.jpg,../../data/moge_dataset/GSO/Markings_Desk_Caddy/depth.png,../../data/moge_dataset/GSO/Markings_Desk_Caddy/meta.json,GSO,../../data/depthanything/moge_dataset/GSO/Markings_Desk_Caddy/image.png
443,443,../../data/moge_dataset/GSO/Markings_Letter_Holder/image.jpg,../../data/moge_dataset/GSO/Markings_Letter_Holder/depth.png,../../data/moge_dataset/GSO/Markings_Letter_Holder/meta.json,GSO,../../data/depthanything/moge_dataset/GSO/Markings_Letter_Holder/image.png
444,444,../../data/moge_dataset/GSO/Marvel_Avengers_Titan_Hero_Series_Doctor_Doom/image.jpg,../../data/moge_dataset/GSO/Marvel_Avengers_Titan_Hero_Series_Doctor_Doom/depth.png,../../data/moge_dataset/GSO/Marvel_Avengers_Titan_Hero_Series_Doctor_Doom/meta.json,GSO,../../data/depthanything/moge_dataset/GSO/Marvel_Avengers_Titan_Hero_Series_Doctor_Doom/image.png
445,445,../../data/moge_dataset/GSO/Mastic_Gum/image.jpg,../../data/moge_dataset/GSO/Mastic_Gum/depth.png,../../data/moge_dataset/GSO/Mastic_Gum/meta.json,GSO,../../data/depthanything/moge_dataset/GSO/Mastic_Gum/image.png
446,446,../../data/moge_dataset/GSO/Matte_Black_Tieks_Italian_Leather_Ballet_Flats/image.jpg,../../data/moge_dataset/GSO/Matte_Black_Tieks_Italian_Leather_Ballet_Flats/depth.png,../../data/moge_dataset/GSO/Matte_Black_Tieks_Italian_Leather_Ballet_Flats/meta.json,GSO,../../data/depthanything/moge_dataset/GSO/Matte_Black_Tieks_Italian_Leather_Ballet_Flats/image.png
447,447,../../data/moge_dataset/GSO/Mattel_SKIP_BO_Card_Game/image.jpg,../../data/moge_dataset/GSO/Mattel_SKIP_BO_Card_Game/depth.png,../../data/moge_dataset/GSO/Mattel_SKIP_BO_Card_Game/meta.json,GSO,../../data/depthanything/moge_dataset/GSO/Mattel_SKIP_BO_Card_Game/image.png
448,448,../../data/moge_dataset/GSO/Melissa_Doug_Cart_Turtle_Block/image.jpg,../../data/moge_dataset/GSO/Melissa_Doug_Cart_Turtle_Block/depth.png,../../data/moge_dataset/GSO/Melissa_Doug_Cart_Turtle_Block/meta.json,GSO,../../data/depthanything/moge_dataset/GSO/Melissa_Doug_Cart_Turtle_Block/image.png
449,449,../../data/moge_dataset/GSO/Melissa_Doug_Chunky_Puzzle_Vehicles/image.jpg,../../data/moge_dataset/GSO/Melissa_Doug_Chunky_Puzzle_Vehicles/depth.png,../../data/moge_dataset/GSO/Melissa_Doug_Chunky_Puzzle_Vehicles/meta.json,GSO,../../data/depthanything/moge_dataset/GSO/Melissa_Doug_Chunky_Puzzle_Vehicles/image.png
450,450,../../data/moge_dataset/GSO/Melissa_Doug_Felt_Food_Pizza_Set/image.jpg,../../data/moge_dataset/GSO/Melissa_Doug_Felt_Food_Pizza_Set/depth.png,../../data/moge_dataset/GSO/Melissa_Doug_Felt_Food_Pizza_Set/meta.json,GSO,../../data/depthanything/moge_dataset/GSO/Melissa_Doug_Felt_Food_Pizza_Set/image.png
451,451,../../data/moge_dataset/GSO/Melissa_Doug_Jumbo_Knob_Puzzles_Barnyard_Animals/image.jpg,../../data/moge_dataset/GSO/Melissa_Doug_Jumbo_Knob_Puzzles_Barnyard_Animals/depth.png,../../data/moge_dataset/GSO/Melissa_Doug_Jumbo_Knob_Puzzles_Barnyard_Animals/meta.json,GSO,../../data/depthanything/moge_dataset/GSO/Melissa_Doug_Jumbo_Knob_Puzzles_Barnyard_Animals/image.png
452,452,../../data/moge_dataset/GSO/Melissa_Doug_Pattern_Blocks_and_Boards/image.jpg,../../data/moge_dataset/GSO/Melissa_Doug_Pattern_Blocks_and_Boards/depth.png,../../data/moge_dataset/GSO/Melissa_Doug_Pattern_Blocks_and_Boards/meta.json,GSO,../../data/depthanything/moge_dataset/GSO/Melissa_Doug_Pattern_Blocks_and_Boards/image.png
453,453,../../data/moge_dataset/GSO/Melissa_Doug_Pound_and_Roll/image.jpg,../../data/moge_dataset/GSO/Melissa_Doug_Pound_and_Roll/depth.png,../../data/moge_dataset/GSO/Melissa_Doug_Pound_and_Roll/meta.json,GSO,../../data/depthanything/moge_dataset/GSO/Melissa_Doug_Pound_and_Roll/image.png
454,454,../../data/moge_dataset/GSO/Melissa_Doug_See_Spell/image.jpg,../../data/moge_dataset/GSO/Melissa_Doug_See_Spell/depth.png,../../data/moge_dataset/GSO/Melissa_Doug_See_Spell/meta.json,GSO,../../data/depthanything/moge_dataset/GSO/Melissa_Doug_See_Spell/image.png
455,455,../../data/moge_dataset/GSO/Melissa_Doug_Shape_Sorting_Clock/image.jpg,../../data/moge_dataset/GSO/Melissa_Doug_Shape_Sorting_Clock/depth.png,../../data/moge_dataset/GSO/Melissa_Doug_Shape_Sorting_Clock/meta.json,GSO,../../data/depthanything/moge_dataset/GSO/Melissa_Doug_Shape_Sorting_Clock/image.png
456,456,../../data/moge_dataset/GSO/Melissa_Doug_Traffic_Signs_and_Vehicles/image.jpg,../../data/moge_dataset/GSO/Melissa_Doug_Traffic_Signs_and_Vehicles/depth.png,../../data/moge_dataset/GSO/Melissa_Doug_Traffic_Signs_and_Vehicles/meta.json,GSO,../../data/depthanything/moge_dataset/GSO/Melissa_Doug_Traffic_Signs_and_Vehicles/image.png
457,457,../../data/moge_dataset/GSO/Mens_ASV_Billfish_Boat_Shoe_in_Dark_Brown_Leather_zdHVHXueI3w/image.jpg,../../data/moge_dataset/GSO/Mens_ASV_Billfish_Boat_Shoe_in_Dark_Brown_Leather_zdHVHXueI3w/depth.png,../../data/moge_dataset/GSO/Mens_ASV_Billfish_Boat_Shoe_in_Dark_Brown_Leather_zdHVHXueI3w/meta.json,GSO,../../data/depthanything/moge_dataset/GSO/Mens_ASV_Billfish_Boat_Shoe_in_Dark_Brown_Leather_zdHVHXueI3w/image.png
458,458,../../data/moge_dataset/GSO/Mens_ASV_Billfish_Boat_Shoe_in_Tan_Leather_wmUJ5PbwANc/image.jpg,../../data/moge_dataset/GSO/Mens_ASV_Billfish_Boat_Shoe_in_Tan_Leather_wmUJ5PbwANc/depth.png,../../data/moge_dataset/GSO/Mens_ASV_Billfish_Boat_Shoe_in_Tan_Leather_wmUJ5PbwANc/meta.json,GSO,../../data/depthanything/moge_dataset/GSO/Mens_ASV_Billfish_Boat_Shoe_in_Tan_Leather_wmUJ5PbwANc/image.png
459,459,../../data/moge_dataset/GSO/Mens_ASV_Shock_Light_Bungee_in_Light_Grey_xGCOvtLDnQJ/image.jpg,../../data/moge_dataset/GSO/Mens_ASV_Shock_Light_Bungee_in_Light_Grey_xGCOvtLDnQJ/depth.png,../../data/moge_dataset/GSO/Mens_ASV_Shock_Light_Bungee_in_Light_Grey_xGCOvtLDnQJ/meta.json,GSO,../../data/depthanything/moge_dataset/GSO/Mens_ASV_Shock_Light_Bungee_in_Light_Grey_xGCOvtLDnQJ/image.png
460,460,../../data/moge_dataset/GSO/Mens_Authentic_Original_Boat_Shoe_in_Navy_Leather_NHHQddDLQys/image.jpg,../../data/moge_dataset/GSO/Mens_Authentic_Original_Boat_Shoe_in_Navy_Leather_NHHQddDLQys/depth.png,../../data/moge_dataset/GSO/Mens_Authentic_Original_Boat_Shoe_in_Navy_Leather_NHHQddDLQys/meta.json,GSO,../../data/depthanything/moge_dataset/GSO/Mens_Authentic_Original_Boat_Shoe_in_Navy_Leather_NHHQddDLQys/image.png
461,461,../../data/moge_dataset/GSO/Mens_Authentic_Original_Boat_Shoe_in_Navy_Leather_RpT4GvUXRRP/image.jpg,../../data/moge_dataset/GSO/Mens_Authentic_Original_Boat_Shoe_in_Navy_Leather_RpT4GvUXRRP/depth.png,../../data/moge_dataset/GSO/Mens_Authentic_Original_Boat_Shoe_in_Navy_Leather_RpT4GvUXRRP/meta.json,GSO,../../data/depthanything/moge_dataset/GSO/Mens_Authentic_Original_Boat_Shoe_in_Navy_Leather_RpT4GvUXRRP/image.png
462,462,../../data/moge_dataset/GSO/Mens_Authentic_Original_Boat_Shoe_in_Navy_Leather_xgoEcZtRNmH/image.jpg,../../data/moge_dataset/GSO/Mens_Authentic_Original_Boat_Shoe_in_Navy_Leather_xgoEcZtRNmH/depth.png,../../data/moge_dataset/GSO/Mens_Authentic_Original_Boat_Shoe_in_Navy_Leather_xgoEcZtRNmH/meta.json,GSO,../../data/depthanything/moge_dataset/GSO/Mens_Authentic_Original_Boat_Shoe_in_Navy_Leather_xgoEcZtRNmH/image.png
463,463,../../data/moge_dataset/GSO/Mens_Bahama_in_Black_b4ADzYywRHl/image.jpg,../../data/moge_dataset/GSO/Mens_Bahama_in_Black_b4ADzYywRHl/depth.png,../../data/moge_dataset/GSO/Mens_Bahama_in_Black_b4ADzYywRHl/meta.json,GSO,../../data/depthanything/moge_dataset/GSO/Mens_Bahama_in_Black_b4ADzYywRHl/image.png
464,464,../../data/moge_dataset/GSO/Mens_Bahama_in_Khaki_Oyster_xU2jeqYwhQJ/image.jpg,../../data/moge_dataset/GSO/Mens_Bahama_in_Khaki_Oyster_xU2jeqYwhQJ/depth.png,../../data/moge_dataset/GSO/Mens_Bahama_in_Khaki_Oyster_xU2jeqYwhQJ/meta.json,GSO,../../data/depthanything/moge_dataset/GSO/Mens_Bahama_in_Khaki_Oyster_xU2jeqYwhQJ/image.png
465,465,../../data/moge_dataset/GSO/Mens_Bahama_in_White_vSwvGMCo32f/image.jpg,../../data/moge_dataset/GSO/Mens_Bahama_in_White_vSwvGMCo32f/depth.png,../../data/moge_dataset/GSO/Mens_Bahama_in_White_vSwvGMCo32f/meta.json,GSO,../../data/depthanything/moge_dataset/GSO/Mens_Bahama_in_White_vSwvGMCo32f/image.png
466,466,../../data/moge_dataset/GSO/Mens_Billfish_3Eye_Boat_Shoe_in_Dark_Tan_wyns9HRcEuH/image.jpg,../../data/moge_dataset/GSO/Mens_Billfish_3Eye_Boat_Shoe_in_Dark_Tan_wyns9HRcEuH/depth.png,../../data/moge_dataset/GSO/Mens_Billfish_3Eye_Boat_Shoe_in_Dark_Tan_wyns9HRcEuH/meta.json,GSO,../../data/depthanything/moge_dataset/GSO/Mens_Billfish_3Eye_Boat_Shoe_in_Dark_Tan_wyns9HRcEuH/image.png
467,467,../../data/moge_dataset/GSO/Mens_Billfish_Slip_On_in_Coffee_e8bPKE9Lfgo/image.jpg,../../data/moge_dataset/GSO/Mens_Billfish_Slip_On_in_Coffee_e8bPKE9Lfgo/depth.png,../../data/moge_dataset/GSO/Mens_Billfish_Slip_On_in_Coffee_e8bPKE9Lfgo/meta.json,GSO,../../data/depthanything/moge_dataset/GSO/Mens_Billfish_Slip_On_in_Coffee_e8bPKE9Lfgo/image.png
468,468,../../data/moge_dataset/GSO/Mens_Billfish_Slip_On_in_Coffee_nK6AJJAHOae/image.jpg,../../data/moge_dataset/GSO/Mens_Billfish_Slip_On_in_Coffee_nK6AJJAHOae/depth.png,../../data/moge_dataset/GSO/Mens_Billfish_Slip_On_in_Coffee_nK6AJJAHOae/meta.json,GSO,../../data/depthanything/moge_dataset/GSO/Mens_Billfish_Slip_On_in_Coffee_nK6AJJAHOae/image.png
469,469,../../data/moge_dataset/GSO/Mens_Billfish_Slip_On_in_Tan_Beige_aaVUk0tNTv8/image.jpg,../../data/moge_dataset/GSO/Mens_Billfish_Slip_On_in_Tan_Beige_aaVUk0tNTv8/depth.png,../../data/moge_dataset/GSO/Mens_Billfish_Slip_On_in_Tan_Beige_aaVUk0tNTv8/meta.json,GSO,../../data/depthanything/moge_dataset/GSO/Mens_Billfish_Slip_On_in_Tan_Beige_aaVUk0tNTv8/image.png
470,470,../../data/moge_dataset/GSO/Mens_Billfish_Ultra_Lite_Boat_Shoe_in_Dark_Brown_Blue_c6zDZTtRJr6/image.jpg,../../data/moge_dataset/GSO/Mens_Billfish_Ultra_Lite_Boat_Shoe_in_Dark_Brown_Blue_c6zDZTtRJr6/depth.png,../../data/moge_dataset/GSO/Mens_Billfish_Ultra_Lite_Boat_Shoe_in_Dark_Brown_Blue_c6zDZTtRJr6/meta.json,GSO,../../data/depthanything/moge_dataset/GSO/Mens_Billfish_Ultra_Lite_Boat_Shoe_in_Dark_Brown_Blue_c6zDZTtRJr6/image.png
471,471,../../data/moge_dataset/GSO/Mens_Gold_Cup_ASV_2Eye_Boat_Shoe_in_Cognac_Leather/image.jpg,../../data/moge_dataset/GSO/Mens_Gold_Cup_ASV_2Eye_Boat_Shoe_in_Cognac_Leather/depth.png,../../data/moge_dataset/GSO/Mens_Gold_Cup_ASV_2Eye_Boat_Shoe_in_Cognac_Leather/meta.json,GSO,../../data/depthanything/moge_dataset/GSO/Mens_Gold_Cup_ASV_2Eye_Boat_Shoe_in_Cognac_Leather/image.png
472,472,../../data/moge_dataset/GSO/Mens_Gold_Cup_ASV_Capetown_Penny_Loafer_in_Black_EjPnk3E8fCs/image.jpg,../../data/moge_dataset/GSO/Mens_Gold_Cup_ASV_Capetown_Penny_Loafer_in_Black_EjPnk3E8fCs/depth.png,../../data/moge_dataset/GSO/Mens_Gold_Cup_ASV_Capetown_Penny_Loafer_in_Black_EjPnk3E8fCs/meta.json,GSO,../../data/depthanything/moge_dataset/GSO/Mens_Gold_Cup_ASV_Capetown_Penny_Loafer_in_Black_EjPnk3E8fCs/image.png
473,473,../../data/moge_dataset/GSO/Mens_Gold_Cup_ASV_Capetown_Penny_Loafer_in_Black_GkQBKqABeQN/image.jpg,../../data/moge_dataset/GSO/Mens_Gold_Cup_ASV_Capetown_Penny_Loafer_in_Black_GkQBKqABeQN/depth.png,../../data/moge_dataset/GSO/Mens_Gold_Cup_ASV_Capetown_Penny_Loafer_in_Black_GkQBKqABeQN/meta.json,GSO,../../data/depthanything/moge_dataset/GSO/Mens_Gold_Cup_ASV_Capetown_Penny_Loafer_in_Black_GkQBKqABeQN/image.png
474,474,../../data/moge_dataset/GSO/Mens_Gold_Cup_ASV_Dress_Casual_Venetian_in_Dark_Brown_Leather/image.jpg,../../data/moge_dataset/GSO/Mens_Gold_Cup_ASV_Dress_Casual_Venetian_in_Dark_Brown_Leather/depth.png,../../data/moge_dataset/GSO/Mens_Gold_Cup_ASV_Dress_Casual_Venetian_in_Dark_Brown_Leather/meta.json,GSO,../../data/depthanything/moge_dataset/GSO/Mens_Gold_Cup_ASV_Dress_Casual_Venetian_in_Dark_Brown_Leather/image.png
475,475,../../data/moge_dataset/GSO/Mens_Largo_Slip_On_in_Taupe_gooyS417q4R/image.jpg,../../data/moge_dataset/GSO/Mens_Largo_Slip_On_in_Taupe_gooyS417q4R/depth.png,../../data/moge_dataset/GSO/Mens_Largo_Slip_On_in_Taupe_gooyS417q4R/meta.json,GSO,../../data/depthanything/moge_dataset/GSO/Mens_Largo_Slip_On_in_Taupe_gooyS417q4R/image.png
476,476,../../data/moge_dataset/GSO/Mens_Mako_Canoe_Moc_2Eye_Boat_Shoe_in_Coffee_9d05GG33QQQ/image.jpg,../../data/moge_dataset/GSO/Mens_Mako_Canoe_Moc_2Eye_Boat_Shoe_in_Coffee_9d05GG33QQQ/depth.png,../../data/moge_dataset/GSO/Mens_Mako_Canoe_Moc_2Eye_Boat_Shoe_in_Coffee_9d05GG33QQQ/meta.json,GSO,../../data/depthanything/moge_dataset/GSO/Mens_Mako_Canoe_Moc_2Eye_Boat_Shoe_in_Coffee_9d05GG33QQQ/image.png
477,477,../../data/moge_dataset/GSO/Mens_Mako_Canoe_Moc_2Eye_Boat_Shoe_in_Coffee_K9e8FoV73uZ/image.jpg,../../data/moge_dataset/GSO/Mens_Mako_Canoe_Moc_2Eye_Boat_Shoe_in_Coffee_K9e8FoV73uZ/depth.png,../../data/moge_dataset/GSO/Mens_Mako_Canoe_Moc_2Eye_Boat_Shoe_in_Coffee_K9e8FoV73uZ/meta.json,GSO,../../data/depthanything/moge_dataset/GSO/Mens_Mako_Canoe_Moc_2Eye_Boat_Shoe_in_Coffee_K9e8FoV73uZ/image.png
478,478,../../data/moge_dataset/GSO/Mens_Mako_Canoe_Moc_2Eye_Boat_Shoe_in_OysterTaupe_otyRrfvPMiA/image.jpg,../../data/moge_dataset/GSO/Mens_Mako_Canoe_Moc_2Eye_Boat_Shoe_in_OysterTaupe_otyRrfvPMiA/depth.png,../../data/moge_dataset/GSO/Mens_Mako_Canoe_Moc_2Eye_Boat_Shoe_in_OysterTaupe_otyRrfvPMiA/meta.json,GSO,../../data/depthanything/moge_dataset/GSO/Mens_Mako_Canoe_Moc_2Eye_Boat_Shoe_in_OysterTaupe_otyRrfvPMiA/image.png
479,479,../../data/moge_dataset/GSO/Mens_RR_Moc_in_Navy_Suede_vmFfijhBzL3/image.jpg,../../data/moge_dataset/GSO/Mens_RR_Moc_in_Navy_Suede_vmFfijhBzL3/depth.png,../../data/moge_dataset/GSO/Mens_RR_Moc_in_Navy_Suede_vmFfijhBzL3/meta.json,GSO,../../data/depthanything/moge_dataset/GSO/Mens_RR_Moc_in_Navy_Suede_vmFfijhBzL3/image.png
480,480,../../data/moge_dataset/GSO/Mens_Santa_Cruz_Thong_in_Chocolate_La1fo2mAovE/image.jpg,../../data/moge_dataset/GSO/Mens_Santa_Cruz_Thong_in_Chocolate_La1fo2mAovE/depth.png,../../data/moge_dataset/GSO/Mens_Santa_Cruz_Thong_in_Chocolate_La1fo2mAovE/meta.json,GSO,../../data/depthanything/moge_dataset/GSO/Mens_Santa_Cruz_Thong_in_Chocolate_La1fo2mAovE/image.png
481,481,../../data/moge_dataset/GSO/Mens_Santa_Cruz_Thong_in_Chocolate_lvxYW7lek6B/image.jpg,../../data/moge_dataset/GSO/Mens_Santa_Cruz_Thong_in_Chocolate_lvxYW7lek6B/depth.png,../../data/moge_dataset/GSO/Mens_Santa_Cruz_Thong_in_Chocolate_lvxYW7lek6B/meta.json,GSO,../../data/depthanything/moge_dataset/GSO/Mens_Santa_Cruz_Thong_in_Chocolate_lvxYW7lek6B/image.png
482,482,../../data/moge_dataset/GSO/Mens_Santa_Cruz_Thong_in_Tan_r59C69daRPh/image.jpg,../../data/moge_dataset/GSO/Mens_Santa_Cruz_Thong_in_Tan_r59C69daRPh/depth.png,../../data/moge_dataset/GSO/Mens_Santa_Cruz_Thong_in_Tan_r59C69daRPh/meta.json,GSO,../../data/depthanything/moge_dataset/GSO/Mens_Santa_Cruz_Thong_in_Tan_r59C69daRPh/image.png
483,483,../../data/moge_dataset/GSO/Mens_Striper_Sneaker_in_White_rnp8HUli59Y/image.jpg,../../data/moge_dataset/GSO/Mens_Striper_Sneaker_in_White_rnp8HUli59Y/depth.png,../../data/moge_dataset/GSO/Mens_Striper_Sneaker_in_White_rnp8HUli59Y/meta.json,GSO,../../data/depthanything/moge_dataset/GSO/Mens_Striper_Sneaker_in_White_rnp8HUli59Y/image.png
484,484,../../data/moge_dataset/GSO/Mens_Tremont_Kiltie_Tassel_Loafer_in_Black_Amaretto/image.jpg,../../data/moge_dataset/GSO/Mens_Tremont_Kiltie_Tassel_Loafer_in_Black_Amaretto/depth.png,../../data/moge_dataset/GSO/Mens_Tremont_Kiltie_Tassel_Loafer_in_Black_Amaretto/meta.json,GSO,../../data/depthanything/moge_dataset/GSO/Mens_Tremont_Kiltie_Tassel_Loafer_in_Black_Amaretto/image.png
485,485,../../data/moge_dataset/GSO/Mens_Tremont_Kiltie_Tassel_Loafer_in_Black_Amaretto_FT0I9OjSA6O/image.jpg,../../data/moge_dataset/GSO/Mens_Tremont_Kiltie_Tassel_Loafer_in_Black_Amaretto_FT0I9OjSA6O/depth.png,../../data/moge_dataset/GSO/Mens_Tremont_Kiltie_Tassel_Loafer_in_Black_Amaretto_FT0I9OjSA6O/meta.json,GSO,../../data/depthanything/moge_dataset/GSO/Mens_Tremont_Kiltie_Tassel_Loafer_in_Black_Amaretto_FT0I9OjSA6O/image.png
486,486,../../data/moge_dataset/GSO/Mens_Tremont_Kiltie_Tassel_Loafer_in_Black_Amaretto_rCdzRZqgCnI/image.jpg,../../data/moge_dataset/GSO/Mens_Tremont_Kiltie_Tassel_Loafer_in_Black_Amaretto_rCdzRZqgCnI/depth.png,../../data/moge_dataset/GSO/Mens_Tremont_Kiltie_Tassel_Loafer_in_Black_Amaretto_rCdzRZqgCnI/meta.json,GSO,../../data/depthanything/moge_dataset/GSO/Mens_Tremont_Kiltie_Tassel_Loafer_in_Black_Amaretto_rCdzRZqgCnI/image.png
487,487,../../data/moge_dataset/GSO/Mens_Wave_Driver_Kiltie_Moc_in_Tan_Leather/image.jpg,../../data/moge_dataset/GSO/Mens_Wave_Driver_Kiltie_Moc_in_Tan_Leather/depth.png,../../data/moge_dataset/GSO/Mens_Wave_Driver_Kiltie_Moc_in_Tan_Leather/meta.json,GSO,../../data/depthanything/moge_dataset/GSO/Mens_Wave_Driver_Kiltie_Moc_in_Tan_Leather/image.png
488,488,../../data/moge_dataset/GSO/Metallic_Gold_Tieks_Italian_Leather_Ballet_Flats/image.jpg,../../data/moge_dataset/GSO/Metallic_Gold_Tieks_Italian_Leather_Ballet_Flats/depth.png,../../data/moge_dataset/GSO/Metallic_Gold_Tieks_Italian_Leather_Ballet_Flats/meta.json,GSO,../../data/depthanything/moge_dataset/GSO/Metallic_Gold_Tieks_Italian_Leather_Ballet_Flats/image.png
489,489,../../data/moge_dataset/GSO/Metallic_Pewter_Tieks_Italian_Leather_Ballet_Flats/image.jpg,../../data/moge_dataset/GSO/Metallic_Pewter_Tieks_Italian_Leather_Ballet_Flats/depth.png,../../data/moge_dataset/GSO/Metallic_Pewter_Tieks_Italian_Leather_Ballet_Flats/meta.json,GSO,../../data/depthanything/moge_dataset/GSO/Metallic_Pewter_Tieks_Italian_Leather_Ballet_Flats/image.png
490,490,../../data/moge_dataset/GSO/Mist_Wipe_Warmer/image.jpg,../../data/moge_dataset/GSO/Mist_Wipe_Warmer/depth.png,../../data/moge_dataset/GSO/Mist_Wipe_Warmer/meta.json,GSO,../../data/depthanything/moge_dataset/GSO/Mist_Wipe_Warmer/image.png
491,491,../../data/moge_dataset/GSO/My_First_Animal_Tower/image.jpg,../../data/moge_dataset/GSO/My_First_Animal_Tower/depth.png,../../data/moge_dataset/GSO/My_First_Animal_Tower/meta.json,GSO,../../data/depthanything/moge_dataset/GSO/My_First_Animal_Tower/image.png
492,492,../../data/moge_dataset/GSO/My_First_Rolling_Lion/image.jpg,../../data/moge_dataset/GSO/My_First_Rolling_Lion/depth.png,../../data/moge_dataset/GSO/My_First_Rolling_Lion/meta.json,GSO,../../data/depthanything/moge_dataset/GSO/My_First_Rolling_Lion/image.png
493,493,../../data/moge_dataset/GSO/My_First_Wiggle_Crocodile/image.jpg,../../data/moge_dataset/GSO/My_First_Wiggle_Crocodile/depth.png,../../data/moge_dataset/GSO/My_First_Wiggle_Crocodile/meta.json,GSO,../../data/depthanything/moge_dataset/GSO/My_First_Wiggle_Crocodile/image.png
494,494,../../data/moge_dataset/GSO/My_Little_Pony_Princess_Celestia/image.jpg,../../data/moge_dataset/GSO/My_Little_Pony_Princess_Celestia/depth.png,../../data/moge_dataset/GSO/My_Little_Pony_Princess_Celestia/meta.json,GSO,../../data/depthanything/moge_dataset/GSO/My_Little_Pony_Princess_Celestia/image.png
495,495,../../data/moge_dataset/GSO/My_Monopoly_Board_Game/image.jpg,../../data/moge_dataset/GSO/My_Monopoly_Board_Game/depth.png,../../data/moge_dataset/GSO/My_Monopoly_Board_Game/meta.json,GSO,../../data/depthanything/moge_dataset/GSO/My_Monopoly_Board_Game/image.png
496,496,../../data/moge_dataset/GSO/NAPA_VALLEY_NAVAJO_SANDAL/image.jpg,../../data/moge_dataset/GSO/NAPA_VALLEY_NAVAJO_SANDAL/depth.png,../../data/moge_dataset/GSO/NAPA_VALLEY_NAVAJO_SANDAL/meta.json,GSO,../../data/depthanything/moge_dataset/GSO/NAPA_VALLEY_NAVAJO_SANDAL/image.png
497,497,../../data/moge_dataset/GSO/NESCAFE_NESCAFE_TC_STKS_DECAF_6_CT/image.jpg,../../data/moge_dataset/GSO/NESCAFE_NESCAFE_TC_STKS_DECAF_6_CT/depth.png,../../data/moge_dataset/GSO/NESCAFE_NESCAFE_TC_STKS_DECAF_6_CT/meta.json,GSO,../../data/depthanything/moge_dataset/GSO/NESCAFE_NESCAFE_TC_STKS_DECAF_6_CT/image.png
498,498,../../data/moge_dataset/GSO/NUTS_BOLTS/image.jpg,../../data/moge_dataset/GSO/NUTS_BOLTS/depth.png,../../data/moge_dataset/GSO/NUTS_BOLTS/meta.json,GSO,../../data/depthanything/moge_dataset/GSO/NUTS_BOLTS/image.png
499,499,../../data/moge_dataset/GSO/NattoMax/image.jpg,../../data/moge_dataset/GSO/NattoMax/depth.png,../../data/moge_dataset/GSO/NattoMax/meta.json,GSO,../../data/depthanything/moge_dataset/GSO/NattoMax/image.png
500,500,../../data/moge_dataset/GSO/Neat_Solutions_Character_Bib_2_pack/image.jpg,../../data/moge_dataset/GSO/Neat_Solutions_Character_Bib_2_pack/depth.png,../../data/moge_dataset/GSO/Neat_Solutions_Character_Bib_2_pack/meta.json,GSO,../../data/depthanything/moge_dataset/GSO/Neat_Solutions_Character_Bib_2_pack/image.png
501,501,../../data/moge_dataset/GSO/Nescafe_16Count_Dolce_Gusto_Cappuccino_Capsules/image.jpg,../../data/moge_dataset/GSO/Nescafe_16Count_Dolce_Gusto_Cappuccino_Capsules/depth.png,../../data/moge_dataset/GSO/Nescafe_16Count_Dolce_Gusto_Cappuccino_Capsules/meta.json,GSO,../../data/depthanything/moge_dataset/GSO/Nescafe_16Count_Dolce_Gusto_Cappuccino_Capsules/image.png
502,502,../../data/moge_dataset/GSO/Nescafe_Memento_Latte_Caramel_8_08_oz_23_g_packets_64_oz_184_g/image.jpg,../../data/moge_dataset/GSO/Nescafe_Memento_Latte_Caramel_8_08_oz_23_g_packets_64_oz_184_g/depth.png,../../data/moge_dataset/GSO/Nescafe_Memento_Latte_Caramel_8_08_oz_23_g_packets_64_oz_184_g/meta.json,GSO,../../data/depthanything/moge_dataset/GSO/Nescafe_Memento_Latte_Caramel_8_08_oz_23_g_packets_64_oz_184_g/image.png
503,503,../../data/moge_dataset/GSO/Nescafe_Momento_Mocha_Specialty_Coffee_Mix_8_ct/image.jpg,../../data/moge_dataset/GSO/Nescafe_Momento_Mocha_Specialty_Coffee_Mix_8_ct/depth.png,../../data/moge_dataset/GSO/Nescafe_Momento_Mocha_Specialty_Coffee_Mix_8_ct/meta.json,GSO,../../data/depthanything/moge_dataset/GSO/Nescafe_Momento_Mocha_Specialty_Coffee_Mix_8_ct/image.png
504,504,../../data/moge_dataset/GSO/Nescafe_Tasters_Choice_Instant_Coffee_Decaf_House_Blend_Light_7_oz/image.jpg,../../data/moge_dataset/GSO/Nescafe_Tasters_Choice_Instant_Coffee_Decaf_House_Blend_Light_7_oz/depth.png,../../data/moge_dataset/GSO/Nescafe_Tasters_Choice_Instant_Coffee_Decaf_House_Blend_Light_7_oz/meta.json,GSO,../../data/depthanything/moge_dataset/GSO/Nescafe_Tasters_Choice_Instant_Coffee_Decaf_House_Blend_Light_7_oz/image.png
505,505,../../data/moge_dataset/GSO/Nestl_Crunch_Girl_Scouts_Cookie_Flavors_Caramel_Coconut_78_oz_box/image.jpg,../../data/moge_dataset/GSO/Nestl_Crunch_Girl_Scouts_Cookie_Flavors_Caramel_Coconut_78_oz_box/depth.png,../../data/moge_dataset/GSO/Nestl_Crunch_Girl_Scouts_Cookie_Flavors_Caramel_Coconut_78_oz_box/meta.json,GSO,../../data/depthanything/moge_dataset/GSO/Nestl_Crunch_Girl_Scouts_Cookie_Flavors_Caramel_Coconut_78_oz_box/image.png
506,506,../../data/moge_dataset/GSO/Nestl_Skinny_Cow_Heavenly_Crisp_Candy_Bar_Chocolate_Raspberry_6_pack_462_oz_total/image.jpg,../../data/moge_dataset/GSO/Nestl_Skinny_Cow_Heavenly_Crisp_Candy_Bar_Chocolate_Raspberry_6_pack_462_oz_total/depth.png,../../data/moge_dataset/GSO/Nestl_Skinny_Cow_Heavenly_Crisp_Candy_Bar_Chocolate_Raspberry_6_pack_462_oz_total/meta.json,GSO,../../data/depthanything/moge_dataset/GSO/Nestl_Skinny_Cow_Heavenly_Crisp_Candy_Bar_Chocolate_Raspberry_6_pack_462_oz_total/image.png
507,507,../../data/moge_dataset/GSO/Nestle_Candy_19_oz_Butterfinger_Singles_116567/image.jpg,../../data/moge_dataset/GSO/Nestle_Candy_19_oz_Butterfinger_Singles_116567/depth.png,../../data/moge_dataset/GSO/Nestle_Candy_19_oz_Butterfinger_Singles_116567/meta.json,GSO,../../data/depthanything/moge_dataset/GSO/Nestle_Candy_19_oz_Butterfinger_Singles_116567/image.png
508,508,../../data/moge_dataset/GSO/Nestle_Carnation_Cinnamon_Coffeecake_Kit_1913OZ/image.jpg,../../data/moge_dataset/GSO/Nestle_Carnation_Cinnamon_Coffeecake_Kit_1913OZ/depth.png,../../data/moge_dataset/GSO/Nestle_Carnation_Cinnamon_Coffeecake_Kit_1913OZ/meta.json,GSO,../../data/depthanything/moge_dataset/GSO/Nestle_Carnation_Cinnamon_Coffeecake_Kit_1913OZ/image.png
509,509,../../data/moge_dataset/GSO/Nestle_Nesquik_Chocolate_Powder_Flavored_Milk_Additive_109_Oz_Canister/image.jpg,../../data/moge_dataset/GSO/Nestle_Nesquik_Chocolate_Powder_Flavored_Milk_Additive_109_Oz_Canister/depth.png,../../data/moge_dataset/GSO/Nestle_Nesquik_Chocolate_Powder_Flavored_Milk_Additive_109_Oz_Canister/meta.json,GSO,../../data/depthanything/moge_dataset/GSO/Nestle_Nesquik_Chocolate_Powder_Flavored_Milk_Additive_109_Oz_Canister/image.png
510,510,../../data/moge_dataset/GSO/Nestle_Nips_Hard_Candy_Peanut_Butter/image.jpg,../../data/moge_dataset/GSO/Nestle_Nips_Hard_Candy_Peanut_Butter/depth.png,../../data/moge_dataset/GSO/Nestle_Nips_Hard_Candy_Peanut_Butter/meta.json,GSO,../../data/depthanything/moge_dataset/GSO/Nestle_Nips_Hard_Candy_Peanut_Butter/image.png
511,511,../../data/moge_dataset/GSO/Nestle_Pure_Life_Exotics_Sparkling_Water_Strawberry_Dragon_Fruit_8_count_12_fl_oz_can/image.jpg,../../data/moge_dataset/GSO/Nestle_Pure_Life_Exotics_Sparkling_Water_Strawberry_Dragon_Fruit_8_count_12_fl_oz_can/depth.png,../../data/moge_dataset/GSO/Nestle_Pure_Life_Exotics_Sparkling_Water_Strawberry_Dragon_Fruit_8_count_12_fl_oz_can/meta.json,GSO,../../data/depthanything/moge_dataset/GSO/Nestle_Pure_Life_Exotics_Sparkling_Water_Strawberry_Dragon_Fruit_8_count_12_fl_oz_can/image.png
512,512,../../data/moge_dataset/GSO/Nestle_Pure_Life_Exotics_Sparkling_Water_Strawberry_Dragon_Fruit_8_count_12_fl_oz_can_aX0ygjh3bxi/image.jpg,../../data/moge_dataset/GSO/Nestle_Pure_Life_Exotics_Sparkling_Water_Strawberry_Dragon_Fruit_8_count_12_fl_oz_can_aX0ygjh3bxi/depth.png,../../data/moge_dataset/GSO/Nestle_Pure_Life_Exotics_Sparkling_Water_Strawberry_Dragon_Fruit_8_count_12_fl_oz_can_aX0ygjh3bxi/meta.json,GSO,../../data/depthanything/moge_dataset/GSO/Nestle_Pure_Life_Exotics_Sparkling_Water_Strawberry_Dragon_Fruit_8_count_12_fl_oz_can_aX0ygjh3bxi/image.png
513,513,../../data/moge_dataset/GSO/Nestle_Raisinets_Milk_Chocolate_35_oz_992_g/image.jpg,../../data/moge_dataset/GSO/Nestle_Raisinets_Milk_Chocolate_35_oz_992_g/depth.png,../../data/moge_dataset/GSO/Nestle_Raisinets_Milk_Chocolate_35_oz_992_g/meta.json,GSO,../../data/depthanything/moge_dataset/GSO/Nestle_Raisinets_Milk_Chocolate_35_oz_992_g/image.png
514,514,../../data/moge_dataset/GSO/Nestle_Skinny_Cow_Dreamy_Clusters_Candy_Dark_Chocolate_6_pack_1_oz_pouches/image.jpg,../../data/moge_dataset/GSO/Nestle_Skinny_Cow_Dreamy_Clusters_Candy_Dark_Chocolate_6_pack_1_oz_pouches/depth.png,../../data/moge_dataset/GSO/Nestle_Skinny_Cow_Dreamy_Clusters_Candy_Dark_Chocolate_6_pack_1_oz_pouches/meta.json,GSO,../../data/depthanything/moge_dataset/GSO/Nestle_Skinny_Cow_Dreamy_Clusters_Candy_Dark_Chocolate_6_pack_1_oz_pouches/image.png
515,515,../../data/moge_dataset/GSO/Netgear_Ac1750_Router_Wireless_Dual_Band_Gigabit_Router/image.jpg,../../data/moge_dataset/GSO/Netgear_Ac1750_Router_Wireless_Dual_Band_Gigabit_Router/depth.png,../../data/moge_dataset/GSO/Netgear_Ac1750_Router_Wireless_Dual_Band_Gigabit_Router/meta.json,GSO,../../data/depthanything/moge_dataset/GSO/Netgear_Ac1750_Router_Wireless_Dual_Band_Gigabit_Router/image.png
516,516,../../data/moge_dataset/GSO/Netgear_N750_Wireless_Dual_Band_Gigabit_Router/image.jpg,../../data/moge_dataset/GSO/Netgear_N750_Wireless_Dual_Band_Gigabit_Router/depth.png,../../data/moge_dataset/GSO/Netgear_N750_Wireless_Dual_Band_Gigabit_Router/meta.json,GSO,../../data/depthanything/moge_dataset/GSO/Netgear_N750_Wireless_Dual_Band_Gigabit_Router/image.png
517,517,../../data/moge_dataset/GSO/Netgear_Nighthawk_X6_AC3200_TriBand_Gigabit_Wireless_Router/image.jpg,../../data/moge_dataset/GSO/Netgear_Nighthawk_X6_AC3200_TriBand_Gigabit_Wireless_Router/depth.png,../../data/moge_dataset/GSO/Netgear_Nighthawk_X6_AC3200_TriBand_Gigabit_Wireless_Router/meta.json,GSO,../../data/depthanything/moge_dataset/GSO/Netgear_Nighthawk_X6_AC3200_TriBand_Gigabit_Wireless_Router/image.png
518,518,../../data/moge_dataset/GSO/New_Super_Mario_BrosWii_Wii_Game/image.jpg,../../data/moge_dataset/GSO/New_Super_Mario_BrosWii_Wii_Game/depth.png,../../data/moge_dataset/GSO/New_Super_Mario_BrosWii_Wii_Game/meta.json,GSO,../../data/depthanything/moge_dataset/GSO/New_Super_Mario_BrosWii_Wii_Game/image.png
519,519,../../data/moge_dataset/GSO/Nickelodeon_Teenage_Mutant_Ninja_Turtles_Leonardo/image.jpg,../../data/moge_dataset/GSO/Nickelodeon_Teenage_Mutant_Ninja_Turtles_Leonardo/depth.png,../../data/moge_dataset/GSO/Nickelodeon_Teenage_Mutant_Ninja_Turtles_Leonardo/meta.json,GSO,../../data/depthanything/moge_dataset/GSO/Nickelodeon_Teenage_Mutant_Ninja_Turtles_Leonardo/image.png
520,520,../../data/moge_dataset/GSO/Nickelodeon_Teenage_Mutant_Ninja_Turtles_Michelangelo/image.jpg,../../data/moge_dataset/GSO/Nickelodeon_Teenage_Mutant_Ninja_Turtles_Michelangelo/depth.png,../../data/moge_dataset/GSO/Nickelodeon_Teenage_Mutant_Ninja_Turtles_Michelangelo/meta.json,GSO,../../data/depthanything/moge_dataset/GSO/Nickelodeon_Teenage_Mutant_Ninja_Turtles_Michelangelo/image.png
521,521,../../data/moge_dataset/GSO/Nickelodeon_Teenage_Mutant_Ninja_Turtles_Raphael/image.jpg,../../data/moge_dataset/GSO/Nickelodeon_Teenage_Mutant_Ninja_Turtles_Raphael/depth.png,../../data/moge_dataset/GSO/Nickelodeon_Teenage_Mutant_Ninja_Turtles_Raphael/meta.json,GSO,../../data/depthanything/moge_dataset/GSO/Nickelodeon_Teenage_Mutant_Ninja_Turtles_Raphael/image.png
522,522,../../data/moge_dataset/GSO/Nickelodeon_The_Spongebob_Movie_PopAPart_Spongebob/image.jpg,../../data/moge_dataset/GSO/Nickelodeon_The_Spongebob_Movie_PopAPart_Spongebob/depth.png,../../data/moge_dataset/GSO/Nickelodeon_The_Spongebob_Movie_PopAPart_Spongebob/meta.json,GSO,../../data/depthanything/moge_dataset/GSO/Nickelodeon_The_Spongebob_Movie_PopAPart_Spongebob/image.png
523,523,../../data/moge_dataset/GSO/Nightmare_Before_Christmas_Collectors_Edition_Operation/image.jpg,../../data/moge_dataset/GSO/Nightmare_Before_Christmas_Collectors_Edition_Operation/depth.png,../../data/moge_dataset/GSO/Nightmare_Before_Christmas_Collectors_Edition_Operation/meta.json,GSO,../../data/depthanything/moge_dataset/GSO/Nightmare_Before_Christmas_Collectors_Edition_Operation/image.png
524,524,../../data/moge_dataset/GSO/Nikon_1_AW1_w11275mm_Lens_Silver/image.jpg,../../data/moge_dataset/GSO/Nikon_1_AW1_w11275mm_Lens_Silver/depth.png,../../data/moge_dataset/GSO/Nikon_1_AW1_w11275mm_Lens_Silver/meta.json,GSO,../../data/depthanything/moge_dataset/GSO/Nikon_1_AW1_w11275mm_Lens_Silver/image.png
525,525,../../data/moge_dataset/GSO/Nintendo_2DS_Crimson_Red/image.jpg,../../data/moge_dataset/GSO/Nintendo_2DS_Crimson_Red/depth.png,../../data/moge_dataset/GSO/Nintendo_2DS_Crimson_Red/meta.json,GSO,../../data/depthanything/moge_dataset/GSO/Nintendo_2DS_Crimson_Red/image.png
526,526,../../data/moge_dataset/GSO/Nintendo_Mario_Action_Figure/image.jpg,../../data/moge_dataset/GSO/Nintendo_Mario_Action_Figure/depth.png,../../data/moge_dataset/GSO/Nintendo_Mario_Action_Figure/meta.json,GSO,../../data/depthanything/moge_dataset/GSO/Nintendo_Mario_Action_Figure/image.png
527,527,../../data/moge_dataset/GSO/Nintendo_Wii_Party_U_with_Controller_Wii_U_Game/image.jpg,../../data/moge_dataset/GSO/Nintendo_Wii_Party_U_with_Controller_Wii_U_Game/depth.png,../../data/moge_dataset/GSO/Nintendo_Wii_Party_U_with_Controller_Wii_U_Game/meta.json,GSO,../../data/depthanything/moge_dataset/GSO/Nintendo_Wii_Party_U_with_Controller_Wii_U_Game/image.png
528,528,../../data/moge_dataset/GSO/Nintendo_Yoshi_Action_Figure/image.jpg,../../data/moge_dataset/GSO/Nintendo_Yoshi_Action_Figure/depth.png,../../data/moge_dataset/GSO/Nintendo_Yoshi_Action_Figure/meta.json,GSO,../../data/depthanything/moge_dataset/GSO/Nintendo_Yoshi_Action_Figure/image.png
529,529,../../data/moge_dataset/GSO/Nips_Hard_Candy_Rich_Creamy_Butter_Rum_4_oz_1133_g/image.jpg,../../data/moge_dataset/GSO/Nips_Hard_Candy_Rich_Creamy_Butter_Rum_4_oz_1133_g/depth.png,../../data/moge_dataset/GSO/Nips_Hard_Candy_Rich_Creamy_Butter_Rum_4_oz_1133_g/meta.json,GSO,../../data/depthanything/moge_dataset/GSO/Nips_Hard_Candy_Rich_Creamy_Butter_Rum_4_oz_1133_g/image.png
530,530,../../data/moge_dataset/GSO/Nordic_Ware_Original_Bundt_Pan/image.jpg,../../data/moge_dataset/GSO/Nordic_Ware_Original_Bundt_Pan/depth.png,../../data/moge_dataset/GSO/Nordic_Ware_Original_Bundt_Pan/meta.json,GSO,../../data/depthanything/moge_dataset/GSO/Nordic_Ware_Original_Bundt_Pan/image.png
531,531,../../data/moge_dataset/GSO/Now_Designs_Bowl_Akita_Black/image.jpg,../../data/moge_dataset/GSO/Now_Designs_Bowl_Akita_Black/depth.png,../../data/moge_dataset/GSO/Now_Designs_Bowl_Akita_Black/meta.json,GSO,../../data/depthanything/moge_dataset/GSO/Now_Designs_Bowl_Akita_Black/image.png
532,532,../../data/moge_dataset/GSO/Now_Designs_Dish_Towel_Mojave_18_x_28/image.jpg,../../data/moge_dataset/GSO/Now_Designs_Dish_Towel_Mojave_18_x_28/depth.png,../../data/moge_dataset/GSO/Now_Designs_Dish_Towel_Mojave_18_x_28/meta.json,GSO,../../data/depthanything/moge_dataset/GSO/Now_Designs_Dish_Towel_Mojave_18_x_28/image.png
533,533,../../data/moge_dataset/GSO/Now_Designs_Snack_Bags_Bicycle_2_count/image.jpg,../../data/moge_dataset/GSO/Now_Designs_Snack_Bags_Bicycle_2_count/depth.png,../../data/moge_dataset/GSO/Now_Designs_Snack_Bags_Bicycle_2_count/meta.json,GSO,../../data/depthanything/moge_dataset/GSO/Now_Designs_Snack_Bags_Bicycle_2_count/image.png
534,534,../../data/moge_dataset/GSO/OVAL_XYLOPHONE/image.jpg,../../data/moge_dataset/GSO/OVAL_XYLOPHONE/depth.png,../../data/moge_dataset/GSO/OVAL_XYLOPHONE/meta.json,GSO,../../data/depthanything/moge_dataset/GSO/OVAL_XYLOPHONE/image.png
535,535,../../data/moge_dataset/GSO/OWL_SORTER/image.jpg,../../data/moge_dataset/GSO/OWL_SORTER/depth.png,../../data/moge_dataset/GSO/OWL_SORTER/meta.json,GSO,../../data/depthanything/moge_dataset/GSO/OWL_SORTER/image.png
536,536,../../data/moge_dataset/GSO/OXO_Cookie_Spatula/image.jpg,../../data/moge_dataset/GSO/OXO_Cookie_Spatula/depth.png,../../data/moge_dataset/GSO/OXO_Cookie_Spatula/meta.json,GSO,../../data/depthanything/moge_dataset/GSO/OXO_Cookie_Spatula/image.png
537,537,../../data/moge_dataset/GSO/OXO_Soft_Works_Can_Opener_SnapLock/image.jpg,../../data/moge_dataset/GSO/OXO_Soft_Works_Can_Opener_SnapLock/depth.png,../../data/moge_dataset/GSO/OXO_Soft_Works_Can_Opener_SnapLock/meta.json,GSO,../../data/depthanything/moge_dataset/GSO/OXO_Soft_Works_Can_Opener_SnapLock/image.png
538,538,../../data/moge_dataset/GSO/Object/image.jpg,../../data/moge_dataset/GSO/Object/depth.png,../../data/moge_dataset/GSO/Object/meta.json,GSO,../../data/depthanything/moge_dataset/GSO/Object/image.png
539,539,../../data/moge_dataset/GSO/Object_REmvBDJStub/image.jpg,../../data/moge_dataset/GSO/Object_REmvBDJStub/depth.png,../../data/moge_dataset/GSO/Object_REmvBDJStub/meta.json,GSO,../../data/depthanything/moge_dataset/GSO/Object_REmvBDJStub/image.png
540,540,../../data/moge_dataset/GSO/Ocedar_Snap_On_Dust_Pan_And_Brush_1_ct/image.jpg,../../data/moge_dataset/GSO/Ocedar_Snap_On_Dust_Pan_And_Brush_1_ct/depth.png,../../data/moge_dataset/GSO/Ocedar_Snap_On_Dust_Pan_And_Brush_1_ct/meta.json,GSO,../../data/depthanything/moge_dataset/GSO/Ocedar_Snap_On_Dust_Pan_And_Brush_1_ct/image.png
541,541,../../data/moge_dataset/GSO/Office_Depot_Canon_CL211XL_Remanufactured_Ink_Cartridge_TriColor/image.jpg,../../data/moge_dataset/GSO/Office_Depot_Canon_CL211XL_Remanufactured_Ink_Cartridge_TriColor/depth.png,../../data/moge_dataset/GSO/Office_Depot_Canon_CL211XL_Remanufactured_Ink_Cartridge_TriColor/meta.json,GSO,../../data/depthanything/moge_dataset/GSO/Office_Depot_Canon_CL211XL_Remanufactured_Ink_Cartridge_TriColor/image.png
542,542,../../data/moge_dataset/GSO/Office_Depot_Canon_CLI36_Remanufactured_Ink_Cartridge_TriColor/image.jpg,../../data/moge_dataset/GSO/Office_Depot_Canon_CLI36_Remanufactured_Ink_Cartridge_TriColor/depth.png,../../data/moge_dataset/GSO/Office_Depot_Canon_CLI36_Remanufactured_Ink_Cartridge_TriColor/meta.json,GSO,../../data/depthanything/moge_dataset/GSO/Office_Depot_Canon_CLI36_Remanufactured_Ink_Cartridge_TriColor/image.png
543,543,../../data/moge_dataset/GSO/Office_Depot_Canon_CLI_221BK_Ink_Cartridge_Black_2946B001/image.jpg,../../data/moge_dataset/GSO/Office_Depot_Canon_CLI_221BK_Ink_Cartridge_Black_2946B001/depth.png,../../data/moge_dataset/GSO/Office_Depot_Canon_CLI_221BK_Ink_Cartridge_Black_2946B001/meta.json,GSO,../../data/depthanything/moge_dataset/GSO/Office_Depot_Canon_CLI_221BK_Ink_Cartridge_Black_2946B001/image.png
544,544,../../data/moge_dataset/GSO/Office_Depot_Canon_CLI_8CMY_Remanufactured_Ink_Cartridges_Color_Cyan_Magenta_Yellow_3_count/image.jpg,../../data/moge_dataset/GSO/Office_Depot_Canon_CLI_8CMY_Remanufactured_Ink_Cartridges_Color_Cyan_Magenta_Yellow_3_count/depth.png,../../data/moge_dataset/GSO/Office_Depot_Canon_CLI_8CMY_Remanufactured_Ink_Cartridges_Color_Cyan_Magenta_Yellow_3_count/meta.json,GSO,../../data/depthanything/moge_dataset/GSO/Office_Depot_Canon_CLI_8CMY_Remanufactured_Ink_Cartridges_Color_Cyan_Magenta_Yellow_3_count/image.png
545,545,../../data/moge_dataset/GSO/Office_Depot_Canon_CLI_8Y_Ink_Cartridge_Yellow_0623B002/image.jpg,../../data/moge_dataset/GSO/Office_Depot_Canon_CLI_8Y_Ink_Cartridge_Yellow_0623B002/depth.png,../../data/moge_dataset/GSO/Office_Depot_Canon_CLI_8Y_Ink_Cartridge_Yellow_0623B002/meta.json,GSO,../../data/depthanything/moge_dataset/GSO/Office_Depot_Canon_CLI_8Y_Ink_Cartridge_Yellow_0623B002/image.png
546,546,../../data/moge_dataset/GSO/Office_Depot_Canon_CL_41_Remanufactured_Ink_Cartridge_TriColor/image.jpg,../../data/moge_dataset/GSO/Office_Depot_Canon_CL_41_Remanufactured_Ink_Cartridge_TriColor/depth.png,../../data/moge_dataset/GSO/Office_Depot_Canon_CL_41_Remanufactured_Ink_Cartridge_TriColor/meta.json,GSO,../../data/depthanything/moge_dataset/GSO/Office_Depot_Canon_CL_41_Remanufactured_Ink_Cartridge_TriColor/image.png
547,547,../../data/moge_dataset/GSO/Office_Depot_Canon_PG21XL_Remanufactured_Ink_Cartridge_Black/image.jpg,../../data/moge_dataset/GSO/Office_Depot_Canon_PG21XL_Remanufactured_Ink_Cartridge_Black/depth.png,../../data/moge_dataset/GSO/Office_Depot_Canon_PG21XL_Remanufactured_Ink_Cartridge_Black/meta.json,GSO,../../data/depthanything/moge_dataset/GSO/Office_Depot_Canon_PG21XL_Remanufactured_Ink_Cartridge_Black/image.png
548,548,../../data/moge_dataset/GSO/Office_Depot_Canon_PGI22_Remanufactured_Ink_Cartridge_Black/image.jpg,../../data/moge_dataset/GSO/Office_Depot_Canon_PGI22_Remanufactured_Ink_Cartridge_Black/depth.png,../../data/moge_dataset/GSO/Office_Depot_Canon_PGI22_Remanufactured_Ink_Cartridge_Black/meta.json,GSO,../../data/depthanything/moge_dataset/GSO/Office_Depot_Canon_PGI22_Remanufactured_Ink_Cartridge_Black/image.png
549,549,../../data/moge_dataset/GSO/Office_Depot_Canon_PGI35_Remanufactured_Ink_Cartridge_Black/image.jpg,../../data/moge_dataset/GSO/Office_Depot_Canon_PGI35_Remanufactured_Ink_Cartridge_Black/depth.png,../../data/moge_dataset/GSO/Office_Depot_Canon_PGI35_Remanufactured_Ink_Cartridge_Black/meta.json,GSO,../../data/depthanything/moge_dataset/GSO/Office_Depot_Canon_PGI35_Remanufactured_Ink_Cartridge_Black/image.png
550,550,../../data/moge_dataset/GSO/Office_Depot_Canon_PGI5BK_Remanufactured_Ink_Cartridge_Black/image.jpg,../../data/moge_dataset/GSO/Office_Depot_Canon_PGI5BK_Remanufactured_Ink_Cartridge_Black/depth.png,../../data/moge_dataset/GSO/Office_Depot_Canon_PGI5BK_Remanufactured_Ink_Cartridge_Black/meta.json,GSO,../../data/depthanything/moge_dataset/GSO/Office_Depot_Canon_PGI5BK_Remanufactured_Ink_Cartridge_Black/image.png
551,551,../../data/moge_dataset/GSO/Office_Depot_Canon_PG_240XL_Ink_Cartridge_Black_5206B001/image.jpg,../../data/moge_dataset/GSO/Office_Depot_Canon_PG_240XL_Ink_Cartridge_Black_5206B001/depth.png,../../data/moge_dataset/GSO/Office_Depot_Canon_PG_240XL_Ink_Cartridge_Black_5206B001/meta.json,GSO,../../data/depthanything/moge_dataset/GSO/Office_Depot_Canon_PG_240XL_Ink_Cartridge_Black_5206B001/image.png
552,552,../../data/moge_dataset/GSO/Office_Depot_Dell_Series_11_Remanufactured_Ink_Cartridge_Black/image.jpg,../../data/moge_dataset/GSO/Office_Depot_Dell_Series_11_Remanufactured_Ink_Cartridge_Black/depth.png,../../data/moge_dataset/GSO/Office_Depot_Dell_Series_11_Remanufactured_Ink_Cartridge_Black/meta.json,GSO,../../data/depthanything/moge_dataset/GSO/Office_Depot_Dell_Series_11_Remanufactured_Ink_Cartridge_Black/image.png
553,553,../../data/moge_dataset/GSO/Office_Depot_Dell_Series_11_Remanufactured_Ink_Cartridge_TriColor/image.jpg,../../data/moge_dataset/GSO/Office_Depot_Dell_Series_11_Remanufactured_Ink_Cartridge_TriColor/depth.png,../../data/moge_dataset/GSO/Office_Depot_Dell_Series_11_Remanufactured_Ink_Cartridge_TriColor/meta.json,GSO,../../data/depthanything/moge_dataset/GSO/Office_Depot_Dell_Series_11_Remanufactured_Ink_Cartridge_TriColor/image.png
554,554,../../data/moge_dataset/GSO/Office_Depot_Dell_Series_1_Remanufactured_Ink_Cartridge_Black/image.jpg,../../data/moge_dataset/GSO/Office_Depot_Dell_Series_1_Remanufactured_Ink_Cartridge_Black/depth.png,../../data/moge_dataset/GSO/Office_Depot_Dell_Series_1_Remanufactured_Ink_Cartridge_Black/meta.json,GSO,../../data/depthanything/moge_dataset/GSO/Office_Depot_Dell_Series_1_Remanufactured_Ink_Cartridge_Black/image.png
555,555,../../data/moge_dataset/GSO/Office_Depot_Dell_Series_1_Remanufactured_Ink_Cartridge_TriColor/image.jpg,../../data/moge_dataset/GSO/Office_Depot_Dell_Series_1_Remanufactured_Ink_Cartridge_TriColor/depth.png,../../data/moge_dataset/GSO/Office_Depot_Dell_Series_1_Remanufactured_Ink_Cartridge_TriColor/meta.json,GSO,../../data/depthanything/moge_dataset/GSO/Office_Depot_Dell_Series_1_Remanufactured_Ink_Cartridge_TriColor/image.png
556,556,../../data/moge_dataset/GSO/Office_Depot_Dell_Series_5_Remanufactured_Ink_Cartridge_Black/image.jpg,../../data/moge_dataset/GSO/Office_Depot_Dell_Series_5_Remanufactured_Ink_Cartridge_Black/depth.png,../../data/moge_dataset/GSO/Office_Depot_Dell_Series_5_Remanufactured_Ink_Cartridge_Black/meta.json,GSO,../../data/depthanything/moge_dataset/GSO/Office_Depot_Dell_Series_5_Remanufactured_Ink_Cartridge_Black/image.png
557,557,../../data/moge_dataset/GSO/Office_Depot_Dell_Series_9_Color_Ink_Ink_Cartridge_MK991_MK993/image.jpg,../../data/moge_dataset/GSO/Office_Depot_Dell_Series_9_Color_Ink_Ink_Cartridge_MK991_MK993/depth.png,../../data/moge_dataset/GSO/Office_Depot_Dell_Series_9_Color_Ink_Ink_Cartridge_MK991_MK993/meta.json,GSO,../../data/depthanything/moge_dataset/GSO/Office_Depot_Dell_Series_9_Color_Ink_Ink_Cartridge_MK991_MK993/image.png
558,558,../../data/moge_dataset/GSO/Office_Depot_Dell_Series_9_Ink_Cartridge_Black_MK992/image.jpg,../../data/moge_dataset/GSO/Office_Depot_Dell_Series_9_Ink_Cartridge_Black_MK992/depth.png,../../data/moge_dataset/GSO/Office_Depot_Dell_Series_9_Ink_Cartridge_Black_MK992/meta.json,GSO,../../data/depthanything/moge_dataset/GSO/Office_Depot_Dell_Series_9_Ink_Cartridge_Black_MK992/image.png
559,559,../../data/moge_dataset/GSO/Office_Depot_HP_2_Remanufactured_Ink_Cartridges_Color_Cyan_Magenta_Yellow_3_count/image.jpg,../../data/moge_dataset/GSO/Office_Depot_HP_2_Remanufactured_Ink_Cartridges_Color_Cyan_Magenta_Yellow_3_count/depth.png,../../data/moge_dataset/GSO/Office_Depot_HP_2_Remanufactured_Ink_Cartridges_Color_Cyan_Magenta_Yellow_3_count/meta.json,GSO,../../data/depthanything/moge_dataset/GSO/Office_Depot_HP_2_Remanufactured_Ink_Cartridges_Color_Cyan_Magenta_Yellow_3_count/image.png
560,560,../../data/moge_dataset/GSO/Office_Depot_HP_564XL_Ink_Cartridge_Black_CN684WN/image.jpg,../../data/moge_dataset/GSO/Office_Depot_HP_564XL_Ink_Cartridge_Black_CN684WN/depth.png,../../data/moge_dataset/GSO/Office_Depot_HP_564XL_Ink_Cartridge_Black_CN684WN/meta.json,GSO,../../data/depthanything/moge_dataset/GSO/Office_Depot_HP_564XL_Ink_Cartridge_Black_CN684WN/image.png
561,561,../../data/moge_dataset/GSO/Office_Depot_HP_564XL_Remanufactured_Ink_Cartridges_Color_Cyan_Magenta_Yellow_3_count/image.jpg,../../data/moge_dataset/GSO/Office_Depot_HP_564XL_Remanufactured_Ink_Cartridges_Color_Cyan_Magenta_Yellow_3_count/depth.png,../../data/moge_dataset/GSO/Office_Depot_HP_564XL_Remanufactured_Ink_Cartridges_Color_Cyan_Magenta_Yellow_3_count/meta.json,GSO,../../data/depthanything/moge_dataset/GSO/Office_Depot_HP_564XL_Remanufactured_Ink_Cartridges_Color_Cyan_Magenta_Yellow_3_count/image.png
562,562,../../data/moge_dataset/GSO/Office_Depot_HP_61Tricolor_Ink_Cartridge/image.jpg,../../data/moge_dataset/GSO/Office_Depot_HP_61Tricolor_Ink_Cartridge/depth.png,../../data/moge_dataset/GSO/Office_Depot_HP_61Tricolor_Ink_Cartridge/meta.json,GSO,../../data/depthanything/moge_dataset/GSO/Office_Depot_HP_61Tricolor_Ink_Cartridge/image.png
563,563,../../data/moge_dataset/GSO/Office_Depot_HP_71_Remanufactured_Ink_Cartridge_Black/image.jpg,../../data/moge_dataset/GSO/Office_Depot_HP_71_Remanufactured_Ink_Cartridge_Black/depth.png,../../data/moge_dataset/GSO/Office_Depot_HP_71_Remanufactured_Ink_Cartridge_Black/meta.json,GSO,../../data/depthanything/moge_dataset/GSO/Office_Depot_HP_71_Remanufactured_Ink_Cartridge_Black/image.png
564,564,../../data/moge_dataset/GSO/Office_Depot_HP_74XL75_Remanufactured_Ink_Cartridges_BlackTriColor_2_count/image.jpg,../../data/moge_dataset/GSO/Office_Depot_HP_74XL75_Remanufactured_Ink_Cartridges_BlackTriColor_2_count/depth.png,../../data/moge_dataset/GSO/Office_Depot_HP_74XL75_Remanufactured_Ink_Cartridges_BlackTriColor_2_count/meta.json,GSO,../../data/depthanything/moge_dataset/GSO/Office_Depot_HP_74XL75_Remanufactured_Ink_Cartridges_BlackTriColor_2_count/image.png
565,565,../../data/moge_dataset/GSO/Office_Depot_HP_75_Remanufactured_Ink_Cartridge_TriColor/image.jpg,../../data/moge_dataset/GSO/Office_Depot_HP_75_Remanufactured_Ink_Cartridge_TriColor/depth.png,../../data/moge_dataset/GSO/Office_Depot_HP_75_Remanufactured_Ink_Cartridge_TriColor/meta.json,GSO,../../data/depthanything/moge_dataset/GSO/Office_Depot_HP_75_Remanufactured_Ink_Cartridge_TriColor/image.png
566,566,../../data/moge_dataset/GSO/Office_Depot_HP_920XL_920_High_Yield_Black_and_Standard_CMY_Color_Ink_Cartridges/image.jpg,../../data/moge_dataset/GSO/Office_Depot_HP_920XL_920_High_Yield_Black_and_Standard_CMY_Color_Ink_Cartridges/depth.png,../../data/moge_dataset/GSO/Office_Depot_HP_920XL_920_High_Yield_Black_and_Standard_CMY_Color_Ink_Cartridges/meta.json,GSO,../../data/depthanything/moge_dataset/GSO/Office_Depot_HP_920XL_920_High_Yield_Black_and_Standard_CMY_Color_Ink_Cartridges/image.png
567,567,../../data/moge_dataset/GSO/Office_Depot_HP_932XL_Ink_Cartridge_Black_CN053A/image.jpg,../../data/moge_dataset/GSO/Office_Depot_HP_932XL_Ink_Cartridge_Black_CN053A/depth.png,../../data/moge_dataset/GSO/Office_Depot_HP_932XL_Ink_Cartridge_Black_CN053A/meta.json,GSO,../../data/depthanything/moge_dataset/GSO/Office_Depot_HP_932XL_Ink_Cartridge_Black_CN053A/image.png
568,568,../../data/moge_dataset/GSO/Office_Depot_HP_950XL_Ink_Cartridge_Black_CN045AN/image.jpg,../../data/moge_dataset/GSO/Office_Depot_HP_950XL_Ink_Cartridge_Black_CN045AN/depth.png,../../data/moge_dataset/GSO/Office_Depot_HP_950XL_Ink_Cartridge_Black_CN045AN/meta.json,GSO,../../data/depthanything/moge_dataset/GSO/Office_Depot_HP_950XL_Ink_Cartridge_Black_CN045AN/image.png
569,569,../../data/moge_dataset/GSO/Office_Depot_HP_96_Remanufactured_Ink_Cartridge_Black/image.jpg,../../data/moge_dataset/GSO/Office_Depot_HP_96_Remanufactured_Ink_Cartridge_Black/depth.png,../../data/moge_dataset/GSO/Office_Depot_HP_96_Remanufactured_Ink_Cartridge_Black/meta.json,GSO,../../data/depthanything/moge_dataset/GSO/Office_Depot_HP_96_Remanufactured_Ink_Cartridge_Black/image.png
570,570,../../data/moge_dataset/GSO/Office_Depot_HP_98_Remanufactured_Ink_Cartridge_Black/image.jpg,../../data/moge_dataset/GSO/Office_Depot_HP_98_Remanufactured_Ink_Cartridge_Black/depth.png,../../data/moge_dataset/GSO/Office_Depot_HP_98_Remanufactured_Ink_Cartridge_Black/meta.json,GSO,../../data/depthanything/moge_dataset/GSO/Office_Depot_HP_98_Remanufactured_Ink_Cartridge_Black/image.png
571,571,../../data/moge_dataset/GSO/Olive_Kids_Birdie_Lunch_Box/image.jpg,../../data/moge_dataset/GSO/Olive_Kids_Birdie_Lunch_Box/depth.png,../../data/moge_dataset/GSO/Olive_Kids_Birdie_Lunch_Box/meta.json,GSO,../../data/depthanything/moge_dataset/GSO/Olive_Kids_Birdie_Lunch_Box/image.png
572,572,../../data/moge_dataset/GSO/Olive_Kids_Birdie_Munch_n_Lunch/image.jpg,../../data/moge_dataset/GSO/Olive_Kids_Birdie_Munch_n_Lunch/depth.png,../../data/moge_dataset/GSO/Olive_Kids_Birdie_Munch_n_Lunch/meta.json,GSO,../../data/depthanything/moge_dataset/GSO/Olive_Kids_Birdie_Munch_n_Lunch/image.png
573,573,../../data/moge_dataset/GSO/Olive_Kids_Birdie_Pack_n_Snack/image.jpg,../../data/moge_dataset/GSO/Olive_Kids_Birdie_Pack_n_Snack/depth.png,../../data/moge_dataset/GSO/Olive_Kids_Birdie_Pack_n_Snack/meta.json,GSO,../../data/depthanything/moge_dataset/GSO/Olive_Kids_Birdie_Pack_n_Snack/image.png
574,574,../../data/moge_dataset/GSO/Olive_Kids_Birdie_Sidekick_Backpack/image.jpg,../../data/moge_dataset/GSO/Olive_Kids_Birdie_Sidekick_Backpack/depth.png,../../data/moge_dataset/GSO/Olive_Kids_Birdie_Sidekick_Backpack/meta.json,GSO,../../data/depthanything/moge_dataset/GSO/Olive_Kids_Birdie_Sidekick_Backpack/image.png
575,575,../../data/moge_dataset/GSO/Olive_Kids_Butterfly_Garden_Munch_n_Lunch_Bag/image.jpg,../../data/moge_dataset/GSO/Olive_Kids_Butterfly_Garden_Munch_n_Lunch_Bag/depth.png,../../data/moge_dataset/GSO/Olive_Kids_Butterfly_Garden_Munch_n_Lunch_Bag/meta.json,GSO,../../data/depthanything/moge_dataset/GSO/Olive_Kids_Butterfly_Garden_Munch_n_Lunch_Bag/image.png
576,576,../../data/moge_dataset/GSO/Olive_Kids_Butterfly_Garden_Pencil_Case/image.jpg,../../data/moge_dataset/GSO/Olive_Kids_Butterfly_Garden_Pencil_Case/depth.png,../../data/moge_dataset/GSO/Olive_Kids_Butterfly_Garden_Pencil_Case/meta.json,GSO,../../data/depthanything/moge_dataset/GSO/Olive_Kids_Butterfly_Garden_Pencil_Case/image.png
577,577,../../data/moge_dataset/GSO/Olive_Kids_Dinosaur_Land_Lunch_Box/image.jpg,../../data/moge_dataset/GSO/Olive_Kids_Dinosaur_Land_Lunch_Box/depth.png,../../data/moge_dataset/GSO/Olive_Kids_Dinosaur_Land_Lunch_Box/meta.json,GSO,../../data/depthanything/moge_dataset/GSO/Olive_Kids_Dinosaur_Land_Lunch_Box/image.png
578,578,../../data/moge_dataset/GSO/Olive_Kids_Dinosaur_Land_Munch_n_Lunch/image.jpg,../../data/moge_dataset/GSO/Olive_Kids_Dinosaur_Land_Munch_n_Lunch/depth.png,../../data/moge_dataset/GSO/Olive_Kids_Dinosaur_Land_Munch_n_Lunch/meta.json,GSO,../../data/depthanything/moge_dataset/GSO/Olive_Kids_Dinosaur_Land_Munch_n_Lunch/image.png
579,579,../../data/moge_dataset/GSO/Olive_Kids_Dinosaur_Land_Pack_n_Snack/image.jpg,../../data/moge_dataset/GSO/Olive_Kids_Dinosaur_Land_Pack_n_Snack/depth.png,../../data/moge_dataset/GSO/Olive_Kids_Dinosaur_Land_Pack_n_Snack/meta.json,GSO,../../data/depthanything/moge_dataset/GSO/Olive_Kids_Dinosaur_Land_Pack_n_Snack/image.png
580,580,../../data/moge_dataset/GSO/Olive_Kids_Dinosaur_Land_Sidekick_Backpack/image.jpg,../../data/moge_dataset/GSO/Olive_Kids_Dinosaur_Land_Sidekick_Backpack/depth.png,../../data/moge_dataset/GSO/Olive_Kids_Dinosaur_Land_Sidekick_Backpack/meta.json,GSO,../../data/depthanything/moge_dataset/GSO/Olive_Kids_Dinosaur_Land_Sidekick_Backpack/image.png
581,581,../../data/moge_dataset/GSO/Olive_Kids_Game_On_Lunch_Box/image.jpg,../../data/moge_dataset/GSO/Olive_Kids_Game_On_Lunch_Box/depth.png,../../data/moge_dataset/GSO/Olive_Kids_Game_On_Lunch_Box/meta.json,GSO,../../data/depthanything/moge_dataset/GSO/Olive_Kids_Game_On_Lunch_Box/image.png
582,582,../../data/moge_dataset/GSO/Olive_Kids_Game_On_Munch_n_Lunch/image.jpg,../../data/moge_dataset/GSO/Olive_Kids_Game_On_Munch_n_Lunch/depth.png,../../data/moge_dataset/GSO/Olive_Kids_Game_On_Munch_n_Lunch/meta.json,GSO,../../data/depthanything/moge_dataset/GSO/Olive_Kids_Game_On_Munch_n_Lunch/image.png
583,583,../../data/moge_dataset/GSO/Olive_Kids_Game_On_Pack_n_Snack/image.jpg,../../data/moge_dataset/GSO/Olive_Kids_Game_On_Pack_n_Snack/depth.png,../../data/moge_dataset/GSO/Olive_Kids_Game_On_Pack_n_Snack/meta.json,GSO,../../data/depthanything/moge_dataset/GSO/Olive_Kids_Game_On_Pack_n_Snack/image.png
584,584,../../data/moge_dataset/GSO/Olive_Kids_Mermaids_Pack_n_Snack_Backpack/image.jpg,../../data/moge_dataset/GSO/Olive_Kids_Mermaids_Pack_n_Snack_Backpack/depth.png,../../data/moge_dataset/GSO/Olive_Kids_Mermaids_Pack_n_Snack_Backpack/meta.json,GSO,../../data/depthanything/moge_dataset/GSO/Olive_Kids_Mermaids_Pack_n_Snack_Backpack/image.png
585,585,../../data/moge_dataset/GSO/Olive_Kids_Paisley_Pencil_Case/image.jpg,../../data/moge_dataset/GSO/Olive_Kids_Paisley_Pencil_Case/depth.png,../../data/moge_dataset/GSO/Olive_Kids_Paisley_Pencil_Case/meta.json,GSO,../../data/depthanything/moge_dataset/GSO/Olive_Kids_Paisley_Pencil_Case/image.png
586,586,../../data/moge_dataset/GSO/Olive_Kids_Robots_Pencil_Case/image.jpg,../../data/moge_dataset/GSO/Olive_Kids_Robots_Pencil_Case/depth.png,../../data/moge_dataset/GSO/Olive_Kids_Robots_Pencil_Case/meta.json,GSO,../../data/depthanything/moge_dataset/GSO/Olive_Kids_Robots_Pencil_Case/image.png
587,587,../../data/moge_dataset/GSO/Olive_Kids_Trains_Planes_Trucks_Bogo_Backpack/image.jpg,../../data/moge_dataset/GSO/Olive_Kids_Trains_Planes_Trucks_Bogo_Backpack/depth.png,../../data/moge_dataset/GSO/Olive_Kids_Trains_Planes_Trucks_Bogo_Backpack/meta.json,GSO,../../data/depthanything/moge_dataset/GSO/Olive_Kids_Trains_Planes_Trucks_Bogo_Backpack/image.png
588,588,../../data/moge_dataset/GSO/Olive_Kids_Trains_Planes_Trucks_Munch_n_Lunch_Bag/image.jpg,../../data/moge_dataset/GSO/Olive_Kids_Trains_Planes_Trucks_Munch_n_Lunch_Bag/depth.png,../../data/moge_dataset/GSO/Olive_Kids_Trains_Planes_Trucks_Munch_n_Lunch_Bag/meta.json,GSO,../../data/depthanything/moge_dataset/GSO/Olive_Kids_Trains_Planes_Trucks_Munch_n_Lunch_Bag/image.png
589,589,../../data/moge_dataset/GSO/Orbit_Bubblemint_Mini_Bottle_6_ct/image.jpg,../../data/moge_dataset/GSO/Orbit_Bubblemint_Mini_Bottle_6_ct/depth.png,../../data/moge_dataset/GSO/Orbit_Bubblemint_Mini_Bottle_6_ct/meta.json,GSO,../../data/depthanything/moge_dataset/GSO/Orbit_Bubblemint_Mini_Bottle_6_ct/image.png
590,590,../../data/moge_dataset/GSO/Organic_Whey_Protein_Unflavored/image.jpg,../../data/moge_dataset/GSO/Organic_Whey_Protein_Unflavored/depth.png,../../data/moge_dataset/GSO/Organic_Whey_Protein_Unflavored/meta.json,GSO,../../data/depthanything/moge_dataset/GSO/Organic_Whey_Protein_Unflavored/image.png
591,591,../../data/moge_dataset/GSO/Organic_Whey_Protein_Vanilla/image.jpg,../../data/moge_dataset/GSO/Organic_Whey_Protein_Vanilla/depth.png,../../data/moge_dataset/GSO/Organic_Whey_Protein_Vanilla/meta.json,GSO,../../data/depthanything/moge_dataset/GSO/Organic_Whey_Protein_Vanilla/image.png
592,592,../../data/moge_dataset/GSO/Ortho_Forward_Facing/image.jpg,../../data/moge_dataset/GSO/Ortho_Forward_Facing/depth.png,../../data/moge_dataset/GSO/Ortho_Forward_Facing/meta.json,GSO,../../data/depthanything/moge_dataset/GSO/Ortho_Forward_Facing/image.png
593,593,../../data/moge_dataset/GSO/Ortho_Forward_Facing_3Q6J2oKJD92/image.jpg,../../data/moge_dataset/GSO/Ortho_Forward_Facing_3Q6J2oKJD92/depth.png,../../data/moge_dataset/GSO/Ortho_Forward_Facing_3Q6J2oKJD92/meta.json,GSO,../../data/depthanything/moge_dataset/GSO/Ortho_Forward_Facing_3Q6J2oKJD92/image.png
594,594,../../data/moge_dataset/GSO/Ortho_Forward_Facing_CkAW6rL25xH/image.jpg,../../data/moge_dataset/GSO/Ortho_Forward_Facing_CkAW6rL25xH/depth.png,../../data/moge_dataset/GSO/Ortho_Forward_Facing_CkAW6rL25xH/meta.json,GSO,../../data/depthanything/moge_dataset/GSO/Ortho_Forward_Facing_CkAW6rL25xH/image.png
595,595,../../data/moge_dataset/GSO/Ortho_Forward_Facing_QCaor9ImJ2G/image.jpg,../../data/moge_dataset/GSO/Ortho_Forward_Facing_QCaor9ImJ2G/depth.png,../../data/moge_dataset/GSO/Ortho_Forward_Facing_QCaor9ImJ2G/meta.json,GSO,../../data/depthanything/moge_dataset/GSO/Ortho_Forward_Facing_QCaor9ImJ2G/image.png
596,596,../../data/moge_dataset/GSO/PARENT_ROOM_FURNITURE_SET_1/image.jpg,../../data/moge_dataset/GSO/PARENT_ROOM_FURNITURE_SET_1/depth.png,../../data/moge_dataset/GSO/PARENT_ROOM_FURNITURE_SET_1/meta.json,GSO,../../data/depthanything/moge_dataset/GSO/PARENT_ROOM_FURNITURE_SET_1/image.png
597,597,../../data/moge_dataset/GSO/PARENT_ROOM_FURNITURE_SET_1_DLKEy8H4mwK/image.jpg,../../data/moge_dataset/GSO/PARENT_ROOM_FURNITURE_SET_1_DLKEy8H4mwK/depth.png,../../data/moge_dataset/GSO/PARENT_ROOM_FURNITURE_SET_1_DLKEy8H4mwK/meta.json,GSO,../../data/depthanything/moge_dataset/GSO/PARENT_ROOM_FURNITURE_SET_1_DLKEy8H4mwK/image.png
598,598,../../data/moge_dataset/GSO/PEEKABOO_ROLLER/image.jpg,../../data/moge_dataset/GSO/PEEKABOO_ROLLER/depth.png,../../data/moge_dataset/GSO/PEEKABOO_ROLLER/meta.json,GSO,../../data/depthanything/moge_dataset/GSO/PEEKABOO_ROLLER/image.png
599,599,../../data/moge_dataset/GSO/PEPSI_NEXT_CACRV/image.jpg,../../data/moge_dataset/GSO/PEPSI_NEXT_CACRV/depth.png,../../data/moge_dataset/GSO/PEPSI_NEXT_CACRV/meta.json,GSO,../../data/depthanything/moge_dataset/GSO/PEPSI_NEXT_CACRV/image.png
600,600,../../data/moge_dataset/GSO/PETS_ACCESSORIES/image.jpg,../../data/moge_dataset/GSO/PETS_ACCESSORIES/depth.png,../../data/moge_dataset/GSO/PETS_ACCESSORIES/meta.json,GSO,../../data/depthanything/moge_dataset/GSO/PETS_ACCESSORIES/image.png
601,601,../../data/moge_dataset/GSO/PHEEHAN_RUN/image.jpg,../../data/moge_dataset/GSO/PHEEHAN_RUN/depth.png,../../data/moge_dataset/GSO/PHEEHAN_RUN/meta.json,GSO,../../data/depthanything/moge_dataset/GSO/PHEEHAN_RUN/image.png
602,602,../../data/moge_dataset/GSO/PINEAPPLE_MARACA_6_PCSSET/image.jpg,../../data/moge_dataset/GSO/PINEAPPLE_MARACA_6_PCSSET/depth.png,../../data/moge_dataset/GSO/PINEAPPLE_MARACA_6_PCSSET/meta.json,GSO,../../data/depthanything/moge_dataset/GSO/PINEAPPLE_MARACA_6_PCSSET/image.png
603,603,../../data/moge_dataset/GSO/POUNDING_MUSHROOMS/image.jpg,../../data/moge_dataset/GSO/POUNDING_MUSHROOMS/depth.png,../../data/moge_dataset/GSO/POUNDING_MUSHROOMS/meta.json,GSO,../../data/depthanything/moge_dataset/GSO/POUNDING_MUSHROOMS/image.png
604,604,../../data/moge_dataset/GSO/PUNCH_DROP/image.jpg,../../data/moge_dataset/GSO/PUNCH_DROP/depth.png,../../data/moge_dataset/GSO/PUNCH_DROP/meta.json,GSO,../../data/depthanything/moge_dataset/GSO/PUNCH_DROP/image.png
605,605,../../data/moge_dataset/GSO/PUNCH_DROP_TjicLPMqLvz/image.jpg,../../data/moge_dataset/GSO/PUNCH_DROP_TjicLPMqLvz/depth.png,../../data/moge_dataset/GSO/PUNCH_DROP_TjicLPMqLvz/meta.json,GSO,../../data/depthanything/moge_dataset/GSO/PUNCH_DROP_TjicLPMqLvz/image.png
606,606,../../data/moge_dataset/GSO/Paint_Maker/image.jpg,../../data/moge_dataset/GSO/Paint_Maker/depth.png,../../data/moge_dataset/GSO/Paint_Maker/meta.json,GSO,../../data/depthanything/moge_dataset/GSO/Paint_Maker/image.png
607,607,../../data/moge_dataset/GSO/Paper_Mario_Sticker_Star_Nintendo_3DS_Game/image.jpg,../../data/moge_dataset/GSO/Paper_Mario_Sticker_Star_Nintendo_3DS_Game/depth.png,../../data/moge_dataset/GSO/Paper_Mario_Sticker_Star_Nintendo_3DS_Game/meta.json,GSO,../../data/depthanything/moge_dataset/GSO/Paper_Mario_Sticker_Star_Nintendo_3DS_Game/image.png
608,608,../../data/moge_dataset/GSO/Pass_The_Popcorn_Movie_Guessing_Game/image.jpg,../../data/moge_dataset/GSO/Pass_The_Popcorn_Movie_Guessing_Game/depth.png,../../data/moge_dataset/GSO/Pass_The_Popcorn_Movie_Guessing_Game/meta.json,GSO,../../data/depthanything/moge_dataset/GSO/Pass_The_Popcorn_Movie_Guessing_Game/image.png
609,609,../../data/moge_dataset/GSO/Paul_Frank_Dot_Lunch_Box/image.jpg,../../data/moge_dataset/GSO/Paul_Frank_Dot_Lunch_Box/depth.png,../../data/moge_dataset/GSO/Paul_Frank_Dot_Lunch_Box/meta.json,GSO,../../data/depthanything/moge_dataset/GSO/Paul_Frank_Dot_Lunch_Box/image.png
610,610,../../data/moge_dataset/GSO/Pennington_Electric_Pot_Cabana_4/image.jpg,../../data/moge_dataset/GSO/Pennington_Electric_Pot_Cabana_4/depth.png,../../data/moge_dataset/GSO/Pennington_Electric_Pot_Cabana_4/meta.json,GSO,../../data/depthanything/moge_dataset/GSO/Pennington_Electric_Pot_Cabana_4/image.png
611,611,../../data/moge_dataset/GSO/Pepsi_Caffeine_Free_Diet_12_CT/image.jpg,../../data/moge_dataset/GSO/Pepsi_Caffeine_Free_Diet_12_CT/depth.png,../../data/moge_dataset/GSO/Pepsi_Caffeine_Free_Diet_12_CT/meta.json,GSO,../../data/depthanything/moge_dataset/GSO/Pepsi_Caffeine_Free_Diet_12_CT/image.png
612,612,../../data/moge_dataset/GSO/Pepsi_Cola_Caffeine_Free_12_12_fl_oz_355_ml_cans_144_fl_oz_426_lt/image.jpg,../../data/moge_dataset/GSO/Pepsi_Cola_Caffeine_Free_12_12_fl_oz_355_ml_cans_144_fl_oz_426_lt/depth.png,../../data/moge_dataset/GSO/Pepsi_Cola_Caffeine_Free_12_12_fl_oz_355_ml_cans_144_fl_oz_426_lt/meta.json,GSO,../../data/depthanything/moge_dataset/GSO/Pepsi_Cola_Caffeine_Free_12_12_fl_oz_355_ml_cans_144_fl_oz_426_lt/image.png
613,613,../../data/moge_dataset/GSO/Pepsi_Cola_Wild_Cherry_Diet_12_12_fl_oz_355_ml_cans_144_fl_oz_426_lt/image.jpg,../../data/moge_dataset/GSO/Pepsi_Cola_Wild_Cherry_Diet_12_12_fl_oz_355_ml_cans_144_fl_oz_426_lt/depth.png,../../data/moge_dataset/GSO/Pepsi_Cola_Wild_Cherry_Diet_12_12_fl_oz_355_ml_cans_144_fl_oz_426_lt/meta.json,GSO,../../data/depthanything/moge_dataset/GSO/Pepsi_Cola_Wild_Cherry_Diet_12_12_fl_oz_355_ml_cans_144_fl_oz_426_lt/image.png
614,614,../../data/moge_dataset/GSO/Pepsi_Max_Cola_Zero_Calorie_12_12_fl_oz_355_ml_cans_144_fl_oz_426_lt/image.jpg,../../data/moge_dataset/GSO/Pepsi_Max_Cola_Zero_Calorie_12_12_fl_oz_355_ml_cans_144_fl_oz_426_lt/depth.png,../../data/moge_dataset/GSO/Pepsi_Max_Cola_Zero_Calorie_12_12_fl_oz_355_ml_cans_144_fl_oz_426_lt/meta.json,GSO,../../data/depthanything/moge_dataset/GSO/Pepsi_Max_Cola_Zero_Calorie_12_12_fl_oz_355_ml_cans_144_fl_oz_426_lt/image.png
615,615,../../data/moge_dataset/GSO/Perricoen_MD_No_Concealer_Concealer/image.jpg,../../data/moge_dataset/GSO/Perricoen_MD_No_Concealer_Concealer/depth.png,../../data/moge_dataset/GSO/Perricoen_MD_No_Concealer_Concealer/meta.json,GSO,../../data/depthanything/moge_dataset/GSO/Perricoen_MD_No_Concealer_Concealer/image.png
616,616,../../data/moge_dataset/GSO/Perricone_MD_AcylGlutathione_Deep_Crease_Serum/image.jpg,../../data/moge_dataset/GSO/Perricone_MD_AcylGlutathione_Deep_Crease_Serum/depth.png,../../data/moge_dataset/GSO/Perricone_MD_AcylGlutathione_Deep_Crease_Serum/meta.json,GSO,../../data/depthanything/moge_dataset/GSO/Perricone_MD_AcylGlutathione_Deep_Crease_Serum/image.png
617,617,../../data/moge_dataset/GSO/Perricone_MD_AcylGlutathione_Eye_Lid_Serum/image.jpg,../../data/moge_dataset/GSO/Perricone_MD_AcylGlutathione_Eye_Lid_Serum/depth.png,../../data/moge_dataset/GSO/Perricone_MD_AcylGlutathione_Eye_Lid_Serum/meta.json,GSO,../../data/depthanything/moge_dataset/GSO/Perricone_MD_AcylGlutathione_Eye_Lid_Serum/image.png
618,618,../../data/moge_dataset/GSO/Perricone_MD_Best_of_Perricone_7Piece_Collection_MEGsO6GIsyL/image.jpg,../../data/moge_dataset/GSO/Perricone_MD_Best_of_Perricone_7Piece_Collection_MEGsO6GIsyL/depth.png,../../data/moge_dataset/GSO/Perricone_MD_Best_of_Perricone_7Piece_Collection_MEGsO6GIsyL/meta.json,GSO,../../data/depthanything/moge_dataset/GSO/Perricone_MD_Best_of_Perricone_7Piece_Collection_MEGsO6GIsyL/image.png
619,619,../../data/moge_dataset/GSO/Perricone_MD_Blue_Plasma_Orbital/image.jpg,../../data/moge_dataset/GSO/Perricone_MD_Blue_Plasma_Orbital/depth.png,../../data/moge_dataset/GSO/Perricone_MD_Blue_Plasma_Orbital/meta.json,GSO,../../data/depthanything/moge_dataset/GSO/Perricone_MD_Blue_Plasma_Orbital/image.png
620,620,../../data/moge_dataset/GSO/Perricone_MD_Chia_Serum/image.jpg,../../data/moge_dataset/GSO/Perricone_MD_Chia_Serum/depth.png,../../data/moge_dataset/GSO/Perricone_MD_Chia_Serum/meta.json,GSO,../../data/depthanything/moge_dataset/GSO/Perricone_MD_Chia_Serum/image.png
621,621,../../data/moge_dataset/GSO/Perricone_MD_Cold_Plasma/image.jpg,../../data/moge_dataset/GSO/Perricone_MD_Cold_Plasma/depth.png,../../data/moge_dataset/GSO/Perricone_MD_Cold_Plasma/meta.json,GSO,../../data/depthanything/moge_dataset/GSO/Perricone_MD_Cold_Plasma/image.png
622,622,../../data/moge_dataset/GSO/Perricone_MD_Cold_Plasma_Body/image.jpg,../../data/moge_dataset/GSO/Perricone_MD_Cold_Plasma_Body/depth.png,../../data/moge_dataset/GSO/Perricone_MD_Cold_Plasma_Body/meta.json,GSO,../../data/depthanything/moge_dataset/GSO/Perricone_MD_Cold_Plasma_Body/image.png
623,623,../../data/moge_dataset/GSO/Perricone_MD_Face_Finishing_Moisturizer/image.jpg,../../data/moge_dataset/GSO/Perricone_MD_Face_Finishing_Moisturizer/depth.png,../../data/moge_dataset/GSO/Perricone_MD_Face_Finishing_Moisturizer/meta.json,GSO,../../data/depthanything/moge_dataset/GSO/Perricone_MD_Face_Finishing_Moisturizer/image.png
624,624,../../data/moge_dataset/GSO/Perricone_MD_Face_Finishing_Moisturizer_4_oz/image.jpg,../../data/moge_dataset/GSO/Perricone_MD_Face_Finishing_Moisturizer_4_oz/depth.png,../../data/moge_dataset/GSO/Perricone_MD_Face_Finishing_Moisturizer_4_oz/meta.json,GSO,../../data/depthanything/moge_dataset/GSO/Perricone_MD_Face_Finishing_Moisturizer_4_oz/image.png
625,625,../../data/moge_dataset/GSO/Perricone_MD_Firming_Neck_Therapy_Treatment/image.jpg,../../data/moge_dataset/GSO/Perricone_MD_Firming_Neck_Therapy_Treatment/depth.png,../../data/moge_dataset/GSO/Perricone_MD_Firming_Neck_Therapy_Treatment/meta.json,GSO,../../data/depthanything/moge_dataset/GSO/Perricone_MD_Firming_Neck_Therapy_Treatment/image.png
626,626,../../data/moge_dataset/GSO/Perricone_MD_Health_Weight_Management_Supplements/image.jpg,../../data/moge_dataset/GSO/Perricone_MD_Health_Weight_Management_Supplements/depth.png,../../data/moge_dataset/GSO/Perricone_MD_Health_Weight_Management_Supplements/meta.json,GSO,../../data/depthanything/moge_dataset/GSO/Perricone_MD_Health_Weight_Management_Supplements/image.png
627,627,../../data/moge_dataset/GSO/Perricone_MD_High_Potency_Evening_Repair/image.jpg,../../data/moge_dataset/GSO/Perricone_MD_High_Potency_Evening_Repair/depth.png,../../data/moge_dataset/GSO/Perricone_MD_High_Potency_Evening_Repair/meta.json,GSO,../../data/depthanything/moge_dataset/GSO/Perricone_MD_High_Potency_Evening_Repair/image.png
628,628,../../data/moge_dataset/GSO/Perricone_MD_Hypoallergenic_Firming_Eye_Cream_05_oz/image.jpg,../../data/moge_dataset/GSO/Perricone_MD_Hypoallergenic_Firming_Eye_Cream_05_oz/depth.png,../../data/moge_dataset/GSO/Perricone_MD_Hypoallergenic_Firming_Eye_Cream_05_oz/meta.json,GSO,../../data/depthanything/moge_dataset/GSO/Perricone_MD_Hypoallergenic_Firming_Eye_Cream_05_oz/image.png
629,629,../../data/moge_dataset/GSO/Perricone_MD_Hypoallergenic_Gentle_Cleanser/image.jpg,../../data/moge_dataset/GSO/Perricone_MD_Hypoallergenic_Gentle_Cleanser/depth.png,../../data/moge_dataset/GSO/Perricone_MD_Hypoallergenic_Gentle_Cleanser/meta.json,GSO,../../data/depthanything/moge_dataset/GSO/Perricone_MD_Hypoallergenic_Gentle_Cleanser/image.png
630,630,../../data/moge_dataset/GSO/Perricone_MD_Neuropeptide_Facial_Conformer/image.jpg,../../data/moge_dataset/GSO/Perricone_MD_Neuropeptide_Facial_Conformer/depth.png,../../data/moge_dataset/GSO/Perricone_MD_Neuropeptide_Facial_Conformer/meta.json,GSO,../../data/depthanything/moge_dataset/GSO/Perricone_MD_Neuropeptide_Facial_Conformer/image.png
631,631,../../data/moge_dataset/GSO/Perricone_MD_Neuropeptide_Firming_Moisturizer/image.jpg,../../data/moge_dataset/GSO/Perricone_MD_Neuropeptide_Firming_Moisturizer/depth.png,../../data/moge_dataset/GSO/Perricone_MD_Neuropeptide_Firming_Moisturizer/meta.json,GSO,../../data/depthanything/moge_dataset/GSO/Perricone_MD_Neuropeptide_Firming_Moisturizer/image.png
632,632,../../data/moge_dataset/GSO/Perricone_MD_No_Bronzer_Bronzer/image.jpg,../../data/moge_dataset/GSO/Perricone_MD_No_Bronzer_Bronzer/depth.png,../../data/moge_dataset/GSO/Perricone_MD_No_Bronzer_Bronzer/meta.json,GSO,../../data/depthanything/moge_dataset/GSO/Perricone_MD_No_Bronzer_Bronzer/image.png
633,633,../../data/moge_dataset/GSO/Perricone_MD_No_Foundation_Foundation_No_1/image.jpg,../../data/moge_dataset/GSO/Perricone_MD_No_Foundation_Foundation_No_1/depth.png,../../data/moge_dataset/GSO/Perricone_MD_No_Foundation_Foundation_No_1/meta.json,GSO,../../data/depthanything/moge_dataset/GSO/Perricone_MD_No_Foundation_Foundation_No_1/image.png
634,634,../../data/moge_dataset/GSO/Perricone_MD_No_Foundation_Serum/image.jpg,../../data/moge_dataset/GSO/Perricone_MD_No_Foundation_Serum/depth.png,../../data/moge_dataset/GSO/Perricone_MD_No_Foundation_Serum/meta.json,GSO,../../data/depthanything/moge_dataset/GSO/Perricone_MD_No_Foundation_Serum/image.png
635,635,../../data/moge_dataset/GSO/Perricone_MD_No_Lipstick_Lipstick/image.jpg,../../data/moge_dataset/GSO/Perricone_MD_No_Lipstick_Lipstick/depth.png,../../data/moge_dataset/GSO/Perricone_MD_No_Lipstick_Lipstick/meta.json,GSO,../../data/depthanything/moge_dataset/GSO/Perricone_MD_No_Lipstick_Lipstick/image.png
636,636,../../data/moge_dataset/GSO/Perricone_MD_No_Mascara_Mascara/image.jpg,../../data/moge_dataset/GSO/Perricone_MD_No_Mascara_Mascara/depth.png,../../data/moge_dataset/GSO/Perricone_MD_No_Mascara_Mascara/meta.json,GSO,../../data/depthanything/moge_dataset/GSO/Perricone_MD_No_Mascara_Mascara/image.png
637,637,../../data/moge_dataset/GSO/Perricone_MD_Nutritive_Cleanser/image.jpg,../../data/moge_dataset/GSO/Perricone_MD_Nutritive_Cleanser/depth.png,../../data/moge_dataset/GSO/Perricone_MD_Nutritive_Cleanser/meta.json,GSO,../../data/depthanything/moge_dataset/GSO/Perricone_MD_Nutritive_Cleanser/image.png
638,638,../../data/moge_dataset/GSO/Perricone_MD_OVM/image.jpg,../../data/moge_dataset/GSO/Perricone_MD_OVM/depth.png,../../data/moge_dataset/GSO/Perricone_MD_OVM/meta.json,GSO,../../data/depthanything/moge_dataset/GSO/Perricone_MD_OVM/image.png
639,639,../../data/moge_dataset/GSO/Perricone_MD_Omega_3_Supplements/image.jpg,../../data/moge_dataset/GSO/Perricone_MD_Omega_3_Supplements/depth.png,../../data/moge_dataset/GSO/Perricone_MD_Omega_3_Supplements/meta.json,GSO,../../data/depthanything/moge_dataset/GSO/Perricone_MD_Omega_3_Supplements/image.png
640,640,../../data/moge_dataset/GSO/Perricone_MD_Photo_Plasma/image.jpg,../../data/moge_dataset/GSO/Perricone_MD_Photo_Plasma/depth.png,../../data/moge_dataset/GSO/Perricone_MD_Photo_Plasma/meta.json,GSO,../../data/depthanything/moge_dataset/GSO/Perricone_MD_Photo_Plasma/image.png
641,641,../../data/moge_dataset/GSO/Perricone_MD_Skin_Clear_Supplements/image.jpg,../../data/moge_dataset/GSO/Perricone_MD_Skin_Clear_Supplements/depth.png,../../data/moge_dataset/GSO/Perricone_MD_Skin_Clear_Supplements/meta.json,GSO,../../data/depthanything/moge_dataset/GSO/Perricone_MD_Skin_Clear_Supplements/image.png
642,642,../../data/moge_dataset/GSO/Perricone_MD_Skin_Total_Body_Supplements/image.jpg,../../data/moge_dataset/GSO/Perricone_MD_Skin_Total_Body_Supplements/depth.png,../../data/moge_dataset/GSO/Perricone_MD_Skin_Total_Body_Supplements/meta.json,GSO,../../data/depthanything/moge_dataset/GSO/Perricone_MD_Skin_Total_Body_Supplements/image.png
643,643,../../data/moge_dataset/GSO/Perricone_MD_Super_Berry_Powder_with_Acai_Supplements/image.jpg,../../data/moge_dataset/GSO/Perricone_MD_Super_Berry_Powder_with_Acai_Supplements/depth.png,../../data/moge_dataset/GSO/Perricone_MD_Super_Berry_Powder_with_Acai_Supplements/meta.json,GSO,../../data/depthanything/moge_dataset/GSO/Perricone_MD_Super_Berry_Powder_with_Acai_Supplements/image.png
644,644,../../data/moge_dataset/GSO/Perricone_MD_The_Cold_Plasma_Face_Eyes_Duo/image.jpg,../../data/moge_dataset/GSO/Perricone_MD_The_Cold_Plasma_Face_Eyes_Duo/depth.png,../../data/moge_dataset/GSO/Perricone_MD_The_Cold_Plasma_Face_Eyes_Duo/meta.json,GSO,../../data/depthanything/moge_dataset/GSO/Perricone_MD_The_Cold_Plasma_Face_Eyes_Duo/image.png
645,645,../../data/moge_dataset/GSO/Perricone_MD_The_Crease_Cure_Duo/image.jpg,../../data/moge_dataset/GSO/Perricone_MD_The_Crease_Cure_Duo/depth.png,../../data/moge_dataset/GSO/Perricone_MD_The_Crease_Cure_Duo/meta.json,GSO,../../data/depthanything/moge_dataset/GSO/Perricone_MD_The_Crease_Cure_Duo/image.png
646,646,../../data/moge_dataset/GSO/Perricone_MD_The_Metabolic_Formula_Supplements/image.jpg,../../data/moge_dataset/GSO/Perricone_MD_The_Metabolic_Formula_Supplements/depth.png,../../data/moge_dataset/GSO/Perricone_MD_The_Metabolic_Formula_Supplements/meta.json,GSO,../../data/depthanything/moge_dataset/GSO/Perricone_MD_The_Metabolic_Formula_Supplements/image.png
647,647,../../data/moge_dataset/GSO/Perricone_MD_The_Power_Treatments/image.jpg,../../data/moge_dataset/GSO/Perricone_MD_The_Power_Treatments/depth.png,../../data/moge_dataset/GSO/Perricone_MD_The_Power_Treatments/meta.json,GSO,../../data/depthanything/moge_dataset/GSO/Perricone_MD_The_Power_Treatments/image.png
648,648,../../data/moge_dataset/GSO/Perricone_MD_Vitamin_C_Ester_15/image.jpg,../../data/moge_dataset/GSO/Perricone_MD_Vitamin_C_Ester_15/depth.png,../../data/moge_dataset/GSO/Perricone_MD_Vitamin_C_Ester_15/meta.json,GSO,../../data/depthanything/moge_dataset/GSO/Perricone_MD_Vitamin_C_Ester_15/image.png
649,649,../../data/moge_dataset/GSO/Perricone_MD_Vitamin_C_Ester_Serum/image.jpg,../../data/moge_dataset/GSO/Perricone_MD_Vitamin_C_Ester_Serum/depth.png,../../data/moge_dataset/GSO/Perricone_MD_Vitamin_C_Ester_Serum/meta.json,GSO,../../data/depthanything/moge_dataset/GSO/Perricone_MD_Vitamin_C_Ester_Serum/image.png
650,650,../../data/moge_dataset/GSO/Persona_Q_Shadow_of_the_Labyrinth_Nintendo_3DS/image.jpg,../../data/moge_dataset/GSO/Persona_Q_Shadow_of_the_Labyrinth_Nintendo_3DS/depth.png,../../data/moge_dataset/GSO/Persona_Q_Shadow_of_the_Labyrinth_Nintendo_3DS/meta.json,GSO,../../data/depthanything/moge_dataset/GSO/Persona_Q_Shadow_of_the_Labyrinth_Nintendo_3DS/image.png
651,651,../../data/moge_dataset/GSO/Pet_Dophilus_powder/image.jpg,../../data/moge_dataset/GSO/Pet_Dophilus_powder/depth.png,../../data/moge_dataset/GSO/Pet_Dophilus_powder/meta.json,GSO,../../data/depthanything/moge_dataset/GSO/Pet_Dophilus_powder/image.png
652,652,../../data/moge_dataset/GSO/Philips_60ct_Warm_White_LED_Smooth_Mini_String_Lights/image.jpg,../../data/moge_dataset/GSO/Philips_60ct_Warm_White_LED_Smooth_Mini_String_Lights/depth.png,../../data/moge_dataset/GSO/Philips_60ct_Warm_White_LED_Smooth_Mini_String_Lights/meta.json,GSO,../../data/depthanything/moge_dataset/GSO/Philips_60ct_Warm_White_LED_Smooth_Mini_String_Lights/image.png
653,653,../../data/moge_dataset/GSO/Philips_EcoVantage_43_W_Light_Bulbs_Natural_Light_2_pack/image.jpg,../../data/moge_dataset/GSO/Philips_EcoVantage_43_W_Light_Bulbs_Natural_Light_2_pack/depth.png,../../data/moge_dataset/GSO/Philips_EcoVantage_43_W_Light_Bulbs_Natural_Light_2_pack/meta.json,GSO,../../data/depthanything/moge_dataset/GSO/Philips_EcoVantage_43_W_Light_Bulbs_Natural_Light_2_pack/image.png
654,654,../../data/moge_dataset/GSO/Philips_Sonicare_Tooth_Brush_2_count/image.jpg,../../data/moge_dataset/GSO/Philips_Sonicare_Tooth_Brush_2_count/depth.png,../../data/moge_dataset/GSO/Philips_Sonicare_Tooth_Brush_2_count/meta.json,GSO,../../data/depthanything/moge_dataset/GSO/Philips_Sonicare_Tooth_Brush_2_count/image.png
655,655,../../data/moge_dataset/GSO/Phillips_Caplets_Size_24/image.jpg,../../data/moge_dataset/GSO/Phillips_Caplets_Size_24/depth.png,../../data/moge_dataset/GSO/Phillips_Caplets_Size_24/meta.json,GSO,../../data/depthanything/moge_dataset/GSO/Phillips_Caplets_Size_24/image.png
656,656,../../data/moge_dataset/GSO/Phillips_Colon_Health_Probiotic_Capsule/image.jpg,../../data/moge_dataset/GSO/Phillips_Colon_Health_Probiotic_Capsule/depth.png,../../data/moge_dataset/GSO/Phillips_Colon_Health_Probiotic_Capsule/meta.json,GSO,../../data/depthanything/moge_dataset/GSO/Phillips_Colon_Health_Probiotic_Capsule/image.png
657,657,../../data/moge_dataset/GSO/Phillips_Milk_of_Magnesia_Saline_Laxative_Liquid_Original/image.jpg,../../data/moge_dataset/GSO/Phillips_Milk_of_Magnesia_Saline_Laxative_Liquid_Original/depth.png,../../data/moge_dataset/GSO/Phillips_Milk_of_Magnesia_Saline_Laxative_Liquid_Original/meta.json,GSO,../../data/depthanything/moge_dataset/GSO/Phillips_Milk_of_Magnesia_Saline_Laxative_Liquid_Original/image.png
658,658,../../data/moge_dataset/GSO/Phillips_Stool_Softener_Liquid_Gels_30_liquid_gels/image.jpg,../../data/moge_dataset/GSO/Phillips_Stool_Softener_Liquid_Gels_30_liquid_gels/depth.png,../../data/moge_dataset/GSO/Phillips_Stool_Softener_Liquid_Gels_30_liquid_gels/meta.json,GSO,../../data/depthanything/moge_dataset/GSO/Phillips_Stool_Softener_Liquid_Gels_30_liquid_gels/image.png
659,659,../../data/moge_dataset/GSO/PhosphOmega/image.jpg,../../data/moge_dataset/GSO/PhosphOmega/depth.png,../../data/moge_dataset/GSO/PhosphOmega/meta.json,GSO,../../data/depthanything/moge_dataset/GSO/PhosphOmega/image.png
660,660,../../data/moge_dataset/GSO/Pinwheel_Pencil_Case/image.jpg,../../data/moge_dataset/GSO/Pinwheel_Pencil_Case/depth.png,../../data/moge_dataset/GSO/Pinwheel_Pencil_Case/meta.json,GSO,../../data/depthanything/moge_dataset/GSO/Pinwheel_Pencil_Case/image.png
661,661,../../data/moge_dataset/GSO/Playmates_Industrial_CoSplinter_Teenage_Mutant_Ninja_Turtle_Action_Figure/image.jpg,../../data/moge_dataset/GSO/Playmates_Industrial_CoSplinter_Teenage_Mutant_Ninja_Turtle_Action_Figure/depth.png,../../data/moge_dataset/GSO/Playmates_Industrial_CoSplinter_Teenage_Mutant_Ninja_Turtle_Action_Figure/meta.json,GSO,../../data/depthanything/moge_dataset/GSO/Playmates_Industrial_CoSplinter_Teenage_Mutant_Ninja_Turtle_Action_Figure/image.png
662,662,../../data/moge_dataset/GSO/Playmates_nickelodeon_teenage_mutant_ninja_turtles_shredder/image.jpg,../../data/moge_dataset/GSO/Playmates_nickelodeon_teenage_mutant_ninja_turtles_shredder/depth.png,../../data/moge_dataset/GSO/Playmates_nickelodeon_teenage_mutant_ninja_turtles_shredder/meta.json,GSO,../../data/depthanything/moge_dataset/GSO/Playmates_nickelodeon_teenage_mutant_ninja_turtles_shredder/image.png
663,663,../../data/moge_dataset/GSO/Poise_Ultimate_Pads_Long/image.jpg,../../data/moge_dataset/GSO/Poise_Ultimate_Pads_Long/depth.png,../../data/moge_dataset/GSO/Poise_Ultimate_Pads_Long/meta.json,GSO,../../data/depthanything/moge_dataset/GSO/Poise_Ultimate_Pads_Long/image.png
664,664,../../data/moge_dataset/GSO/Pokmon_Conquest_Nintendo_DS_Game/image.jpg,../../data/moge_dataset/GSO/Pokmon_Conquest_Nintendo_DS_Game/depth.png,../../data/moge_dataset/GSO/Pokmon_Conquest_Nintendo_DS_Game/meta.json,GSO,../../data/depthanything/moge_dataset/GSO/Pokmon_Conquest_Nintendo_DS_Game/image.png
665,665,../../data/moge_dataset/GSO/Pokmon_X_Nintendo_3DS_Game/image.jpg,../../data/moge_dataset/GSO/Pokmon_X_Nintendo_3DS_Game/depth.png,../../data/moge_dataset/GSO/Pokmon_X_Nintendo_3DS_Game/meta.json,GSO,../../data/depthanything/moge_dataset/GSO/Pokmon_X_Nintendo_3DS_Game/image.png
666,666,../../data/moge_dataset/GSO/Pokmon_Y_Nintendo_3DS_Game/image.jpg,../../data/moge_dataset/GSO/Pokmon_Y_Nintendo_3DS_Game/depth.png,../../data/moge_dataset/GSO/Pokmon_Y_Nintendo_3DS_Game/meta.json,GSO,../../data/depthanything/moge_dataset/GSO/Pokmon_Y_Nintendo_3DS_Game/image.png
667,667,../../data/moge_dataset/GSO/Pokémon_Omega_Ruby_Alpha_Sapphire_Dual_Pack_Nintendo_3DS/image.jpg,../../data/moge_dataset/GSO/Pokémon_Omega_Ruby_Alpha_Sapphire_Dual_Pack_Nintendo_3DS/depth.png,../../data/moge_dataset/GSO/Pokémon_Omega_Ruby_Alpha_Sapphire_Dual_Pack_Nintendo_3DS/meta.json,GSO,../../data/depthanything/moge_dataset/GSO/Pokémon_Omega_Ruby_Alpha_Sapphire_Dual_Pack_Nintendo_3DS/image.png
668,668,../../data/moge_dataset/GSO/Pokémon_Yellow_Special_Pikachu_Edition_Nintendo_Game_Boy_Color/image.jpg,../../data/moge_dataset/GSO/Pokémon_Yellow_Special_Pikachu_Edition_Nintendo_Game_Boy_Color/depth.png,../../data/moge_dataset/GSO/Pokémon_Yellow_Special_Pikachu_Edition_Nintendo_Game_Boy_Color/meta.json,GSO,../../data/depthanything/moge_dataset/GSO/Pokémon_Yellow_Special_Pikachu_Edition_Nintendo_Game_Boy_Color/image.png
669,669,../../data/moge_dataset/GSO/Polar_Herring_Fillets_Smoked_Peppered_705_oz_total/image.jpg,../../data/moge_dataset/GSO/Polar_Herring_Fillets_Smoked_Peppered_705_oz_total/depth.png,../../data/moge_dataset/GSO/Polar_Herring_Fillets_Smoked_Peppered_705_oz_total/meta.json,GSO,../../data/depthanything/moge_dataset/GSO/Polar_Herring_Fillets_Smoked_Peppered_705_oz_total/image.png
670,670,../../data/moge_dataset/GSO/Pony_C_Clamp_1440/image.jpg,../../data/moge_dataset/GSO/Pony_C_Clamp_1440/depth.png,../../data/moge_dataset/GSO/Pony_C_Clamp_1440/meta.json,GSO,../../data/depthanything/moge_dataset/GSO/Pony_C_Clamp_1440/image.png
671,671,../../data/moge_dataset/GSO/Poppin_File_Sorter_Blue/image.jpg,../../data/moge_dataset/GSO/Poppin_File_Sorter_Blue/depth.png,../../data/moge_dataset/GSO/Poppin_File_Sorter_Blue/meta.json,GSO,../../data/depthanything/moge_dataset/GSO/Poppin_File_Sorter_Blue/image.png
672,672,../../data/moge_dataset/GSO/Poppin_File_Sorter_Pink/image.jpg,../../data/moge_dataset/GSO/Poppin_File_Sorter_Pink/depth.png,../../data/moge_dataset/GSO/Poppin_File_Sorter_Pink/meta.json,GSO,../../data/depthanything/moge_dataset/GSO/Poppin_File_Sorter_Pink/image.png
673,673,../../data/moge_dataset/GSO/Poppin_File_Sorter_White/image.jpg,../../data/moge_dataset/GSO/Poppin_File_Sorter_White/depth.png,../../data/moge_dataset/GSO/Poppin_File_Sorter_White/meta.json,GSO,../../data/depthanything/moge_dataset/GSO/Poppin_File_Sorter_White/image.png
674,674,../../data/moge_dataset/GSO/Predator_LZ_TRX_FG/image.jpg,../../data/moge_dataset/GSO/Predator_LZ_TRX_FG/depth.png,../../data/moge_dataset/GSO/Predator_LZ_TRX_FG/meta.json,GSO,../../data/depthanything/moge_dataset/GSO/Predator_LZ_TRX_FG/image.png
675,675,../../data/moge_dataset/GSO/Predito_LZ_TRX_FG_W/image.jpg,../../data/moge_dataset/GSO/Predito_LZ_TRX_FG_W/depth.png,../../data/moge_dataset/GSO/Predito_LZ_TRX_FG_W/meta.json,GSO,../../data/depthanything/moge_dataset/GSO/Predito_LZ_TRX_FG_W/image.png
676,676,../../data/moge_dataset/GSO/ProSport_Harness_to_Booster_Seat/image.jpg,../../data/moge_dataset/GSO/ProSport_Harness_to_Booster_Seat/depth.png,../../data/moge_dataset/GSO/ProSport_Harness_to_Booster_Seat/meta.json,GSO,../../data/depthanything/moge_dataset/GSO/ProSport_Harness_to_Booster_Seat/image.png
677,677,../../data/moge_dataset/GSO/Progressive_Rubber_Spatulas_3_count/image.jpg,../../data/moge_dataset/GSO/Progressive_Rubber_Spatulas_3_count/depth.png,../../data/moge_dataset/GSO/Progressive_Rubber_Spatulas_3_count/meta.json,GSO,../../data/depthanything/moge_dataset/GSO/Progressive_Rubber_Spatulas_3_count/image.png
678,678,../../data/moge_dataset/GSO/Prostate_Optimizer/image.jpg,../../data/moge_dataset/GSO/Prostate_Optimizer/depth.png,../../data/moge_dataset/GSO/Prostate_Optimizer/meta.json,GSO,../../data/depthanything/moge_dataset/GSO/Prostate_Optimizer/image.png
679,679,../../data/moge_dataset/GSO/Provence_Bath_Towel_Royal_Blue/image.jpg,../../data/moge_dataset/GSO/Provence_Bath_Towel_Royal_Blue/depth.png,../../data/moge_dataset/GSO/Provence_Bath_Towel_Royal_Blue/meta.json,GSO,../../data/depthanything/moge_dataset/GSO/Provence_Bath_Towel_Royal_Blue/image.png
680,680,../../data/moge_dataset/GSO/PureCadence_2_Color_HiRskRedNghtlfeSlvrBlckWht_Size_70/image.jpg,../../data/moge_dataset/GSO/PureCadence_2_Color_HiRskRedNghtlfeSlvrBlckWht_Size_70/depth.png,../../data/moge_dataset/GSO/PureCadence_2_Color_HiRskRedNghtlfeSlvrBlckWht_Size_70/meta.json,GSO,../../data/depthanything/moge_dataset/GSO/PureCadence_2_Color_HiRskRedNghtlfeSlvrBlckWht_Size_70/image.png
681,681,../../data/moge_dataset/GSO/PureCadence_2_Color_TleBluLmePnchSlvMoodIndgWh_Size_50_EEzAfcBfHHO/image.jpg,../../data/moge_dataset/GSO/PureCadence_2_Color_TleBluLmePnchSlvMoodIndgWh_Size_50_EEzAfcBfHHO/depth.png,../../data/moge_dataset/GSO/PureCadence_2_Color_TleBluLmePnchSlvMoodIndgWh_Size_50_EEzAfcBfHHO/meta.json,GSO,../../data/depthanything/moge_dataset/GSO/PureCadence_2_Color_TleBluLmePnchSlvMoodIndgWh_Size_50_EEzAfcBfHHO/image.png
682,682,../../data/moge_dataset/GSO/PureConnect_2_Color_AnthrcteKnckoutPnkGrnGecko_Size_50/image.jpg,../../data/moge_dataset/GSO/PureConnect_2_Color_AnthrcteKnckoutPnkGrnGecko_Size_50/depth.png,../../data/moge_dataset/GSO/PureConnect_2_Color_AnthrcteKnckoutPnkGrnGecko_Size_50/meta.json,GSO,../../data/depthanything/moge_dataset/GSO/PureConnect_2_Color_AnthrcteKnckoutPnkGrnGecko_Size_50/image.png
683,683,../../data/moge_dataset/GSO/PureConnect_2_Color_BlckBrllntBluNghtlfeAnthrct_Size_70/image.jpg,../../data/moge_dataset/GSO/PureConnect_2_Color_BlckBrllntBluNghtlfeAnthrct_Size_70/depth.png,../../data/moge_dataset/GSO/PureConnect_2_Color_BlckBrllntBluNghtlfeAnthrct_Size_70/meta.json,GSO,../../data/depthanything/moge_dataset/GSO/PureConnect_2_Color_BlckBrllntBluNghtlfeAnthrct_Size_70/image.png
684,684,../../data/moge_dataset/GSO/PureConnect_2_Color_FernNightlifeSilverBlack_Size_70_5w0BYsiogeV/image.jpg,../../data/moge_dataset/GSO/PureConnect_2_Color_FernNightlifeSilverBlack_Size_70_5w0BYsiogeV/depth.png,../../data/moge_dataset/GSO/PureConnect_2_Color_FernNightlifeSilverBlack_Size_70_5w0BYsiogeV/meta.json,GSO,../../data/depthanything/moge_dataset/GSO/PureConnect_2_Color_FernNightlifeSilverBlack_Size_70_5w0BYsiogeV/image.png
685,685,../../data/moge_dataset/GSO/PureFlow_2_Color_RylPurHibiscusBlkSlvrWht_Size_50/image.jpg,../../data/moge_dataset/GSO/PureFlow_2_Color_RylPurHibiscusBlkSlvrWht_Size_50/depth.png,../../data/moge_dataset/GSO/PureFlow_2_Color_RylPurHibiscusBlkSlvrWht_Size_50/meta.json,GSO,../../data/depthanything/moge_dataset/GSO/PureFlow_2_Color_RylPurHibiscusBlkSlvrWht_Size_50/image.png
686,686,../../data/moge_dataset/GSO/QAbsorb_CoQ10/image.jpg,../../data/moge_dataset/GSO/QAbsorb_CoQ10/depth.png,../../data/moge_dataset/GSO/QAbsorb_CoQ10/meta.json,GSO,../../data/depthanything/moge_dataset/GSO/QAbsorb_CoQ10/image.png
687,687,../../data/moge_dataset/GSO/QAbsorb_CoQ10_53iUqjWjW3O/image.jpg,../../data/moge_dataset/GSO/QAbsorb_CoQ10_53iUqjWjW3O/depth.png,../../data/moge_dataset/GSO/QAbsorb_CoQ10_53iUqjWjW3O/meta.json,GSO,../../data/depthanything/moge_dataset/GSO/QAbsorb_CoQ10_53iUqjWjW3O/image.png
688,688,../../data/moge_dataset/GSO/QHPomegranate/image.jpg,../../data/moge_dataset/GSO/QHPomegranate/depth.png,../../data/moge_dataset/GSO/QHPomegranate/meta.json,GSO,../../data/depthanything/moge_dataset/GSO/QHPomegranate/image.png
689,689,../../data/moge_dataset/GSO/Quercetin_500/image.jpg,../../data/moge_dataset/GSO/Quercetin_500/depth.png,../../data/moge_dataset/GSO/Quercetin_500/meta.json,GSO,../../data/depthanything/moge_dataset/GSO/Quercetin_500/image.png
690,690,../../data/moge_dataset/GSO/REEF_BANTU/image.jpg,../../data/moge_dataset/GSO/REEF_BANTU/depth.png,../../data/moge_dataset/GSO/REEF_BANTU/meta.json,GSO,../../data/depthanything/moge_dataset/GSO/REEF_BANTU/image.png
691,691,../../data/moge_dataset/GSO/REEF_BRAIDED_CUSHION/image.jpg,../../data/moge_dataset/GSO/REEF_BRAIDED_CUSHION/depth.png,../../data/moge_dataset/GSO/REEF_BRAIDED_CUSHION/meta.json,GSO,../../data/depthanything/moge_dataset/GSO/REEF_BRAIDED_CUSHION/image.png
692,692,../../data/moge_dataset/GSO/REEF_ZENFUN/image.jpg,../../data/moge_dataset/GSO/REEF_ZENFUN/depth.png,../../data/moge_dataset/GSO/REEF_ZENFUN/meta.json,GSO,../../data/depthanything/moge_dataset/GSO/REEF_ZENFUN/image.png
693,693,../../data/moge_dataset/GSO/RESCUE_CREW/image.jpg,../../data/moge_dataset/GSO/RESCUE_CREW/depth.png,../../data/moge_dataset/GSO/RESCUE_CREW/meta.json,GSO,../../data/depthanything/moge_dataset/GSO/RESCUE_CREW/image.png
694,694,../../data/moge_dataset/GSO/RJ_Rabbit_Easter_Basket_Blue/image.jpg,../../data/moge_dataset/GSO/RJ_Rabbit_Easter_Basket_Blue/depth.png,../../data/moge_dataset/GSO/RJ_Rabbit_Easter_Basket_Blue/meta.json,GSO,../../data/depthanything/moge_dataset/GSO/RJ_Rabbit_Easter_Basket_Blue/image.png
695,695,../../data/moge_dataset/GSO/ROAD_CONSTRUCTION_SET/image.jpg,../../data/moge_dataset/GSO/ROAD_CONSTRUCTION_SET/depth.png,../../data/moge_dataset/GSO/ROAD_CONSTRUCTION_SET/meta.json,GSO,../../data/depthanything/moge_dataset/GSO/ROAD_CONSTRUCTION_SET/image.png
696,696,../../data/moge_dataset/GSO/Racoon/image.jpg,../../data/moge_dataset/GSO/Racoon/depth.png,../../data/moge_dataset/GSO/Racoon/meta.json,GSO,../../data/depthanything/moge_dataset/GSO/Racoon/image.png
697,697,../../data/moge_dataset/GSO/Ravenna_4_Color_WhtOlyBluBlkShkOrngSlvRdO_Size_70/image.jpg,../../data/moge_dataset/GSO/Ravenna_4_Color_WhtOlyBluBlkShkOrngSlvRdO_Size_70/depth.png,../../data/moge_dataset/GSO/Ravenna_4_Color_WhtOlyBluBlkShkOrngSlvRdO_Size_70/meta.json,GSO,../../data/depthanything/moge_dataset/GSO/Ravenna_4_Color_WhtOlyBluBlkShkOrngSlvRdO_Size_70/image.png
698,698,../../data/moge_dataset/GSO/Rayna_BootieWP/image.jpg,../../data/moge_dataset/GSO/Rayna_BootieWP/depth.png,../../data/moge_dataset/GSO/Rayna_BootieWP/meta.json,GSO,../../data/depthanything/moge_dataset/GSO/Rayna_BootieWP/image.png
699,699,../../data/moge_dataset/GSO/Razer_Abyssus_Ambidextrous_Gaming_Mouse/image.jpg,../../data/moge_dataset/GSO/Razer_Abyssus_Ambidextrous_Gaming_Mouse/depth.png,../../data/moge_dataset/GSO/Razer_Abyssus_Ambidextrous_Gaming_Mouse/meta.json,GSO,../../data/depthanything/moge_dataset/GSO/Razer_Abyssus_Ambidextrous_Gaming_Mouse/image.png
700,700,../../data/moge_dataset/GSO/Razer_BlackWidow_Stealth_2014_Keyboard_07VFzIVabgh/image.jpg,../../data/moge_dataset/GSO/Razer_BlackWidow_Stealth_2014_Keyboard_07VFzIVabgh/depth.png,../../data/moge_dataset/GSO/Razer_BlackWidow_Stealth_2014_Keyboard_07VFzIVabgh/meta.json,GSO,../../data/depthanything/moge_dataset/GSO/Razer_BlackWidow_Stealth_2014_Keyboard_07VFzIVabgh/image.png
701,701,../../data/moge_dataset/GSO/Razer_BlackWidow_Ultimate_2014_Mechanical_Gaming_Keyboard/image.jpg,../../data/moge_dataset/GSO/Razer_BlackWidow_Ultimate_2014_Mechanical_Gaming_Keyboard/depth.png,../../data/moge_dataset/GSO/Razer_BlackWidow_Ultimate_2014_Mechanical_Gaming_Keyboard/meta.json,GSO,../../data/depthanything/moge_dataset/GSO/Razer_BlackWidow_Ultimate_2014_Mechanical_Gaming_Keyboard/image.png
702,702,../../data/moge_dataset/GSO/Razer_Blackwidow_Tournament_Edition_Keyboard/image.jpg,../../data/moge_dataset/GSO/Razer_Blackwidow_Tournament_Edition_Keyboard/depth.png,../../data/moge_dataset/GSO/Razer_Blackwidow_Tournament_Edition_Keyboard/meta.json,GSO,../../data/depthanything/moge_dataset/GSO/Razer_Blackwidow_Tournament_Edition_Keyboard/image.png
703,703,../../data/moge_dataset/GSO/Razer_Goliathus_Control_Edition_Small_Soft_Gaming_Mouse_Mat/image.jpg,../../data/moge_dataset/GSO/Razer_Goliathus_Control_Edition_Small_Soft_Gaming_Mouse_Mat/depth.png,../../data/moge_dataset/GSO/Razer_Goliathus_Control_Edition_Small_Soft_Gaming_Mouse_Mat/meta.json,GSO,../../data/depthanything/moge_dataset/GSO/Razer_Goliathus_Control_Edition_Small_Soft_Gaming_Mouse_Mat/image.png
704,704,../../data/moge_dataset/GSO/Razer_Kraken_71_Chroma_headset_Full_size_Black/image.jpg,../../data/moge_dataset/GSO/Razer_Kraken_71_Chroma_headset_Full_size_Black/depth.png,../../data/moge_dataset/GSO/Razer_Kraken_71_Chroma_headset_Full_size_Black/meta.json,GSO,../../data/depthanything/moge_dataset/GSO/Razer_Kraken_71_Chroma_headset_Full_size_Black/image.png
705,705,../../data/moge_dataset/GSO/Razer_Kraken_Pro_headset_Full_size_Black/image.jpg,../../data/moge_dataset/GSO/Razer_Kraken_Pro_headset_Full_size_Black/depth.png,../../data/moge_dataset/GSO/Razer_Kraken_Pro_headset_Full_size_Black/meta.json,GSO,../../data/depthanything/moge_dataset/GSO/Razer_Kraken_Pro_headset_Full_size_Black/image.png
706,706,../../data/moge_dataset/GSO/Razer_Naga_MMO_Gaming_Mouse/image.jpg,../../data/moge_dataset/GSO/Razer_Naga_MMO_Gaming_Mouse/depth.png,../../data/moge_dataset/GSO/Razer_Naga_MMO_Gaming_Mouse/meta.json,GSO,../../data/depthanything/moge_dataset/GSO/Razer_Naga_MMO_Gaming_Mouse/image.png
707,707,../../data/moge_dataset/GSO/Razer_Taipan_Black_Ambidextrous_Gaming_Mouse/image.jpg,../../data/moge_dataset/GSO/Razer_Taipan_Black_Ambidextrous_Gaming_Mouse/depth.png,../../data/moge_dataset/GSO/Razer_Taipan_Black_Ambidextrous_Gaming_Mouse/meta.json,GSO,../../data/depthanything/moge_dataset/GSO/Razer_Taipan_Black_Ambidextrous_Gaming_Mouse/image.png
708,708,../../data/moge_dataset/GSO/Razer_Taipan_White_Ambidextrous_Gaming_Mouse/image.jpg,../../data/moge_dataset/GSO/Razer_Taipan_White_Ambidextrous_Gaming_Mouse/depth.png,../../data/moge_dataset/GSO/Razer_Taipan_White_Ambidextrous_Gaming_Mouse/meta.json,GSO,../../data/depthanything/moge_dataset/GSO/Razer_Taipan_White_Ambidextrous_Gaming_Mouse/image.png
709,709,../../data/moge_dataset/GSO/ReadytoUse_Rolled_Fondant_Pure_White_24_oz_box/image.jpg,../../data/moge_dataset/GSO/ReadytoUse_Rolled_Fondant_Pure_White_24_oz_box/depth.png,../../data/moge_dataset/GSO/ReadytoUse_Rolled_Fondant_Pure_White_24_oz_box/meta.json,GSO,../../data/depthanything/moge_dataset/GSO/ReadytoUse_Rolled_Fondant_Pure_White_24_oz_box/image.png
710,710,../../data/moge_dataset/GSO/Real_Deal_1nIwCHX1MTh/image.jpg,../../data/moge_dataset/GSO/Real_Deal_1nIwCHX1MTh/depth.png,../../data/moge_dataset/GSO/Real_Deal_1nIwCHX1MTh/meta.json,GSO,../../data/depthanything/moge_dataset/GSO/Real_Deal_1nIwCHX1MTh/image.png
711,711,../../data/moge_dataset/GSO/RedBlack_Nintendo_3DSXL/image.jpg,../../data/moge_dataset/GSO/RedBlack_Nintendo_3DSXL/depth.png,../../data/moge_dataset/GSO/RedBlack_Nintendo_3DSXL/meta.json,GSO,../../data/depthanything/moge_dataset/GSO/RedBlack_Nintendo_3DSXL/image.png
712,712,../../data/moge_dataset/GSO/Reebok_ALLYLYNN/image.jpg,../../data/moge_dataset/GSO/Reebok_ALLYLYNN/depth.png,../../data/moge_dataset/GSO/Reebok_ALLYLYNN/meta.json,GSO,../../data/depthanything/moge_dataset/GSO/Reebok_ALLYLYNN/image.png
713,713,../../data/moge_dataset/GSO/Reebok_BREAKPOINT_LO_2V/image.jpg,../../data/moge_dataset/GSO/Reebok_BREAKPOINT_LO_2V/depth.png,../../data/moge_dataset/GSO/Reebok_BREAKPOINT_LO_2V/meta.json,GSO,../../data/depthanything/moge_dataset/GSO/Reebok_BREAKPOINT_LO_2V/image.png
714,714,../../data/moge_dataset/GSO/Reebok_BREAKPOINT_MID/image.jpg,../../data/moge_dataset/GSO/Reebok_BREAKPOINT_MID/depth.png,../../data/moge_dataset/GSO/Reebok_BREAKPOINT_MID/meta.json,GSO,../../data/depthanything/moge_dataset/GSO/Reebok_BREAKPOINT_MID/image.png
715,715,../../data/moge_dataset/GSO/Reebok_CLASSIC_JOGGER/image.jpg,../../data/moge_dataset/GSO/Reebok_CLASSIC_JOGGER/depth.png,../../data/moge_dataset/GSO/Reebok_CLASSIC_JOGGER/meta.json,GSO,../../data/depthanything/moge_dataset/GSO/Reebok_CLASSIC_JOGGER/image.png
716,716,../../data/moge_dataset/GSO/Reebok_CLASSIC_LEGACY_II/image.jpg,../../data/moge_dataset/GSO/Reebok_CLASSIC_LEGACY_II/depth.png,../../data/moge_dataset/GSO/Reebok_CLASSIC_LEGACY_II/meta.json,GSO,../../data/depthanything/moge_dataset/GSO/Reebok_CLASSIC_LEGACY_II/image.png
717,717,../../data/moge_dataset/GSO/Reebok_CL_DIBELLO_II/image.jpg,../../data/moge_dataset/GSO/Reebok_CL_DIBELLO_II/depth.png,../../data/moge_dataset/GSO/Reebok_CL_DIBELLO_II/meta.json,GSO,../../data/depthanything/moge_dataset/GSO/Reebok_CL_DIBELLO_II/image.png
718,718,../../data/moge_dataset/GSO/Reebok_CL_LTHR_R12/image.jpg,../../data/moge_dataset/GSO/Reebok_CL_LTHR_R12/depth.png,../../data/moge_dataset/GSO/Reebok_CL_LTHR_R12/meta.json,GSO,../../data/depthanything/moge_dataset/GSO/Reebok_CL_LTHR_R12/image.png
719,719,../../data/moge_dataset/GSO/Reebok_CL_RAYEN/image.jpg,../../data/moge_dataset/GSO/Reebok_CL_RAYEN/depth.png,../../data/moge_dataset/GSO/Reebok_CL_RAYEN/meta.json,GSO,../../data/depthanything/moge_dataset/GSO/Reebok_CL_RAYEN/image.png
720,720,../../data/moge_dataset/GSO/Reebok_COMFORT_REEFRESH_FLIP/image.jpg,../../data/moge_dataset/GSO/Reebok_COMFORT_REEFRESH_FLIP/depth.png,../../data/moge_dataset/GSO/Reebok_COMFORT_REEFRESH_FLIP/meta.json,GSO,../../data/depthanything/moge_dataset/GSO/Reebok_COMFORT_REEFRESH_FLIP/image.png
721,721,../../data/moge_dataset/GSO/Reebok_DMX_MAX_MANIA_WD_D/image.jpg,../../data/moge_dataset/GSO/Reebok_DMX_MAX_MANIA_WD_D/depth.png,../../data/moge_dataset/GSO/Reebok_DMX_MAX_MANIA_WD_D/meta.json,GSO,../../data/depthanything/moge_dataset/GSO/Reebok_DMX_MAX_MANIA_WD_D/image.png
722,722,../../data/moge_dataset/GSO/Reebok_DMX_MAX_PLUS_ATHLETIC/image.jpg,../../data/moge_dataset/GSO/Reebok_DMX_MAX_PLUS_ATHLETIC/depth.png,../../data/moge_dataset/GSO/Reebok_DMX_MAX_PLUS_ATHLETIC/meta.json,GSO,../../data/depthanything/moge_dataset/GSO/Reebok_DMX_MAX_PLUS_ATHLETIC/image.png
723,723,../../data/moge_dataset/GSO/Reebok_DMX_MAX_PLUS_RAINWALKER/image.jpg,../../data/moge_dataset/GSO/Reebok_DMX_MAX_PLUS_RAINWALKER/depth.png,../../data/moge_dataset/GSO/Reebok_DMX_MAX_PLUS_RAINWALKER/meta.json,GSO,../../data/depthanything/moge_dataset/GSO/Reebok_DMX_MAX_PLUS_RAINWALKER/image.png
724,724,../../data/moge_dataset/GSO/Reebok_EASYTONE_CL_LEATHER/image.jpg,../../data/moge_dataset/GSO/Reebok_EASYTONE_CL_LEATHER/depth.png,../../data/moge_dataset/GSO/Reebok_EASYTONE_CL_LEATHER/meta.json,GSO,../../data/depthanything/moge_dataset/GSO/Reebok_EASYTONE_CL_LEATHER/image.png
725,725,../../data/moge_dataset/GSO/Reebok_FS_HI_INT_R12/image.jpg,../../data/moge_dataset/GSO/Reebok_FS_HI_INT_R12/depth.png,../../data/moge_dataset/GSO/Reebok_FS_HI_INT_R12/meta.json,GSO,../../data/depthanything/moge_dataset/GSO/Reebok_FS_HI_INT_R12/image.png
726,726,../../data/moge_dataset/GSO/Reebok_FS_HI_MINI/image.jpg,../../data/moge_dataset/GSO/Reebok_FS_HI_MINI/depth.png,../../data/moge_dataset/GSO/Reebok_FS_HI_MINI/meta.json,GSO,../../data/depthanything/moge_dataset/GSO/Reebok_FS_HI_MINI/image.png
727,727,../../data/moge_dataset/GSO/Reebok_FUELTRAIN/image.jpg,../../data/moge_dataset/GSO/Reebok_FUELTRAIN/depth.png,../../data/moge_dataset/GSO/Reebok_FUELTRAIN/meta.json,GSO,../../data/depthanything/moge_dataset/GSO/Reebok_FUELTRAIN/image.png
728,728,../../data/moge_dataset/GSO/Reebok_GL_6000/image.jpg,../../data/moge_dataset/GSO/Reebok_GL_6000/depth.png,../../data/moge_dataset/GSO/Reebok_GL_6000/meta.json,GSO,../../data/depthanything/moge_dataset/GSO/Reebok_GL_6000/image.png
729,729,../../data/moge_dataset/GSO/Reebok_HIMARA_LTR/image.jpg,../../data/moge_dataset/GSO/Reebok_HIMARA_LTR/depth.png,../../data/moge_dataset/GSO/Reebok_HIMARA_LTR/meta.json,GSO,../../data/depthanything/moge_dataset/GSO/Reebok_HIMARA_LTR/image.png
730,730,../../data/moge_dataset/GSO/Reebok_JR_ZIG_COOPERSTOWN_MR/image.jpg,../../data/moge_dataset/GSO/Reebok_JR_ZIG_COOPERSTOWN_MR/depth.png,../../data/moge_dataset/GSO/Reebok_JR_ZIG_COOPERSTOWN_MR/meta.json,GSO,../../data/depthanything/moge_dataset/GSO/Reebok_JR_ZIG_COOPERSTOWN_MR/image.png
731,731,../../data/moge_dataset/GSO/Reebok_KAMIKAZE_II_MID/image.jpg,../../data/moge_dataset/GSO/Reebok_KAMIKAZE_II_MID/depth.png,../../data/moge_dataset/GSO/Reebok_KAMIKAZE_II_MID/meta.json,GSO,../../data/depthanything/moge_dataset/GSO/Reebok_KAMIKAZE_II_MID/image.png
732,732,../../data/moge_dataset/GSO/Reebok_PUMP_OMNI_LITE_HLS/image.jpg,../../data/moge_dataset/GSO/Reebok_PUMP_OMNI_LITE_HLS/depth.png,../../data/moge_dataset/GSO/Reebok_PUMP_OMNI_LITE_HLS/meta.json,GSO,../../data/depthanything/moge_dataset/GSO/Reebok_PUMP_OMNI_LITE_HLS/image.png
733,733,../../data/moge_dataset/GSO/Reebok_REALFLEX_SELECT/image.jpg,../../data/moge_dataset/GSO/Reebok_REALFLEX_SELECT/depth.png,../../data/moge_dataset/GSO/Reebok_REALFLEX_SELECT/meta.json,GSO,../../data/depthanything/moge_dataset/GSO/Reebok_REALFLEX_SELECT/image.png
734,734,../../data/moge_dataset/GSO/Reebok_REESCULPT_TRAINER_II/image.jpg,../../data/moge_dataset/GSO/Reebok_REESCULPT_TRAINER_II/depth.png,../../data/moge_dataset/GSO/Reebok_REESCULPT_TRAINER_II/meta.json,GSO,../../data/depthanything/moge_dataset/GSO/Reebok_REESCULPT_TRAINER_II/image.png
735,735,../../data/moge_dataset/GSO/Reebok_RETRO_RUSH_2V/image.jpg,../../data/moge_dataset/GSO/Reebok_RETRO_RUSH_2V/depth.png,../../data/moge_dataset/GSO/Reebok_RETRO_RUSH_2V/meta.json,GSO,../../data/depthanything/moge_dataset/GSO/Reebok_RETRO_RUSH_2V/image.png
736,736,../../data/moge_dataset/GSO/Reebok_R_CROSSFIT_OLY_UFORM/image.jpg,../../data/moge_dataset/GSO/Reebok_R_CROSSFIT_OLY_UFORM/depth.png,../../data/moge_dataset/GSO/Reebok_R_CROSSFIT_OLY_UFORM/meta.json,GSO,../../data/depthanything/moge_dataset/GSO/Reebok_R_CROSSFIT_OLY_UFORM/image.png
737,737,../../data/moge_dataset/GSO/Reebok_R_DANCE_FLASH/image.jpg,../../data/moge_dataset/GSO/Reebok_R_DANCE_FLASH/depth.png,../../data/moge_dataset/GSO/Reebok_R_DANCE_FLASH/meta.json,GSO,../../data/depthanything/moge_dataset/GSO/Reebok_R_DANCE_FLASH/image.png
738,738,../../data/moge_dataset/GSO/Reebok_SH_COURT_MID_II/image.jpg,../../data/moge_dataset/GSO/Reebok_SH_COURT_MID_II/depth.png,../../data/moge_dataset/GSO/Reebok_SH_COURT_MID_II/meta.json,GSO,../../data/depthanything/moge_dataset/GSO/Reebok_SH_COURT_MID_II/image.png
739,739,../../data/moge_dataset/GSO/Reebok_SH_NEWPORT_LOW/image.jpg,../../data/moge_dataset/GSO/Reebok_SH_NEWPORT_LOW/depth.png,../../data/moge_dataset/GSO/Reebok_SH_NEWPORT_LOW/meta.json,GSO,../../data/depthanything/moge_dataset/GSO/Reebok_SH_NEWPORT_LOW/image.png
740,740,../../data/moge_dataset/GSO/Reebok_SH_PRIME_COURT_LOW/image.jpg,../../data/moge_dataset/GSO/Reebok_SH_PRIME_COURT_LOW/depth.png,../../data/moge_dataset/GSO/Reebok_SH_PRIME_COURT_LOW/meta.json,GSO,../../data/depthanything/moge_dataset/GSO/Reebok_SH_PRIME_COURT_LOW/image.png
741,741,../../data/moge_dataset/GSO/Reebok_SH_PRIME_COURT_MID/image.jpg,../../data/moge_dataset/GSO/Reebok_SH_PRIME_COURT_MID/depth.png,../../data/moge_dataset/GSO/Reebok_SH_PRIME_COURT_MID/meta.json,GSO,../../data/depthanything/moge_dataset/GSO/Reebok_SH_PRIME_COURT_MID/image.png
742,742,../../data/moge_dataset/GSO/Reebok_SL_FLIP_UPDATE/image.jpg,../../data/moge_dataset/GSO/Reebok_SL_FLIP_UPDATE/depth.png,../../data/moge_dataset/GSO/Reebok_SL_FLIP_UPDATE/meta.json,GSO,../../data/depthanything/moge_dataset/GSO/Reebok_SL_FLIP_UPDATE/image.png
743,743,../../data/moge_dataset/GSO/Reebok_SMOOTHFLEX_CUSHRUN_20/image.jpg,../../data/moge_dataset/GSO/Reebok_SMOOTHFLEX_CUSHRUN_20/depth.png,../../data/moge_dataset/GSO/Reebok_SMOOTHFLEX_CUSHRUN_20/meta.json,GSO,../../data/depthanything/moge_dataset/GSO/Reebok_SMOOTHFLEX_CUSHRUN_20/image.png
744,744,../../data/moge_dataset/GSO/Reebok_SOMERSET_RUN/image.jpg,../../data/moge_dataset/GSO/Reebok_SOMERSET_RUN/depth.png,../../data/moge_dataset/GSO/Reebok_SOMERSET_RUN/meta.json,GSO,../../data/depthanything/moge_dataset/GSO/Reebok_SOMERSET_RUN/image.png
745,745,../../data/moge_dataset/GSO/Reebok_STUDIO_BEAT_LOW_V/image.jpg,../../data/moge_dataset/GSO/Reebok_STUDIO_BEAT_LOW_V/depth.png,../../data/moge_dataset/GSO/Reebok_STUDIO_BEAT_LOW_V/meta.json,GSO,../../data/depthanything/moge_dataset/GSO/Reebok_STUDIO_BEAT_LOW_V/image.png
746,746,../../data/moge_dataset/GSO/Reebok_TRIPLE_BREAK_LITE/image.jpg,../../data/moge_dataset/GSO/Reebok_TRIPLE_BREAK_LITE/depth.png,../../data/moge_dataset/GSO/Reebok_TRIPLE_BREAK_LITE/meta.json,GSO,../../data/depthanything/moge_dataset/GSO/Reebok_TRIPLE_BREAK_LITE/image.png
747,747,../../data/moge_dataset/GSO/Reebok_TURBO_RC/image.jpg,../../data/moge_dataset/GSO/Reebok_TURBO_RC/depth.png,../../data/moge_dataset/GSO/Reebok_TURBO_RC/meta.json,GSO,../../data/depthanything/moge_dataset/GSO/Reebok_TURBO_RC/image.png
748,748,../../data/moge_dataset/GSO/Reebok_ULTIMATIC_2V/image.jpg,../../data/moge_dataset/GSO/Reebok_ULTIMATIC_2V/depth.png,../../data/moge_dataset/GSO/Reebok_ULTIMATIC_2V/meta.json,GSO,../../data/depthanything/moge_dataset/GSO/Reebok_ULTIMATIC_2V/image.png
749,749,../../data/moge_dataset/GSO/Reebok_VERSA_TRAIN/image.jpg,../../data/moge_dataset/GSO/Reebok_VERSA_TRAIN/depth.png,../../data/moge_dataset/GSO/Reebok_VERSA_TRAIN/meta.json,GSO,../../data/depthanything/moge_dataset/GSO/Reebok_VERSA_TRAIN/image.png
750,750,../../data/moge_dataset/GSO/Reebok_ZIGCOOPERSTOWN_QUAG/image.jpg,../../data/moge_dataset/GSO/Reebok_ZIGCOOPERSTOWN_QUAG/depth.png,../../data/moge_dataset/GSO/Reebok_ZIGCOOPERSTOWN_QUAG/meta.json,GSO,../../data/depthanything/moge_dataset/GSO/Reebok_ZIGCOOPERSTOWN_QUAG/image.png
751,751,../../data/moge_dataset/GSO/Reebok_ZIGLITE_RUSH/image.jpg,../../data/moge_dataset/GSO/Reebok_ZIGLITE_RUSH/depth.png,../../data/moge_dataset/GSO/Reebok_ZIGLITE_RUSH/meta.json,GSO,../../data/depthanything/moge_dataset/GSO/Reebok_ZIGLITE_RUSH/image.png
752,752,../../data/moge_dataset/GSO/Reebok_ZIGLITE_RUSH_AC/image.jpg,../../data/moge_dataset/GSO/Reebok_ZIGLITE_RUSH_AC/depth.png,../../data/moge_dataset/GSO/Reebok_ZIGLITE_RUSH_AC/meta.json,GSO,../../data/depthanything/moge_dataset/GSO/Reebok_ZIGLITE_RUSH_AC/image.png
753,753,../../data/moge_dataset/GSO/Reebok_ZIGSTORM/image.jpg,../../data/moge_dataset/GSO/Reebok_ZIGSTORM/depth.png,../../data/moge_dataset/GSO/Reebok_ZIGSTORM/meta.json,GSO,../../data/depthanything/moge_dataset/GSO/Reebok_ZIGSTORM/image.png
754,754,../../data/moge_dataset/GSO/Reebok_ZIGTECH_SHARK_MAYHEM360/image.jpg,../../data/moge_dataset/GSO/Reebok_ZIGTECH_SHARK_MAYHEM360/depth.png,../../data/moge_dataset/GSO/Reebok_ZIGTECH_SHARK_MAYHEM360/meta.json,GSO,../../data/depthanything/moge_dataset/GSO/Reebok_ZIGTECH_SHARK_MAYHEM360/image.png
755,755,../../data/moge_dataset/GSO/Reef_Star_Cushion_Flipflops_Size_8_Black/image.jpg,../../data/moge_dataset/GSO/Reef_Star_Cushion_Flipflops_Size_8_Black/depth.png,../../data/moge_dataset/GSO/Reef_Star_Cushion_Flipflops_Size_8_Black/meta.json,GSO,../../data/depthanything/moge_dataset/GSO/Reef_Star_Cushion_Flipflops_Size_8_Black/image.png
756,756,../../data/moge_dataset/GSO/Remington_1_12_inch_Hair_Straightener/image.jpg,../../data/moge_dataset/GSO/Remington_1_12_inch_Hair_Straightener/depth.png,../../data/moge_dataset/GSO/Remington_1_12_inch_Hair_Straightener/meta.json,GSO,../../data/depthanything/moge_dataset/GSO/Remington_1_12_inch_Hair_Straightener/image.png
757,757,../../data/moge_dataset/GSO/Remington_TStudio_Hair_Dryer/image.jpg,../../data/moge_dataset/GSO/Remington_TStudio_Hair_Dryer/depth.png,../../data/moge_dataset/GSO/Remington_TStudio_Hair_Dryer/meta.json,GSO,../../data/depthanything/moge_dataset/GSO/Remington_TStudio_Hair_Dryer/image.png
758,758,../../data/moge_dataset/GSO/Remington_TStudio_Silk_Ceramic_Hair_Straightener_2_Inch_Floating_Plates/image.jpg,../../data/moge_dataset/GSO/Remington_TStudio_Silk_Ceramic_Hair_Straightener_2_Inch_Floating_Plates/depth.png,../../data/moge_dataset/GSO/Remington_TStudio_Silk_Ceramic_Hair_Straightener_2_Inch_Floating_Plates/meta.json,GSO,../../data/depthanything/moge_dataset/GSO/Remington_TStudio_Silk_Ceramic_Hair_Straightener_2_Inch_Floating_Plates/image.png
759,759,../../data/moge_dataset/GSO/Retail_Leadership_Summit/image.jpg,../../data/moge_dataset/GSO/Retail_Leadership_Summit/depth.png,../../data/moge_dataset/GSO/Retail_Leadership_Summit/meta.json,GSO,../../data/depthanything/moge_dataset/GSO/Retail_Leadership_Summit/image.png
760,760,../../data/moge_dataset/GSO/Retail_Leadership_Summit_eCT3zqHYIkX/image.jpg,../../data/moge_dataset/GSO/Retail_Leadership_Summit_eCT3zqHYIkX/depth.png,../../data/moge_dataset/GSO/Retail_Leadership_Summit_eCT3zqHYIkX/meta.json,GSO,../../data/depthanything/moge_dataset/GSO/Retail_Leadership_Summit_eCT3zqHYIkX/image.png
761,761,../../data/moge_dataset/GSO/Retail_Leadership_Summit_tQFCizMt6g0/image.jpg,../../data/moge_dataset/GSO/Retail_Leadership_Summit_tQFCizMt6g0/depth.png,../../data/moge_dataset/GSO/Retail_Leadership_Summit_tQFCizMt6g0/meta.json,GSO,../../data/depthanything/moge_dataset/GSO/Retail_Leadership_Summit_tQFCizMt6g0/image.png
762,762,../../data/moge_dataset/GSO/Rexy_Glove_Heavy_Duty_Gloves_Medium/image.jpg,../../data/moge_dataset/GSO/Rexy_Glove_Heavy_Duty_Gloves_Medium/depth.png,../../data/moge_dataset/GSO/Rexy_Glove_Heavy_Duty_Gloves_Medium/meta.json,GSO,../../data/depthanything/moge_dataset/GSO/Rexy_Glove_Heavy_Duty_Gloves_Medium/image.png
763,763,../../data/moge_dataset/GSO/Rexy_Glove_Heavy_Duty_Large/image.jpg,../../data/moge_dataset/GSO/Rexy_Glove_Heavy_Duty_Large/depth.png,../../data/moge_dataset/GSO/Rexy_Glove_Heavy_Duty_Large/meta.json,GSO,../../data/depthanything/moge_dataset/GSO/Rexy_Glove_Heavy_Duty_Large/image.png
764,764,../../data/moge_dataset/GSO/Romantic_Blush_Tieks_Metallic_Italian_Leather_Ballet_Flats/image.jpg,../../data/moge_dataset/GSO/Romantic_Blush_Tieks_Metallic_Italian_Leather_Ballet_Flats/depth.png,../../data/moge_dataset/GSO/Romantic_Blush_Tieks_Metallic_Italian_Leather_Ballet_Flats/meta.json,GSO,../../data/depthanything/moge_dataset/GSO/Romantic_Blush_Tieks_Metallic_Italian_Leather_Ballet_Flats/image.png
765,765,../../data/moge_dataset/GSO/Room_Essentials_Bowl_Turquiose/image.jpg,../../data/moge_dataset/GSO/Room_Essentials_Bowl_Turquiose/depth.png,../../data/moge_dataset/GSO/Room_Essentials_Bowl_Turquiose/meta.json,GSO,../../data/depthanything/moge_dataset/GSO/Room_Essentials_Bowl_Turquiose/image.png
766,766,../../data/moge_dataset/GSO/Room_Essentials_Dish_Drainer_Collapsible_White/image.jpg,../../data/moge_dataset/GSO/Room_Essentials_Dish_Drainer_Collapsible_White/depth.png,../../data/moge_dataset/GSO/Room_Essentials_Dish_Drainer_Collapsible_White/meta.json,GSO,../../data/depthanything/moge_dataset/GSO/Room_Essentials_Dish_Drainer_Collapsible_White/image.png
767,767,../../data/moge_dataset/GSO/Room_Essentials_Fabric_Cube_Lavender/image.jpg,../../data/moge_dataset/GSO/Room_Essentials_Fabric_Cube_Lavender/depth.png,../../data/moge_dataset/GSO/Room_Essentials_Fabric_Cube_Lavender/meta.json,GSO,../../data/depthanything/moge_dataset/GSO/Room_Essentials_Fabric_Cube_Lavender/image.png
768,768,../../data/moge_dataset/GSO/Room_Essentials_Kitchen_Towels_16_x_26_2_count/image.jpg,../../data/moge_dataset/GSO/Room_Essentials_Kitchen_Towels_16_x_26_2_count/depth.png,../../data/moge_dataset/GSO/Room_Essentials_Kitchen_Towels_16_x_26_2_count/meta.json,GSO,../../data/depthanything/moge_dataset/GSO/Room_Essentials_Kitchen_Towels_16_x_26_2_count/image.png
769,769,../../data/moge_dataset/GSO/Room_Essentials_Mug_White_Yellow/image.jpg,../../data/moge_dataset/GSO/Room_Essentials_Mug_White_Yellow/depth.png,../../data/moge_dataset/GSO/Room_Essentials_Mug_White_Yellow/meta.json,GSO,../../data/depthanything/moge_dataset/GSO/Room_Essentials_Mug_White_Yellow/image.png
770,770,../../data/moge_dataset/GSO/Room_Essentials_Salad_Plate_Turquoise/image.jpg,../../data/moge_dataset/GSO/Room_Essentials_Salad_Plate_Turquoise/depth.png,../../data/moge_dataset/GSO/Room_Essentials_Salad_Plate_Turquoise/meta.json,GSO,../../data/depthanything/moge_dataset/GSO/Room_Essentials_Salad_Plate_Turquoise/image.png
771,771,../../data/moge_dataset/GSO/Rose_Garden_Tieks_Leather_Ballet_Flats_with_Floral_Rosettes/image.jpg,../../data/moge_dataset/GSO/Rose_Garden_Tieks_Leather_Ballet_Flats_with_Floral_Rosettes/depth.png,../../data/moge_dataset/GSO/Rose_Garden_Tieks_Leather_Ballet_Flats_with_Floral_Rosettes/meta.json,GSO,../../data/depthanything/moge_dataset/GSO/Rose_Garden_Tieks_Leather_Ballet_Flats_with_Floral_Rosettes/image.png
772,772,../../data/moge_dataset/GSO/Rubbermaid_Large_Drainer/image.jpg,../../data/moge_dataset/GSO/Rubbermaid_Large_Drainer/depth.png,../../data/moge_dataset/GSO/Rubbermaid_Large_Drainer/meta.json,GSO,../../data/depthanything/moge_dataset/GSO/Rubbermaid_Large_Drainer/image.png
773,773,../../data/moge_dataset/GSO/SAMBA_HEMP/image.jpg,../../data/moge_dataset/GSO/SAMBA_HEMP/depth.png,../../data/moge_dataset/GSO/SAMBA_HEMP/meta.json,GSO,../../data/depthanything/moge_dataset/GSO/SAMBA_HEMP/image.png
774,774,../../data/moge_dataset/GSO/SAMOA/image.jpg,../../data/moge_dataset/GSO/SAMOA/depth.png,../../data/moge_dataset/GSO/SAMOA/meta.json,GSO,../../data/depthanything/moge_dataset/GSO/SAMOA/image.png
775,775,../../data/moge_dataset/GSO/SAMe_200/image.jpg,../../data/moge_dataset/GSO/SAMe_200/depth.png,../../data/moge_dataset/GSO/SAMe_200/meta.json,GSO,../../data/depthanything/moge_dataset/GSO/SAMe_200/image.png
776,776,../../data/moge_dataset/GSO/SAMe_200_KX7ZmOw47co/image.jpg,../../data/moge_dataset/GSO/SAMe_200_KX7ZmOw47co/depth.png,../../data/moge_dataset/GSO/SAMe_200_KX7ZmOw47co/meta.json,GSO,../../data/depthanything/moge_dataset/GSO/SAMe_200_KX7ZmOw47co/image.png
777,777,../../data/moge_dataset/GSO/SANDWICH_MEAL/image.jpg,../../data/moge_dataset/GSO/SANDWICH_MEAL/depth.png,../../data/moge_dataset/GSO/SANDWICH_MEAL/meta.json,GSO,../../data/depthanything/moge_dataset/GSO/SANDWICH_MEAL/image.png
778,778,../../data/moge_dataset/GSO/SAPPHIRE_R7_260X_OC/image.jpg,../../data/moge_dataset/GSO/SAPPHIRE_R7_260X_OC/depth.png,../../data/moge_dataset/GSO/SAPPHIRE_R7_260X_OC/meta.json,GSO,../../data/depthanything/moge_dataset/GSO/SAPPHIRE_R7_260X_OC/image.png
779,779,../../data/moge_dataset/GSO/SCHOOL_BUS/image.jpg,../../data/moge_dataset/GSO/SCHOOL_BUS/depth.png,../../data/moge_dataset/GSO/SCHOOL_BUS/meta.json,GSO,../../data/depthanything/moge_dataset/GSO/SCHOOL_BUS/image.png
780,780,../../data/moge_dataset/GSO/SHAPE_MATCHING/image.jpg,../../data/moge_dataset/GSO/SHAPE_MATCHING/depth.png,../../data/moge_dataset/GSO/SHAPE_MATCHING/meta.json,GSO,../../data/depthanything/moge_dataset/GSO/SHAPE_MATCHING/image.png
781,781,../../data/moge_dataset/GSO/SHAPE_MATCHING_NxacpAY9jDt/image.jpg,../../data/moge_dataset/GSO/SHAPE_MATCHING_NxacpAY9jDt/depth.png,../../data/moge_dataset/GSO/SHAPE_MATCHING_NxacpAY9jDt/meta.json,GSO,../../data/depthanything/moge_dataset/GSO/SHAPE_MATCHING_NxacpAY9jDt/image.png
782,782,../../data/moge_dataset/GSO/SHAPE_SORTER/image.jpg,../../data/moge_dataset/GSO/SHAPE_SORTER/depth.png,../../data/moge_dataset/GSO/SHAPE_SORTER/meta.json,GSO,../../data/depthanything/moge_dataset/GSO/SHAPE_SORTER/image.png
783,783,../../data/moge_dataset/GSO/SIT_N_WALK_PUPPY/image.jpg,../../data/moge_dataset/GSO/SIT_N_WALK_PUPPY/depth.png,../../data/moge_dataset/GSO/SIT_N_WALK_PUPPY/meta.json,GSO,../../data/depthanything/moge_dataset/GSO/SIT_N_WALK_PUPPY/image.png
784,784,../../data/moge_dataset/GSO/SLACK_CRUISER/image.jpg,../../data/moge_dataset/GSO/SLACK_CRUISER/depth.png,../../data/moge_dataset/GSO/SLACK_CRUISER/meta.json,GSO,../../data/depthanything/moge_dataset/GSO/SLACK_CRUISER/image.png
785,785,../../data/moge_dataset/GSO/SNAIL_MEASURING_TAPE/image.jpg,../../data/moge_dataset/GSO/SNAIL_MEASURING_TAPE/depth.png,../../data/moge_dataset/GSO/SNAIL_MEASURING_TAPE/meta.json,GSO,../../data/depthanything/moge_dataset/GSO/SNAIL_MEASURING_TAPE/image.png
786,786,../../data/moge_dataset/GSO/SORTING_BUS/image.jpg,../../data/moge_dataset/GSO/SORTING_BUS/depth.png,../../data/moge_dataset/GSO/SORTING_BUS/meta.json,GSO,../../data/depthanything/moge_dataset/GSO/SORTING_BUS/image.png
787,787,../../data/moge_dataset/GSO/SORTING_TRAIN/image.jpg,../../data/moge_dataset/GSO/SORTING_TRAIN/depth.png,../../data/moge_dataset/GSO/SORTING_TRAIN/meta.json,GSO,../../data/depthanything/moge_dataset/GSO/SORTING_TRAIN/image.png
788,788,../../data/moge_dataset/GSO/SPEED_BOAT/image.jpg,../../data/moge_dataset/GSO/SPEED_BOAT/depth.png,../../data/moge_dataset/GSO/SPEED_BOAT/meta.json,GSO,../../data/depthanything/moge_dataset/GSO/SPEED_BOAT/image.png
789,789,../../data/moge_dataset/GSO/STACKING_BEAR/image.jpg,../../data/moge_dataset/GSO/STACKING_BEAR/depth.png,../../data/moge_dataset/GSO/STACKING_BEAR/meta.json,GSO,../../data/depthanything/moge_dataset/GSO/STACKING_BEAR/image.png
790,790,../../data/moge_dataset/GSO/STACKING_BEAR_V04KKgGBn2A/image.jpg,../../data/moge_dataset/GSO/STACKING_BEAR_V04KKgGBn2A/depth.png,../../data/moge_dataset/GSO/STACKING_BEAR_V04KKgGBn2A/meta.json,GSO,../../data/depthanything/moge_dataset/GSO/STACKING_BEAR_V04KKgGBn2A/image.png
791,791,../../data/moge_dataset/GSO/STACKING_RING/image.jpg,../../data/moge_dataset/GSO/STACKING_RING/depth.png,../../data/moge_dataset/GSO/STACKING_RING/meta.json,GSO,../../data/depthanything/moge_dataset/GSO/STACKING_RING/image.png
792,792,../../data/moge_dataset/GSO/STEAK_SET/image.jpg,../../data/moge_dataset/GSO/STEAK_SET/depth.png,../../data/moge_dataset/GSO/STEAK_SET/meta.json,GSO,../../data/depthanything/moge_dataset/GSO/STEAK_SET/image.png
793,793,../../data/moge_dataset/GSO/SUPERSTAR_CLR/image.jpg,../../data/moge_dataset/GSO/SUPERSTAR_CLR/depth.png,../../data/moge_dataset/GSO/SUPERSTAR_CLR/meta.json,GSO,../../data/depthanything/moge_dataset/GSO/SUPERSTAR_CLR/image.png
794,794,../../data/moge_dataset/GSO/Saccharomyces_Boulardii_MOS_Value_Size/image.jpg,../../data/moge_dataset/GSO/Saccharomyces_Boulardii_MOS_Value_Size/depth.png,../../data/moge_dataset/GSO/Saccharomyces_Boulardii_MOS_Value_Size/meta.json,GSO,../../data/depthanything/moge_dataset/GSO/Saccharomyces_Boulardii_MOS_Value_Size/image.png
795,795,../../data/moge_dataset/GSO/Samoa_onepiece/image.jpg,../../data/moge_dataset/GSO/Samoa_onepiece/depth.png,../../data/moge_dataset/GSO/Samoa_onepiece/meta.json,GSO,../../data/depthanything/moge_dataset/GSO/Samoa_onepiece/image.png
796,796,../../data/moge_dataset/GSO/Samsung_CLTC406S_Toner_Cartridge_Cyan_1pack/image.jpg,../../data/moge_dataset/GSO/Samsung_CLTC406S_Toner_Cartridge_Cyan_1pack/depth.png,../../data/moge_dataset/GSO/Samsung_CLTC406S_Toner_Cartridge_Cyan_1pack/meta.json,GSO,../../data/depthanything/moge_dataset/GSO/Samsung_CLTC406S_Toner_Cartridge_Cyan_1pack/image.png
797,797,../../data/moge_dataset/GSO/Santa_Cruz_Mens/image.jpg,../../data/moge_dataset/GSO/Santa_Cruz_Mens/depth.png,../../data/moge_dataset/GSO/Santa_Cruz_Mens/meta.json,GSO,../../data/depthanything/moge_dataset/GSO/Santa_Cruz_Mens/image.png
798,798,../../data/moge_dataset/GSO/Santa_Cruz_Mens_G7kQXK7cIky/image.jpg,../../data/moge_dataset/GSO/Santa_Cruz_Mens_G7kQXK7cIky/depth.png,../../data/moge_dataset/GSO/Santa_Cruz_Mens_G7kQXK7cIky/meta.json,GSO,../../data/depthanything/moge_dataset/GSO/Santa_Cruz_Mens_G7kQXK7cIky/image.png
799,799,../../data/moge_dataset/GSO/Santa_Cruz_Mens_YmsMDkFf11Z/image.jpg,../../data/moge_dataset/GSO/Santa_Cruz_Mens_YmsMDkFf11Z/depth.png,../../data/moge_dataset/GSO/Santa_Cruz_Mens_YmsMDkFf11Z/meta.json,GSO,../../data/depthanything/moge_dataset/GSO/Santa_Cruz_Mens_YmsMDkFf11Z/image.png
800,800,../../data/moge_dataset/GSO/Santa_Cruz_Mens_umxTczr1Ygg/image.jpg,../../data/moge_dataset/GSO/Santa_Cruz_Mens_umxTczr1Ygg/depth.png,../../data/moge_dataset/GSO/Santa_Cruz_Mens_umxTczr1Ygg/meta.json,GSO,../../data/depthanything/moge_dataset/GSO/Santa_Cruz_Mens_umxTczr1Ygg/image.png
801,801,../../data/moge_dataset/GSO/Santa_Cruz_Mens_vnbiTDDt5xH/image.jpg,../../data/moge_dataset/GSO/Santa_Cruz_Mens_vnbiTDDt5xH/depth.png,../../data/moge_dataset/GSO/Santa_Cruz_Mens_vnbiTDDt5xH/meta.json,GSO,../../data/depthanything/moge_dataset/GSO/Santa_Cruz_Mens_vnbiTDDt5xH/image.png
802,802,../../data/moge_dataset/GSO/Sapota_Threshold_4_Ceramic_Round_Planter_Red/image.jpg,../../data/moge_dataset/GSO/Sapota_Threshold_4_Ceramic_Round_Planter_Red/depth.png,../../data/moge_dataset/GSO/Sapota_Threshold_4_Ceramic_Round_Planter_Red/meta.json,GSO,../../data/depthanything/moge_dataset/GSO/Sapota_Threshold_4_Ceramic_Round_Planter_Red/image.png
803,803,../../data/moge_dataset/GSO/Schleich_African_Black_Rhino/image.jpg,../../data/moge_dataset/GSO/Schleich_African_Black_Rhino/depth.png,../../data/moge_dataset/GSO/Schleich_African_Black_Rhino/meta.json,GSO,../../data/depthanything/moge_dataset/GSO/Schleich_African_Black_Rhino/image.png
804,804,../../data/moge_dataset/GSO/Schleich_Allosaurus/image.jpg,../../data/moge_dataset/GSO/Schleich_Allosaurus/depth.png,../../data/moge_dataset/GSO/Schleich_Allosaurus/meta.json,GSO,../../data/depthanything/moge_dataset/GSO/Schleich_Allosaurus/image.png
805,805,../../data/moge_dataset/GSO/Schleich_Bald_Eagle/image.jpg,../../data/moge_dataset/GSO/Schleich_Bald_Eagle/depth.png,../../data/moge_dataset/GSO/Schleich_Bald_Eagle/meta.json,GSO,../../data/depthanything/moge_dataset/GSO/Schleich_Bald_Eagle/image.png
806,806,../../data/moge_dataset/GSO/Schleich_Hereford_Bull/image.jpg,../../data/moge_dataset/GSO/Schleich_Hereford_Bull/depth.png,../../data/moge_dataset/GSO/Schleich_Hereford_Bull/meta.json,GSO,../../data/depthanything/moge_dataset/GSO/Schleich_Hereford_Bull/image.png
807,807,../../data/moge_dataset/GSO/Schleich_Lion_Action_Figure/image.jpg,../../data/moge_dataset/GSO/Schleich_Lion_Action_Figure/depth.png,../../data/moge_dataset/GSO/Schleich_Lion_Action_Figure/meta.json,GSO,../../data/depthanything/moge_dataset/GSO/Schleich_Lion_Action_Figure/image.png
808,808,../../data/moge_dataset/GSO/Schleich_S_Bayala_Unicorn_70432/image.jpg,../../data/moge_dataset/GSO/Schleich_S_Bayala_Unicorn_70432/depth.png,../../data/moge_dataset/GSO/Schleich_S_Bayala_Unicorn_70432/meta.json,GSO,../../data/depthanything/moge_dataset/GSO/Schleich_S_Bayala_Unicorn_70432/image.png
809,809,../../data/moge_dataset/GSO/Schleich_Spinosaurus_Action_Figure/image.jpg,../../data/moge_dataset/GSO/Schleich_Spinosaurus_Action_Figure/depth.png,../../data/moge_dataset/GSO/Schleich_Spinosaurus_Action_Figure/meta.json,GSO,../../data/depthanything/moge_dataset/GSO/Schleich_Spinosaurus_Action_Figure/image.png
810,810,../../data/moge_dataset/GSO/Schleich_Therizinosaurus_ln9cruulPqc/image.jpg,../../data/moge_dataset/GSO/Schleich_Therizinosaurus_ln9cruulPqc/depth.png,../../data/moge_dataset/GSO/Schleich_Therizinosaurus_ln9cruulPqc/meta.json,GSO,../../data/depthanything/moge_dataset/GSO/Schleich_Therizinosaurus_ln9cruulPqc/image.png
811,811,../../data/moge_dataset/GSO/Sea_to_Summit_Xl_Bowl/image.jpg,../../data/moge_dataset/GSO/Sea_to_Summit_Xl_Bowl/depth.png,../../data/moge_dataset/GSO/Sea_to_Summit_Xl_Bowl/meta.json,GSO,../../data/depthanything/moge_dataset/GSO/Sea_to_Summit_Xl_Bowl/image.png
812,812,../../data/moge_dataset/GSO/Seagate_1TB_Backup_Plus_portable_drive_Blue/image.jpg,../../data/moge_dataset/GSO/Seagate_1TB_Backup_Plus_portable_drive_Blue/depth.png,../../data/moge_dataset/GSO/Seagate_1TB_Backup_Plus_portable_drive_Blue/meta.json,GSO,../../data/depthanything/moge_dataset/GSO/Seagate_1TB_Backup_Plus_portable_drive_Blue/image.png
813,813,../../data/moge_dataset/GSO/Seagate_1TB_Backup_Plus_portable_drive_Silver/image.jpg,../../data/moge_dataset/GSO/Seagate_1TB_Backup_Plus_portable_drive_Silver/depth.png,../../data/moge_dataset/GSO/Seagate_1TB_Backup_Plus_portable_drive_Silver/meta.json,GSO,../../data/depthanything/moge_dataset/GSO/Seagate_1TB_Backup_Plus_portable_drive_Silver/image.png
814,814,../../data/moge_dataset/GSO/Seagate_1TB_Backup_Plus_portable_drive_for_Mac/image.jpg,../../data/moge_dataset/GSO/Seagate_1TB_Backup_Plus_portable_drive_for_Mac/depth.png,../../data/moge_dataset/GSO/Seagate_1TB_Backup_Plus_portable_drive_for_Mac/meta.json,GSO,../../data/depthanything/moge_dataset/GSO/Seagate_1TB_Backup_Plus_portable_drive_for_Mac/image.png
815,815,../../data/moge_dataset/GSO/Seagate_1TB_Wireless_Plus_mobile_device_storage/image.jpg,../../data/moge_dataset/GSO/Seagate_1TB_Wireless_Plus_mobile_device_storage/depth.png,../../data/moge_dataset/GSO/Seagate_1TB_Wireless_Plus_mobile_device_storage/meta.json,GSO,../../data/depthanything/moge_dataset/GSO/Seagate_1TB_Wireless_Plus_mobile_device_storage/image.png
816,816,../../data/moge_dataset/GSO/Seagate_3TB_Central_shared_storage/image.jpg,../../data/moge_dataset/GSO/Seagate_3TB_Central_shared_storage/depth.png,../../data/moge_dataset/GSO/Seagate_3TB_Central_shared_storage/meta.json,GSO,../../data/depthanything/moge_dataset/GSO/Seagate_3TB_Central_shared_storage/image.png
817,817,../../data/moge_dataset/GSO/Seagate_Archive_HDD_8_TB_Internal_hard_drive_SATA_6Gbs_35_ST8000AS0002/image.jpg,../../data/moge_dataset/GSO/Seagate_Archive_HDD_8_TB_Internal_hard_drive_SATA_6Gbs_35_ST8000AS0002/depth.png,../../data/moge_dataset/GSO/Seagate_Archive_HDD_8_TB_Internal_hard_drive_SATA_6Gbs_35_ST8000AS0002/meta.json,GSO,../../data/depthanything/moge_dataset/GSO/Seagate_Archive_HDD_8_TB_Internal_hard_drive_SATA_6Gbs_35_ST8000AS0002/image.png
818,818,../../data/moge_dataset/GSO/Shark/image.jpg,../../data/moge_dataset/GSO/Shark/depth.png,../../data/moge_dataset/GSO/Shark/meta.json,GSO,../../data/depthanything/moge_dataset/GSO/Shark/image.png
819,819,../../data/moge_dataset/GSO/Shaxon_100_Molded_Category_6_RJ45RJ45_Shielded_Patch_Cord_White/image.jpg,../../data/moge_dataset/GSO/Shaxon_100_Molded_Category_6_RJ45RJ45_Shielded_Patch_Cord_White/depth.png,../../data/moge_dataset/GSO/Shaxon_100_Molded_Category_6_RJ45RJ45_Shielded_Patch_Cord_White/meta.json,GSO,../../data/depthanything/moge_dataset/GSO/Shaxon_100_Molded_Category_6_RJ45RJ45_Shielded_Patch_Cord_White/image.png
820,820,../../data/moge_dataset/GSO/Shurtape_30_Day_Removal_UV_Delct_15/image.jpg,../../data/moge_dataset/GSO/Shurtape_30_Day_Removal_UV_Delct_15/depth.png,../../data/moge_dataset/GSO/Shurtape_30_Day_Removal_UV_Delct_15/meta.json,GSO,../../data/depthanything/moge_dataset/GSO/Shurtape_30_Day_Removal_UV_Delct_15/image.png
821,821,../../data/moge_dataset/GSO/Shurtape_Gaffers_Tape_Silver_2_x_60_yd/image.jpg,../../data/moge_dataset/GSO/Shurtape_Gaffers_Tape_Silver_2_x_60_yd/depth.png,../../data/moge_dataset/GSO/Shurtape_Gaffers_Tape_Silver_2_x_60_yd/meta.json,GSO,../../data/depthanything/moge_dataset/GSO/Shurtape_Gaffers_Tape_Silver_2_x_60_yd/image.png
822,822,../../data/moge_dataset/GSO/Shurtape_Tape_Purple_CP28/image.jpg,../../data/moge_dataset/GSO/Shurtape_Tape_Purple_CP28/depth.png,../../data/moge_dataset/GSO/Shurtape_Tape_Purple_CP28/meta.json,GSO,../../data/depthanything/moge_dataset/GSO/Shurtape_Tape_Purple_CP28/image.png
823,823,../../data/moge_dataset/GSO/Sienna_Brown_Croc_Tieks_Patent_Leather_Crocodile_Print_Ballet_Flats/image.jpg,../../data/moge_dataset/GSO/Sienna_Brown_Croc_Tieks_Patent_Leather_Crocodile_Print_Ballet_Flats/depth.png,../../data/moge_dataset/GSO/Sienna_Brown_Croc_Tieks_Patent_Leather_Crocodile_Print_Ballet_Flats/meta.json,GSO,../../data/depthanything/moge_dataset/GSO/Sienna_Brown_Croc_Tieks_Patent_Leather_Crocodile_Print_Ballet_Flats/image.png
824,824,../../data/moge_dataset/GSO/Simon_Swipe_Game/image.jpg,../../data/moge_dataset/GSO/Simon_Swipe_Game/depth.png,../../data/moge_dataset/GSO/Simon_Swipe_Game/meta.json,GSO,../../data/depthanything/moge_dataset/GSO/Simon_Swipe_Game/image.png
825,825,../../data/moge_dataset/GSO/Sleep_Optimizer/image.jpg,../../data/moge_dataset/GSO/Sleep_Optimizer/depth.png,../../data/moge_dataset/GSO/Sleep_Optimizer/meta.json,GSO,../../data/depthanything/moge_dataset/GSO/Sleep_Optimizer/image.png
826,826,../../data/moge_dataset/GSO/Smith_Hawken_Woven_BasketTray_Organizer_with_3_Compartments_95_x_9_x_13/image.jpg,../../data/moge_dataset/GSO/Smith_Hawken_Woven_BasketTray_Organizer_with_3_Compartments_95_x_9_x_13/depth.png,../../data/moge_dataset/GSO/Smith_Hawken_Woven_BasketTray_Organizer_with_3_Compartments_95_x_9_x_13/meta.json,GSO,../../data/depthanything/moge_dataset/GSO/Smith_Hawken_Woven_BasketTray_Organizer_with_3_Compartments_95_x_9_x_13/image.png
827,827,../../data/moge_dataset/GSO/Snack_Catcher_Snack_Dispenser/image.jpg,../../data/moge_dataset/GSO/Snack_Catcher_Snack_Dispenser/depth.png,../../data/moge_dataset/GSO/Snack_Catcher_Snack_Dispenser/meta.json,GSO,../../data/depthanything/moge_dataset/GSO/Snack_Catcher_Snack_Dispenser/image.png
828,828,../../data/moge_dataset/GSO/Sonicare_2_Series_Toothbrush_Plaque_Control/image.jpg,../../data/moge_dataset/GSO/Sonicare_2_Series_Toothbrush_Plaque_Control/depth.png,../../data/moge_dataset/GSO/Sonicare_2_Series_Toothbrush_Plaque_Control/meta.json,GSO,../../data/depthanything/moge_dataset/GSO/Sonicare_2_Series_Toothbrush_Plaque_Control/image.png
829,829,../../data/moge_dataset/GSO/Sonny_School_Bus/image.jpg,../../data/moge_dataset/GSO/Sonny_School_Bus/depth.png,../../data/moge_dataset/GSO/Sonny_School_Bus/meta.json,GSO,../../data/depthanything/moge_dataset/GSO/Sonny_School_Bus/image.png
830,830,../../data/moge_dataset/GSO/Sony_Acid_Music_Studio/image.jpg,../../data/moge_dataset/GSO/Sony_Acid_Music_Studio/depth.png,../../data/moge_dataset/GSO/Sony_Acid_Music_Studio/meta.json,GSO,../../data/depthanything/moge_dataset/GSO/Sony_Acid_Music_Studio/image.png
831,831,../../data/moge_dataset/GSO/Sony_Downloadable_Loops/image.jpg,../../data/moge_dataset/GSO/Sony_Downloadable_Loops/depth.png,../../data/moge_dataset/GSO/Sony_Downloadable_Loops/meta.json,GSO,../../data/depthanything/moge_dataset/GSO/Sony_Downloadable_Loops/image.png
832,832,../../data/moge_dataset/GSO/Sootheze_Cold_Therapy_Elephant/image.jpg,../../data/moge_dataset/GSO/Sootheze_Cold_Therapy_Elephant/depth.png,../../data/moge_dataset/GSO/Sootheze_Cold_Therapy_Elephant/meta.json,GSO,../../data/depthanything/moge_dataset/GSO/Sootheze_Cold_Therapy_Elephant/image.png
833,833,../../data/moge_dataset/GSO/Sootheze_Toasty_Orca/image.jpg,../../data/moge_dataset/GSO/Sootheze_Toasty_Orca/depth.png,../../data/moge_dataset/GSO/Sootheze_Toasty_Orca/meta.json,GSO,../../data/depthanything/moge_dataset/GSO/Sootheze_Toasty_Orca/image.png
834,834,../../data/moge_dataset/GSO/Sorry_Sliders_Board_Game/image.jpg,../../data/moge_dataset/GSO/Sorry_Sliders_Board_Game/depth.png,../../data/moge_dataset/GSO/Sorry_Sliders_Board_Game/meta.json,GSO,../../data/depthanything/moge_dataset/GSO/Sorry_Sliders_Board_Game/image.png
835,835,../../data/moge_dataset/GSO/Spectrum_Wall_Mount/image.jpg,../../data/moge_dataset/GSO/Spectrum_Wall_Mount/depth.png,../../data/moge_dataset/GSO/Spectrum_Wall_Mount/meta.json,GSO,../../data/depthanything/moge_dataset/GSO/Spectrum_Wall_Mount/image.png
836,836,../../data/moge_dataset/GSO/Sperry_TopSider_pSUFPWQXPp3/image.jpg,../../data/moge_dataset/GSO/Sperry_TopSider_pSUFPWQXPp3/depth.png,../../data/moge_dataset/GSO/Sperry_TopSider_pSUFPWQXPp3/meta.json,GSO,../../data/depthanything/moge_dataset/GSO/Sperry_TopSider_pSUFPWQXPp3/image.png
837,837,../../data/moge_dataset/GSO/Sperry_TopSider_tNB9t6YBUf3/image.jpg,../../data/moge_dataset/GSO/Sperry_TopSider_tNB9t6YBUf3/depth.png,../../data/moge_dataset/GSO/Sperry_TopSider_tNB9t6YBUf3/meta.json,GSO,../../data/depthanything/moge_dataset/GSO/Sperry_TopSider_tNB9t6YBUf3/image.png
838,838,../../data/moge_dataset/GSO/SpiderMan_Titan_Hero_12Inch_Action_Figure_5Hnn4mtkFsP/image.jpg,../../data/moge_dataset/GSO/SpiderMan_Titan_Hero_12Inch_Action_Figure_5Hnn4mtkFsP/depth.png,../../data/moge_dataset/GSO/SpiderMan_Titan_Hero_12Inch_Action_Figure_5Hnn4mtkFsP/meta.json,GSO,../../data/depthanything/moge_dataset/GSO/SpiderMan_Titan_Hero_12Inch_Action_Figure_5Hnn4mtkFsP/image.png
839,839,../../data/moge_dataset/GSO/SpiderMan_Titan_Hero_12Inch_Action_Figure_oo1qph4wwiW/image.jpg,../../data/moge_dataset/GSO/SpiderMan_Titan_Hero_12Inch_Action_Figure_oo1qph4wwiW/depth.png,../../data/moge_dataset/GSO/SpiderMan_Titan_Hero_12Inch_Action_Figure_oo1qph4wwiW/meta.json,GSO,../../data/depthanything/moge_dataset/GSO/SpiderMan_Titan_Hero_12Inch_Action_Figure_oo1qph4wwiW/image.png
840,840,../../data/moge_dataset/GSO/Spritz_Easter_Basket_Plastic_Teal/image.jpg,../../data/moge_dataset/GSO/Spritz_Easter_Basket_Plastic_Teal/depth.png,../../data/moge_dataset/GSO/Spritz_Easter_Basket_Plastic_Teal/meta.json,GSO,../../data/depthanything/moge_dataset/GSO/Spritz_Easter_Basket_Plastic_Teal/image.png
841,841,../../data/moge_dataset/GSO/Squirrel/image.jpg,../../data/moge_dataset/GSO/Squirrel/depth.png,../../data/moge_dataset/GSO/Squirrel/meta.json,GSO,../../data/depthanything/moge_dataset/GSO/Squirrel/image.png
842,842,../../data/moge_dataset/GSO/Squirt_Strain_Fruit_Basket/image.jpg,../../data/moge_dataset/GSO/Squirt_Strain_Fruit_Basket/depth.png,../../data/moge_dataset/GSO/Squirt_Strain_Fruit_Basket/meta.json,GSO,../../data/depthanything/moge_dataset/GSO/Squirt_Strain_Fruit_Basket/image.png
843,843,../../data/moge_dataset/GSO/Squirtin_Barnyard_Friends_4pk/image.jpg,../../data/moge_dataset/GSO/Squirtin_Barnyard_Friends_4pk/depth.png,../../data/moge_dataset/GSO/Squirtin_Barnyard_Friends_4pk/meta.json,GSO,../../data/depthanything/moge_dataset/GSO/Squirtin_Barnyard_Friends_4pk/image.png
844,844,../../data/moge_dataset/GSO/Star_Wars_Rogue_Squadron_Nintendo_64/image.jpg,../../data/moge_dataset/GSO/Star_Wars_Rogue_Squadron_Nintendo_64/depth.png,../../data/moge_dataset/GSO/Star_Wars_Rogue_Squadron_Nintendo_64/meta.json,GSO,../../data/depthanything/moge_dataset/GSO/Star_Wars_Rogue_Squadron_Nintendo_64/image.png
845,845,../../data/moge_dataset/GSO/Starstruck_Tieks_Glittery_Gold_Italian_Leather_Ballet_Flats/image.jpg,../../data/moge_dataset/GSO/Starstruck_Tieks_Glittery_Gold_Italian_Leather_Ballet_Flats/depth.png,../../data/moge_dataset/GSO/Starstruck_Tieks_Glittery_Gold_Italian_Leather_Ballet_Flats/meta.json,GSO,../../data/depthanything/moge_dataset/GSO/Starstruck_Tieks_Glittery_Gold_Italian_Leather_Ballet_Flats/image.png
846,846,../../data/moge_dataset/GSO/Sterilite_Caddy_Blue_Sky_17_58_x_12_58_x_9_14/image.jpg,../../data/moge_dataset/GSO/Sterilite_Caddy_Blue_Sky_17_58_x_12_58_x_9_14/depth.png,../../data/moge_dataset/GSO/Sterilite_Caddy_Blue_Sky_17_58_x_12_58_x_9_14/meta.json,GSO,../../data/depthanything/moge_dataset/GSO/Sterilite_Caddy_Blue_Sky_17_58_x_12_58_x_9_14/image.png
847,847,../../data/moge_dataset/GSO/Super_Mario_3D_World_Deluxe_Set/image.jpg,../../data/moge_dataset/GSO/Super_Mario_3D_World_Deluxe_Set/depth.png,../../data/moge_dataset/GSO/Super_Mario_3D_World_Deluxe_Set/meta.json,GSO,../../data/depthanything/moge_dataset/GSO/Super_Mario_3D_World_Deluxe_Set/image.png
848,848,../../data/moge_dataset/GSO/Super_Mario_3D_World_Deluxe_Set_yThuvW9vZed/image.jpg,../../data/moge_dataset/GSO/Super_Mario_3D_World_Deluxe_Set_yThuvW9vZed/depth.png,../../data/moge_dataset/GSO/Super_Mario_3D_World_Deluxe_Set_yThuvW9vZed/meta.json,GSO,../../data/depthanything/moge_dataset/GSO/Super_Mario_3D_World_Deluxe_Set_yThuvW9vZed/image.png
849,849,../../data/moge_dataset/GSO/Super_Mario_3D_World_Wii_U_Game/image.jpg,../../data/moge_dataset/GSO/Super_Mario_3D_World_Wii_U_Game/depth.png,../../data/moge_dataset/GSO/Super_Mario_3D_World_Wii_U_Game/meta.json,GSO,../../data/depthanything/moge_dataset/GSO/Super_Mario_3D_World_Wii_U_Game/image.png
850,850,../../data/moge_dataset/GSO/Super_Mario_Kart_Super_Nintendo_Entertainment_System/image.jpg,../../data/moge_dataset/GSO/Super_Mario_Kart_Super_Nintendo_Entertainment_System/depth.png,../../data/moge_dataset/GSO/Super_Mario_Kart_Super_Nintendo_Entertainment_System/meta.json,GSO,../../data/depthanything/moge_dataset/GSO/Super_Mario_Kart_Super_Nintendo_Entertainment_System/image.png
851,851,../../data/moge_dataset/GSO/Superman_Battle_of_Smallville/image.jpg,../../data/moge_dataset/GSO/Superman_Battle_of_Smallville/depth.png,../../data/moge_dataset/GSO/Superman_Battle_of_Smallville/meta.json,GSO,../../data/depthanything/moge_dataset/GSO/Superman_Battle_of_Smallville/image.png
852,852,../../data/moge_dataset/GSO/Supernatural_Ouija_Board_Game/image.jpg,../../data/moge_dataset/GSO/Supernatural_Ouija_Board_Game/depth.png,../../data/moge_dataset/GSO/Supernatural_Ouija_Board_Game/meta.json,GSO,../../data/depthanything/moge_dataset/GSO/Supernatural_Ouija_Board_Game/image.png
853,853,../../data/moge_dataset/GSO/Sushi_Mat/image.jpg,../../data/moge_dataset/GSO/Sushi_Mat/depth.png,../../data/moge_dataset/GSO/Sushi_Mat/meta.json,GSO,../../data/depthanything/moge_dataset/GSO/Sushi_Mat/image.png
854,854,../../data/moge_dataset/GSO/Swiss_Miss_Hot_Cocoa_KCups_Milk_Chocolate_12_count/image.jpg,../../data/moge_dataset/GSO/Swiss_Miss_Hot_Cocoa_KCups_Milk_Chocolate_12_count/depth.png,../../data/moge_dataset/GSO/Swiss_Miss_Hot_Cocoa_KCups_Milk_Chocolate_12_count/meta.json,GSO,../../data/depthanything/moge_dataset/GSO/Swiss_Miss_Hot_Cocoa_KCups_Milk_Chocolate_12_count/image.png
855,855,../../data/moge_dataset/GSO/TABLEWARE_SET/image.jpg,../../data/moge_dataset/GSO/TABLEWARE_SET/depth.png,../../data/moge_dataset/GSO/TABLEWARE_SET/meta.json,GSO,../../data/depthanything/moge_dataset/GSO/TABLEWARE_SET/image.png
856,856,../../data/moge_dataset/GSO/TABLEWARE_SET_5CHkPjjxVpp/image.jpg,../../data/moge_dataset/GSO/TABLEWARE_SET_5CHkPjjxVpp/depth.png,../../data/moge_dataset/GSO/TABLEWARE_SET_5CHkPjjxVpp/meta.json,GSO,../../data/depthanything/moge_dataset/GSO/TABLEWARE_SET_5CHkPjjxVpp/image.png
857,857,../../data/moge_dataset/GSO/TABLEWARE_SET_5ww1UFLuCJG/image.jpg,../../data/moge_dataset/GSO/TABLEWARE_SET_5ww1UFLuCJG/depth.png,../../data/moge_dataset/GSO/TABLEWARE_SET_5ww1UFLuCJG/meta.json,GSO,../../data/depthanything/moge_dataset/GSO/TABLEWARE_SET_5ww1UFLuCJG/image.png
858,858,../../data/moge_dataset/GSO/TEA_SET/image.jpg,../../data/moge_dataset/GSO/TEA_SET/depth.png,../../data/moge_dataset/GSO/TEA_SET/meta.json,GSO,../../data/depthanything/moge_dataset/GSO/TEA_SET/image.png
859,859,../../data/moge_dataset/GSO/TERREX_FAST_R/image.jpg,../../data/moge_dataset/GSO/TERREX_FAST_R/depth.png,../../data/moge_dataset/GSO/TERREX_FAST_R/meta.json,GSO,../../data/depthanything/moge_dataset/GSO/TERREX_FAST_R/image.png
860,860,../../data/moge_dataset/GSO/TERREX_FAST_X_GTX/image.jpg,../../data/moge_dataset/GSO/TERREX_FAST_X_GTX/depth.png,../../data/moge_dataset/GSO/TERREX_FAST_X_GTX/meta.json,GSO,../../data/depthanything/moge_dataset/GSO/TERREX_FAST_X_GTX/image.png
861,861,../../data/moge_dataset/GSO/TOOL_BELT/image.jpg,../../data/moge_dataset/GSO/TOOL_BELT/depth.png,../../data/moge_dataset/GSO/TOOL_BELT/meta.json,GSO,../../data/depthanything/moge_dataset/GSO/TOOL_BELT/image.png
862,862,../../data/moge_dataset/GSO/TOP_TEN_HI/image.jpg,../../data/moge_dataset/GSO/TOP_TEN_HI/depth.png,../../data/moge_dataset/GSO/TOP_TEN_HI/meta.json,GSO,../../data/depthanything/moge_dataset/GSO/TOP_TEN_HI/image.png
863,863,../../data/moge_dataset/GSO/TOP_TEN_HI_60KlbRbdoJA/image.jpg,../../data/moge_dataset/GSO/TOP_TEN_HI_60KlbRbdoJA/depth.png,../../data/moge_dataset/GSO/TOP_TEN_HI_60KlbRbdoJA/meta.json,GSO,../../data/depthanything/moge_dataset/GSO/TOP_TEN_HI_60KlbRbdoJA/image.png
864,864,../../data/moge_dataset/GSO/TOWER_TUMBLING/image.jpg,../../data/moge_dataset/GSO/TOWER_TUMBLING/depth.png,../../data/moge_dataset/GSO/TOWER_TUMBLING/meta.json,GSO,../../data/depthanything/moge_dataset/GSO/TOWER_TUMBLING/image.png
865,865,../../data/moge_dataset/GSO/TROCHILUS_BOOST/image.jpg,../../data/moge_dataset/GSO/TROCHILUS_BOOST/depth.png,../../data/moge_dataset/GSO/TROCHILUS_BOOST/meta.json,GSO,../../data/depthanything/moge_dataset/GSO/TROCHILUS_BOOST/image.png
866,866,../../data/moge_dataset/GSO/TURBOPROP_AIRPLANE_WITH_PILOT/image.jpg,../../data/moge_dataset/GSO/TURBOPROP_AIRPLANE_WITH_PILOT/depth.png,../../data/moge_dataset/GSO/TURBOPROP_AIRPLANE_WITH_PILOT/meta.json,GSO,../../data/depthanything/moge_dataset/GSO/TURBOPROP_AIRPLANE_WITH_PILOT/image.png
867,867,../../data/moge_dataset/GSO/TWISTED_PUZZLE/image.jpg,../../data/moge_dataset/GSO/TWISTED_PUZZLE/depth.png,../../data/moge_dataset/GSO/TWISTED_PUZZLE/meta.json,GSO,../../data/depthanything/moge_dataset/GSO/TWISTED_PUZZLE/image.png
868,868,../../data/moge_dataset/GSO/TWISTED_PUZZLE_twb4AyFtu8Q/image.jpg,../../data/moge_dataset/GSO/TWISTED_PUZZLE_twb4AyFtu8Q/depth.png,../../data/moge_dataset/GSO/TWISTED_PUZZLE_twb4AyFtu8Q/meta.json,GSO,../../data/depthanything/moge_dataset/GSO/TWISTED_PUZZLE_twb4AyFtu8Q/image.png
869,869,../../data/moge_dataset/GSO/TWIST_SHAPE/image.jpg,../../data/moge_dataset/GSO/TWIST_SHAPE/depth.png,../../data/moge_dataset/GSO/TWIST_SHAPE/meta.json,GSO,../../data/depthanything/moge_dataset/GSO/TWIST_SHAPE/image.png
870,870,../../data/moge_dataset/GSO/TZX_Runner/image.jpg,../../data/moge_dataset/GSO/TZX_Runner/depth.png,../../data/moge_dataset/GSO/TZX_Runner/meta.json,GSO,../../data/depthanything/moge_dataset/GSO/TZX_Runner/image.png
871,871,../../data/moge_dataset/GSO/Tag_Dishtowel_18_x_26/image.jpg,../../data/moge_dataset/GSO/Tag_Dishtowel_18_x_26/depth.png,../../data/moge_dataset/GSO/Tag_Dishtowel_18_x_26/meta.json,GSO,../../data/depthanything/moge_dataset/GSO/Tag_Dishtowel_18_x_26/image.png
872,872,../../data/moge_dataset/GSO/Tag_Dishtowel_Basket_Weave_Red_18_x_26/image.jpg,../../data/moge_dataset/GSO/Tag_Dishtowel_Basket_Weave_Red_18_x_26/depth.png,../../data/moge_dataset/GSO/Tag_Dishtowel_Basket_Weave_Red_18_x_26/meta.json,GSO,../../data/depthanything/moge_dataset/GSO/Tag_Dishtowel_Basket_Weave_Red_18_x_26/image.png
873,873,../../data/moge_dataset/GSO/Tag_Dishtowel_Dobby_Stripe_Blue_18_x_26/image.jpg,../../data/moge_dataset/GSO/Tag_Dishtowel_Dobby_Stripe_Blue_18_x_26/depth.png,../../data/moge_dataset/GSO/Tag_Dishtowel_Dobby_Stripe_Blue_18_x_26/meta.json,GSO,../../data/depthanything/moge_dataset/GSO/Tag_Dishtowel_Dobby_Stripe_Blue_18_x_26/image.png
874,874,../../data/moge_dataset/GSO/Tag_Dishtowel_Green/image.jpg,../../data/moge_dataset/GSO/Tag_Dishtowel_Green/depth.png,../../data/moge_dataset/GSO/Tag_Dishtowel_Green/meta.json,GSO,../../data/depthanything/moge_dataset/GSO/Tag_Dishtowel_Green/image.png
875,875,../../data/moge_dataset/GSO/Tag_Dishtowel_Waffle_Gray_Checks_18_x_26/image.jpg,../../data/moge_dataset/GSO/Tag_Dishtowel_Waffle_Gray_Checks_18_x_26/depth.png,../../data/moge_dataset/GSO/Tag_Dishtowel_Waffle_Gray_Checks_18_x_26/meta.json,GSO,../../data/depthanything/moge_dataset/GSO/Tag_Dishtowel_Waffle_Gray_Checks_18_x_26/image.png
876,876,../../data/moge_dataset/GSO/Target_Basket_Medium/image.jpg,../../data/moge_dataset/GSO/Target_Basket_Medium/depth.png,../../data/moge_dataset/GSO/Target_Basket_Medium/meta.json,GSO,../../data/depthanything/moge_dataset/GSO/Target_Basket_Medium/image.png
877,877,../../data/moge_dataset/GSO/Teenage_Mutant_Ninja_Turtles_Rahzar_Action_Figure/image.jpg,../../data/moge_dataset/GSO/Teenage_Mutant_Ninja_Turtles_Rahzar_Action_Figure/depth.png,../../data/moge_dataset/GSO/Teenage_Mutant_Ninja_Turtles_Rahzar_Action_Figure/meta.json,GSO,../../data/depthanything/moge_dataset/GSO/Teenage_Mutant_Ninja_Turtles_Rahzar_Action_Figure/image.png
878,878,../../data/moge_dataset/GSO/Tena_Pads_Heavy_Long_42_pads/image.jpg,../../data/moge_dataset/GSO/Tena_Pads_Heavy_Long_42_pads/depth.png,../../data/moge_dataset/GSO/Tena_Pads_Heavy_Long_42_pads/meta.json,GSO,../../data/depthanything/moge_dataset/GSO/Tena_Pads_Heavy_Long_42_pads/image.png
879,879,../../data/moge_dataset/GSO/Tetris_Link_Game/image.jpg,../../data/moge_dataset/GSO/Tetris_Link_Game/depth.png,../../data/moge_dataset/GSO/Tetris_Link_Game/meta.json,GSO,../../data/depthanything/moge_dataset/GSO/Tetris_Link_Game/image.png
880,880,../../data/moge_dataset/GSO/The_Coffee_Bean_Tea_Leaf_KCup_Packs_Jasmine_Green_Tea_16_count/image.jpg,../../data/moge_dataset/GSO/The_Coffee_Bean_Tea_Leaf_KCup_Packs_Jasmine_Green_Tea_16_count/depth.png,../../data/moge_dataset/GSO/The_Coffee_Bean_Tea_Leaf_KCup_Packs_Jasmine_Green_Tea_16_count/meta.json,GSO,../../data/depthanything/moge_dataset/GSO/The_Coffee_Bean_Tea_Leaf_KCup_Packs_Jasmine_Green_Tea_16_count/image.png
881,881,../../data/moge_dataset/GSO/The_Scooper_Hooper/image.jpg,../../data/moge_dataset/GSO/The_Scooper_Hooper/depth.png,../../data/moge_dataset/GSO/The_Scooper_Hooper/meta.json,GSO,../../data/depthanything/moge_dataset/GSO/The_Scooper_Hooper/image.png
882,882,../../data/moge_dataset/GSO/Theanine/image.jpg,../../data/moge_dataset/GSO/Theanine/depth.png,../../data/moge_dataset/GSO/Theanine/meta.json,GSO,../../data/depthanything/moge_dataset/GSO/Theanine/image.png
883,883,../../data/moge_dataset/GSO/Thomas_Friends_Woodan_Railway_Henry/image.jpg,../../data/moge_dataset/GSO/Thomas_Friends_Woodan_Railway_Henry/depth.png,../../data/moge_dataset/GSO/Thomas_Friends_Woodan_Railway_Henry/meta.json,GSO,../../data/depthanything/moge_dataset/GSO/Thomas_Friends_Woodan_Railway_Henry/image.png
884,884,../../data/moge_dataset/GSO/Thomas_Friends_Wooden_Railway_Ascending_Track_Riser_Pack/image.jpg,../../data/moge_dataset/GSO/Thomas_Friends_Wooden_Railway_Ascending_Track_Riser_Pack/depth.png,../../data/moge_dataset/GSO/Thomas_Friends_Wooden_Railway_Ascending_Track_Riser_Pack/meta.json,GSO,../../data/depthanything/moge_dataset/GSO/Thomas_Friends_Wooden_Railway_Ascending_Track_Riser_Pack/image.png
885,885,../../data/moge_dataset/GSO/Thomas_Friends_Wooden_Railway_Deluxe_Track_Accessory_Pack/image.jpg,../../data/moge_dataset/GSO/Thomas_Friends_Wooden_Railway_Deluxe_Track_Accessory_Pack/depth.png,../../data/moge_dataset/GSO/Thomas_Friends_Wooden_Railway_Deluxe_Track_Accessory_Pack/meta.json,GSO,../../data/depthanything/moge_dataset/GSO/Thomas_Friends_Wooden_Railway_Deluxe_Track_Accessory_Pack/image.png
886,886,../../data/moge_dataset/GSO/Thomas_Friends_Wooden_Railway_Porter_5JzRhMm3a9o/image.jpg,../../data/moge_dataset/GSO/Thomas_Friends_Wooden_Railway_Porter_5JzRhMm3a9o/depth.png,../../data/moge_dataset/GSO/Thomas_Friends_Wooden_Railway_Porter_5JzRhMm3a9o/meta.json,GSO,../../data/depthanything/moge_dataset/GSO/Thomas_Friends_Wooden_Railway_Porter_5JzRhMm3a9o/image.png
887,887,../../data/moge_dataset/GSO/Thomas_Friends_Wooden_Railway_Talking_Thomas_z7yi7UFHJRj/image.jpg,../../data/moge_dataset/GSO/Thomas_Friends_Wooden_Railway_Talking_Thomas_z7yi7UFHJRj/depth.png,../../data/moge_dataset/GSO/Thomas_Friends_Wooden_Railway_Talking_Thomas_z7yi7UFHJRj/meta.json,GSO,../../data/depthanything/moge_dataset/GSO/Thomas_Friends_Wooden_Railway_Talking_Thomas_z7yi7UFHJRj/image.png
888,888,../../data/moge_dataset/GSO/Threshold_Bamboo_Ceramic_Soap_Dish/image.jpg,../../data/moge_dataset/GSO/Threshold_Bamboo_Ceramic_Soap_Dish/depth.png,../../data/moge_dataset/GSO/Threshold_Bamboo_Ceramic_Soap_Dish/meta.json,GSO,../../data/depthanything/moge_dataset/GSO/Threshold_Bamboo_Ceramic_Soap_Dish/image.png
889,889,../../data/moge_dataset/GSO/Threshold_Basket_Natural_Finish_Fabric_Liner_Small/image.jpg,../../data/moge_dataset/GSO/Threshold_Basket_Natural_Finish_Fabric_Liner_Small/depth.png,../../data/moge_dataset/GSO/Threshold_Basket_Natural_Finish_Fabric_Liner_Small/meta.json,GSO,../../data/depthanything/moge_dataset/GSO/Threshold_Basket_Natural_Finish_Fabric_Liner_Small/image.png
890,890,../../data/moge_dataset/GSO/Threshold_Bead_Cereal_Bowl_White/image.jpg,../../data/moge_dataset/GSO/Threshold_Bead_Cereal_Bowl_White/depth.png,../../data/moge_dataset/GSO/Threshold_Bead_Cereal_Bowl_White/meta.json,GSO,../../data/depthanything/moge_dataset/GSO/Threshold_Bead_Cereal_Bowl_White/image.png
891,891,../../data/moge_dataset/GSO/Threshold_Bistro_Ceramic_Dinner_Plate_Ruby_Ring/image.jpg,../../data/moge_dataset/GSO/Threshold_Bistro_Ceramic_Dinner_Plate_Ruby_Ring/depth.png,../../data/moge_dataset/GSO/Threshold_Bistro_Ceramic_Dinner_Plate_Ruby_Ring/meta.json,GSO,../../data/depthanything/moge_dataset/GSO/Threshold_Bistro_Ceramic_Dinner_Plate_Ruby_Ring/image.png
892,892,../../data/moge_dataset/GSO/Threshold_Dinner_Plate_Square_Rim_White_Porcelain/image.jpg,../../data/moge_dataset/GSO/Threshold_Dinner_Plate_Square_Rim_White_Porcelain/depth.png,../../data/moge_dataset/GSO/Threshold_Dinner_Plate_Square_Rim_White_Porcelain/meta.json,GSO,../../data/depthanything/moge_dataset/GSO/Threshold_Dinner_Plate_Square_Rim_White_Porcelain/image.png
893,893,../../data/moge_dataset/GSO/Threshold_Hand_Towel_Blue_Medallion_16_x_27/image.jpg,../../data/moge_dataset/GSO/Threshold_Hand_Towel_Blue_Medallion_16_x_27/depth.png,../../data/moge_dataset/GSO/Threshold_Hand_Towel_Blue_Medallion_16_x_27/meta.json,GSO,../../data/depthanything/moge_dataset/GSO/Threshold_Hand_Towel_Blue_Medallion_16_x_27/image.png
894,894,../../data/moge_dataset/GSO/Threshold_Performance_Bath_Sheet_Sandoval_Blue_33_x_63/image.jpg,../../data/moge_dataset/GSO/Threshold_Performance_Bath_Sheet_Sandoval_Blue_33_x_63/depth.png,../../data/moge_dataset/GSO/Threshold_Performance_Bath_Sheet_Sandoval_Blue_33_x_63/meta.json,GSO,../../data/depthanything/moge_dataset/GSO/Threshold_Performance_Bath_Sheet_Sandoval_Blue_33_x_63/image.png
895,895,../../data/moge_dataset/GSO/Threshold_Porcelain_Coffee_Mug_All_Over_Bead_White/image.jpg,../../data/moge_dataset/GSO/Threshold_Porcelain_Coffee_Mug_All_Over_Bead_White/depth.png,../../data/moge_dataset/GSO/Threshold_Porcelain_Coffee_Mug_All_Over_Bead_White/meta.json,GSO,../../data/depthanything/moge_dataset/GSO/Threshold_Porcelain_Coffee_Mug_All_Over_Bead_White/image.png
896,896,../../data/moge_dataset/GSO/Threshold_Porcelain_Pitcher_White/image.jpg,../../data/moge_dataset/GSO/Threshold_Porcelain_Pitcher_White/depth.png,../../data/moge_dataset/GSO/Threshold_Porcelain_Pitcher_White/meta.json,GSO,../../data/depthanything/moge_dataset/GSO/Threshold_Porcelain_Pitcher_White/image.png
897,897,../../data/moge_dataset/GSO/Threshold_Porcelain_Serving_Bowl_Coupe_White/image.jpg,../../data/moge_dataset/GSO/Threshold_Porcelain_Serving_Bowl_Coupe_White/depth.png,../../data/moge_dataset/GSO/Threshold_Porcelain_Serving_Bowl_Coupe_White/meta.json,GSO,../../data/depthanything/moge_dataset/GSO/Threshold_Porcelain_Serving_Bowl_Coupe_White/image.png
898,898,../../data/moge_dataset/GSO/Threshold_Porcelain_Spoon_Rest_White/image.jpg,../../data/moge_dataset/GSO/Threshold_Porcelain_Spoon_Rest_White/depth.png,../../data/moge_dataset/GSO/Threshold_Porcelain_Spoon_Rest_White/meta.json,GSO,../../data/depthanything/moge_dataset/GSO/Threshold_Porcelain_Spoon_Rest_White/image.png
899,899,../../data/moge_dataset/GSO/Threshold_Porcelain_Teapot_White/image.jpg,../../data/moge_dataset/GSO/Threshold_Porcelain_Teapot_White/depth.png,../../data/moge_dataset/GSO/Threshold_Porcelain_Teapot_White/meta.json,GSO,../../data/depthanything/moge_dataset/GSO/Threshold_Porcelain_Teapot_White/image.png
900,900,../../data/moge_dataset/GSO/Threshold_Ramekin_White_Porcelain/image.jpg,../../data/moge_dataset/GSO/Threshold_Ramekin_White_Porcelain/depth.png,../../data/moge_dataset/GSO/Threshold_Ramekin_White_Porcelain/meta.json,GSO,../../data/depthanything/moge_dataset/GSO/Threshold_Ramekin_White_Porcelain/image.png
901,901,../../data/moge_dataset/GSO/Threshold_Salad_Plate_Square_Rim_Porcelain/image.jpg,../../data/moge_dataset/GSO/Threshold_Salad_Plate_Square_Rim_Porcelain/depth.png,../../data/moge_dataset/GSO/Threshold_Salad_Plate_Square_Rim_Porcelain/meta.json,GSO,../../data/depthanything/moge_dataset/GSO/Threshold_Salad_Plate_Square_Rim_Porcelain/image.png
902,902,../../data/moge_dataset/GSO/Threshold_Textured_Damask_Bath_Towel_Pink/image.jpg,../../data/moge_dataset/GSO/Threshold_Textured_Damask_Bath_Towel_Pink/depth.png,../../data/moge_dataset/GSO/Threshold_Textured_Damask_Bath_Towel_Pink/meta.json,GSO,../../data/depthanything/moge_dataset/GSO/Threshold_Textured_Damask_Bath_Towel_Pink/image.png
903,903,../../data/moge_dataset/GSO/Threshold_Tray_Rectangle_Porcelain/image.jpg,../../data/moge_dataset/GSO/Threshold_Tray_Rectangle_Porcelain/depth.png,../../data/moge_dataset/GSO/Threshold_Tray_Rectangle_Porcelain/meta.json,GSO,../../data/depthanything/moge_dataset/GSO/Threshold_Tray_Rectangle_Porcelain/image.png
904,904,../../data/moge_dataset/GSO/Tiek_Blue_Patent_Tieks_Italian_Leather_Ballet_Flats/image.jpg,../../data/moge_dataset/GSO/Tiek_Blue_Patent_Tieks_Italian_Leather_Ballet_Flats/depth.png,../../data/moge_dataset/GSO/Tiek_Blue_Patent_Tieks_Italian_Leather_Ballet_Flats/meta.json,GSO,../../data/depthanything/moge_dataset/GSO/Tiek_Blue_Patent_Tieks_Italian_Leather_Ballet_Flats/image.png
905,905,../../data/moge_dataset/GSO/Tieks_Ballet_Flats_Diamond_White_Croc/image.jpg,../../data/moge_dataset/GSO/Tieks_Ballet_Flats_Diamond_White_Croc/depth.png,../../data/moge_dataset/GSO/Tieks_Ballet_Flats_Diamond_White_Croc/meta.json,GSO,../../data/depthanything/moge_dataset/GSO/Tieks_Ballet_Flats_Diamond_White_Croc/image.png
906,906,../../data/moge_dataset/GSO/Tieks_Ballet_Flats_Electric_Snake/image.jpg,../../data/moge_dataset/GSO/Tieks_Ballet_Flats_Electric_Snake/depth.png,../../data/moge_dataset/GSO/Tieks_Ballet_Flats_Electric_Snake/meta.json,GSO,../../data/depthanything/moge_dataset/GSO/Tieks_Ballet_Flats_Electric_Snake/image.png
907,907,../../data/moge_dataset/GSO/Timberland_Mens_Classic_2Eye_Boat_Shoe/image.jpg,../../data/moge_dataset/GSO/Timberland_Mens_Classic_2Eye_Boat_Shoe/depth.png,../../data/moge_dataset/GSO/Timberland_Mens_Classic_2Eye_Boat_Shoe/meta.json,GSO,../../data/depthanything/moge_dataset/GSO/Timberland_Mens_Classic_2Eye_Boat_Shoe/image.png
908,908,../../data/moge_dataset/GSO/Timberland_Mens_Earthkeepers_Casco_Bay_Canvas_Oxford/image.jpg,../../data/moge_dataset/GSO/Timberland_Mens_Earthkeepers_Casco_Bay_Canvas_Oxford/depth.png,../../data/moge_dataset/GSO/Timberland_Mens_Earthkeepers_Casco_Bay_Canvas_Oxford/meta.json,GSO,../../data/depthanything/moge_dataset/GSO/Timberland_Mens_Earthkeepers_Casco_Bay_Canvas_Oxford/image.png
909,909,../../data/moge_dataset/GSO/Timberland_Mens_Earthkeepers_Casco_Bay_Canvas_SlipOn/image.jpg,../../data/moge_dataset/GSO/Timberland_Mens_Earthkeepers_Casco_Bay_Canvas_SlipOn/depth.png,../../data/moge_dataset/GSO/Timberland_Mens_Earthkeepers_Casco_Bay_Canvas_SlipOn/meta.json,GSO,../../data/depthanything/moge_dataset/GSO/Timberland_Mens_Earthkeepers_Casco_Bay_Canvas_SlipOn/image.png
910,910,../../data/moge_dataset/GSO/Timberland_Mens_Earthkeepers_Casco_Bay_Suede_1Eye/image.jpg,../../data/moge_dataset/GSO/Timberland_Mens_Earthkeepers_Casco_Bay_Suede_1Eye/depth.png,../../data/moge_dataset/GSO/Timberland_Mens_Earthkeepers_Casco_Bay_Suede_1Eye/meta.json,GSO,../../data/depthanything/moge_dataset/GSO/Timberland_Mens_Earthkeepers_Casco_Bay_Suede_1Eye/image.png
911,911,../../data/moge_dataset/GSO/Timberland_Mens_Earthkeepers_Heritage_2Eye_Boat_Shoe/image.jpg,../../data/moge_dataset/GSO/Timberland_Mens_Earthkeepers_Heritage_2Eye_Boat_Shoe/depth.png,../../data/moge_dataset/GSO/Timberland_Mens_Earthkeepers_Heritage_2Eye_Boat_Shoe/meta.json,GSO,../../data/depthanything/moge_dataset/GSO/Timberland_Mens_Earthkeepers_Heritage_2Eye_Boat_Shoe/image.png
912,912,../../data/moge_dataset/GSO/Timberland_Mens_Earthkeepers_Newmarket_6Inch_Cupsole_Boot/image.jpg,../../data/moge_dataset/GSO/Timberland_Mens_Earthkeepers_Newmarket_6Inch_Cupsole_Boot/depth.png,../../data/moge_dataset/GSO/Timberland_Mens_Earthkeepers_Newmarket_6Inch_Cupsole_Boot/meta.json,GSO,../../data/depthanything/moge_dataset/GSO/Timberland_Mens_Earthkeepers_Newmarket_6Inch_Cupsole_Boot/image.png
913,913,../../data/moge_dataset/GSO/Timberland_Mens_Earthkeepers_Stormbuck_Chukka/image.jpg,../../data/moge_dataset/GSO/Timberland_Mens_Earthkeepers_Stormbuck_Chukka/depth.png,../../data/moge_dataset/GSO/Timberland_Mens_Earthkeepers_Stormbuck_Chukka/meta.json,GSO,../../data/depthanything/moge_dataset/GSO/Timberland_Mens_Earthkeepers_Stormbuck_Chukka/image.png
914,914,../../data/moge_dataset/GSO/Timberland_Mens_Earthkeepers_Stormbuck_Lite_Plain_Toe_Oxford/image.jpg,../../data/moge_dataset/GSO/Timberland_Mens_Earthkeepers_Stormbuck_Lite_Plain_Toe_Oxford/depth.png,../../data/moge_dataset/GSO/Timberland_Mens_Earthkeepers_Stormbuck_Lite_Plain_Toe_Oxford/meta.json,GSO,../../data/depthanything/moge_dataset/GSO/Timberland_Mens_Earthkeepers_Stormbuck_Lite_Plain_Toe_Oxford/image.png
915,915,../../data/moge_dataset/GSO/Timberland_Mens_Earthkeepers_Stormbuck_Plain_Toe_Oxford/image.jpg,../../data/moge_dataset/GSO/Timberland_Mens_Earthkeepers_Stormbuck_Plain_Toe_Oxford/depth.png,../../data/moge_dataset/GSO/Timberland_Mens_Earthkeepers_Stormbuck_Plain_Toe_Oxford/meta.json,GSO,../../data/depthanything/moge_dataset/GSO/Timberland_Mens_Earthkeepers_Stormbuck_Plain_Toe_Oxford/image.png
916,916,../../data/moge_dataset/GSO/Timberland_Womens_Classic_Amherst_2Eye_Boat_Shoe/image.jpg,../../data/moge_dataset/GSO/Timberland_Womens_Classic_Amherst_2Eye_Boat_Shoe/depth.png,../../data/moge_dataset/GSO/Timberland_Womens_Classic_Amherst_2Eye_Boat_Shoe/meta.json,GSO,../../data/depthanything/moge_dataset/GSO/Timberland_Womens_Classic_Amherst_2Eye_Boat_Shoe/image.png
917,917,../../data/moge_dataset/GSO/Timberland_Womens_Earthkeepers_Classic_Unlined_Boat_Shoe/image.jpg,../../data/moge_dataset/GSO/Timberland_Womens_Earthkeepers_Classic_Unlined_Boat_Shoe/depth.png,../../data/moge_dataset/GSO/Timberland_Womens_Earthkeepers_Classic_Unlined_Boat_Shoe/meta.json,GSO,../../data/depthanything/moge_dataset/GSO/Timberland_Womens_Earthkeepers_Classic_Unlined_Boat_Shoe/image.png
918,918,../../data/moge_dataset/GSO/Timberland_Womens_Waterproof_Nellie_Chukka_Double/image.jpg,../../data/moge_dataset/GSO/Timberland_Womens_Waterproof_Nellie_Chukka_Double/depth.png,../../data/moge_dataset/GSO/Timberland_Womens_Waterproof_Nellie_Chukka_Double/meta.json,GSO,../../data/depthanything/moge_dataset/GSO/Timberland_Womens_Waterproof_Nellie_Chukka_Double/image.png
919,919,../../data/moge_dataset/GSO/Top_Paw_Dog_Bow_Bone_Ceramic_13_fl_oz_total/image.jpg,../../data/moge_dataset/GSO/Top_Paw_Dog_Bow_Bone_Ceramic_13_fl_oz_total/depth.png,../../data/moge_dataset/GSO/Top_Paw_Dog_Bow_Bone_Ceramic_13_fl_oz_total/meta.json,GSO,../../data/depthanything/moge_dataset/GSO/Top_Paw_Dog_Bow_Bone_Ceramic_13_fl_oz_total/image.png
920,920,../../data/moge_dataset/GSO/Top_Paw_Dog_Bowl_Blue_Paw_Bone_Ceramic_25_fl_oz_total/image.jpg,../../data/moge_dataset/GSO/Top_Paw_Dog_Bowl_Blue_Paw_Bone_Ceramic_25_fl_oz_total/depth.png,../../data/moge_dataset/GSO/Top_Paw_Dog_Bowl_Blue_Paw_Bone_Ceramic_25_fl_oz_total/meta.json,GSO,../../data/depthanything/moge_dataset/GSO/Top_Paw_Dog_Bowl_Blue_Paw_Bone_Ceramic_25_fl_oz_total/image.png
921,921,../../data/moge_dataset/GSO/Tory_Burch_Kaitlin_Ballet_Mestico_in_BlackGold/image.jpg,../../data/moge_dataset/GSO/Tory_Burch_Kaitlin_Ballet_Mestico_in_BlackGold/depth.png,../../data/moge_dataset/GSO/Tory_Burch_Kaitlin_Ballet_Mestico_in_BlackGold/meta.json,GSO,../../data/depthanything/moge_dataset/GSO/Tory_Burch_Kaitlin_Ballet_Mestico_in_BlackGold/image.png
922,922,../../data/moge_dataset/GSO/Tory_Burch_Kiernan_Riding_Boot/image.jpg,../../data/moge_dataset/GSO/Tory_Burch_Kiernan_Riding_Boot/depth.png,../../data/moge_dataset/GSO/Tory_Burch_Kiernan_Riding_Boot/meta.json,GSO,../../data/depthanything/moge_dataset/GSO/Tory_Burch_Kiernan_Riding_Boot/image.png
923,923,../../data/moge_dataset/GSO/Tory_Burch_Reva_Metal_Logo_Litus_Snake_Print_in_dark_BranchGold/image.jpg,../../data/moge_dataset/GSO/Tory_Burch_Reva_Metal_Logo_Litus_Snake_Print_in_dark_BranchGold/depth.png,../../data/moge_dataset/GSO/Tory_Burch_Reva_Metal_Logo_Litus_Snake_Print_in_dark_BranchGold/meta.json,GSO,../../data/depthanything/moge_dataset/GSO/Tory_Burch_Reva_Metal_Logo_Litus_Snake_Print_in_dark_BranchGold/image.png
924,924,../../data/moge_dataset/GSO/Tory_Burch_Sabe_65mm_Bootie_Split_Suede_in_Caramel/image.jpg,../../data/moge_dataset/GSO/Tory_Burch_Sabe_65mm_Bootie_Split_Suede_in_Caramel/depth.png,../../data/moge_dataset/GSO/Tory_Burch_Sabe_65mm_Bootie_Split_Suede_in_Caramel/meta.json,GSO,../../data/depthanything/moge_dataset/GSO/Tory_Burch_Sabe_65mm_Bootie_Split_Suede_in_Caramel/image.png
925,925,../../data/moge_dataset/GSO/Toys_R_Us_Treat_Dispenser_Smart_Puzzle_Foobler/image.jpg,../../data/moge_dataset/GSO/Toys_R_Us_Treat_Dispenser_Smart_Puzzle_Foobler/depth.png,../../data/moge_dataset/GSO/Toys_R_Us_Treat_Dispenser_Smart_Puzzle_Foobler/meta.json,GSO,../../data/depthanything/moge_dataset/GSO/Toys_R_Us_Treat_Dispenser_Smart_Puzzle_Foobler/image.png
926,926,../../data/moge_dataset/GSO/Toysmith_Windem_Up_Flippin_Animals_Dog/image.jpg,../../data/moge_dataset/GSO/Toysmith_Windem_Up_Flippin_Animals_Dog/depth.png,../../data/moge_dataset/GSO/Toysmith_Windem_Up_Flippin_Animals_Dog/meta.json,GSO,../../data/depthanything/moge_dataset/GSO/Toysmith_Windem_Up_Flippin_Animals_Dog/image.png
927,927,../../data/moge_dataset/GSO/Transformers_Age_of_Extinction_Mega_1Step_Bumblebee_Figure/image.jpg,../../data/moge_dataset/GSO/Transformers_Age_of_Extinction_Mega_1Step_Bumblebee_Figure/depth.png,../../data/moge_dataset/GSO/Transformers_Age_of_Extinction_Mega_1Step_Bumblebee_Figure/meta.json,GSO,../../data/depthanything/moge_dataset/GSO/Transformers_Age_of_Extinction_Mega_1Step_Bumblebee_Figure/image.png
928,928,../../data/moge_dataset/GSO/Transformers_Age_of_Extinction_Stomp_and_Chomp_Grimlock_Figure/image.jpg,../../data/moge_dataset/GSO/Transformers_Age_of_Extinction_Stomp_and_Chomp_Grimlock_Figure/depth.png,../../data/moge_dataset/GSO/Transformers_Age_of_Extinction_Stomp_and_Chomp_Grimlock_Figure/meta.json,GSO,../../data/depthanything/moge_dataset/GSO/Transformers_Age_of_Extinction_Stomp_and_Chomp_Grimlock_Figure/image.png
929,929,../../data/moge_dataset/GSO/Travel_Mate_P_series_Notebook/image.jpg,../../data/moge_dataset/GSO/Travel_Mate_P_series_Notebook/depth.png,../../data/moge_dataset/GSO/Travel_Mate_P_series_Notebook/meta.json,GSO,../../data/depthanything/moge_dataset/GSO/Travel_Mate_P_series_Notebook/image.png
930,930,../../data/moge_dataset/GSO/Travel_Smart_Neck_Rest_Inflatable/image.jpg,../../data/moge_dataset/GSO/Travel_Smart_Neck_Rest_Inflatable/depth.png,../../data/moge_dataset/GSO/Travel_Smart_Neck_Rest_Inflatable/meta.json,GSO,../../data/depthanything/moge_dataset/GSO/Travel_Smart_Neck_Rest_Inflatable/image.png
931,931,../../data/moge_dataset/GSO/TriStar_Products_PPC_Power_Pressure_Cooker_XL_in_Black/image.jpg,../../data/moge_dataset/GSO/TriStar_Products_PPC_Power_Pressure_Cooker_XL_in_Black/depth.png,../../data/moge_dataset/GSO/TriStar_Products_PPC_Power_Pressure_Cooker_XL_in_Black/meta.json,GSO,../../data/depthanything/moge_dataset/GSO/TriStar_Products_PPC_Power_Pressure_Cooker_XL_in_Black/image.png
932,932,../../data/moge_dataset/GSO/Tune_Belt_Sport_Armband_For_Samsung_Galaxy_S3/image.jpg,../../data/moge_dataset/GSO/Tune_Belt_Sport_Armband_For_Samsung_Galaxy_S3/depth.png,../../data/moge_dataset/GSO/Tune_Belt_Sport_Armband_For_Samsung_Galaxy_S3/meta.json,GSO,../../data/depthanything/moge_dataset/GSO/Tune_Belt_Sport_Armband_For_Samsung_Galaxy_S3/image.png
933,933,../../data/moge_dataset/GSO/Twinlab_100_Whey_Protein_Fuel_Chocolate/image.jpg,../../data/moge_dataset/GSO/Twinlab_100_Whey_Protein_Fuel_Chocolate/depth.png,../../data/moge_dataset/GSO/Twinlab_100_Whey_Protein_Fuel_Chocolate/meta.json,GSO,../../data/depthanything/moge_dataset/GSO/Twinlab_100_Whey_Protein_Fuel_Chocolate/image.png
934,934,../../data/moge_dataset/GSO/Twinlab_100_Whey_Protein_Fuel_Cookies_and_Cream/image.jpg,../../data/moge_dataset/GSO/Twinlab_100_Whey_Protein_Fuel_Cookies_and_Cream/depth.png,../../data/moge_dataset/GSO/Twinlab_100_Whey_Protein_Fuel_Cookies_and_Cream/meta.json,GSO,../../data/depthanything/moge_dataset/GSO/Twinlab_100_Whey_Protein_Fuel_Cookies_and_Cream/image.png
935,935,../../data/moge_dataset/GSO/Twinlab_100_Whey_Protein_Fuel_Vanilla/image.jpg,../../data/moge_dataset/GSO/Twinlab_100_Whey_Protein_Fuel_Vanilla/depth.png,../../data/moge_dataset/GSO/Twinlab_100_Whey_Protein_Fuel_Vanilla/meta.json,GSO,../../data/depthanything/moge_dataset/GSO/Twinlab_100_Whey_Protein_Fuel_Vanilla/image.png
936,936,../../data/moge_dataset/GSO/Twinlab_Nitric_Fuel/image.jpg,../../data/moge_dataset/GSO/Twinlab_Nitric_Fuel/depth.png,../../data/moge_dataset/GSO/Twinlab_Nitric_Fuel/meta.json,GSO,../../data/depthanything/moge_dataset/GSO/Twinlab_Nitric_Fuel/image.png
937,937,../../data/moge_dataset/GSO/Twinlab_Premium_Creatine_Fuel_Powder/image.jpg,../../data/moge_dataset/GSO/Twinlab_Premium_Creatine_Fuel_Powder/depth.png,../../data/moge_dataset/GSO/Twinlab_Premium_Creatine_Fuel_Powder/meta.json,GSO,../../data/depthanything/moge_dataset/GSO/Twinlab_Premium_Creatine_Fuel_Powder/image.png
938,938,../../data/moge_dataset/GSO/UGG_Bailey_Bow_Womens_Clogs_Black_7/image.jpg,../../data/moge_dataset/GSO/UGG_Bailey_Bow_Womens_Clogs_Black_7/depth.png,../../data/moge_dataset/GSO/UGG_Bailey_Bow_Womens_Clogs_Black_7/meta.json,GSO,../../data/depthanything/moge_dataset/GSO/UGG_Bailey_Bow_Womens_Clogs_Black_7/image.png
939,939,../../data/moge_dataset/GSO/UGG_Bailey_Button_Triplet_Womens_Boots_Black_7/image.jpg,../../data/moge_dataset/GSO/UGG_Bailey_Button_Triplet_Womens_Boots_Black_7/depth.png,../../data/moge_dataset/GSO/UGG_Bailey_Button_Triplet_Womens_Boots_Black_7/meta.json,GSO,../../data/depthanything/moge_dataset/GSO/UGG_Bailey_Button_Triplet_Womens_Boots_Black_7/image.png
940,940,../../data/moge_dataset/GSO/UGG_Bailey_Button_Womens_Boots_Black_7/image.jpg,../../data/moge_dataset/GSO/UGG_Bailey_Button_Womens_Boots_Black_7/depth.png,../../data/moge_dataset/GSO/UGG_Bailey_Button_Womens_Boots_Black_7/meta.json,GSO,../../data/depthanything/moge_dataset/GSO/UGG_Bailey_Button_Womens_Boots_Black_7/image.png
941,941,../../data/moge_dataset/GSO/UGG_Cambridge_Womens_Black_7/image.jpg,../../data/moge_dataset/GSO/UGG_Cambridge_Womens_Black_7/depth.png,../../data/moge_dataset/GSO/UGG_Cambridge_Womens_Black_7/meta.json,GSO,../../data/depthanything/moge_dataset/GSO/UGG_Cambridge_Womens_Black_7/image.png
942,942,../../data/moge_dataset/GSO/UGG_Classic_Tall_Womens_Boots_Chestnut_7/image.jpg,../../data/moge_dataset/GSO/UGG_Classic_Tall_Womens_Boots_Chestnut_7/depth.png,../../data/moge_dataset/GSO/UGG_Classic_Tall_Womens_Boots_Chestnut_7/meta.json,GSO,../../data/depthanything/moge_dataset/GSO/UGG_Classic_Tall_Womens_Boots_Chestnut_7/image.png
943,943,../../data/moge_dataset/GSO/UGG_Classic_Tall_Womens_Boots_Grey_7/image.jpg,../../data/moge_dataset/GSO/UGG_Classic_Tall_Womens_Boots_Grey_7/depth.png,../../data/moge_dataset/GSO/UGG_Classic_Tall_Womens_Boots_Grey_7/meta.json,GSO,../../data/depthanything/moge_dataset/GSO/UGG_Classic_Tall_Womens_Boots_Grey_7/image.png
944,944,../../data/moge_dataset/GSO/UGG_Jena_Womens_Java_7/image.jpg,../../data/moge_dataset/GSO/UGG_Jena_Womens_Java_7/depth.png,../../data/moge_dataset/GSO/UGG_Jena_Womens_Java_7/meta.json,GSO,../../data/depthanything/moge_dataset/GSO/UGG_Jena_Womens_Java_7/image.png
945,945,../../data/moge_dataset/GSO/US_Army_Stash_Lunch_Bag/image.jpg,../../data/moge_dataset/GSO/US_Army_Stash_Lunch_Bag/depth.png,../../data/moge_dataset/GSO/US_Army_Stash_Lunch_Bag/meta.json,GSO,../../data/depthanything/moge_dataset/GSO/US_Army_Stash_Lunch_Bag/image.png
946,946,../../data/moge_dataset/GSO/U_By_Kotex_Cleanwear_Heavy_Flow_Pads_32_Ct/image.jpg,../../data/moge_dataset/GSO/U_By_Kotex_Cleanwear_Heavy_Flow_Pads_32_Ct/depth.png,../../data/moge_dataset/GSO/U_By_Kotex_Cleanwear_Heavy_Flow_Pads_32_Ct/meta.json,GSO,../../data/depthanything/moge_dataset/GSO/U_By_Kotex_Cleanwear_Heavy_Flow_Pads_32_Ct/image.png
947,947,../../data/moge_dataset/GSO/U_By_Kotex_Sleek_Regular_Unscented_Tampons_36_Ct_Box/image.jpg,../../data/moge_dataset/GSO/U_By_Kotex_Sleek_Regular_Unscented_Tampons_36_Ct_Box/depth.png,../../data/moge_dataset/GSO/U_By_Kotex_Sleek_Regular_Unscented_Tampons_36_Ct_Box/meta.json,GSO,../../data/depthanything/moge_dataset/GSO/U_By_Kotex_Sleek_Regular_Unscented_Tampons_36_Ct_Box/image.png
948,948,../../data/moge_dataset/GSO/Ubisoft_RockSmith_Real_Tone_Cable_Xbox_360/image.jpg,../../data/moge_dataset/GSO/Ubisoft_RockSmith_Real_Tone_Cable_Xbox_360/depth.png,../../data/moge_dataset/GSO/Ubisoft_RockSmith_Real_Tone_Cable_Xbox_360/meta.json,GSO,../../data/depthanything/moge_dataset/GSO/Ubisoft_RockSmith_Real_Tone_Cable_Xbox_360/image.png
949,949,../../data/moge_dataset/GSO/Ultra_JarroDophilus/image.jpg,../../data/moge_dataset/GSO/Ultra_JarroDophilus/depth.png,../../data/moge_dataset/GSO/Ultra_JarroDophilus/meta.json,GSO,../../data/depthanything/moge_dataset/GSO/Ultra_JarroDophilus/image.png
950,950,../../data/moge_dataset/GSO/Unmellow_Yellow_Tieks_Neon_Patent_Leather_Ballet_Flats/image.jpg,../../data/moge_dataset/GSO/Unmellow_Yellow_Tieks_Neon_Patent_Leather_Ballet_Flats/depth.png,../../data/moge_dataset/GSO/Unmellow_Yellow_Tieks_Neon_Patent_Leather_Ballet_Flats/meta.json,GSO,../../data/depthanything/moge_dataset/GSO/Unmellow_Yellow_Tieks_Neon_Patent_Leather_Ballet_Flats/image.png
951,951,../../data/moge_dataset/GSO/Utana_5_Porcelain_Ramekin_Large/image.jpg,../../data/moge_dataset/GSO/Utana_5_Porcelain_Ramekin_Large/depth.png,../../data/moge_dataset/GSO/Utana_5_Porcelain_Ramekin_Large/meta.json,GSO,../../data/depthanything/moge_dataset/GSO/Utana_5_Porcelain_Ramekin_Large/image.png
952,952,../../data/moge_dataset/GSO/VANS_FIRE_ROASTED_VEGGIE_CRACKERS_GLUTEN_FREE/image.jpg,../../data/moge_dataset/GSO/VANS_FIRE_ROASTED_VEGGIE_CRACKERS_GLUTEN_FREE/depth.png,../../data/moge_dataset/GSO/VANS_FIRE_ROASTED_VEGGIE_CRACKERS_GLUTEN_FREE/meta.json,GSO,../../data/depthanything/moge_dataset/GSO/VANS_FIRE_ROASTED_VEGGIE_CRACKERS_GLUTEN_FREE/image.png
953,953,../../data/moge_dataset/GSO/VEGETABLE_GARDEN/image.jpg,../../data/moge_dataset/GSO/VEGETABLE_GARDEN/depth.png,../../data/moge_dataset/GSO/VEGETABLE_GARDEN/meta.json,GSO,../../data/depthanything/moge_dataset/GSO/VEGETABLE_GARDEN/image.png
954,954,../../data/moge_dataset/GSO/Vans_Cereal_Honey_Nut_Crunch_11_oz_box/image.jpg,../../data/moge_dataset/GSO/Vans_Cereal_Honey_Nut_Crunch_11_oz_box/depth.png,../../data/moge_dataset/GSO/Vans_Cereal_Honey_Nut_Crunch_11_oz_box/meta.json,GSO,../../data/depthanything/moge_dataset/GSO/Vans_Cereal_Honey_Nut_Crunch_11_oz_box/image.png
955,955,../../data/moge_dataset/GSO/Victor_Reversible_Bookend/image.jpg,../../data/moge_dataset/GSO/Victor_Reversible_Bookend/depth.png,../../data/moge_dataset/GSO/Victor_Reversible_Bookend/meta.json,GSO,../../data/depthanything/moge_dataset/GSO/Victor_Reversible_Bookend/image.png
956,956,../../data/moge_dataset/GSO/Vtech_Cruise_Learn_Car_25_Years/image.jpg,../../data/moge_dataset/GSO/Vtech_Cruise_Learn_Car_25_Years/depth.png,../../data/moge_dataset/GSO/Vtech_Cruise_Learn_Car_25_Years/meta.json,GSO,../../data/depthanything/moge_dataset/GSO/Vtech_Cruise_Learn_Car_25_Years/image.png
957,957,../../data/moge_dataset/GSO/Vtech_Roll_Learn_Turtle/image.jpg,../../data/moge_dataset/GSO/Vtech_Roll_Learn_Turtle/depth.png,../../data/moge_dataset/GSO/Vtech_Roll_Learn_Turtle/meta.json,GSO,../../data/depthanything/moge_dataset/GSO/Vtech_Roll_Learn_Turtle/image.png
958,958,../../data/moge_dataset/GSO/Vtech_Stack_Sing_Rings_636_Months/image.jpg,../../data/moge_dataset/GSO/Vtech_Stack_Sing_Rings_636_Months/depth.png,../../data/moge_dataset/GSO/Vtech_Stack_Sing_Rings_636_Months/meta.json,GSO,../../data/depthanything/moge_dataset/GSO/Vtech_Stack_Sing_Rings_636_Months/image.png
959,959,../../data/moge_dataset/GSO/WATER_LANDING_NET/image.jpg,../../data/moge_dataset/GSO/WATER_LANDING_NET/depth.png,../../data/moge_dataset/GSO/WATER_LANDING_NET/meta.json,GSO,../../data/depthanything/moge_dataset/GSO/WATER_LANDING_NET/image.png
960,960,../../data/moge_dataset/GSO/WHALE_WHISTLE_6PCS_SET/image.jpg,../../data/moge_dataset/GSO/WHALE_WHISTLE_6PCS_SET/depth.png,../../data/moge_dataset/GSO/WHALE_WHISTLE_6PCS_SET/meta.json,GSO,../../data/depthanything/moge_dataset/GSO/WHALE_WHISTLE_6PCS_SET/image.png
961,961,../../data/moge_dataset/GSO/W_Lou_z0dkC78niiZ/image.jpg,../../data/moge_dataset/GSO/W_Lou_z0dkC78niiZ/depth.png,../../data/moge_dataset/GSO/W_Lou_z0dkC78niiZ/meta.json,GSO,../../data/depthanything/moge_dataset/GSO/W_Lou_z0dkC78niiZ/image.png
962,962,../../data/moge_dataset/GSO/Weisshai_Great_White_Shark/image.jpg,../../data/moge_dataset/GSO/Weisshai_Great_White_Shark/depth.png,../../data/moge_dataset/GSO/Weisshai_Great_White_Shark/meta.json,GSO,../../data/depthanything/moge_dataset/GSO/Weisshai_Great_White_Shark/image.png
963,963,../../data/moge_dataset/GSO/Weston_No_22_Cajun_Jerky_Tonic_12_fl_oz_nLj64ZnGwDh/image.jpg,../../data/moge_dataset/GSO/Weston_No_22_Cajun_Jerky_Tonic_12_fl_oz_nLj64ZnGwDh/depth.png,../../data/moge_dataset/GSO/Weston_No_22_Cajun_Jerky_Tonic_12_fl_oz_nLj64ZnGwDh/meta.json,GSO,../../data/depthanything/moge_dataset/GSO/Weston_No_22_Cajun_Jerky_Tonic_12_fl_oz_nLj64ZnGwDh/image.png
964,964,../../data/moge_dataset/GSO/Weston_No_33_Signature_Sausage_Tonic_12_fl_oz/image.jpg,../../data/moge_dataset/GSO/Weston_No_33_Signature_Sausage_Tonic_12_fl_oz/depth.png,../../data/moge_dataset/GSO/Weston_No_33_Signature_Sausage_Tonic_12_fl_oz/meta.json,GSO,../../data/depthanything/moge_dataset/GSO/Weston_No_33_Signature_Sausage_Tonic_12_fl_oz/image.png
965,965,../../data/moge_dataset/GSO/Whey_Protein_3_Flavor_Variety_Pack_12_Packets/image.jpg,../../data/moge_dataset/GSO/Whey_Protein_3_Flavor_Variety_Pack_12_Packets/depth.png,../../data/moge_dataset/GSO/Whey_Protein_3_Flavor_Variety_Pack_12_Packets/meta.json,GSO,../../data/depthanything/moge_dataset/GSO/Whey_Protein_3_Flavor_Variety_Pack_12_Packets/image.png
966,966,../../data/moge_dataset/GSO/Whey_Protein_Chocolate_12_Packets/image.jpg,../../data/moge_dataset/GSO/Whey_Protein_Chocolate_12_Packets/depth.png,../../data/moge_dataset/GSO/Whey_Protein_Chocolate_12_Packets/meta.json,GSO,../../data/depthanything/moge_dataset/GSO/Whey_Protein_Chocolate_12_Packets/image.png
967,967,../../data/moge_dataset/GSO/Whey_Protein_Vanilla/image.jpg,../../data/moge_dataset/GSO/Whey_Protein_Vanilla/depth.png,../../data/moge_dataset/GSO/Whey_Protein_Vanilla/meta.json,GSO,../../data/depthanything/moge_dataset/GSO/Whey_Protein_Vanilla/image.png
968,968,../../data/moge_dataset/GSO/Whey_Protein_Vanilla_12_Packets/image.jpg,../../data/moge_dataset/GSO/Whey_Protein_Vanilla_12_Packets/depth.png,../../data/moge_dataset/GSO/Whey_Protein_Vanilla_12_Packets/meta.json,GSO,../../data/depthanything/moge_dataset/GSO/Whey_Protein_Vanilla_12_Packets/image.png
969,969,../../data/moge_dataset/GSO/White_Rose_Tieks_Leather_Ballet_Flats_with_Floral_Rosettes/image.jpg,../../data/moge_dataset/GSO/White_Rose_Tieks_Leather_Ballet_Flats_with_Floral_Rosettes/depth.png,../../data/moge_dataset/GSO/White_Rose_Tieks_Leather_Ballet_Flats_with_Floral_Rosettes/meta.json,GSO,../../data/depthanything/moge_dataset/GSO/White_Rose_Tieks_Leather_Ballet_Flats_with_Floral_Rosettes/image.png
970,970,../../data/moge_dataset/GSO/Wild_Copper_Tieks_Metallic_Italian_Leather_Ballet_Flats/image.jpg,../../data/moge_dataset/GSO/Wild_Copper_Tieks_Metallic_Italian_Leather_Ballet_Flats/depth.png,../../data/moge_dataset/GSO/Wild_Copper_Tieks_Metallic_Italian_Leather_Ballet_Flats/meta.json,GSO,../../data/depthanything/moge_dataset/GSO/Wild_Copper_Tieks_Metallic_Italian_Leather_Ballet_Flats/image.png
971,971,../../data/moge_dataset/GSO/Wilton_Easy_Layers_Cake_Pan_Set/image.jpg,../../data/moge_dataset/GSO/Wilton_Easy_Layers_Cake_Pan_Set/depth.png,../../data/moge_dataset/GSO/Wilton_Easy_Layers_Cake_Pan_Set/meta.json,GSO,../../data/depthanything/moge_dataset/GSO/Wilton_Easy_Layers_Cake_Pan_Set/image.png
972,972,../../data/moge_dataset/GSO/Wilton_Pearlized_Sugar_Sprinkles_525_oz_Gold/image.jpg,../../data/moge_dataset/GSO/Wilton_Pearlized_Sugar_Sprinkles_525_oz_Gold/depth.png,../../data/moge_dataset/GSO/Wilton_Pearlized_Sugar_Sprinkles_525_oz_Gold/meta.json,GSO,../../data/depthanything/moge_dataset/GSO/Wilton_Pearlized_Sugar_Sprinkles_525_oz_Gold/image.png
973,973,../../data/moge_dataset/GSO/Wilton_PreCut_Parchment_Sheets_10_x_15_24_sheets/image.jpg,../../data/moge_dataset/GSO/Wilton_PreCut_Parchment_Sheets_10_x_15_24_sheets/depth.png,../../data/moge_dataset/GSO/Wilton_PreCut_Parchment_Sheets_10_x_15_24_sheets/meta.json,GSO,../../data/depthanything/moge_dataset/GSO/Wilton_PreCut_Parchment_Sheets_10_x_15_24_sheets/image.png
974,974,../../data/moge_dataset/GSO/Winning_Moves_1180_Aggravation_Board_Game/image.jpg,../../data/moge_dataset/GSO/Winning_Moves_1180_Aggravation_Board_Game/depth.png,../../data/moge_dataset/GSO/Winning_Moves_1180_Aggravation_Board_Game/meta.json,GSO,../../data/depthanything/moge_dataset/GSO/Winning_Moves_1180_Aggravation_Board_Game/image.png
975,975,../../data/moge_dataset/GSO/Wishbone_Pencil_Case/image.jpg,../../data/moge_dataset/GSO/Wishbone_Pencil_Case/depth.png,../../data/moge_dataset/GSO/Wishbone_Pencil_Case/meta.json,GSO,../../data/depthanything/moge_dataset/GSO/Wishbone_Pencil_Case/image.png
976,976,../../data/moge_dataset/GSO/Womens_Angelfish_Boat_Shoe_in_Linen_Leopard_Sequin_NJDwosWNeZz/image.jpg,../../data/moge_dataset/GSO/Womens_Angelfish_Boat_Shoe_in_Linen_Leopard_Sequin_NJDwosWNeZz/depth.png,../../data/moge_dataset/GSO/Womens_Angelfish_Boat_Shoe_in_Linen_Leopard_Sequin_NJDwosWNeZz/meta.json,GSO,../../data/depthanything/moge_dataset/GSO/Womens_Angelfish_Boat_Shoe_in_Linen_Leopard_Sequin_NJDwosWNeZz/image.png
977,977,../../data/moge_dataset/GSO/Womens_Angelfish_Boat_Shoe_in_Linen_Oat/image.jpg,../../data/moge_dataset/GSO/Womens_Angelfish_Boat_Shoe_in_Linen_Oat/depth.png,../../data/moge_dataset/GSO/Womens_Angelfish_Boat_Shoe_in_Linen_Oat/meta.json,GSO,../../data/depthanything/moge_dataset/GSO/Womens_Angelfish_Boat_Shoe_in_Linen_Oat/image.png
978,978,../../data/moge_dataset/GSO/Womens_Audrey_Slip_On_Boat_Shoe_in_Graphite_Nubuck_xWVkCJ5vxZe/image.jpg,../../data/moge_dataset/GSO/Womens_Audrey_Slip_On_Boat_Shoe_in_Graphite_Nubuck_xWVkCJ5vxZe/depth.png,../../data/moge_dataset/GSO/Womens_Audrey_Slip_On_Boat_Shoe_in_Graphite_Nubuck_xWVkCJ5vxZe/meta.json,GSO,../../data/depthanything/moge_dataset/GSO/Womens_Audrey_Slip_On_Boat_Shoe_in_Graphite_Nubuck_xWVkCJ5vxZe/image.png
979,979,../../data/moge_dataset/GSO/Womens_Authentic_Original_Boat_Shoe_in_Classic_Brown_Leather/image.jpg,../../data/moge_dataset/GSO/Womens_Authentic_Original_Boat_Shoe_in_Classic_Brown_Leather/depth.png,../../data/moge_dataset/GSO/Womens_Authentic_Original_Boat_Shoe_in_Classic_Brown_Leather/meta.json,GSO,../../data/depthanything/moge_dataset/GSO/Womens_Authentic_Original_Boat_Shoe_in_Classic_Brown_Leather/image.png
980,980,../../data/moge_dataset/GSO/Womens_Authentic_Original_Boat_Shoe_in_Classic_Brown_Leather_48Nh7VuMwW6/image.jpg,../../data/moge_dataset/GSO/Womens_Authentic_Original_Boat_Shoe_in_Classic_Brown_Leather_48Nh7VuMwW6/depth.png,../../data/moge_dataset/GSO/Womens_Authentic_Original_Boat_Shoe_in_Classic_Brown_Leather_48Nh7VuMwW6/meta.json,GSO,../../data/depthanything/moge_dataset/GSO/Womens_Authentic_Original_Boat_Shoe_in_Classic_Brown_Leather_48Nh7VuMwW6/image.png
981,981,../../data/moge_dataset/GSO/Womens_Authentic_Original_Boat_Shoe_in_Classic_Brown_Leather_cJSCWiH7QmB/image.jpg,../../data/moge_dataset/GSO/Womens_Authentic_Original_Boat_Shoe_in_Classic_Brown_Leather_cJSCWiH7QmB/depth.png,../../data/moge_dataset/GSO/Womens_Authentic_Original_Boat_Shoe_in_Classic_Brown_Leather_cJSCWiH7QmB/meta.json,GSO,../../data/depthanything/moge_dataset/GSO/Womens_Authentic_Original_Boat_Shoe_in_Classic_Brown_Leather_cJSCWiH7QmB/image.png
982,982,../../data/moge_dataset/GSO/Womens_Authentic_Original_Boat_Shoe_in_Navy_Deerskin_50lWJaLWG8R/image.jpg,../../data/moge_dataset/GSO/Womens_Authentic_Original_Boat_Shoe_in_Navy_Deerskin_50lWJaLWG8R/depth.png,../../data/moge_dataset/GSO/Womens_Authentic_Original_Boat_Shoe_in_Navy_Deerskin_50lWJaLWG8R/meta.json,GSO,../../data/depthanything/moge_dataset/GSO/Womens_Authentic_Original_Boat_Shoe_in_Navy_Deerskin_50lWJaLWG8R/image.png
983,983,../../data/moge_dataset/GSO/Womens_Betty_Chukka_Boot_in_Grey_Jersey_Sequin/image.jpg,../../data/moge_dataset/GSO/Womens_Betty_Chukka_Boot_in_Grey_Jersey_Sequin/depth.png,../../data/moge_dataset/GSO/Womens_Betty_Chukka_Boot_in_Grey_Jersey_Sequin/meta.json,GSO,../../data/depthanything/moge_dataset/GSO/Womens_Betty_Chukka_Boot_in_Grey_Jersey_Sequin/image.png
984,984,../../data/moge_dataset/GSO/Womens_Betty_Chukka_Boot_in_Navy_Jersey_Sequin_y0SsHk7dKUX/image.jpg,../../data/moge_dataset/GSO/Womens_Betty_Chukka_Boot_in_Navy_Jersey_Sequin_y0SsHk7dKUX/depth.png,../../data/moge_dataset/GSO/Womens_Betty_Chukka_Boot_in_Navy_Jersey_Sequin_y0SsHk7dKUX/meta.json,GSO,../../data/depthanything/moge_dataset/GSO/Womens_Betty_Chukka_Boot_in_Navy_Jersey_Sequin_y0SsHk7dKUX/image.png
985,985,../../data/moge_dataset/GSO/Womens_Betty_Chukka_Boot_in_Navy_aEE8OqvMII4/image.jpg,../../data/moge_dataset/GSO/Womens_Betty_Chukka_Boot_in_Navy_aEE8OqvMII4/depth.png,../../data/moge_dataset/GSO/Womens_Betty_Chukka_Boot_in_Navy_aEE8OqvMII4/meta.json,GSO,../../data/depthanything/moge_dataset/GSO/Womens_Betty_Chukka_Boot_in_Navy_aEE8OqvMII4/image.png
986,986,../../data/moge_dataset/GSO/Womens_Betty_Chukka_Boot_in_Salt_Washed_Red_AL2YrOt9CRy/image.jpg,../../data/moge_dataset/GSO/Womens_Betty_Chukka_Boot_in_Salt_Washed_Red_AL2YrOt9CRy/depth.png,../../data/moge_dataset/GSO/Womens_Betty_Chukka_Boot_in_Salt_Washed_Red_AL2YrOt9CRy/meta.json,GSO,../../data/depthanything/moge_dataset/GSO/Womens_Betty_Chukka_Boot_in_Salt_Washed_Red_AL2YrOt9CRy/image.png
987,987,../../data/moge_dataset/GSO/Womens_Bluefish_2Eye_Boat_Shoe_in_Brown_Deerskin_JJ2pfEHTZG7/image.jpg,../../data/moge_dataset/GSO/Womens_Bluefish_2Eye_Boat_Shoe_in_Brown_Deerskin_JJ2pfEHTZG7/depth.png,../../data/moge_dataset/GSO/Womens_Bluefish_2Eye_Boat_Shoe_in_Brown_Deerskin_JJ2pfEHTZG7/meta.json,GSO,../../data/depthanything/moge_dataset/GSO/Womens_Bluefish_2Eye_Boat_Shoe_in_Brown_Deerskin_JJ2pfEHTZG7/image.png
988,988,../../data/moge_dataset/GSO/Womens_Bluefish_2Eye_Boat_Shoe_in_Brown_Deerskin_i1TgjjO0AKY/image.jpg,../../data/moge_dataset/GSO/Womens_Bluefish_2Eye_Boat_Shoe_in_Brown_Deerskin_i1TgjjO0AKY/depth.png,../../data/moge_dataset/GSO/Womens_Bluefish_2Eye_Boat_Shoe_in_Brown_Deerskin_i1TgjjO0AKY/meta.json,GSO,../../data/depthanything/moge_dataset/GSO/Womens_Bluefish_2Eye_Boat_Shoe_in_Brown_Deerskin_i1TgjjO0AKY/image.png
989,989,../../data/moge_dataset/GSO/Womens_Bluefish_2Eye_Boat_Shoe_in_Linen_Natural_Sparkle_Suede_kqi81aojcOR/image.jpg,../../data/moge_dataset/GSO/Womens_Bluefish_2Eye_Boat_Shoe_in_Linen_Natural_Sparkle_Suede_kqi81aojcOR/depth.png,../../data/moge_dataset/GSO/Womens_Bluefish_2Eye_Boat_Shoe_in_Linen_Natural_Sparkle_Suede_kqi81aojcOR/meta.json,GSO,../../data/depthanything/moge_dataset/GSO/Womens_Bluefish_2Eye_Boat_Shoe_in_Linen_Natural_Sparkle_Suede_kqi81aojcOR/image.png
990,990,../../data/moge_dataset/GSO/Womens_Bluefish_2Eye_Boat_Shoe_in_Linen_Natural_Sparkle_Suede_w34KNQ41csH/image.jpg,../../data/moge_dataset/GSO/Womens_Bluefish_2Eye_Boat_Shoe_in_Linen_Natural_Sparkle_Suede_w34KNQ41csH/depth.png,../../data/moge_dataset/GSO/Womens_Bluefish_2Eye_Boat_Shoe_in_Linen_Natural_Sparkle_Suede_w34KNQ41csH/meta.json,GSO,../../data/depthanything/moge_dataset/GSO/Womens_Bluefish_2Eye_Boat_Shoe_in_Linen_Natural_Sparkle_Suede_w34KNQ41csH/image.png
991,991,../../data/moge_dataset/GSO/Womens_Bluefish_2Eye_Boat_Shoe_in_Linen_Oat/image.jpg,../../data/moge_dataset/GSO/Womens_Bluefish_2Eye_Boat_Shoe_in_Linen_Oat/depth.png,../../data/moge_dataset/GSO/Womens_Bluefish_2Eye_Boat_Shoe_in_Linen_Oat/meta.json,GSO,../../data/depthanything/moge_dataset/GSO/Womens_Bluefish_2Eye_Boat_Shoe_in_Linen_Oat/image.png
992,992,../../data/moge_dataset/GSO/Womens_Bluefish_2Eye_Boat_Shoe_in_Linen_Oat_IbrSyJdpT3h/image.jpg,../../data/moge_dataset/GSO/Womens_Bluefish_2Eye_Boat_Shoe_in_Linen_Oat_IbrSyJdpT3h/depth.png,../../data/moge_dataset/GSO/Womens_Bluefish_2Eye_Boat_Shoe_in_Linen_Oat_IbrSyJdpT3h/meta.json,GSO,../../data/depthanything/moge_dataset/GSO/Womens_Bluefish_2Eye_Boat_Shoe_in_Linen_Oat_IbrSyJdpT3h/image.png
993,993,../../data/moge_dataset/GSO/Womens_Bluefish_2Eye_Boat_Shoe_in_Linen_Oat_niKJKeWsmxY/image.jpg,../../data/moge_dataset/GSO/Womens_Bluefish_2Eye_Boat_Shoe_in_Linen_Oat_niKJKeWsmxY/depth.png,../../data/moge_dataset/GSO/Womens_Bluefish_2Eye_Boat_Shoe_in_Linen_Oat_niKJKeWsmxY/meta.json,GSO,../../data/depthanything/moge_dataset/GSO/Womens_Bluefish_2Eye_Boat_Shoe_in_Linen_Oat_niKJKeWsmxY/image.png
994,994,../../data/moge_dataset/GSO/Womens_Bluefish_2Eye_Boat_Shoe_in_Tan/image.jpg,../../data/moge_dataset/GSO/Womens_Bluefish_2Eye_Boat_Shoe_in_Tan/depth.png,../../data/moge_dataset/GSO/Womens_Bluefish_2Eye_Boat_Shoe_in_Tan/meta.json,GSO,../../data/depthanything/moge_dataset/GSO/Womens_Bluefish_2Eye_Boat_Shoe_in_Tan/image.png
995,995,../../data/moge_dataset/GSO/Womens_Bluefish_2Eye_Boat_Shoe_in_White_Tumbled_YG44xIePRHw/image.jpg,../../data/moge_dataset/GSO/Womens_Bluefish_2Eye_Boat_Shoe_in_White_Tumbled_YG44xIePRHw/depth.png,../../data/moge_dataset/GSO/Womens_Bluefish_2Eye_Boat_Shoe_in_White_Tumbled_YG44xIePRHw/meta.json,GSO,../../data/depthanything/moge_dataset/GSO/Womens_Bluefish_2Eye_Boat_Shoe_in_White_Tumbled_YG44xIePRHw/image.png
996,996,../../data/moge_dataset/GSO/Womens_Canvas_Bahama_in_Black/image.jpg,../../data/moge_dataset/GSO/Womens_Canvas_Bahama_in_Black/depth.png,../../data/moge_dataset/GSO/Womens_Canvas_Bahama_in_Black/meta.json,GSO,../../data/depthanything/moge_dataset/GSO/Womens_Canvas_Bahama_in_Black/image.png
997,997,../../data/moge_dataset/GSO/Womens_Canvas_Bahama_in_Black_vnJULsDVyq5/image.jpg,../../data/moge_dataset/GSO/Womens_Canvas_Bahama_in_Black_vnJULsDVyq5/depth.png,../../data/moge_dataset/GSO/Womens_Canvas_Bahama_in_Black_vnJULsDVyq5/meta.json,GSO,../../data/depthanything/moge_dataset/GSO/Womens_Canvas_Bahama_in_Black_vnJULsDVyq5/image.png
998,998,../../data/moge_dataset/GSO/Womens_Canvas_Bahama_in_White_4UyOhP6rYGO/image.jpg,../../data/moge_dataset/GSO/Womens_Canvas_Bahama_in_White_4UyOhP6rYGO/depth.png,../../data/moge_dataset/GSO/Womens_Canvas_Bahama_in_White_4UyOhP6rYGO/meta.json,GSO,../../data/depthanything/moge_dataset/GSO/Womens_Canvas_Bahama_in_White_4UyOhP6rYGO/image.png
999,999,../../data/moge_dataset/GSO/Womens_Canvas_Bahama_in_White_UfZPHGQpvz0/image.jpg,../../data/moge_dataset/GSO/Womens_Canvas_Bahama_in_White_UfZPHGQpvz0/depth.png,../../data/moge_dataset/GSO/Womens_Canvas_Bahama_in_White_UfZPHGQpvz0/meta.json,GSO,../../data/depthanything/moge_dataset/GSO/Womens_Canvas_Bahama_in_White_UfZPHGQpvz0/image.png
1000,1000,../../data/moge_dataset/GSO/Womens_Cloud_Logo_Authentic_Original_Boat_Shoe_in_Black_Supersoft_8LigQYwf4gr/image.jpg,../../data/moge_dataset/GSO/Womens_Cloud_Logo_Authentic_Original_Boat_Shoe_in_Black_Supersoft_8LigQYwf4gr/depth.png,../../data/moge_dataset/GSO/Womens_Cloud_Logo_Authentic_Original_Boat_Shoe_in_Black_Supersoft_8LigQYwf4gr/meta.json,GSO,../../data/depthanything/moge_dataset/GSO/Womens_Cloud_Logo_Authentic_Original_Boat_Shoe_in_Black_Supersoft_8LigQYwf4gr/image.png
1001,1001,../../data/moge_dataset/GSO/Womens_Cloud_Logo_Authentic_Original_Boat_Shoe_in_Black_Supersoft_cZR022qFI4k/image.jpg,../../data/moge_dataset/GSO/Womens_Cloud_Logo_Authentic_Original_Boat_Shoe_in_Black_Supersoft_cZR022qFI4k/depth.png,../../data/moge_dataset/GSO/Womens_Cloud_Logo_Authentic_Original_Boat_Shoe_in_Black_Supersoft_cZR022qFI4k/meta.json,GSO,../../data/depthanything/moge_dataset/GSO/Womens_Cloud_Logo_Authentic_Original_Boat_Shoe_in_Black_Supersoft_cZR022qFI4k/image.png
1002,1002,../../data/moge_dataset/GSO/Womens_Hikerfish_Boot_in_Black_Leopard_bVSNY1Le1sm/image.jpg,../../data/moge_dataset/GSO/Womens_Hikerfish_Boot_in_Black_Leopard_bVSNY1Le1sm/depth.png,../../data/moge_dataset/GSO/Womens_Hikerfish_Boot_in_Black_Leopard_bVSNY1Le1sm/meta.json,GSO,../../data/depthanything/moge_dataset/GSO/Womens_Hikerfish_Boot_in_Black_Leopard_bVSNY1Le1sm/image.png
1003,1003,../../data/moge_dataset/GSO/Womens_Hikerfish_Boot_in_Black_Leopard_ridcCWsv8rW/image.jpg,../../data/moge_dataset/GSO/Womens_Hikerfish_Boot_in_Black_Leopard_ridcCWsv8rW/depth.png,../../data/moge_dataset/GSO/Womens_Hikerfish_Boot_in_Black_Leopard_ridcCWsv8rW/meta.json,GSO,../../data/depthanything/moge_dataset/GSO/Womens_Hikerfish_Boot_in_Black_Leopard_ridcCWsv8rW/image.png
1004,1004,../../data/moge_dataset/GSO/Womens_Hikerfish_Boot_in_Linen_Leather_Sparkle_Suede_QktIyAkonrU/image.jpg,../../data/moge_dataset/GSO/Womens_Hikerfish_Boot_in_Linen_Leather_Sparkle_Suede_QktIyAkonrU/depth.png,../../data/moge_dataset/GSO/Womens_Hikerfish_Boot_in_Linen_Leather_Sparkle_Suede_QktIyAkonrU/meta.json,GSO,../../data/depthanything/moge_dataset/GSO/Womens_Hikerfish_Boot_in_Linen_Leather_Sparkle_Suede_QktIyAkonrU/image.png
1005,1005,../../data/moge_dataset/GSO/Womens_Hikerfish_Boot_in_Linen_Leather_Sparkle_Suede_imlP8VkwqIH/image.jpg,../../data/moge_dataset/GSO/Womens_Hikerfish_Boot_in_Linen_Leather_Sparkle_Suede_imlP8VkwqIH/depth.png,../../data/moge_dataset/GSO/Womens_Hikerfish_Boot_in_Linen_Leather_Sparkle_Suede_imlP8VkwqIH/meta.json,GSO,../../data/depthanything/moge_dataset/GSO/Womens_Hikerfish_Boot_in_Linen_Leather_Sparkle_Suede_imlP8VkwqIH/image.png
1006,1006,../../data/moge_dataset/GSO/Womens_Multi_13/image.jpg,../../data/moge_dataset/GSO/Womens_Multi_13/depth.png,../../data/moge_dataset/GSO/Womens_Multi_13/meta.json,GSO,../../data/depthanything/moge_dataset/GSO/Womens_Multi_13/image.png
1007,1007,../../data/moge_dataset/GSO/Womens_Sequin_Bahama_in_White_Sequin_V9K1hf24Oxe/image.jpg,../../data/moge_dataset/GSO/Womens_Sequin_Bahama_in_White_Sequin_V9K1hf24Oxe/depth.png,../../data/moge_dataset/GSO/Womens_Sequin_Bahama_in_White_Sequin_V9K1hf24Oxe/meta.json,GSO,../../data/depthanything/moge_dataset/GSO/Womens_Sequin_Bahama_in_White_Sequin_V9K1hf24Oxe/image.png
1008,1008,../../data/moge_dataset/GSO/Womens_Sequin_Bahama_in_White_Sequin_XoR8xTlxj1g/image.jpg,../../data/moge_dataset/GSO/Womens_Sequin_Bahama_in_White_Sequin_XoR8xTlxj1g/depth.png,../../data/moge_dataset/GSO/Womens_Sequin_Bahama_in_White_Sequin_XoR8xTlxj1g/meta.json,GSO,../../data/depthanything/moge_dataset/GSO/Womens_Sequin_Bahama_in_White_Sequin_XoR8xTlxj1g/image.png
1009,1009,../../data/moge_dataset/GSO/Womens_Sequin_Bahama_in_White_Sequin_yGVsSA4tOwJ/image.jpg,../../data/moge_dataset/GSO/Womens_Sequin_Bahama_in_White_Sequin_yGVsSA4tOwJ/depth.png,../../data/moge_dataset/GSO/Womens_Sequin_Bahama_in_White_Sequin_yGVsSA4tOwJ/meta.json,GSO,../../data/depthanything/moge_dataset/GSO/Womens_Sequin_Bahama_in_White_Sequin_yGVsSA4tOwJ/image.png
1010,1010,../../data/moge_dataset/GSO/Womens_Sparkle_Suede_Angelfish_in_Grey_Sparkle_Suede_Silver/image.jpg,../../data/moge_dataset/GSO/Womens_Sparkle_Suede_Angelfish_in_Grey_Sparkle_Suede_Silver/depth.png,../../data/moge_dataset/GSO/Womens_Sparkle_Suede_Angelfish_in_Grey_Sparkle_Suede_Silver/meta.json,GSO,../../data/depthanything/moge_dataset/GSO/Womens_Sparkle_Suede_Angelfish_in_Grey_Sparkle_Suede_Silver/image.png
1011,1011,../../data/moge_dataset/GSO/Womens_Sparkle_Suede_Bahama_in_Silver_Sparkle_Suede_Grey_Patent_tYrIBLMhSTN/image.jpg,../../data/moge_dataset/GSO/Womens_Sparkle_Suede_Bahama_in_Silver_Sparkle_Suede_Grey_Patent_tYrIBLMhSTN/depth.png,../../data/moge_dataset/GSO/Womens_Sparkle_Suede_Bahama_in_Silver_Sparkle_Suede_Grey_Patent_tYrIBLMhSTN/meta.json,GSO,../../data/depthanything/moge_dataset/GSO/Womens_Sparkle_Suede_Bahama_in_Silver_Sparkle_Suede_Grey_Patent_tYrIBLMhSTN/image.png
1012,1012,../../data/moge_dataset/GSO/Womens_Sparkle_Suede_Bahama_in_Silver_Sparkle_Suede_Grey_Patent_x9rclU7EJXx/image.jpg,../../data/moge_dataset/GSO/Womens_Sparkle_Suede_Bahama_in_Silver_Sparkle_Suede_Grey_Patent_x9rclU7EJXx/depth.png,../../data/moge_dataset/GSO/Womens_Sparkle_Suede_Bahama_in_Silver_Sparkle_Suede_Grey_Patent_x9rclU7EJXx/meta.json,GSO,../../data/depthanything/moge_dataset/GSO/Womens_Sparkle_Suede_Bahama_in_Silver_Sparkle_Suede_Grey_Patent_x9rclU7EJXx/image.png
1013,1013,../../data/moge_dataset/GSO/Womens_Suede_Bahama_in_Graphite_Suede_cUAjIMhWSO9/image.jpg,../../data/moge_dataset/GSO/Womens_Suede_Bahama_in_Graphite_Suede_cUAjIMhWSO9/depth.png,../../data/moge_dataset/GSO/Womens_Suede_Bahama_in_Graphite_Suede_cUAjIMhWSO9/meta.json,GSO,../../data/depthanything/moge_dataset/GSO/Womens_Suede_Bahama_in_Graphite_Suede_cUAjIMhWSO9/image.png
1014,1014,../../data/moge_dataset/GSO/Womens_Suede_Bahama_in_Graphite_Suede_p1KUwoWbw7R/image.jpg,../../data/moge_dataset/GSO/Womens_Suede_Bahama_in_Graphite_Suede_p1KUwoWbw7R/depth.png,../../data/moge_dataset/GSO/Womens_Suede_Bahama_in_Graphite_Suede_p1KUwoWbw7R/meta.json,GSO,../../data/depthanything/moge_dataset/GSO/Womens_Suede_Bahama_in_Graphite_Suede_p1KUwoWbw7R/image.png
1015,1015,../../data/moge_dataset/GSO/Womens_Suede_Bahama_in_Graphite_Suede_t22AJSRjBOX/image.jpg,../../data/moge_dataset/GSO/Womens_Suede_Bahama_in_Graphite_Suede_t22AJSRjBOX/depth.png,../../data/moge_dataset/GSO/Womens_Suede_Bahama_in_Graphite_Suede_t22AJSRjBOX/meta.json,GSO,../../data/depthanything/moge_dataset/GSO/Womens_Suede_Bahama_in_Graphite_Suede_t22AJSRjBOX/image.png
1016,1016,../../data/moge_dataset/GSO/Womens_Teva_Capistrano_Bootie/image.jpg,../../data/moge_dataset/GSO/Womens_Teva_Capistrano_Bootie/depth.png,../../data/moge_dataset/GSO/Womens_Teva_Capistrano_Bootie/meta.json,GSO,../../data/depthanything/moge_dataset/GSO/Womens_Teva_Capistrano_Bootie/image.png
1017,1017,../../data/moge_dataset/GSO/Womens_Teva_Capistrano_Bootie_ldjRT9yZ5Ht/image.jpg,../../data/moge_dataset/GSO/Womens_Teva_Capistrano_Bootie_ldjRT9yZ5Ht/depth.png,../../data/moge_dataset/GSO/Womens_Teva_Capistrano_Bootie_ldjRT9yZ5Ht/meta.json,GSO,../../data/depthanything/moge_dataset/GSO/Womens_Teva_Capistrano_Bootie_ldjRT9yZ5Ht/image.png
1018,1018,../../data/moge_dataset/GSO/Wooden_ABC_123_Blocks_50_pack/image.jpg,../../data/moge_dataset/GSO/Wooden_ABC_123_Blocks_50_pack/depth.png,../../data/moge_dataset/GSO/Wooden_ABC_123_Blocks_50_pack/meta.json,GSO,../../data/depthanything/moge_dataset/GSO/Wooden_ABC_123_Blocks_50_pack/image.png
1019,1019,../../data/moge_dataset/GSO/Wrigley_Orbit_Mint_Variety_18_Count/image.jpg,../../data/moge_dataset/GSO/Wrigley_Orbit_Mint_Variety_18_Count/depth.png,../../data/moge_dataset/GSO/Wrigley_Orbit_Mint_Variety_18_Count/meta.json,GSO,../../data/depthanything/moge_dataset/GSO/Wrigley_Orbit_Mint_Variety_18_Count/image.png
1020,1020,../../data/moge_dataset/GSO/Xyli_Pure_Xylitol/image.jpg,../../data/moge_dataset/GSO/Xyli_Pure_Xylitol/depth.png,../../data/moge_dataset/GSO/Xyli_Pure_Xylitol/meta.json,GSO,../../data/depthanything/moge_dataset/GSO/Xyli_Pure_Xylitol/image.png
1021,1021,../../data/moge_dataset/GSO/YumYum_D3_Liquid/image.jpg,../../data/moge_dataset/GSO/YumYum_D3_Liquid/depth.png,../../data/moge_dataset/GSO/YumYum_D3_Liquid/meta.json,GSO,../../data/depthanything/moge_dataset/GSO/YumYum_D3_Liquid/image.png
1022,1022,../../data/moge_dataset/GSO/ZX700_lYiwcTIekXk/image.jpg,../../data/moge_dataset/GSO/ZX700_lYiwcTIekXk/depth.png,../../data/moge_dataset/GSO/ZX700_lYiwcTIekXk/meta.json,GSO,../../data/depthanything/moge_dataset/GSO/ZX700_lYiwcTIekXk/image.png
1023,1023,../../data/moge_dataset/GSO/ZX700_mf9Pc06uL06/image.jpg,../../data/moge_dataset/GSO/ZX700_mf9Pc06uL06/depth.png,../../data/moge_dataset/GSO/ZX700_mf9Pc06uL06/meta.json,GSO,../../data/depthanything/moge_dataset/GSO/ZX700_mf9Pc06uL06/image.png
1024,1024,../../data/moge_dataset/GSO/ZX700_mzGbdP3u6JB/image.jpg,../../data/moge_dataset/GSO/ZX700_mzGbdP3u6JB/depth.png,../../data/moge_dataset/GSO/ZX700_mzGbdP3u6JB/meta.json,GSO,../../data/depthanything/moge_dataset/GSO/ZX700_mzGbdP3u6JB/image.png
1025,1025,../../data/moge_dataset/GSO/ZigKick_Hoops/image.jpg,../../data/moge_dataset/GSO/ZigKick_Hoops/depth.png,../../data/moge_dataset/GSO/ZigKick_Hoops/meta.json,GSO,../../data/depthanything/moge_dataset/GSO/ZigKick_Hoops/image.png
1026,1026,../../data/moge_dataset/GSO/adiZero_Slide_2_SC/image.jpg,../../data/moge_dataset/GSO/adiZero_Slide_2_SC/depth.png,../../data/moge_dataset/GSO/adiZero_Slide_2_SC/meta.json,GSO,../../data/depthanything/moge_dataset/GSO/adiZero_Slide_2_SC/image.png
1027,1027,../../data/moge_dataset/GSO/adistar_boost_m/image.jpg,../../data/moge_dataset/GSO/adistar_boost_m/depth.png,../../data/moge_dataset/GSO/adistar_boost_m/meta.json,GSO,../../data/depthanything/moge_dataset/GSO/adistar_boost_m/image.png
1028,1028,../../data/moge_dataset/GSO/adizero_5Tool_25/image.jpg,../../data/moge_dataset/GSO/adizero_5Tool_25/depth.png,../../data/moge_dataset/GSO/adizero_5Tool_25/meta.json,GSO,../../data/depthanything/moge_dataset/GSO/adizero_5Tool_25/image.png
1029,1029,../../data/moge_dataset/GSO/adizero_F50_TRX_FG_LEA/image.jpg,../../data/moge_dataset/GSO/adizero_F50_TRX_FG_LEA/depth.png,../../data/moge_dataset/GSO/adizero_F50_TRX_FG_LEA/meta.json,GSO,../../data/depthanything/moge_dataset/GSO/adizero_F50_TRX_FG_LEA/image.png
