,Unnamed: 0,image,depth,meta,dataset,control_geo
0,0,../../data/moge_dataset/HAMMER/scene10_traj1_1/000000/image.jpg,../../data/moge_dataset/HAMMER/scene10_traj1_1/000000/depth.png,../../data/moge_dataset/HAMMER/scene10_traj1_1/000000/meta.json,HAMMER,../../data/depthanything/moge_dataset/HAMMER/scene10_traj1_1/000000/image.png
1,1,../../data/moge_dataset/HAMMER/scene10_traj1_1/000010/image.jpg,../../data/moge_dataset/HAMMER/scene10_traj1_1/000010/depth.png,../../data/moge_dataset/HAMMER/scene10_traj1_1/000010/meta.json,HAMMER,../../data/depthanything/moge_dataset/HAMMER/scene10_traj1_1/000010/image.png
2,2,../../data/moge_dataset/HAMMER/scene10_traj1_1/000020/image.jpg,../../data/moge_dataset/HAMMER/scene10_traj1_1/000020/depth.png,../../data/moge_dataset/HAMMER/scene10_traj1_1/000020/meta.json,HAMMER,../../data/depthanything/moge_dataset/HAMMER/scene10_traj1_1/000020/image.png
3,3,../../data/moge_dataset/HAMMER/scene10_traj1_1/000030/image.jpg,../../data/moge_dataset/HAMMER/scene10_traj1_1/000030/depth.png,../../data/moge_dataset/HAMMER/scene10_traj1_1/000030/meta.json,HAMMER,../../data/depthanything/moge_dataset/HAMMER/scene10_traj1_1/000030/image.png
4,4,../../data/moge_dataset/HAMMER/scene10_traj1_1/000040/image.jpg,../../data/moge_dataset/HAMMER/scene10_traj1_1/000040/depth.png,../../data/moge_dataset/HAMMER/scene10_traj1_1/000040/meta.json,HAMMER,../../data/depthanything/moge_dataset/HAMMER/scene10_traj1_1/000040/image.png
5,5,../../data/moge_dataset/HAMMER/scene10_traj1_1/000050/image.jpg,../../data/moge_dataset/HAMMER/scene10_traj1_1/000050/depth.png,../../data/moge_dataset/HAMMER/scene10_traj1_1/000050/meta.json,HAMMER,../../data/depthanything/moge_dataset/HAMMER/scene10_traj1_1/000050/image.png
6,6,../../data/moge_dataset/HAMMER/scene10_traj1_1/000060/image.jpg,../../data/moge_dataset/HAMMER/scene10_traj1_1/000060/depth.png,../../data/moge_dataset/HAMMER/scene10_traj1_1/000060/meta.json,HAMMER,../../data/depthanything/moge_dataset/HAMMER/scene10_traj1_1/000060/image.png
7,7,../../data/moge_dataset/HAMMER/scene10_traj1_1/000070/image.jpg,../../data/moge_dataset/HAMMER/scene10_traj1_1/000070/depth.png,../../data/moge_dataset/HAMMER/scene10_traj1_1/000070/meta.json,HAMMER,../../data/depthanything/moge_dataset/HAMMER/scene10_traj1_1/000070/image.png
8,8,../../data/moge_dataset/HAMMER/scene10_traj1_1/000080/image.jpg,../../data/moge_dataset/HAMMER/scene10_traj1_1/000080/depth.png,../../data/moge_dataset/HAMMER/scene10_traj1_1/000080/meta.json,HAMMER,../../data/depthanything/moge_dataset/HAMMER/scene10_traj1_1/000080/image.png
9,9,../../data/moge_dataset/HAMMER/scene10_traj1_1/000090/image.jpg,../../data/moge_dataset/HAMMER/scene10_traj1_1/000090/depth.png,../../data/moge_dataset/HAMMER/scene10_traj1_1/000090/meta.json,HAMMER,../../data/depthanything/moge_dataset/HAMMER/scene10_traj1_1/000090/image.png
10,10,../../data/moge_dataset/HAMMER/scene10_traj1_1/000100/image.jpg,../../data/moge_dataset/HAMMER/scene10_traj1_1/000100/depth.png,../../data/moge_dataset/HAMMER/scene10_traj1_1/000100/meta.json,HAMMER,../../data/depthanything/moge_dataset/HAMMER/scene10_traj1_1/000100/image.png
11,11,../../data/moge_dataset/HAMMER/scene10_traj1_1/000110/image.jpg,../../data/moge_dataset/HAMMER/scene10_traj1_1/000110/depth.png,../../data/moge_dataset/HAMMER/scene10_traj1_1/000110/meta.json,HAMMER,../../data/depthanything/moge_dataset/HAMMER/scene10_traj1_1/000110/image.png
12,12,../../data/moge_dataset/HAMMER/scene10_traj1_1/000120/image.jpg,../../data/moge_dataset/HAMMER/scene10_traj1_1/000120/depth.png,../../data/moge_dataset/HAMMER/scene10_traj1_1/000120/meta.json,HAMMER,../../data/depthanything/moge_dataset/HAMMER/scene10_traj1_1/000120/image.png
13,13,../../data/moge_dataset/HAMMER/scene10_traj1_1/000130/image.jpg,../../data/moge_dataset/HAMMER/scene10_traj1_1/000130/depth.png,../../data/moge_dataset/HAMMER/scene10_traj1_1/000130/meta.json,HAMMER,../../data/depthanything/moge_dataset/HAMMER/scene10_traj1_1/000130/image.png
14,14,../../data/moge_dataset/HAMMER/scene10_traj1_1/000140/image.jpg,../../data/moge_dataset/HAMMER/scene10_traj1_1/000140/depth.png,../../data/moge_dataset/HAMMER/scene10_traj1_1/000140/meta.json,HAMMER,../../data/depthanything/moge_dataset/HAMMER/scene10_traj1_1/000140/image.png
15,15,../../data/moge_dataset/HAMMER/scene10_traj1_1/000150/image.jpg,../../data/moge_dataset/HAMMER/scene10_traj1_1/000150/depth.png,../../data/moge_dataset/HAMMER/scene10_traj1_1/000150/meta.json,HAMMER,../../data/depthanything/moge_dataset/HAMMER/scene10_traj1_1/000150/image.png
16,16,../../data/moge_dataset/HAMMER/scene10_traj1_1/000160/image.jpg,../../data/moge_dataset/HAMMER/scene10_traj1_1/000160/depth.png,../../data/moge_dataset/HAMMER/scene10_traj1_1/000160/meta.json,HAMMER,../../data/depthanything/moge_dataset/HAMMER/scene10_traj1_1/000160/image.png
17,17,../../data/moge_dataset/HAMMER/scene10_traj1_1/000170/image.jpg,../../data/moge_dataset/HAMMER/scene10_traj1_1/000170/depth.png,../../data/moge_dataset/HAMMER/scene10_traj1_1/000170/meta.json,HAMMER,../../data/depthanything/moge_dataset/HAMMER/scene10_traj1_1/000170/image.png
18,18,../../data/moge_dataset/HAMMER/scene10_traj1_1/000180/image.jpg,../../data/moge_dataset/HAMMER/scene10_traj1_1/000180/depth.png,../../data/moge_dataset/HAMMER/scene10_traj1_1/000180/meta.json,HAMMER,../../data/depthanything/moge_dataset/HAMMER/scene10_traj1_1/000180/image.png
19,19,../../data/moge_dataset/HAMMER/scene10_traj1_1/000190/image.jpg,../../data/moge_dataset/HAMMER/scene10_traj1_1/000190/depth.png,../../data/moge_dataset/HAMMER/scene10_traj1_1/000190/meta.json,HAMMER,../../data/depthanything/moge_dataset/HAMMER/scene10_traj1_1/000190/image.png
20,20,../../data/moge_dataset/HAMMER/scene10_traj1_1/000200/image.jpg,../../data/moge_dataset/HAMMER/scene10_traj1_1/000200/depth.png,../../data/moge_dataset/HAMMER/scene10_traj1_1/000200/meta.json,HAMMER,../../data/depthanything/moge_dataset/HAMMER/scene10_traj1_1/000200/image.png
21,21,../../data/moge_dataset/HAMMER/scene10_traj1_1/000210/image.jpg,../../data/moge_dataset/HAMMER/scene10_traj1_1/000210/depth.png,../../data/moge_dataset/HAMMER/scene10_traj1_1/000210/meta.json,HAMMER,../../data/depthanything/moge_dataset/HAMMER/scene10_traj1_1/000210/image.png
22,22,../../data/moge_dataset/HAMMER/scene10_traj1_1/000220/image.jpg,../../data/moge_dataset/HAMMER/scene10_traj1_1/000220/depth.png,../../data/moge_dataset/HAMMER/scene10_traj1_1/000220/meta.json,HAMMER,../../data/depthanything/moge_dataset/HAMMER/scene10_traj1_1/000220/image.png
23,23,../../data/moge_dataset/HAMMER/scene10_traj1_1/000230/image.jpg,../../data/moge_dataset/HAMMER/scene10_traj1_1/000230/depth.png,../../data/moge_dataset/HAMMER/scene10_traj1_1/000230/meta.json,HAMMER,../../data/depthanything/moge_dataset/HAMMER/scene10_traj1_1/000230/image.png
24,24,../../data/moge_dataset/HAMMER/scene10_traj1_1/000240/image.jpg,../../data/moge_dataset/HAMMER/scene10_traj1_1/000240/depth.png,../../data/moge_dataset/HAMMER/scene10_traj1_1/000240/meta.json,HAMMER,../../data/depthanything/moge_dataset/HAMMER/scene10_traj1_1/000240/image.png
25,25,../../data/moge_dataset/HAMMER/scene10_traj1_1/000250/image.jpg,../../data/moge_dataset/HAMMER/scene10_traj1_1/000250/depth.png,../../data/moge_dataset/HAMMER/scene10_traj1_1/000250/meta.json,HAMMER,../../data/depthanything/moge_dataset/HAMMER/scene10_traj1_1/000250/image.png
26,26,../../data/moge_dataset/HAMMER/scene10_traj1_1/000260/image.jpg,../../data/moge_dataset/HAMMER/scene10_traj1_1/000260/depth.png,../../data/moge_dataset/HAMMER/scene10_traj1_1/000260/meta.json,HAMMER,../../data/depthanything/moge_dataset/HAMMER/scene10_traj1_1/000260/image.png
27,27,../../data/moge_dataset/HAMMER/scene10_traj1_1/000270/image.jpg,../../data/moge_dataset/HAMMER/scene10_traj1_1/000270/depth.png,../../data/moge_dataset/HAMMER/scene10_traj1_1/000270/meta.json,HAMMER,../../data/depthanything/moge_dataset/HAMMER/scene10_traj1_1/000270/image.png
28,28,../../data/moge_dataset/HAMMER/scene10_traj1_1/000280/image.jpg,../../data/moge_dataset/HAMMER/scene10_traj1_1/000280/depth.png,../../data/moge_dataset/HAMMER/scene10_traj1_1/000280/meta.json,HAMMER,../../data/depthanything/moge_dataset/HAMMER/scene10_traj1_1/000280/image.png
29,29,../../data/moge_dataset/HAMMER/scene10_traj1_1/000290/image.jpg,../../data/moge_dataset/HAMMER/scene10_traj1_1/000290/depth.png,../../data/moge_dataset/HAMMER/scene10_traj1_1/000290/meta.json,HAMMER,../../data/depthanything/moge_dataset/HAMMER/scene10_traj1_1/000290/image.png
30,30,../../data/moge_dataset/HAMMER/scene10_traj1_1/000300/image.jpg,../../data/moge_dataset/HAMMER/scene10_traj1_1/000300/depth.png,../../data/moge_dataset/HAMMER/scene10_traj1_1/000300/meta.json,HAMMER,../../data/depthanything/moge_dataset/HAMMER/scene10_traj1_1/000300/image.png
31,31,../../data/moge_dataset/HAMMER/scene10_traj1_naked_1/000000/image.jpg,../../data/moge_dataset/HAMMER/scene10_traj1_naked_1/000000/depth.png,../../data/moge_dataset/HAMMER/scene10_traj1_naked_1/000000/meta.json,HAMMER,../../data/depthanything/moge_dataset/HAMMER/scene10_traj1_naked_1/000000/image.png
32,32,../../data/moge_dataset/HAMMER/scene10_traj1_naked_1/000010/image.jpg,../../data/moge_dataset/HAMMER/scene10_traj1_naked_1/000010/depth.png,../../data/moge_dataset/HAMMER/scene10_traj1_naked_1/000010/meta.json,HAMMER,../../data/depthanything/moge_dataset/HAMMER/scene10_traj1_naked_1/000010/image.png
33,33,../../data/moge_dataset/HAMMER/scene10_traj1_naked_1/000020/image.jpg,../../data/moge_dataset/HAMMER/scene10_traj1_naked_1/000020/depth.png,../../data/moge_dataset/HAMMER/scene10_traj1_naked_1/000020/meta.json,HAMMER,../../data/depthanything/moge_dataset/HAMMER/scene10_traj1_naked_1/000020/image.png
34,34,../../data/moge_dataset/HAMMER/scene10_traj1_naked_1/000030/image.jpg,../../data/moge_dataset/HAMMER/scene10_traj1_naked_1/000030/depth.png,../../data/moge_dataset/HAMMER/scene10_traj1_naked_1/000030/meta.json,HAMMER,../../data/depthanything/moge_dataset/HAMMER/scene10_traj1_naked_1/000030/image.png
35,35,../../data/moge_dataset/HAMMER/scene10_traj1_naked_1/000040/image.jpg,../../data/moge_dataset/HAMMER/scene10_traj1_naked_1/000040/depth.png,../../data/moge_dataset/HAMMER/scene10_traj1_naked_1/000040/meta.json,HAMMER,../../data/depthanything/moge_dataset/HAMMER/scene10_traj1_naked_1/000040/image.png
36,36,../../data/moge_dataset/HAMMER/scene10_traj1_naked_1/000050/image.jpg,../../data/moge_dataset/HAMMER/scene10_traj1_naked_1/000050/depth.png,../../data/moge_dataset/HAMMER/scene10_traj1_naked_1/000050/meta.json,HAMMER,../../data/depthanything/moge_dataset/HAMMER/scene10_traj1_naked_1/000050/image.png
37,37,../../data/moge_dataset/HAMMER/scene10_traj1_naked_1/000060/image.jpg,../../data/moge_dataset/HAMMER/scene10_traj1_naked_1/000060/depth.png,../../data/moge_dataset/HAMMER/scene10_traj1_naked_1/000060/meta.json,HAMMER,../../data/depthanything/moge_dataset/HAMMER/scene10_traj1_naked_1/000060/image.png
38,38,../../data/moge_dataset/HAMMER/scene10_traj1_naked_1/000070/image.jpg,../../data/moge_dataset/HAMMER/scene10_traj1_naked_1/000070/depth.png,../../data/moge_dataset/HAMMER/scene10_traj1_naked_1/000070/meta.json,HAMMER,../../data/depthanything/moge_dataset/HAMMER/scene10_traj1_naked_1/000070/image.png
39,39,../../data/moge_dataset/HAMMER/scene10_traj1_naked_1/000080/image.jpg,../../data/moge_dataset/HAMMER/scene10_traj1_naked_1/000080/depth.png,../../data/moge_dataset/HAMMER/scene10_traj1_naked_1/000080/meta.json,HAMMER,../../data/depthanything/moge_dataset/HAMMER/scene10_traj1_naked_1/000080/image.png
40,40,../../data/moge_dataset/HAMMER/scene10_traj1_naked_1/000090/image.jpg,../../data/moge_dataset/HAMMER/scene10_traj1_naked_1/000090/depth.png,../../data/moge_dataset/HAMMER/scene10_traj1_naked_1/000090/meta.json,HAMMER,../../data/depthanything/moge_dataset/HAMMER/scene10_traj1_naked_1/000090/image.png
41,41,../../data/moge_dataset/HAMMER/scene10_traj1_naked_1/000100/image.jpg,../../data/moge_dataset/HAMMER/scene10_traj1_naked_1/000100/depth.png,../../data/moge_dataset/HAMMER/scene10_traj1_naked_1/000100/meta.json,HAMMER,../../data/depthanything/moge_dataset/HAMMER/scene10_traj1_naked_1/000100/image.png
42,42,../../data/moge_dataset/HAMMER/scene10_traj1_naked_1/000110/image.jpg,../../data/moge_dataset/HAMMER/scene10_traj1_naked_1/000110/depth.png,../../data/moge_dataset/HAMMER/scene10_traj1_naked_1/000110/meta.json,HAMMER,../../data/depthanything/moge_dataset/HAMMER/scene10_traj1_naked_1/000110/image.png
43,43,../../data/moge_dataset/HAMMER/scene10_traj1_naked_1/000120/image.jpg,../../data/moge_dataset/HAMMER/scene10_traj1_naked_1/000120/depth.png,../../data/moge_dataset/HAMMER/scene10_traj1_naked_1/000120/meta.json,HAMMER,../../data/depthanything/moge_dataset/HAMMER/scene10_traj1_naked_1/000120/image.png
44,44,../../data/moge_dataset/HAMMER/scene10_traj1_naked_1/000130/image.jpg,../../data/moge_dataset/HAMMER/scene10_traj1_naked_1/000130/depth.png,../../data/moge_dataset/HAMMER/scene10_traj1_naked_1/000130/meta.json,HAMMER,../../data/depthanything/moge_dataset/HAMMER/scene10_traj1_naked_1/000130/image.png
45,45,../../data/moge_dataset/HAMMER/scene10_traj1_naked_1/000140/image.jpg,../../data/moge_dataset/HAMMER/scene10_traj1_naked_1/000140/depth.png,../../data/moge_dataset/HAMMER/scene10_traj1_naked_1/000140/meta.json,HAMMER,../../data/depthanything/moge_dataset/HAMMER/scene10_traj1_naked_1/000140/image.png
46,46,../../data/moge_dataset/HAMMER/scene10_traj1_naked_1/000150/image.jpg,../../data/moge_dataset/HAMMER/scene10_traj1_naked_1/000150/depth.png,../../data/moge_dataset/HAMMER/scene10_traj1_naked_1/000150/meta.json,HAMMER,../../data/depthanything/moge_dataset/HAMMER/scene10_traj1_naked_1/000150/image.png
47,47,../../data/moge_dataset/HAMMER/scene10_traj1_naked_1/000160/image.jpg,../../data/moge_dataset/HAMMER/scene10_traj1_naked_1/000160/depth.png,../../data/moge_dataset/HAMMER/scene10_traj1_naked_1/000160/meta.json,HAMMER,../../data/depthanything/moge_dataset/HAMMER/scene10_traj1_naked_1/000160/image.png
48,48,../../data/moge_dataset/HAMMER/scene10_traj1_naked_1/000170/image.jpg,../../data/moge_dataset/HAMMER/scene10_traj1_naked_1/000170/depth.png,../../data/moge_dataset/HAMMER/scene10_traj1_naked_1/000170/meta.json,HAMMER,../../data/depthanything/moge_dataset/HAMMER/scene10_traj1_naked_1/000170/image.png
49,49,../../data/moge_dataset/HAMMER/scene10_traj1_naked_1/000180/image.jpg,../../data/moge_dataset/HAMMER/scene10_traj1_naked_1/000180/depth.png,../../data/moge_dataset/HAMMER/scene10_traj1_naked_1/000180/meta.json,HAMMER,../../data/depthanything/moge_dataset/HAMMER/scene10_traj1_naked_1/000180/image.png
50,50,../../data/moge_dataset/HAMMER/scene10_traj1_naked_1/000190/image.jpg,../../data/moge_dataset/HAMMER/scene10_traj1_naked_1/000190/depth.png,../../data/moge_dataset/HAMMER/scene10_traj1_naked_1/000190/meta.json,HAMMER,../../data/depthanything/moge_dataset/HAMMER/scene10_traj1_naked_1/000190/image.png
51,51,../../data/moge_dataset/HAMMER/scene10_traj1_naked_1/000200/image.jpg,../../data/moge_dataset/HAMMER/scene10_traj1_naked_1/000200/depth.png,../../data/moge_dataset/HAMMER/scene10_traj1_naked_1/000200/meta.json,HAMMER,../../data/depthanything/moge_dataset/HAMMER/scene10_traj1_naked_1/000200/image.png
52,52,../../data/moge_dataset/HAMMER/scene10_traj1_naked_1/000210/image.jpg,../../data/moge_dataset/HAMMER/scene10_traj1_naked_1/000210/depth.png,../../data/moge_dataset/HAMMER/scene10_traj1_naked_1/000210/meta.json,HAMMER,../../data/depthanything/moge_dataset/HAMMER/scene10_traj1_naked_1/000210/image.png
53,53,../../data/moge_dataset/HAMMER/scene10_traj1_naked_1/000220/image.jpg,../../data/moge_dataset/HAMMER/scene10_traj1_naked_1/000220/depth.png,../../data/moge_dataset/HAMMER/scene10_traj1_naked_1/000220/meta.json,HAMMER,../../data/depthanything/moge_dataset/HAMMER/scene10_traj1_naked_1/000220/image.png
54,54,../../data/moge_dataset/HAMMER/scene10_traj1_naked_1/000230/image.jpg,../../data/moge_dataset/HAMMER/scene10_traj1_naked_1/000230/depth.png,../../data/moge_dataset/HAMMER/scene10_traj1_naked_1/000230/meta.json,HAMMER,../../data/depthanything/moge_dataset/HAMMER/scene10_traj1_naked_1/000230/image.png
55,55,../../data/moge_dataset/HAMMER/scene10_traj1_naked_1/000240/image.jpg,../../data/moge_dataset/HAMMER/scene10_traj1_naked_1/000240/depth.png,../../data/moge_dataset/HAMMER/scene10_traj1_naked_1/000240/meta.json,HAMMER,../../data/depthanything/moge_dataset/HAMMER/scene10_traj1_naked_1/000240/image.png
56,56,../../data/moge_dataset/HAMMER/scene10_traj1_naked_1/000250/image.jpg,../../data/moge_dataset/HAMMER/scene10_traj1_naked_1/000250/depth.png,../../data/moge_dataset/HAMMER/scene10_traj1_naked_1/000250/meta.json,HAMMER,../../data/depthanything/moge_dataset/HAMMER/scene10_traj1_naked_1/000250/image.png
57,57,../../data/moge_dataset/HAMMER/scene10_traj1_naked_1/000260/image.jpg,../../data/moge_dataset/HAMMER/scene10_traj1_naked_1/000260/depth.png,../../data/moge_dataset/HAMMER/scene10_traj1_naked_1/000260/meta.json,HAMMER,../../data/depthanything/moge_dataset/HAMMER/scene10_traj1_naked_1/000260/image.png
58,58,../../data/moge_dataset/HAMMER/scene10_traj1_naked_1/000270/image.jpg,../../data/moge_dataset/HAMMER/scene10_traj1_naked_1/000270/depth.png,../../data/moge_dataset/HAMMER/scene10_traj1_naked_1/000270/meta.json,HAMMER,../../data/depthanything/moge_dataset/HAMMER/scene10_traj1_naked_1/000270/image.png
59,59,../../data/moge_dataset/HAMMER/scene10_traj1_naked_1/000280/image.jpg,../../data/moge_dataset/HAMMER/scene10_traj1_naked_1/000280/depth.png,../../data/moge_dataset/HAMMER/scene10_traj1_naked_1/000280/meta.json,HAMMER,../../data/depthanything/moge_dataset/HAMMER/scene10_traj1_naked_1/000280/image.png
60,60,../../data/moge_dataset/HAMMER/scene10_traj1_naked_1/000290/image.jpg,../../data/moge_dataset/HAMMER/scene10_traj1_naked_1/000290/depth.png,../../data/moge_dataset/HAMMER/scene10_traj1_naked_1/000290/meta.json,HAMMER,../../data/depthanything/moge_dataset/HAMMER/scene10_traj1_naked_1/000290/image.png
61,61,../../data/moge_dataset/HAMMER/scene10_traj1_naked_1/000300/image.jpg,../../data/moge_dataset/HAMMER/scene10_traj1_naked_1/000300/depth.png,../../data/moge_dataset/HAMMER/scene10_traj1_naked_1/000300/meta.json,HAMMER,../../data/depthanything/moge_dataset/HAMMER/scene10_traj1_naked_1/000300/image.png
62,62,../../data/moge_dataset/HAMMER/scene10_traj2_1/000000/image.jpg,../../data/moge_dataset/HAMMER/scene10_traj2_1/000000/depth.png,../../data/moge_dataset/HAMMER/scene10_traj2_1/000000/meta.json,HAMMER,../../data/depthanything/moge_dataset/HAMMER/scene10_traj2_1/000000/image.png
63,63,../../data/moge_dataset/HAMMER/scene10_traj2_1/000010/image.jpg,../../data/moge_dataset/HAMMER/scene10_traj2_1/000010/depth.png,../../data/moge_dataset/HAMMER/scene10_traj2_1/000010/meta.json,HAMMER,../../data/depthanything/moge_dataset/HAMMER/scene10_traj2_1/000010/image.png
64,64,../../data/moge_dataset/HAMMER/scene10_traj2_1/000020/image.jpg,../../data/moge_dataset/HAMMER/scene10_traj2_1/000020/depth.png,../../data/moge_dataset/HAMMER/scene10_traj2_1/000020/meta.json,HAMMER,../../data/depthanything/moge_dataset/HAMMER/scene10_traj2_1/000020/image.png
65,65,../../data/moge_dataset/HAMMER/scene10_traj2_1/000030/image.jpg,../../data/moge_dataset/HAMMER/scene10_traj2_1/000030/depth.png,../../data/moge_dataset/HAMMER/scene10_traj2_1/000030/meta.json,HAMMER,../../data/depthanything/moge_dataset/HAMMER/scene10_traj2_1/000030/image.png
66,66,../../data/moge_dataset/HAMMER/scene10_traj2_1/000040/image.jpg,../../data/moge_dataset/HAMMER/scene10_traj2_1/000040/depth.png,../../data/moge_dataset/HAMMER/scene10_traj2_1/000040/meta.json,HAMMER,../../data/depthanything/moge_dataset/HAMMER/scene10_traj2_1/000040/image.png
67,67,../../data/moge_dataset/HAMMER/scene10_traj2_1/000050/image.jpg,../../data/moge_dataset/HAMMER/scene10_traj2_1/000050/depth.png,../../data/moge_dataset/HAMMER/scene10_traj2_1/000050/meta.json,HAMMER,../../data/depthanything/moge_dataset/HAMMER/scene10_traj2_1/000050/image.png
68,68,../../data/moge_dataset/HAMMER/scene10_traj2_1/000060/image.jpg,../../data/moge_dataset/HAMMER/scene10_traj2_1/000060/depth.png,../../data/moge_dataset/HAMMER/scene10_traj2_1/000060/meta.json,HAMMER,../../data/depthanything/moge_dataset/HAMMER/scene10_traj2_1/000060/image.png
69,69,../../data/moge_dataset/HAMMER/scene10_traj2_1/000070/image.jpg,../../data/moge_dataset/HAMMER/scene10_traj2_1/000070/depth.png,../../data/moge_dataset/HAMMER/scene10_traj2_1/000070/meta.json,HAMMER,../../data/depthanything/moge_dataset/HAMMER/scene10_traj2_1/000070/image.png
70,70,../../data/moge_dataset/HAMMER/scene10_traj2_1/000080/image.jpg,../../data/moge_dataset/HAMMER/scene10_traj2_1/000080/depth.png,../../data/moge_dataset/HAMMER/scene10_traj2_1/000080/meta.json,HAMMER,../../data/depthanything/moge_dataset/HAMMER/scene10_traj2_1/000080/image.png
71,71,../../data/moge_dataset/HAMMER/scene10_traj2_1/000090/image.jpg,../../data/moge_dataset/HAMMER/scene10_traj2_1/000090/depth.png,../../data/moge_dataset/HAMMER/scene10_traj2_1/000090/meta.json,HAMMER,../../data/depthanything/moge_dataset/HAMMER/scene10_traj2_1/000090/image.png
72,72,../../data/moge_dataset/HAMMER/scene10_traj2_1/000100/image.jpg,../../data/moge_dataset/HAMMER/scene10_traj2_1/000100/depth.png,../../data/moge_dataset/HAMMER/scene10_traj2_1/000100/meta.json,HAMMER,../../data/depthanything/moge_dataset/HAMMER/scene10_traj2_1/000100/image.png
73,73,../../data/moge_dataset/HAMMER/scene10_traj2_1/000110/image.jpg,../../data/moge_dataset/HAMMER/scene10_traj2_1/000110/depth.png,../../data/moge_dataset/HAMMER/scene10_traj2_1/000110/meta.json,HAMMER,../../data/depthanything/moge_dataset/HAMMER/scene10_traj2_1/000110/image.png
74,74,../../data/moge_dataset/HAMMER/scene10_traj2_1/000120/image.jpg,../../data/moge_dataset/HAMMER/scene10_traj2_1/000120/depth.png,../../data/moge_dataset/HAMMER/scene10_traj2_1/000120/meta.json,HAMMER,../../data/depthanything/moge_dataset/HAMMER/scene10_traj2_1/000120/image.png
75,75,../../data/moge_dataset/HAMMER/scene10_traj2_1/000130/image.jpg,../../data/moge_dataset/HAMMER/scene10_traj2_1/000130/depth.png,../../data/moge_dataset/HAMMER/scene10_traj2_1/000130/meta.json,HAMMER,../../data/depthanything/moge_dataset/HAMMER/scene10_traj2_1/000130/image.png
76,76,../../data/moge_dataset/HAMMER/scene10_traj2_1/000140/image.jpg,../../data/moge_dataset/HAMMER/scene10_traj2_1/000140/depth.png,../../data/moge_dataset/HAMMER/scene10_traj2_1/000140/meta.json,HAMMER,../../data/depthanything/moge_dataset/HAMMER/scene10_traj2_1/000140/image.png
77,77,../../data/moge_dataset/HAMMER/scene10_traj2_1/000150/image.jpg,../../data/moge_dataset/HAMMER/scene10_traj2_1/000150/depth.png,../../data/moge_dataset/HAMMER/scene10_traj2_1/000150/meta.json,HAMMER,../../data/depthanything/moge_dataset/HAMMER/scene10_traj2_1/000150/image.png
78,78,../../data/moge_dataset/HAMMER/scene10_traj2_1/000160/image.jpg,../../data/moge_dataset/HAMMER/scene10_traj2_1/000160/depth.png,../../data/moge_dataset/HAMMER/scene10_traj2_1/000160/meta.json,HAMMER,../../data/depthanything/moge_dataset/HAMMER/scene10_traj2_1/000160/image.png
79,79,../../data/moge_dataset/HAMMER/scene10_traj2_1/000170/image.jpg,../../data/moge_dataset/HAMMER/scene10_traj2_1/000170/depth.png,../../data/moge_dataset/HAMMER/scene10_traj2_1/000170/meta.json,HAMMER,../../data/depthanything/moge_dataset/HAMMER/scene10_traj2_1/000170/image.png
80,80,../../data/moge_dataset/HAMMER/scene10_traj2_1/000180/image.jpg,../../data/moge_dataset/HAMMER/scene10_traj2_1/000180/depth.png,../../data/moge_dataset/HAMMER/scene10_traj2_1/000180/meta.json,HAMMER,../../data/depthanything/moge_dataset/HAMMER/scene10_traj2_1/000180/image.png
81,81,../../data/moge_dataset/HAMMER/scene10_traj2_1/000190/image.jpg,../../data/moge_dataset/HAMMER/scene10_traj2_1/000190/depth.png,../../data/moge_dataset/HAMMER/scene10_traj2_1/000190/meta.json,HAMMER,../../data/depthanything/moge_dataset/HAMMER/scene10_traj2_1/000190/image.png
82,82,../../data/moge_dataset/HAMMER/scene10_traj2_1/000200/image.jpg,../../data/moge_dataset/HAMMER/scene10_traj2_1/000200/depth.png,../../data/moge_dataset/HAMMER/scene10_traj2_1/000200/meta.json,HAMMER,../../data/depthanything/moge_dataset/HAMMER/scene10_traj2_1/000200/image.png
83,83,../../data/moge_dataset/HAMMER/scene10_traj2_1/000210/image.jpg,../../data/moge_dataset/HAMMER/scene10_traj2_1/000210/depth.png,../../data/moge_dataset/HAMMER/scene10_traj2_1/000210/meta.json,HAMMER,../../data/depthanything/moge_dataset/HAMMER/scene10_traj2_1/000210/image.png
84,84,../../data/moge_dataset/HAMMER/scene10_traj2_1/000220/image.jpg,../../data/moge_dataset/HAMMER/scene10_traj2_1/000220/depth.png,../../data/moge_dataset/HAMMER/scene10_traj2_1/000220/meta.json,HAMMER,../../data/depthanything/moge_dataset/HAMMER/scene10_traj2_1/000220/image.png
85,85,../../data/moge_dataset/HAMMER/scene10_traj2_1/000230/image.jpg,../../data/moge_dataset/HAMMER/scene10_traj2_1/000230/depth.png,../../data/moge_dataset/HAMMER/scene10_traj2_1/000230/meta.json,HAMMER,../../data/depthanything/moge_dataset/HAMMER/scene10_traj2_1/000230/image.png
86,86,../../data/moge_dataset/HAMMER/scene10_traj2_1/000240/image.jpg,../../data/moge_dataset/HAMMER/scene10_traj2_1/000240/depth.png,../../data/moge_dataset/HAMMER/scene10_traj2_1/000240/meta.json,HAMMER,../../data/depthanything/moge_dataset/HAMMER/scene10_traj2_1/000240/image.png
87,87,../../data/moge_dataset/HAMMER/scene10_traj2_1/000250/image.jpg,../../data/moge_dataset/HAMMER/scene10_traj2_1/000250/depth.png,../../data/moge_dataset/HAMMER/scene10_traj2_1/000250/meta.json,HAMMER,../../data/depthanything/moge_dataset/HAMMER/scene10_traj2_1/000250/image.png
88,88,../../data/moge_dataset/HAMMER/scene10_traj2_1/000260/image.jpg,../../data/moge_dataset/HAMMER/scene10_traj2_1/000260/depth.png,../../data/moge_dataset/HAMMER/scene10_traj2_1/000260/meta.json,HAMMER,../../data/depthanything/moge_dataset/HAMMER/scene10_traj2_1/000260/image.png
89,89,../../data/moge_dataset/HAMMER/scene10_traj2_1/000270/image.jpg,../../data/moge_dataset/HAMMER/scene10_traj2_1/000270/depth.png,../../data/moge_dataset/HAMMER/scene10_traj2_1/000270/meta.json,HAMMER,../../data/depthanything/moge_dataset/HAMMER/scene10_traj2_1/000270/image.png
90,90,../../data/moge_dataset/HAMMER/scene10_traj2_1/000280/image.jpg,../../data/moge_dataset/HAMMER/scene10_traj2_1/000280/depth.png,../../data/moge_dataset/HAMMER/scene10_traj2_1/000280/meta.json,HAMMER,../../data/depthanything/moge_dataset/HAMMER/scene10_traj2_1/000280/image.png
91,91,../../data/moge_dataset/HAMMER/scene10_traj2_naked_1/000000/image.jpg,../../data/moge_dataset/HAMMER/scene10_traj2_naked_1/000000/depth.png,../../data/moge_dataset/HAMMER/scene10_traj2_naked_1/000000/meta.json,HAMMER,../../data/depthanything/moge_dataset/HAMMER/scene10_traj2_naked_1/000000/image.png
92,92,../../data/moge_dataset/HAMMER/scene10_traj2_naked_1/000010/image.jpg,../../data/moge_dataset/HAMMER/scene10_traj2_naked_1/000010/depth.png,../../data/moge_dataset/HAMMER/scene10_traj2_naked_1/000010/meta.json,HAMMER,../../data/depthanything/moge_dataset/HAMMER/scene10_traj2_naked_1/000010/image.png
93,93,../../data/moge_dataset/HAMMER/scene10_traj2_naked_1/000020/image.jpg,../../data/moge_dataset/HAMMER/scene10_traj2_naked_1/000020/depth.png,../../data/moge_dataset/HAMMER/scene10_traj2_naked_1/000020/meta.json,HAMMER,../../data/depthanything/moge_dataset/HAMMER/scene10_traj2_naked_1/000020/image.png
94,94,../../data/moge_dataset/HAMMER/scene10_traj2_naked_1/000030/image.jpg,../../data/moge_dataset/HAMMER/scene10_traj2_naked_1/000030/depth.png,../../data/moge_dataset/HAMMER/scene10_traj2_naked_1/000030/meta.json,HAMMER,../../data/depthanything/moge_dataset/HAMMER/scene10_traj2_naked_1/000030/image.png
95,95,../../data/moge_dataset/HAMMER/scene10_traj2_naked_1/000040/image.jpg,../../data/moge_dataset/HAMMER/scene10_traj2_naked_1/000040/depth.png,../../data/moge_dataset/HAMMER/scene10_traj2_naked_1/000040/meta.json,HAMMER,../../data/depthanything/moge_dataset/HAMMER/scene10_traj2_naked_1/000040/image.png
96,96,../../data/moge_dataset/HAMMER/scene10_traj2_naked_1/000050/image.jpg,../../data/moge_dataset/HAMMER/scene10_traj2_naked_1/000050/depth.png,../../data/moge_dataset/HAMMER/scene10_traj2_naked_1/000050/meta.json,HAMMER,../../data/depthanything/moge_dataset/HAMMER/scene10_traj2_naked_1/000050/image.png
97,97,../../data/moge_dataset/HAMMER/scene10_traj2_naked_1/000060/image.jpg,../../data/moge_dataset/HAMMER/scene10_traj2_naked_1/000060/depth.png,../../data/moge_dataset/HAMMER/scene10_traj2_naked_1/000060/meta.json,HAMMER,../../data/depthanything/moge_dataset/HAMMER/scene10_traj2_naked_1/000060/image.png
98,98,../../data/moge_dataset/HAMMER/scene10_traj2_naked_1/000070/image.jpg,../../data/moge_dataset/HAMMER/scene10_traj2_naked_1/000070/depth.png,../../data/moge_dataset/HAMMER/scene10_traj2_naked_1/000070/meta.json,HAMMER,../../data/depthanything/moge_dataset/HAMMER/scene10_traj2_naked_1/000070/image.png
99,99,../../data/moge_dataset/HAMMER/scene10_traj2_naked_1/000080/image.jpg,../../data/moge_dataset/HAMMER/scene10_traj2_naked_1/000080/depth.png,../../data/moge_dataset/HAMMER/scene10_traj2_naked_1/000080/meta.json,HAMMER,../../data/depthanything/moge_dataset/HAMMER/scene10_traj2_naked_1/000080/image.png
100,100,../../data/moge_dataset/HAMMER/scene10_traj2_naked_1/000090/image.jpg,../../data/moge_dataset/HAMMER/scene10_traj2_naked_1/000090/depth.png,../../data/moge_dataset/HAMMER/scene10_traj2_naked_1/000090/meta.json,HAMMER,../../data/depthanything/moge_dataset/HAMMER/scene10_traj2_naked_1/000090/image.png
101,101,../../data/moge_dataset/HAMMER/scene10_traj2_naked_1/000100/image.jpg,../../data/moge_dataset/HAMMER/scene10_traj2_naked_1/000100/depth.png,../../data/moge_dataset/HAMMER/scene10_traj2_naked_1/000100/meta.json,HAMMER,../../data/depthanything/moge_dataset/HAMMER/scene10_traj2_naked_1/000100/image.png
102,102,../../data/moge_dataset/HAMMER/scene10_traj2_naked_1/000110/image.jpg,../../data/moge_dataset/HAMMER/scene10_traj2_naked_1/000110/depth.png,../../data/moge_dataset/HAMMER/scene10_traj2_naked_1/000110/meta.json,HAMMER,../../data/depthanything/moge_dataset/HAMMER/scene10_traj2_naked_1/000110/image.png
103,103,../../data/moge_dataset/HAMMER/scene10_traj2_naked_1/000120/image.jpg,../../data/moge_dataset/HAMMER/scene10_traj2_naked_1/000120/depth.png,../../data/moge_dataset/HAMMER/scene10_traj2_naked_1/000120/meta.json,HAMMER,../../data/depthanything/moge_dataset/HAMMER/scene10_traj2_naked_1/000120/image.png
104,104,../../data/moge_dataset/HAMMER/scene10_traj2_naked_1/000130/image.jpg,../../data/moge_dataset/HAMMER/scene10_traj2_naked_1/000130/depth.png,../../data/moge_dataset/HAMMER/scene10_traj2_naked_1/000130/meta.json,HAMMER,../../data/depthanything/moge_dataset/HAMMER/scene10_traj2_naked_1/000130/image.png
105,105,../../data/moge_dataset/HAMMER/scene10_traj2_naked_1/000140/image.jpg,../../data/moge_dataset/HAMMER/scene10_traj2_naked_1/000140/depth.png,../../data/moge_dataset/HAMMER/scene10_traj2_naked_1/000140/meta.json,HAMMER,../../data/depthanything/moge_dataset/HAMMER/scene10_traj2_naked_1/000140/image.png
106,106,../../data/moge_dataset/HAMMER/scene10_traj2_naked_1/000150/image.jpg,../../data/moge_dataset/HAMMER/scene10_traj2_naked_1/000150/depth.png,../../data/moge_dataset/HAMMER/scene10_traj2_naked_1/000150/meta.json,HAMMER,../../data/depthanything/moge_dataset/HAMMER/scene10_traj2_naked_1/000150/image.png
107,107,../../data/moge_dataset/HAMMER/scene10_traj2_naked_1/000160/image.jpg,../../data/moge_dataset/HAMMER/scene10_traj2_naked_1/000160/depth.png,../../data/moge_dataset/HAMMER/scene10_traj2_naked_1/000160/meta.json,HAMMER,../../data/depthanything/moge_dataset/HAMMER/scene10_traj2_naked_1/000160/image.png
108,108,../../data/moge_dataset/HAMMER/scene10_traj2_naked_1/000170/image.jpg,../../data/moge_dataset/HAMMER/scene10_traj2_naked_1/000170/depth.png,../../data/moge_dataset/HAMMER/scene10_traj2_naked_1/000170/meta.json,HAMMER,../../data/depthanything/moge_dataset/HAMMER/scene10_traj2_naked_1/000170/image.png
109,109,../../data/moge_dataset/HAMMER/scene10_traj2_naked_1/000180/image.jpg,../../data/moge_dataset/HAMMER/scene10_traj2_naked_1/000180/depth.png,../../data/moge_dataset/HAMMER/scene10_traj2_naked_1/000180/meta.json,HAMMER,../../data/depthanything/moge_dataset/HAMMER/scene10_traj2_naked_1/000180/image.png
110,110,../../data/moge_dataset/HAMMER/scene10_traj2_naked_1/000190/image.jpg,../../data/moge_dataset/HAMMER/scene10_traj2_naked_1/000190/depth.png,../../data/moge_dataset/HAMMER/scene10_traj2_naked_1/000190/meta.json,HAMMER,../../data/depthanything/moge_dataset/HAMMER/scene10_traj2_naked_1/000190/image.png
111,111,../../data/moge_dataset/HAMMER/scene10_traj2_naked_1/000200/image.jpg,../../data/moge_dataset/HAMMER/scene10_traj2_naked_1/000200/depth.png,../../data/moge_dataset/HAMMER/scene10_traj2_naked_1/000200/meta.json,HAMMER,../../data/depthanything/moge_dataset/HAMMER/scene10_traj2_naked_1/000200/image.png
112,112,../../data/moge_dataset/HAMMER/scene10_traj2_naked_1/000210/image.jpg,../../data/moge_dataset/HAMMER/scene10_traj2_naked_1/000210/depth.png,../../data/moge_dataset/HAMMER/scene10_traj2_naked_1/000210/meta.json,HAMMER,../../data/depthanything/moge_dataset/HAMMER/scene10_traj2_naked_1/000210/image.png
113,113,../../data/moge_dataset/HAMMER/scene10_traj2_naked_1/000220/image.jpg,../../data/moge_dataset/HAMMER/scene10_traj2_naked_1/000220/depth.png,../../data/moge_dataset/HAMMER/scene10_traj2_naked_1/000220/meta.json,HAMMER,../../data/depthanything/moge_dataset/HAMMER/scene10_traj2_naked_1/000220/image.png
114,114,../../data/moge_dataset/HAMMER/scene10_traj2_naked_1/000230/image.jpg,../../data/moge_dataset/HAMMER/scene10_traj2_naked_1/000230/depth.png,../../data/moge_dataset/HAMMER/scene10_traj2_naked_1/000230/meta.json,HAMMER,../../data/depthanything/moge_dataset/HAMMER/scene10_traj2_naked_1/000230/image.png
115,115,../../data/moge_dataset/HAMMER/scene10_traj2_naked_1/000240/image.jpg,../../data/moge_dataset/HAMMER/scene10_traj2_naked_1/000240/depth.png,../../data/moge_dataset/HAMMER/scene10_traj2_naked_1/000240/meta.json,HAMMER,../../data/depthanything/moge_dataset/HAMMER/scene10_traj2_naked_1/000240/image.png
116,116,../../data/moge_dataset/HAMMER/scene10_traj2_naked_1/000250/image.jpg,../../data/moge_dataset/HAMMER/scene10_traj2_naked_1/000250/depth.png,../../data/moge_dataset/HAMMER/scene10_traj2_naked_1/000250/meta.json,HAMMER,../../data/depthanything/moge_dataset/HAMMER/scene10_traj2_naked_1/000250/image.png
117,117,../../data/moge_dataset/HAMMER/scene10_traj2_naked_1/000260/image.jpg,../../data/moge_dataset/HAMMER/scene10_traj2_naked_1/000260/depth.png,../../data/moge_dataset/HAMMER/scene10_traj2_naked_1/000260/meta.json,HAMMER,../../data/depthanything/moge_dataset/HAMMER/scene10_traj2_naked_1/000260/image.png
118,118,../../data/moge_dataset/HAMMER/scene10_traj2_naked_1/000270/image.jpg,../../data/moge_dataset/HAMMER/scene10_traj2_naked_1/000270/depth.png,../../data/moge_dataset/HAMMER/scene10_traj2_naked_1/000270/meta.json,HAMMER,../../data/depthanything/moge_dataset/HAMMER/scene10_traj2_naked_1/000270/image.png
119,119,../../data/moge_dataset/HAMMER/scene10_traj2_naked_1/000280/image.jpg,../../data/moge_dataset/HAMMER/scene10_traj2_naked_1/000280/depth.png,../../data/moge_dataset/HAMMER/scene10_traj2_naked_1/000280/meta.json,HAMMER,../../data/depthanything/moge_dataset/HAMMER/scene10_traj2_naked_1/000280/image.png
120,120,../../data/moge_dataset/HAMMER/scene2_traj1_1/000000/image.jpg,../../data/moge_dataset/HAMMER/scene2_traj1_1/000000/depth.png,../../data/moge_dataset/HAMMER/scene2_traj1_1/000000/meta.json,HAMMER,../../data/depthanything/moge_dataset/HAMMER/scene2_traj1_1/000000/image.png
121,121,../../data/moge_dataset/HAMMER/scene2_traj1_1/000010/image.jpg,../../data/moge_dataset/HAMMER/scene2_traj1_1/000010/depth.png,../../data/moge_dataset/HAMMER/scene2_traj1_1/000010/meta.json,HAMMER,../../data/depthanything/moge_dataset/HAMMER/scene2_traj1_1/000010/image.png
122,122,../../data/moge_dataset/HAMMER/scene2_traj1_1/000020/image.jpg,../../data/moge_dataset/HAMMER/scene2_traj1_1/000020/depth.png,../../data/moge_dataset/HAMMER/scene2_traj1_1/000020/meta.json,HAMMER,../../data/depthanything/moge_dataset/HAMMER/scene2_traj1_1/000020/image.png
123,123,../../data/moge_dataset/HAMMER/scene2_traj1_1/000030/image.jpg,../../data/moge_dataset/HAMMER/scene2_traj1_1/000030/depth.png,../../data/moge_dataset/HAMMER/scene2_traj1_1/000030/meta.json,HAMMER,../../data/depthanything/moge_dataset/HAMMER/scene2_traj1_1/000030/image.png
124,124,../../data/moge_dataset/HAMMER/scene2_traj1_1/000040/image.jpg,../../data/moge_dataset/HAMMER/scene2_traj1_1/000040/depth.png,../../data/moge_dataset/HAMMER/scene2_traj1_1/000040/meta.json,HAMMER,../../data/depthanything/moge_dataset/HAMMER/scene2_traj1_1/000040/image.png
125,125,../../data/moge_dataset/HAMMER/scene2_traj1_1/000050/image.jpg,../../data/moge_dataset/HAMMER/scene2_traj1_1/000050/depth.png,../../data/moge_dataset/HAMMER/scene2_traj1_1/000050/meta.json,HAMMER,../../data/depthanything/moge_dataset/HAMMER/scene2_traj1_1/000050/image.png
126,126,../../data/moge_dataset/HAMMER/scene2_traj1_1/000060/image.jpg,../../data/moge_dataset/HAMMER/scene2_traj1_1/000060/depth.png,../../data/moge_dataset/HAMMER/scene2_traj1_1/000060/meta.json,HAMMER,../../data/depthanything/moge_dataset/HAMMER/scene2_traj1_1/000060/image.png
127,127,../../data/moge_dataset/HAMMER/scene2_traj1_1/000070/image.jpg,../../data/moge_dataset/HAMMER/scene2_traj1_1/000070/depth.png,../../data/moge_dataset/HAMMER/scene2_traj1_1/000070/meta.json,HAMMER,../../data/depthanything/moge_dataset/HAMMER/scene2_traj1_1/000070/image.png
128,128,../../data/moge_dataset/HAMMER/scene2_traj1_1/000080/image.jpg,../../data/moge_dataset/HAMMER/scene2_traj1_1/000080/depth.png,../../data/moge_dataset/HAMMER/scene2_traj1_1/000080/meta.json,HAMMER,../../data/depthanything/moge_dataset/HAMMER/scene2_traj1_1/000080/image.png
129,129,../../data/moge_dataset/HAMMER/scene2_traj1_1/000090/image.jpg,../../data/moge_dataset/HAMMER/scene2_traj1_1/000090/depth.png,../../data/moge_dataset/HAMMER/scene2_traj1_1/000090/meta.json,HAMMER,../../data/depthanything/moge_dataset/HAMMER/scene2_traj1_1/000090/image.png
130,130,../../data/moge_dataset/HAMMER/scene2_traj1_1/000100/image.jpg,../../data/moge_dataset/HAMMER/scene2_traj1_1/000100/depth.png,../../data/moge_dataset/HAMMER/scene2_traj1_1/000100/meta.json,HAMMER,../../data/depthanything/moge_dataset/HAMMER/scene2_traj1_1/000100/image.png
131,131,../../data/moge_dataset/HAMMER/scene2_traj1_1/000110/image.jpg,../../data/moge_dataset/HAMMER/scene2_traj1_1/000110/depth.png,../../data/moge_dataset/HAMMER/scene2_traj1_1/000110/meta.json,HAMMER,../../data/depthanything/moge_dataset/HAMMER/scene2_traj1_1/000110/image.png
132,132,../../data/moge_dataset/HAMMER/scene2_traj1_1/000120/image.jpg,../../data/moge_dataset/HAMMER/scene2_traj1_1/000120/depth.png,../../data/moge_dataset/HAMMER/scene2_traj1_1/000120/meta.json,HAMMER,../../data/depthanything/moge_dataset/HAMMER/scene2_traj1_1/000120/image.png
133,133,../../data/moge_dataset/HAMMER/scene2_traj1_1/000130/image.jpg,../../data/moge_dataset/HAMMER/scene2_traj1_1/000130/depth.png,../../data/moge_dataset/HAMMER/scene2_traj1_1/000130/meta.json,HAMMER,../../data/depthanything/moge_dataset/HAMMER/scene2_traj1_1/000130/image.png
134,134,../../data/moge_dataset/HAMMER/scene2_traj1_1/000140/image.jpg,../../data/moge_dataset/HAMMER/scene2_traj1_1/000140/depth.png,../../data/moge_dataset/HAMMER/scene2_traj1_1/000140/meta.json,HAMMER,../../data/depthanything/moge_dataset/HAMMER/scene2_traj1_1/000140/image.png
135,135,../../data/moge_dataset/HAMMER/scene2_traj1_1/000150/image.jpg,../../data/moge_dataset/HAMMER/scene2_traj1_1/000150/depth.png,../../data/moge_dataset/HAMMER/scene2_traj1_1/000150/meta.json,HAMMER,../../data/depthanything/moge_dataset/HAMMER/scene2_traj1_1/000150/image.png
136,136,../../data/moge_dataset/HAMMER/scene2_traj1_2/000000/image.jpg,../../data/moge_dataset/HAMMER/scene2_traj1_2/000000/depth.png,../../data/moge_dataset/HAMMER/scene2_traj1_2/000000/meta.json,HAMMER,../../data/depthanything/moge_dataset/HAMMER/scene2_traj1_2/000000/image.png
137,137,../../data/moge_dataset/HAMMER/scene2_traj1_2/000010/image.jpg,../../data/moge_dataset/HAMMER/scene2_traj1_2/000010/depth.png,../../data/moge_dataset/HAMMER/scene2_traj1_2/000010/meta.json,HAMMER,../../data/depthanything/moge_dataset/HAMMER/scene2_traj1_2/000010/image.png
138,138,../../data/moge_dataset/HAMMER/scene2_traj1_2/000020/image.jpg,../../data/moge_dataset/HAMMER/scene2_traj1_2/000020/depth.png,../../data/moge_dataset/HAMMER/scene2_traj1_2/000020/meta.json,HAMMER,../../data/depthanything/moge_dataset/HAMMER/scene2_traj1_2/000020/image.png
139,139,../../data/moge_dataset/HAMMER/scene2_traj1_2/000030/image.jpg,../../data/moge_dataset/HAMMER/scene2_traj1_2/000030/depth.png,../../data/moge_dataset/HAMMER/scene2_traj1_2/000030/meta.json,HAMMER,../../data/depthanything/moge_dataset/HAMMER/scene2_traj1_2/000030/image.png
140,140,../../data/moge_dataset/HAMMER/scene2_traj1_2/000040/image.jpg,../../data/moge_dataset/HAMMER/scene2_traj1_2/000040/depth.png,../../data/moge_dataset/HAMMER/scene2_traj1_2/000040/meta.json,HAMMER,../../data/depthanything/moge_dataset/HAMMER/scene2_traj1_2/000040/image.png
141,141,../../data/moge_dataset/HAMMER/scene2_traj1_2/000050/image.jpg,../../data/moge_dataset/HAMMER/scene2_traj1_2/000050/depth.png,../../data/moge_dataset/HAMMER/scene2_traj1_2/000050/meta.json,HAMMER,../../data/depthanything/moge_dataset/HAMMER/scene2_traj1_2/000050/image.png
142,142,../../data/moge_dataset/HAMMER/scene2_traj1_2/000060/image.jpg,../../data/moge_dataset/HAMMER/scene2_traj1_2/000060/depth.png,../../data/moge_dataset/HAMMER/scene2_traj1_2/000060/meta.json,HAMMER,../../data/depthanything/moge_dataset/HAMMER/scene2_traj1_2/000060/image.png
143,143,../../data/moge_dataset/HAMMER/scene2_traj1_2/000070/image.jpg,../../data/moge_dataset/HAMMER/scene2_traj1_2/000070/depth.png,../../data/moge_dataset/HAMMER/scene2_traj1_2/000070/meta.json,HAMMER,../../data/depthanything/moge_dataset/HAMMER/scene2_traj1_2/000070/image.png
144,144,../../data/moge_dataset/HAMMER/scene2_traj1_naked_1/000000/image.jpg,../../data/moge_dataset/HAMMER/scene2_traj1_naked_1/000000/depth.png,../../data/moge_dataset/HAMMER/scene2_traj1_naked_1/000000/meta.json,HAMMER,../../data/depthanything/moge_dataset/HAMMER/scene2_traj1_naked_1/000000/image.png
145,145,../../data/moge_dataset/HAMMER/scene2_traj1_naked_1/000010/image.jpg,../../data/moge_dataset/HAMMER/scene2_traj1_naked_1/000010/depth.png,../../data/moge_dataset/HAMMER/scene2_traj1_naked_1/000010/meta.json,HAMMER,../../data/depthanything/moge_dataset/HAMMER/scene2_traj1_naked_1/000010/image.png
146,146,../../data/moge_dataset/HAMMER/scene2_traj1_naked_1/000020/image.jpg,../../data/moge_dataset/HAMMER/scene2_traj1_naked_1/000020/depth.png,../../data/moge_dataset/HAMMER/scene2_traj1_naked_1/000020/meta.json,HAMMER,../../data/depthanything/moge_dataset/HAMMER/scene2_traj1_naked_1/000020/image.png
147,147,../../data/moge_dataset/HAMMER/scene2_traj1_naked_1/000030/image.jpg,../../data/moge_dataset/HAMMER/scene2_traj1_naked_1/000030/depth.png,../../data/moge_dataset/HAMMER/scene2_traj1_naked_1/000030/meta.json,HAMMER,../../data/depthanything/moge_dataset/HAMMER/scene2_traj1_naked_1/000030/image.png
148,148,../../data/moge_dataset/HAMMER/scene2_traj1_naked_1/000040/image.jpg,../../data/moge_dataset/HAMMER/scene2_traj1_naked_1/000040/depth.png,../../data/moge_dataset/HAMMER/scene2_traj1_naked_1/000040/meta.json,HAMMER,../../data/depthanything/moge_dataset/HAMMER/scene2_traj1_naked_1/000040/image.png
149,149,../../data/moge_dataset/HAMMER/scene2_traj1_naked_1/000050/image.jpg,../../data/moge_dataset/HAMMER/scene2_traj1_naked_1/000050/depth.png,../../data/moge_dataset/HAMMER/scene2_traj1_naked_1/000050/meta.json,HAMMER,../../data/depthanything/moge_dataset/HAMMER/scene2_traj1_naked_1/000050/image.png
150,150,../../data/moge_dataset/HAMMER/scene2_traj1_naked_1/000060/image.jpg,../../data/moge_dataset/HAMMER/scene2_traj1_naked_1/000060/depth.png,../../data/moge_dataset/HAMMER/scene2_traj1_naked_1/000060/meta.json,HAMMER,../../data/depthanything/moge_dataset/HAMMER/scene2_traj1_naked_1/000060/image.png
151,151,../../data/moge_dataset/HAMMER/scene2_traj1_naked_1/000070/image.jpg,../../data/moge_dataset/HAMMER/scene2_traj1_naked_1/000070/depth.png,../../data/moge_dataset/HAMMER/scene2_traj1_naked_1/000070/meta.json,HAMMER,../../data/depthanything/moge_dataset/HAMMER/scene2_traj1_naked_1/000070/image.png
152,152,../../data/moge_dataset/HAMMER/scene2_traj1_naked_1/000080/image.jpg,../../data/moge_dataset/HAMMER/scene2_traj1_naked_1/000080/depth.png,../../data/moge_dataset/HAMMER/scene2_traj1_naked_1/000080/meta.json,HAMMER,../../data/depthanything/moge_dataset/HAMMER/scene2_traj1_naked_1/000080/image.png
153,153,../../data/moge_dataset/HAMMER/scene2_traj1_naked_1/000090/image.jpg,../../data/moge_dataset/HAMMER/scene2_traj1_naked_1/000090/depth.png,../../data/moge_dataset/HAMMER/scene2_traj1_naked_1/000090/meta.json,HAMMER,../../data/depthanything/moge_dataset/HAMMER/scene2_traj1_naked_1/000090/image.png
154,154,../../data/moge_dataset/HAMMER/scene2_traj1_naked_1/000100/image.jpg,../../data/moge_dataset/HAMMER/scene2_traj1_naked_1/000100/depth.png,../../data/moge_dataset/HAMMER/scene2_traj1_naked_1/000100/meta.json,HAMMER,../../data/depthanything/moge_dataset/HAMMER/scene2_traj1_naked_1/000100/image.png
155,155,../../data/moge_dataset/HAMMER/scene2_traj1_naked_1/000110/image.jpg,../../data/moge_dataset/HAMMER/scene2_traj1_naked_1/000110/depth.png,../../data/moge_dataset/HAMMER/scene2_traj1_naked_1/000110/meta.json,HAMMER,../../data/depthanything/moge_dataset/HAMMER/scene2_traj1_naked_1/000110/image.png
156,156,../../data/moge_dataset/HAMMER/scene2_traj1_naked_1/000120/image.jpg,../../data/moge_dataset/HAMMER/scene2_traj1_naked_1/000120/depth.png,../../data/moge_dataset/HAMMER/scene2_traj1_naked_1/000120/meta.json,HAMMER,../../data/depthanything/moge_dataset/HAMMER/scene2_traj1_naked_1/000120/image.png
157,157,../../data/moge_dataset/HAMMER/scene2_traj1_naked_1/000130/image.jpg,../../data/moge_dataset/HAMMER/scene2_traj1_naked_1/000130/depth.png,../../data/moge_dataset/HAMMER/scene2_traj1_naked_1/000130/meta.json,HAMMER,../../data/depthanything/moge_dataset/HAMMER/scene2_traj1_naked_1/000130/image.png
158,158,../../data/moge_dataset/HAMMER/scene2_traj1_naked_1/000140/image.jpg,../../data/moge_dataset/HAMMER/scene2_traj1_naked_1/000140/depth.png,../../data/moge_dataset/HAMMER/scene2_traj1_naked_1/000140/meta.json,HAMMER,../../data/depthanything/moge_dataset/HAMMER/scene2_traj1_naked_1/000140/image.png
159,159,../../data/moge_dataset/HAMMER/scene2_traj1_naked_1/000150/image.jpg,../../data/moge_dataset/HAMMER/scene2_traj1_naked_1/000150/depth.png,../../data/moge_dataset/HAMMER/scene2_traj1_naked_1/000150/meta.json,HAMMER,../../data/depthanything/moge_dataset/HAMMER/scene2_traj1_naked_1/000150/image.png
160,160,../../data/moge_dataset/HAMMER/scene2_traj1_naked_2/000000/image.jpg,../../data/moge_dataset/HAMMER/scene2_traj1_naked_2/000000/depth.png,../../data/moge_dataset/HAMMER/scene2_traj1_naked_2/000000/meta.json,HAMMER,../../data/depthanything/moge_dataset/HAMMER/scene2_traj1_naked_2/000000/image.png
161,161,../../data/moge_dataset/HAMMER/scene2_traj1_naked_2/000010/image.jpg,../../data/moge_dataset/HAMMER/scene2_traj1_naked_2/000010/depth.png,../../data/moge_dataset/HAMMER/scene2_traj1_naked_2/000010/meta.json,HAMMER,../../data/depthanything/moge_dataset/HAMMER/scene2_traj1_naked_2/000010/image.png
162,162,../../data/moge_dataset/HAMMER/scene2_traj1_naked_2/000020/image.jpg,../../data/moge_dataset/HAMMER/scene2_traj1_naked_2/000020/depth.png,../../data/moge_dataset/HAMMER/scene2_traj1_naked_2/000020/meta.json,HAMMER,../../data/depthanything/moge_dataset/HAMMER/scene2_traj1_naked_2/000020/image.png
163,163,../../data/moge_dataset/HAMMER/scene2_traj1_naked_2/000030/image.jpg,../../data/moge_dataset/HAMMER/scene2_traj1_naked_2/000030/depth.png,../../data/moge_dataset/HAMMER/scene2_traj1_naked_2/000030/meta.json,HAMMER,../../data/depthanything/moge_dataset/HAMMER/scene2_traj1_naked_2/000030/image.png
164,164,../../data/moge_dataset/HAMMER/scene2_traj1_naked_2/000040/image.jpg,../../data/moge_dataset/HAMMER/scene2_traj1_naked_2/000040/depth.png,../../data/moge_dataset/HAMMER/scene2_traj1_naked_2/000040/meta.json,HAMMER,../../data/depthanything/moge_dataset/HAMMER/scene2_traj1_naked_2/000040/image.png
165,165,../../data/moge_dataset/HAMMER/scene2_traj1_naked_2/000050/image.jpg,../../data/moge_dataset/HAMMER/scene2_traj1_naked_2/000050/depth.png,../../data/moge_dataset/HAMMER/scene2_traj1_naked_2/000050/meta.json,HAMMER,../../data/depthanything/moge_dataset/HAMMER/scene2_traj1_naked_2/000050/image.png
166,166,../../data/moge_dataset/HAMMER/scene2_traj1_naked_2/000060/image.jpg,../../data/moge_dataset/HAMMER/scene2_traj1_naked_2/000060/depth.png,../../data/moge_dataset/HAMMER/scene2_traj1_naked_2/000060/meta.json,HAMMER,../../data/depthanything/moge_dataset/HAMMER/scene2_traj1_naked_2/000060/image.png
167,167,../../data/moge_dataset/HAMMER/scene2_traj1_naked_2/000070/image.jpg,../../data/moge_dataset/HAMMER/scene2_traj1_naked_2/000070/depth.png,../../data/moge_dataset/HAMMER/scene2_traj1_naked_2/000070/meta.json,HAMMER,../../data/depthanything/moge_dataset/HAMMER/scene2_traj1_naked_2/000070/image.png
168,168,../../data/moge_dataset/HAMMER/scene2_traj2_1/000000/image.jpg,../../data/moge_dataset/HAMMER/scene2_traj2_1/000000/depth.png,../../data/moge_dataset/HAMMER/scene2_traj2_1/000000/meta.json,HAMMER,../../data/depthanything/moge_dataset/HAMMER/scene2_traj2_1/000000/image.png
169,169,../../data/moge_dataset/HAMMER/scene2_traj2_1/000010/image.jpg,../../data/moge_dataset/HAMMER/scene2_traj2_1/000010/depth.png,../../data/moge_dataset/HAMMER/scene2_traj2_1/000010/meta.json,HAMMER,../../data/depthanything/moge_dataset/HAMMER/scene2_traj2_1/000010/image.png
170,170,../../data/moge_dataset/HAMMER/scene2_traj2_1/000020/image.jpg,../../data/moge_dataset/HAMMER/scene2_traj2_1/000020/depth.png,../../data/moge_dataset/HAMMER/scene2_traj2_1/000020/meta.json,HAMMER,../../data/depthanything/moge_dataset/HAMMER/scene2_traj2_1/000020/image.png
171,171,../../data/moge_dataset/HAMMER/scene2_traj2_1/000030/image.jpg,../../data/moge_dataset/HAMMER/scene2_traj2_1/000030/depth.png,../../data/moge_dataset/HAMMER/scene2_traj2_1/000030/meta.json,HAMMER,../../data/depthanything/moge_dataset/HAMMER/scene2_traj2_1/000030/image.png
172,172,../../data/moge_dataset/HAMMER/scene2_traj2_1/000040/image.jpg,../../data/moge_dataset/HAMMER/scene2_traj2_1/000040/depth.png,../../data/moge_dataset/HAMMER/scene2_traj2_1/000040/meta.json,HAMMER,../../data/depthanything/moge_dataset/HAMMER/scene2_traj2_1/000040/image.png
173,173,../../data/moge_dataset/HAMMER/scene2_traj2_1/000050/image.jpg,../../data/moge_dataset/HAMMER/scene2_traj2_1/000050/depth.png,../../data/moge_dataset/HAMMER/scene2_traj2_1/000050/meta.json,HAMMER,../../data/depthanything/moge_dataset/HAMMER/scene2_traj2_1/000050/image.png
174,174,../../data/moge_dataset/HAMMER/scene2_traj2_1/000060/image.jpg,../../data/moge_dataset/HAMMER/scene2_traj2_1/000060/depth.png,../../data/moge_dataset/HAMMER/scene2_traj2_1/000060/meta.json,HAMMER,../../data/depthanything/moge_dataset/HAMMER/scene2_traj2_1/000060/image.png
175,175,../../data/moge_dataset/HAMMER/scene2_traj2_1/000070/image.jpg,../../data/moge_dataset/HAMMER/scene2_traj2_1/000070/depth.png,../../data/moge_dataset/HAMMER/scene2_traj2_1/000070/meta.json,HAMMER,../../data/depthanything/moge_dataset/HAMMER/scene2_traj2_1/000070/image.png
176,176,../../data/moge_dataset/HAMMER/scene2_traj2_1/000080/image.jpg,../../data/moge_dataset/HAMMER/scene2_traj2_1/000080/depth.png,../../data/moge_dataset/HAMMER/scene2_traj2_1/000080/meta.json,HAMMER,../../data/depthanything/moge_dataset/HAMMER/scene2_traj2_1/000080/image.png
177,177,../../data/moge_dataset/HAMMER/scene2_traj2_1/000090/image.jpg,../../data/moge_dataset/HAMMER/scene2_traj2_1/000090/depth.png,../../data/moge_dataset/HAMMER/scene2_traj2_1/000090/meta.json,HAMMER,../../data/depthanything/moge_dataset/HAMMER/scene2_traj2_1/000090/image.png
178,178,../../data/moge_dataset/HAMMER/scene2_traj2_1/000100/image.jpg,../../data/moge_dataset/HAMMER/scene2_traj2_1/000100/depth.png,../../data/moge_dataset/HAMMER/scene2_traj2_1/000100/meta.json,HAMMER,../../data/depthanything/moge_dataset/HAMMER/scene2_traj2_1/000100/image.png
179,179,../../data/moge_dataset/HAMMER/scene2_traj2_1/000110/image.jpg,../../data/moge_dataset/HAMMER/scene2_traj2_1/000110/depth.png,../../data/moge_dataset/HAMMER/scene2_traj2_1/000110/meta.json,HAMMER,../../data/depthanything/moge_dataset/HAMMER/scene2_traj2_1/000110/image.png
180,180,../../data/moge_dataset/HAMMER/scene2_traj2_1/000120/image.jpg,../../data/moge_dataset/HAMMER/scene2_traj2_1/000120/depth.png,../../data/moge_dataset/HAMMER/scene2_traj2_1/000120/meta.json,HAMMER,../../data/depthanything/moge_dataset/HAMMER/scene2_traj2_1/000120/image.png
181,181,../../data/moge_dataset/HAMMER/scene2_traj2_1/000130/image.jpg,../../data/moge_dataset/HAMMER/scene2_traj2_1/000130/depth.png,../../data/moge_dataset/HAMMER/scene2_traj2_1/000130/meta.json,HAMMER,../../data/depthanything/moge_dataset/HAMMER/scene2_traj2_1/000130/image.png
182,182,../../data/moge_dataset/HAMMER/scene2_traj2_1/000140/image.jpg,../../data/moge_dataset/HAMMER/scene2_traj2_1/000140/depth.png,../../data/moge_dataset/HAMMER/scene2_traj2_1/000140/meta.json,HAMMER,../../data/depthanything/moge_dataset/HAMMER/scene2_traj2_1/000140/image.png
183,183,../../data/moge_dataset/HAMMER/scene2_traj2_1/000150/image.jpg,../../data/moge_dataset/HAMMER/scene2_traj2_1/000150/depth.png,../../data/moge_dataset/HAMMER/scene2_traj2_1/000150/meta.json,HAMMER,../../data/depthanything/moge_dataset/HAMMER/scene2_traj2_1/000150/image.png
184,184,../../data/moge_dataset/HAMMER/scene2_traj2_1/000160/image.jpg,../../data/moge_dataset/HAMMER/scene2_traj2_1/000160/depth.png,../../data/moge_dataset/HAMMER/scene2_traj2_1/000160/meta.json,HAMMER,../../data/depthanything/moge_dataset/HAMMER/scene2_traj2_1/000160/image.png
185,185,../../data/moge_dataset/HAMMER/scene2_traj2_1/000170/image.jpg,../../data/moge_dataset/HAMMER/scene2_traj2_1/000170/depth.png,../../data/moge_dataset/HAMMER/scene2_traj2_1/000170/meta.json,HAMMER,../../data/depthanything/moge_dataset/HAMMER/scene2_traj2_1/000170/image.png
186,186,../../data/moge_dataset/HAMMER/scene2_traj2_1/000180/image.jpg,../../data/moge_dataset/HAMMER/scene2_traj2_1/000180/depth.png,../../data/moge_dataset/HAMMER/scene2_traj2_1/000180/meta.json,HAMMER,../../data/depthanything/moge_dataset/HAMMER/scene2_traj2_1/000180/image.png
187,187,../../data/moge_dataset/HAMMER/scene2_traj2_1/000190/image.jpg,../../data/moge_dataset/HAMMER/scene2_traj2_1/000190/depth.png,../../data/moge_dataset/HAMMER/scene2_traj2_1/000190/meta.json,HAMMER,../../data/depthanything/moge_dataset/HAMMER/scene2_traj2_1/000190/image.png
188,188,../../data/moge_dataset/HAMMER/scene2_traj2_2/000000/image.jpg,../../data/moge_dataset/HAMMER/scene2_traj2_2/000000/depth.png,../../data/moge_dataset/HAMMER/scene2_traj2_2/000000/meta.json,HAMMER,../../data/depthanything/moge_dataset/HAMMER/scene2_traj2_2/000000/image.png
189,189,../../data/moge_dataset/HAMMER/scene2_traj2_2/000010/image.jpg,../../data/moge_dataset/HAMMER/scene2_traj2_2/000010/depth.png,../../data/moge_dataset/HAMMER/scene2_traj2_2/000010/meta.json,HAMMER,../../data/depthanything/moge_dataset/HAMMER/scene2_traj2_2/000010/image.png
190,190,../../data/moge_dataset/HAMMER/scene2_traj2_2/000020/image.jpg,../../data/moge_dataset/HAMMER/scene2_traj2_2/000020/depth.png,../../data/moge_dataset/HAMMER/scene2_traj2_2/000020/meta.json,HAMMER,../../data/depthanything/moge_dataset/HAMMER/scene2_traj2_2/000020/image.png
191,191,../../data/moge_dataset/HAMMER/scene2_traj2_2/000030/image.jpg,../../data/moge_dataset/HAMMER/scene2_traj2_2/000030/depth.png,../../data/moge_dataset/HAMMER/scene2_traj2_2/000030/meta.json,HAMMER,../../data/depthanything/moge_dataset/HAMMER/scene2_traj2_2/000030/image.png
192,192,../../data/moge_dataset/HAMMER/scene2_traj2_2/000040/image.jpg,../../data/moge_dataset/HAMMER/scene2_traj2_2/000040/depth.png,../../data/moge_dataset/HAMMER/scene2_traj2_2/000040/meta.json,HAMMER,../../data/depthanything/moge_dataset/HAMMER/scene2_traj2_2/000040/image.png
193,193,../../data/moge_dataset/HAMMER/scene2_traj2_2/000050/image.jpg,../../data/moge_dataset/HAMMER/scene2_traj2_2/000050/depth.png,../../data/moge_dataset/HAMMER/scene2_traj2_2/000050/meta.json,HAMMER,../../data/depthanything/moge_dataset/HAMMER/scene2_traj2_2/000050/image.png
194,194,../../data/moge_dataset/HAMMER/scene2_traj2_2/000060/image.jpg,../../data/moge_dataset/HAMMER/scene2_traj2_2/000060/depth.png,../../data/moge_dataset/HAMMER/scene2_traj2_2/000060/meta.json,HAMMER,../../data/depthanything/moge_dataset/HAMMER/scene2_traj2_2/000060/image.png
195,195,../../data/moge_dataset/HAMMER/scene2_traj2_2/000070/image.jpg,../../data/moge_dataset/HAMMER/scene2_traj2_2/000070/depth.png,../../data/moge_dataset/HAMMER/scene2_traj2_2/000070/meta.json,HAMMER,../../data/depthanything/moge_dataset/HAMMER/scene2_traj2_2/000070/image.png
196,196,../../data/moge_dataset/HAMMER/scene2_traj2_2/000080/image.jpg,../../data/moge_dataset/HAMMER/scene2_traj2_2/000080/depth.png,../../data/moge_dataset/HAMMER/scene2_traj2_2/000080/meta.json,HAMMER,../../data/depthanything/moge_dataset/HAMMER/scene2_traj2_2/000080/image.png
197,197,../../data/moge_dataset/HAMMER/scene2_traj2_2/000090/image.jpg,../../data/moge_dataset/HAMMER/scene2_traj2_2/000090/depth.png,../../data/moge_dataset/HAMMER/scene2_traj2_2/000090/meta.json,HAMMER,../../data/depthanything/moge_dataset/HAMMER/scene2_traj2_2/000090/image.png
198,198,../../data/moge_dataset/HAMMER/scene2_traj2_2/000100/image.jpg,../../data/moge_dataset/HAMMER/scene2_traj2_2/000100/depth.png,../../data/moge_dataset/HAMMER/scene2_traj2_2/000100/meta.json,HAMMER,../../data/depthanything/moge_dataset/HAMMER/scene2_traj2_2/000100/image.png
199,199,../../data/moge_dataset/HAMMER/scene2_traj2_naked_1/000000/image.jpg,../../data/moge_dataset/HAMMER/scene2_traj2_naked_1/000000/depth.png,../../data/moge_dataset/HAMMER/scene2_traj2_naked_1/000000/meta.json,HAMMER,../../data/depthanything/moge_dataset/HAMMER/scene2_traj2_naked_1/000000/image.png
200,200,../../data/moge_dataset/HAMMER/scene2_traj2_naked_1/000010/image.jpg,../../data/moge_dataset/HAMMER/scene2_traj2_naked_1/000010/depth.png,../../data/moge_dataset/HAMMER/scene2_traj2_naked_1/000010/meta.json,HAMMER,../../data/depthanything/moge_dataset/HAMMER/scene2_traj2_naked_1/000010/image.png
201,201,../../data/moge_dataset/HAMMER/scene2_traj2_naked_1/000020/image.jpg,../../data/moge_dataset/HAMMER/scene2_traj2_naked_1/000020/depth.png,../../data/moge_dataset/HAMMER/scene2_traj2_naked_1/000020/meta.json,HAMMER,../../data/depthanything/moge_dataset/HAMMER/scene2_traj2_naked_1/000020/image.png
202,202,../../data/moge_dataset/HAMMER/scene2_traj2_naked_1/000030/image.jpg,../../data/moge_dataset/HAMMER/scene2_traj2_naked_1/000030/depth.png,../../data/moge_dataset/HAMMER/scene2_traj2_naked_1/000030/meta.json,HAMMER,../../data/depthanything/moge_dataset/HAMMER/scene2_traj2_naked_1/000030/image.png
203,203,../../data/moge_dataset/HAMMER/scene2_traj2_naked_1/000040/image.jpg,../../data/moge_dataset/HAMMER/scene2_traj2_naked_1/000040/depth.png,../../data/moge_dataset/HAMMER/scene2_traj2_naked_1/000040/meta.json,HAMMER,../../data/depthanything/moge_dataset/HAMMER/scene2_traj2_naked_1/000040/image.png
204,204,../../data/moge_dataset/HAMMER/scene2_traj2_naked_1/000050/image.jpg,../../data/moge_dataset/HAMMER/scene2_traj2_naked_1/000050/depth.png,../../data/moge_dataset/HAMMER/scene2_traj2_naked_1/000050/meta.json,HAMMER,../../data/depthanything/moge_dataset/HAMMER/scene2_traj2_naked_1/000050/image.png
205,205,../../data/moge_dataset/HAMMER/scene2_traj2_naked_1/000060/image.jpg,../../data/moge_dataset/HAMMER/scene2_traj2_naked_1/000060/depth.png,../../data/moge_dataset/HAMMER/scene2_traj2_naked_1/000060/meta.json,HAMMER,../../data/depthanything/moge_dataset/HAMMER/scene2_traj2_naked_1/000060/image.png
206,206,../../data/moge_dataset/HAMMER/scene2_traj2_naked_1/000070/image.jpg,../../data/moge_dataset/HAMMER/scene2_traj2_naked_1/000070/depth.png,../../data/moge_dataset/HAMMER/scene2_traj2_naked_1/000070/meta.json,HAMMER,../../data/depthanything/moge_dataset/HAMMER/scene2_traj2_naked_1/000070/image.png
207,207,../../data/moge_dataset/HAMMER/scene2_traj2_naked_1/000080/image.jpg,../../data/moge_dataset/HAMMER/scene2_traj2_naked_1/000080/depth.png,../../data/moge_dataset/HAMMER/scene2_traj2_naked_1/000080/meta.json,HAMMER,../../data/depthanything/moge_dataset/HAMMER/scene2_traj2_naked_1/000080/image.png
208,208,../../data/moge_dataset/HAMMER/scene2_traj2_naked_1/000090/image.jpg,../../data/moge_dataset/HAMMER/scene2_traj2_naked_1/000090/depth.png,../../data/moge_dataset/HAMMER/scene2_traj2_naked_1/000090/meta.json,HAMMER,../../data/depthanything/moge_dataset/HAMMER/scene2_traj2_naked_1/000090/image.png
209,209,../../data/moge_dataset/HAMMER/scene2_traj2_naked_1/000100/image.jpg,../../data/moge_dataset/HAMMER/scene2_traj2_naked_1/000100/depth.png,../../data/moge_dataset/HAMMER/scene2_traj2_naked_1/000100/meta.json,HAMMER,../../data/depthanything/moge_dataset/HAMMER/scene2_traj2_naked_1/000100/image.png
210,210,../../data/moge_dataset/HAMMER/scene2_traj2_naked_1/000110/image.jpg,../../data/moge_dataset/HAMMER/scene2_traj2_naked_1/000110/depth.png,../../data/moge_dataset/HAMMER/scene2_traj2_naked_1/000110/meta.json,HAMMER,../../data/depthanything/moge_dataset/HAMMER/scene2_traj2_naked_1/000110/image.png
211,211,../../data/moge_dataset/HAMMER/scene2_traj2_naked_1/000120/image.jpg,../../data/moge_dataset/HAMMER/scene2_traj2_naked_1/000120/depth.png,../../data/moge_dataset/HAMMER/scene2_traj2_naked_1/000120/meta.json,HAMMER,../../data/depthanything/moge_dataset/HAMMER/scene2_traj2_naked_1/000120/image.png
212,212,../../data/moge_dataset/HAMMER/scene2_traj2_naked_1/000130/image.jpg,../../data/moge_dataset/HAMMER/scene2_traj2_naked_1/000130/depth.png,../../data/moge_dataset/HAMMER/scene2_traj2_naked_1/000130/meta.json,HAMMER,../../data/depthanything/moge_dataset/HAMMER/scene2_traj2_naked_1/000130/image.png
213,213,../../data/moge_dataset/HAMMER/scene2_traj2_naked_1/000140/image.jpg,../../data/moge_dataset/HAMMER/scene2_traj2_naked_1/000140/depth.png,../../data/moge_dataset/HAMMER/scene2_traj2_naked_1/000140/meta.json,HAMMER,../../data/depthanything/moge_dataset/HAMMER/scene2_traj2_naked_1/000140/image.png
214,214,../../data/moge_dataset/HAMMER/scene2_traj2_naked_1/000150/image.jpg,../../data/moge_dataset/HAMMER/scene2_traj2_naked_1/000150/depth.png,../../data/moge_dataset/HAMMER/scene2_traj2_naked_1/000150/meta.json,HAMMER,../../data/depthanything/moge_dataset/HAMMER/scene2_traj2_naked_1/000150/image.png
215,215,../../data/moge_dataset/HAMMER/scene2_traj2_naked_1/000160/image.jpg,../../data/moge_dataset/HAMMER/scene2_traj2_naked_1/000160/depth.png,../../data/moge_dataset/HAMMER/scene2_traj2_naked_1/000160/meta.json,HAMMER,../../data/depthanything/moge_dataset/HAMMER/scene2_traj2_naked_1/000160/image.png
216,216,../../data/moge_dataset/HAMMER/scene2_traj2_naked_1/000170/image.jpg,../../data/moge_dataset/HAMMER/scene2_traj2_naked_1/000170/depth.png,../../data/moge_dataset/HAMMER/scene2_traj2_naked_1/000170/meta.json,HAMMER,../../data/depthanything/moge_dataset/HAMMER/scene2_traj2_naked_1/000170/image.png
217,217,../../data/moge_dataset/HAMMER/scene2_traj2_naked_1/000180/image.jpg,../../data/moge_dataset/HAMMER/scene2_traj2_naked_1/000180/depth.png,../../data/moge_dataset/HAMMER/scene2_traj2_naked_1/000180/meta.json,HAMMER,../../data/depthanything/moge_dataset/HAMMER/scene2_traj2_naked_1/000180/image.png
218,218,../../data/moge_dataset/HAMMER/scene2_traj2_naked_1/000190/image.jpg,../../data/moge_dataset/HAMMER/scene2_traj2_naked_1/000190/depth.png,../../data/moge_dataset/HAMMER/scene2_traj2_naked_1/000190/meta.json,HAMMER,../../data/depthanything/moge_dataset/HAMMER/scene2_traj2_naked_1/000190/image.png
219,219,../../data/moge_dataset/HAMMER/scene2_traj2_naked_2/000000/image.jpg,../../data/moge_dataset/HAMMER/scene2_traj2_naked_2/000000/depth.png,../../data/moge_dataset/HAMMER/scene2_traj2_naked_2/000000/meta.json,HAMMER,../../data/depthanything/moge_dataset/HAMMER/scene2_traj2_naked_2/000000/image.png
220,220,../../data/moge_dataset/HAMMER/scene2_traj2_naked_2/000010/image.jpg,../../data/moge_dataset/HAMMER/scene2_traj2_naked_2/000010/depth.png,../../data/moge_dataset/HAMMER/scene2_traj2_naked_2/000010/meta.json,HAMMER,../../data/depthanything/moge_dataset/HAMMER/scene2_traj2_naked_2/000010/image.png
221,221,../../data/moge_dataset/HAMMER/scene2_traj2_naked_2/000020/image.jpg,../../data/moge_dataset/HAMMER/scene2_traj2_naked_2/000020/depth.png,../../data/moge_dataset/HAMMER/scene2_traj2_naked_2/000020/meta.json,HAMMER,../../data/depthanything/moge_dataset/HAMMER/scene2_traj2_naked_2/000020/image.png
222,222,../../data/moge_dataset/HAMMER/scene2_traj2_naked_2/000030/image.jpg,../../data/moge_dataset/HAMMER/scene2_traj2_naked_2/000030/depth.png,../../data/moge_dataset/HAMMER/scene2_traj2_naked_2/000030/meta.json,HAMMER,../../data/depthanything/moge_dataset/HAMMER/scene2_traj2_naked_2/000030/image.png
223,223,../../data/moge_dataset/HAMMER/scene2_traj2_naked_2/000040/image.jpg,../../data/moge_dataset/HAMMER/scene2_traj2_naked_2/000040/depth.png,../../data/moge_dataset/HAMMER/scene2_traj2_naked_2/000040/meta.json,HAMMER,../../data/depthanything/moge_dataset/HAMMER/scene2_traj2_naked_2/000040/image.png
224,224,../../data/moge_dataset/HAMMER/scene2_traj2_naked_2/000050/image.jpg,../../data/moge_dataset/HAMMER/scene2_traj2_naked_2/000050/depth.png,../../data/moge_dataset/HAMMER/scene2_traj2_naked_2/000050/meta.json,HAMMER,../../data/depthanything/moge_dataset/HAMMER/scene2_traj2_naked_2/000050/image.png
225,225,../../data/moge_dataset/HAMMER/scene2_traj2_naked_2/000060/image.jpg,../../data/moge_dataset/HAMMER/scene2_traj2_naked_2/000060/depth.png,../../data/moge_dataset/HAMMER/scene2_traj2_naked_2/000060/meta.json,HAMMER,../../data/depthanything/moge_dataset/HAMMER/scene2_traj2_naked_2/000060/image.png
226,226,../../data/moge_dataset/HAMMER/scene2_traj2_naked_2/000070/image.jpg,../../data/moge_dataset/HAMMER/scene2_traj2_naked_2/000070/depth.png,../../data/moge_dataset/HAMMER/scene2_traj2_naked_2/000070/meta.json,HAMMER,../../data/depthanything/moge_dataset/HAMMER/scene2_traj2_naked_2/000070/image.png
227,227,../../data/moge_dataset/HAMMER/scene2_traj2_naked_2/000080/image.jpg,../../data/moge_dataset/HAMMER/scene2_traj2_naked_2/000080/depth.png,../../data/moge_dataset/HAMMER/scene2_traj2_naked_2/000080/meta.json,HAMMER,../../data/depthanything/moge_dataset/HAMMER/scene2_traj2_naked_2/000080/image.png
228,228,../../data/moge_dataset/HAMMER/scene2_traj2_naked_2/000090/image.jpg,../../data/moge_dataset/HAMMER/scene2_traj2_naked_2/000090/depth.png,../../data/moge_dataset/HAMMER/scene2_traj2_naked_2/000090/meta.json,HAMMER,../../data/depthanything/moge_dataset/HAMMER/scene2_traj2_naked_2/000090/image.png
229,229,../../data/moge_dataset/HAMMER/scene2_traj2_naked_2/000100/image.jpg,../../data/moge_dataset/HAMMER/scene2_traj2_naked_2/000100/depth.png,../../data/moge_dataset/HAMMER/scene2_traj2_naked_2/000100/meta.json,HAMMER,../../data/depthanything/moge_dataset/HAMMER/scene2_traj2_naked_2/000100/image.png
230,230,../../data/moge_dataset/HAMMER/scene3_traj1_1/000000/image.jpg,../../data/moge_dataset/HAMMER/scene3_traj1_1/000000/depth.png,../../data/moge_dataset/HAMMER/scene3_traj1_1/000000/meta.json,HAMMER,../../data/depthanything/moge_dataset/HAMMER/scene3_traj1_1/000000/image.png
231,231,../../data/moge_dataset/HAMMER/scene3_traj1_1/000010/image.jpg,../../data/moge_dataset/HAMMER/scene3_traj1_1/000010/depth.png,../../data/moge_dataset/HAMMER/scene3_traj1_1/000010/meta.json,HAMMER,../../data/depthanything/moge_dataset/HAMMER/scene3_traj1_1/000010/image.png
232,232,../../data/moge_dataset/HAMMER/scene3_traj1_1/000020/image.jpg,../../data/moge_dataset/HAMMER/scene3_traj1_1/000020/depth.png,../../data/moge_dataset/HAMMER/scene3_traj1_1/000020/meta.json,HAMMER,../../data/depthanything/moge_dataset/HAMMER/scene3_traj1_1/000020/image.png
233,233,../../data/moge_dataset/HAMMER/scene3_traj1_1/000030/image.jpg,../../data/moge_dataset/HAMMER/scene3_traj1_1/000030/depth.png,../../data/moge_dataset/HAMMER/scene3_traj1_1/000030/meta.json,HAMMER,../../data/depthanything/moge_dataset/HAMMER/scene3_traj1_1/000030/image.png
234,234,../../data/moge_dataset/HAMMER/scene3_traj1_1/000040/image.jpg,../../data/moge_dataset/HAMMER/scene3_traj1_1/000040/depth.png,../../data/moge_dataset/HAMMER/scene3_traj1_1/000040/meta.json,HAMMER,../../data/depthanything/moge_dataset/HAMMER/scene3_traj1_1/000040/image.png
235,235,../../data/moge_dataset/HAMMER/scene3_traj1_1/000050/image.jpg,../../data/moge_dataset/HAMMER/scene3_traj1_1/000050/depth.png,../../data/moge_dataset/HAMMER/scene3_traj1_1/000050/meta.json,HAMMER,../../data/depthanything/moge_dataset/HAMMER/scene3_traj1_1/000050/image.png
236,236,../../data/moge_dataset/HAMMER/scene3_traj1_1/000060/image.jpg,../../data/moge_dataset/HAMMER/scene3_traj1_1/000060/depth.png,../../data/moge_dataset/HAMMER/scene3_traj1_1/000060/meta.json,HAMMER,../../data/depthanything/moge_dataset/HAMMER/scene3_traj1_1/000060/image.png
237,237,../../data/moge_dataset/HAMMER/scene3_traj1_1/000070/image.jpg,../../data/moge_dataset/HAMMER/scene3_traj1_1/000070/depth.png,../../data/moge_dataset/HAMMER/scene3_traj1_1/000070/meta.json,HAMMER,../../data/depthanything/moge_dataset/HAMMER/scene3_traj1_1/000070/image.png
238,238,../../data/moge_dataset/HAMMER/scene3_traj1_1/000080/image.jpg,../../data/moge_dataset/HAMMER/scene3_traj1_1/000080/depth.png,../../data/moge_dataset/HAMMER/scene3_traj1_1/000080/meta.json,HAMMER,../../data/depthanything/moge_dataset/HAMMER/scene3_traj1_1/000080/image.png
239,239,../../data/moge_dataset/HAMMER/scene3_traj1_1/000090/image.jpg,../../data/moge_dataset/HAMMER/scene3_traj1_1/000090/depth.png,../../data/moge_dataset/HAMMER/scene3_traj1_1/000090/meta.json,HAMMER,../../data/depthanything/moge_dataset/HAMMER/scene3_traj1_1/000090/image.png
240,240,../../data/moge_dataset/HAMMER/scene3_traj1_1/000100/image.jpg,../../data/moge_dataset/HAMMER/scene3_traj1_1/000100/depth.png,../../data/moge_dataset/HAMMER/scene3_traj1_1/000100/meta.json,HAMMER,../../data/depthanything/moge_dataset/HAMMER/scene3_traj1_1/000100/image.png
241,241,../../data/moge_dataset/HAMMER/scene3_traj1_1/000110/image.jpg,../../data/moge_dataset/HAMMER/scene3_traj1_1/000110/depth.png,../../data/moge_dataset/HAMMER/scene3_traj1_1/000110/meta.json,HAMMER,../../data/depthanything/moge_dataset/HAMMER/scene3_traj1_1/000110/image.png
242,242,../../data/moge_dataset/HAMMER/scene3_traj1_1/000120/image.jpg,../../data/moge_dataset/HAMMER/scene3_traj1_1/000120/depth.png,../../data/moge_dataset/HAMMER/scene3_traj1_1/000120/meta.json,HAMMER,../../data/depthanything/moge_dataset/HAMMER/scene3_traj1_1/000120/image.png
243,243,../../data/moge_dataset/HAMMER/scene3_traj1_1/000130/image.jpg,../../data/moge_dataset/HAMMER/scene3_traj1_1/000130/depth.png,../../data/moge_dataset/HAMMER/scene3_traj1_1/000130/meta.json,HAMMER,../../data/depthanything/moge_dataset/HAMMER/scene3_traj1_1/000130/image.png
244,244,../../data/moge_dataset/HAMMER/scene3_traj1_1/000140/image.jpg,../../data/moge_dataset/HAMMER/scene3_traj1_1/000140/depth.png,../../data/moge_dataset/HAMMER/scene3_traj1_1/000140/meta.json,HAMMER,../../data/depthanything/moge_dataset/HAMMER/scene3_traj1_1/000140/image.png
245,245,../../data/moge_dataset/HAMMER/scene3_traj1_1/000150/image.jpg,../../data/moge_dataset/HAMMER/scene3_traj1_1/000150/depth.png,../../data/moge_dataset/HAMMER/scene3_traj1_1/000150/meta.json,HAMMER,../../data/depthanything/moge_dataset/HAMMER/scene3_traj1_1/000150/image.png
246,246,../../data/moge_dataset/HAMMER/scene3_traj1_1/000160/image.jpg,../../data/moge_dataset/HAMMER/scene3_traj1_1/000160/depth.png,../../data/moge_dataset/HAMMER/scene3_traj1_1/000160/meta.json,HAMMER,../../data/depthanything/moge_dataset/HAMMER/scene3_traj1_1/000160/image.png
247,247,../../data/moge_dataset/HAMMER/scene3_traj1_1/000170/image.jpg,../../data/moge_dataset/HAMMER/scene3_traj1_1/000170/depth.png,../../data/moge_dataset/HAMMER/scene3_traj1_1/000170/meta.json,HAMMER,../../data/depthanything/moge_dataset/HAMMER/scene3_traj1_1/000170/image.png
248,248,../../data/moge_dataset/HAMMER/scene3_traj1_1/000180/image.jpg,../../data/moge_dataset/HAMMER/scene3_traj1_1/000180/depth.png,../../data/moge_dataset/HAMMER/scene3_traj1_1/000180/meta.json,HAMMER,../../data/depthanything/moge_dataset/HAMMER/scene3_traj1_1/000180/image.png
249,249,../../data/moge_dataset/HAMMER/scene3_traj1_1/000190/image.jpg,../../data/moge_dataset/HAMMER/scene3_traj1_1/000190/depth.png,../../data/moge_dataset/HAMMER/scene3_traj1_1/000190/meta.json,HAMMER,../../data/depthanything/moge_dataset/HAMMER/scene3_traj1_1/000190/image.png
250,250,../../data/moge_dataset/HAMMER/scene3_traj1_1/000200/image.jpg,../../data/moge_dataset/HAMMER/scene3_traj1_1/000200/depth.png,../../data/moge_dataset/HAMMER/scene3_traj1_1/000200/meta.json,HAMMER,../../data/depthanything/moge_dataset/HAMMER/scene3_traj1_1/000200/image.png
251,251,../../data/moge_dataset/HAMMER/scene3_traj1_1/000210/image.jpg,../../data/moge_dataset/HAMMER/scene3_traj1_1/000210/depth.png,../../data/moge_dataset/HAMMER/scene3_traj1_1/000210/meta.json,HAMMER,../../data/depthanything/moge_dataset/HAMMER/scene3_traj1_1/000210/image.png
252,252,../../data/moge_dataset/HAMMER/scene3_traj1_1/000220/image.jpg,../../data/moge_dataset/HAMMER/scene3_traj1_1/000220/depth.png,../../data/moge_dataset/HAMMER/scene3_traj1_1/000220/meta.json,HAMMER,../../data/depthanything/moge_dataset/HAMMER/scene3_traj1_1/000220/image.png
253,253,../../data/moge_dataset/HAMMER/scene3_traj1_1/000230/image.jpg,../../data/moge_dataset/HAMMER/scene3_traj1_1/000230/depth.png,../../data/moge_dataset/HAMMER/scene3_traj1_1/000230/meta.json,HAMMER,../../data/depthanything/moge_dataset/HAMMER/scene3_traj1_1/000230/image.png
254,254,../../data/moge_dataset/HAMMER/scene3_traj1_1/000240/image.jpg,../../data/moge_dataset/HAMMER/scene3_traj1_1/000240/depth.png,../../data/moge_dataset/HAMMER/scene3_traj1_1/000240/meta.json,HAMMER,../../data/depthanything/moge_dataset/HAMMER/scene3_traj1_1/000240/image.png
255,255,../../data/moge_dataset/HAMMER/scene3_traj1_1/000250/image.jpg,../../data/moge_dataset/HAMMER/scene3_traj1_1/000250/depth.png,../../data/moge_dataset/HAMMER/scene3_traj1_1/000250/meta.json,HAMMER,../../data/depthanything/moge_dataset/HAMMER/scene3_traj1_1/000250/image.png
256,256,../../data/moge_dataset/HAMMER/scene3_traj1_1/000260/image.jpg,../../data/moge_dataset/HAMMER/scene3_traj1_1/000260/depth.png,../../data/moge_dataset/HAMMER/scene3_traj1_1/000260/meta.json,HAMMER,../../data/depthanything/moge_dataset/HAMMER/scene3_traj1_1/000260/image.png
257,257,../../data/moge_dataset/HAMMER/scene3_traj1_1/000270/image.jpg,../../data/moge_dataset/HAMMER/scene3_traj1_1/000270/depth.png,../../data/moge_dataset/HAMMER/scene3_traj1_1/000270/meta.json,HAMMER,../../data/depthanything/moge_dataset/HAMMER/scene3_traj1_1/000270/image.png
258,258,../../data/moge_dataset/HAMMER/scene3_traj1_1/000280/image.jpg,../../data/moge_dataset/HAMMER/scene3_traj1_1/000280/depth.png,../../data/moge_dataset/HAMMER/scene3_traj1_1/000280/meta.json,HAMMER,../../data/depthanything/moge_dataset/HAMMER/scene3_traj1_1/000280/image.png
259,259,../../data/moge_dataset/HAMMER/scene3_traj1_1/000290/image.jpg,../../data/moge_dataset/HAMMER/scene3_traj1_1/000290/depth.png,../../data/moge_dataset/HAMMER/scene3_traj1_1/000290/meta.json,HAMMER,../../data/depthanything/moge_dataset/HAMMER/scene3_traj1_1/000290/image.png
260,260,../../data/moge_dataset/HAMMER/scene3_traj1_1/000300/image.jpg,../../data/moge_dataset/HAMMER/scene3_traj1_1/000300/depth.png,../../data/moge_dataset/HAMMER/scene3_traj1_1/000300/meta.json,HAMMER,../../data/depthanything/moge_dataset/HAMMER/scene3_traj1_1/000300/image.png
261,261,../../data/moge_dataset/HAMMER/scene3_traj1_1/000310/image.jpg,../../data/moge_dataset/HAMMER/scene3_traj1_1/000310/depth.png,../../data/moge_dataset/HAMMER/scene3_traj1_1/000310/meta.json,HAMMER,../../data/depthanything/moge_dataset/HAMMER/scene3_traj1_1/000310/image.png
262,262,../../data/moge_dataset/HAMMER/scene3_traj1_naked_1/000000/image.jpg,../../data/moge_dataset/HAMMER/scene3_traj1_naked_1/000000/depth.png,../../data/moge_dataset/HAMMER/scene3_traj1_naked_1/000000/meta.json,HAMMER,../../data/depthanything/moge_dataset/HAMMER/scene3_traj1_naked_1/000000/image.png
263,263,../../data/moge_dataset/HAMMER/scene3_traj1_naked_1/000010/image.jpg,../../data/moge_dataset/HAMMER/scene3_traj1_naked_1/000010/depth.png,../../data/moge_dataset/HAMMER/scene3_traj1_naked_1/000010/meta.json,HAMMER,../../data/depthanything/moge_dataset/HAMMER/scene3_traj1_naked_1/000010/image.png
264,264,../../data/moge_dataset/HAMMER/scene3_traj1_naked_1/000020/image.jpg,../../data/moge_dataset/HAMMER/scene3_traj1_naked_1/000020/depth.png,../../data/moge_dataset/HAMMER/scene3_traj1_naked_1/000020/meta.json,HAMMER,../../data/depthanything/moge_dataset/HAMMER/scene3_traj1_naked_1/000020/image.png
265,265,../../data/moge_dataset/HAMMER/scene3_traj1_naked_1/000030/image.jpg,../../data/moge_dataset/HAMMER/scene3_traj1_naked_1/000030/depth.png,../../data/moge_dataset/HAMMER/scene3_traj1_naked_1/000030/meta.json,HAMMER,../../data/depthanything/moge_dataset/HAMMER/scene3_traj1_naked_1/000030/image.png
266,266,../../data/moge_dataset/HAMMER/scene3_traj1_naked_1/000040/image.jpg,../../data/moge_dataset/HAMMER/scene3_traj1_naked_1/000040/depth.png,../../data/moge_dataset/HAMMER/scene3_traj1_naked_1/000040/meta.json,HAMMER,../../data/depthanything/moge_dataset/HAMMER/scene3_traj1_naked_1/000040/image.png
267,267,../../data/moge_dataset/HAMMER/scene3_traj1_naked_1/000050/image.jpg,../../data/moge_dataset/HAMMER/scene3_traj1_naked_1/000050/depth.png,../../data/moge_dataset/HAMMER/scene3_traj1_naked_1/000050/meta.json,HAMMER,../../data/depthanything/moge_dataset/HAMMER/scene3_traj1_naked_1/000050/image.png
268,268,../../data/moge_dataset/HAMMER/scene3_traj1_naked_1/000060/image.jpg,../../data/moge_dataset/HAMMER/scene3_traj1_naked_1/000060/depth.png,../../data/moge_dataset/HAMMER/scene3_traj1_naked_1/000060/meta.json,HAMMER,../../data/depthanything/moge_dataset/HAMMER/scene3_traj1_naked_1/000060/image.png
269,269,../../data/moge_dataset/HAMMER/scene3_traj1_naked_1/000070/image.jpg,../../data/moge_dataset/HAMMER/scene3_traj1_naked_1/000070/depth.png,../../data/moge_dataset/HAMMER/scene3_traj1_naked_1/000070/meta.json,HAMMER,../../data/depthanything/moge_dataset/HAMMER/scene3_traj1_naked_1/000070/image.png
270,270,../../data/moge_dataset/HAMMER/scene3_traj1_naked_1/000080/image.jpg,../../data/moge_dataset/HAMMER/scene3_traj1_naked_1/000080/depth.png,../../data/moge_dataset/HAMMER/scene3_traj1_naked_1/000080/meta.json,HAMMER,../../data/depthanything/moge_dataset/HAMMER/scene3_traj1_naked_1/000080/image.png
271,271,../../data/moge_dataset/HAMMER/scene3_traj1_naked_1/000090/image.jpg,../../data/moge_dataset/HAMMER/scene3_traj1_naked_1/000090/depth.png,../../data/moge_dataset/HAMMER/scene3_traj1_naked_1/000090/meta.json,HAMMER,../../data/depthanything/moge_dataset/HAMMER/scene3_traj1_naked_1/000090/image.png
272,272,../../data/moge_dataset/HAMMER/scene3_traj1_naked_1/000100/image.jpg,../../data/moge_dataset/HAMMER/scene3_traj1_naked_1/000100/depth.png,../../data/moge_dataset/HAMMER/scene3_traj1_naked_1/000100/meta.json,HAMMER,../../data/depthanything/moge_dataset/HAMMER/scene3_traj1_naked_1/000100/image.png
273,273,../../data/moge_dataset/HAMMER/scene3_traj1_naked_1/000110/image.jpg,../../data/moge_dataset/HAMMER/scene3_traj1_naked_1/000110/depth.png,../../data/moge_dataset/HAMMER/scene3_traj1_naked_1/000110/meta.json,HAMMER,../../data/depthanything/moge_dataset/HAMMER/scene3_traj1_naked_1/000110/image.png
274,274,../../data/moge_dataset/HAMMER/scene3_traj1_naked_1/000120/image.jpg,../../data/moge_dataset/HAMMER/scene3_traj1_naked_1/000120/depth.png,../../data/moge_dataset/HAMMER/scene3_traj1_naked_1/000120/meta.json,HAMMER,../../data/depthanything/moge_dataset/HAMMER/scene3_traj1_naked_1/000120/image.png
275,275,../../data/moge_dataset/HAMMER/scene3_traj1_naked_1/000130/image.jpg,../../data/moge_dataset/HAMMER/scene3_traj1_naked_1/000130/depth.png,../../data/moge_dataset/HAMMER/scene3_traj1_naked_1/000130/meta.json,HAMMER,../../data/depthanything/moge_dataset/HAMMER/scene3_traj1_naked_1/000130/image.png
276,276,../../data/moge_dataset/HAMMER/scene3_traj1_naked_1/000140/image.jpg,../../data/moge_dataset/HAMMER/scene3_traj1_naked_1/000140/depth.png,../../data/moge_dataset/HAMMER/scene3_traj1_naked_1/000140/meta.json,HAMMER,../../data/depthanything/moge_dataset/HAMMER/scene3_traj1_naked_1/000140/image.png
277,277,../../data/moge_dataset/HAMMER/scene3_traj1_naked_1/000150/image.jpg,../../data/moge_dataset/HAMMER/scene3_traj1_naked_1/000150/depth.png,../../data/moge_dataset/HAMMER/scene3_traj1_naked_1/000150/meta.json,HAMMER,../../data/depthanything/moge_dataset/HAMMER/scene3_traj1_naked_1/000150/image.png
278,278,../../data/moge_dataset/HAMMER/scene3_traj1_naked_1/000160/image.jpg,../../data/moge_dataset/HAMMER/scene3_traj1_naked_1/000160/depth.png,../../data/moge_dataset/HAMMER/scene3_traj1_naked_1/000160/meta.json,HAMMER,../../data/depthanything/moge_dataset/HAMMER/scene3_traj1_naked_1/000160/image.png
279,279,../../data/moge_dataset/HAMMER/scene3_traj1_naked_1/000170/image.jpg,../../data/moge_dataset/HAMMER/scene3_traj1_naked_1/000170/depth.png,../../data/moge_dataset/HAMMER/scene3_traj1_naked_1/000170/meta.json,HAMMER,../../data/depthanything/moge_dataset/HAMMER/scene3_traj1_naked_1/000170/image.png
280,280,../../data/moge_dataset/HAMMER/scene3_traj1_naked_1/000180/image.jpg,../../data/moge_dataset/HAMMER/scene3_traj1_naked_1/000180/depth.png,../../data/moge_dataset/HAMMER/scene3_traj1_naked_1/000180/meta.json,HAMMER,../../data/depthanything/moge_dataset/HAMMER/scene3_traj1_naked_1/000180/image.png
281,281,../../data/moge_dataset/HAMMER/scene3_traj1_naked_1/000190/image.jpg,../../data/moge_dataset/HAMMER/scene3_traj1_naked_1/000190/depth.png,../../data/moge_dataset/HAMMER/scene3_traj1_naked_1/000190/meta.json,HAMMER,../../data/depthanything/moge_dataset/HAMMER/scene3_traj1_naked_1/000190/image.png
282,282,../../data/moge_dataset/HAMMER/scene3_traj1_naked_1/000200/image.jpg,../../data/moge_dataset/HAMMER/scene3_traj1_naked_1/000200/depth.png,../../data/moge_dataset/HAMMER/scene3_traj1_naked_1/000200/meta.json,HAMMER,../../data/depthanything/moge_dataset/HAMMER/scene3_traj1_naked_1/000200/image.png
283,283,../../data/moge_dataset/HAMMER/scene3_traj1_naked_1/000210/image.jpg,../../data/moge_dataset/HAMMER/scene3_traj1_naked_1/000210/depth.png,../../data/moge_dataset/HAMMER/scene3_traj1_naked_1/000210/meta.json,HAMMER,../../data/depthanything/moge_dataset/HAMMER/scene3_traj1_naked_1/000210/image.png
284,284,../../data/moge_dataset/HAMMER/scene3_traj1_naked_1/000220/image.jpg,../../data/moge_dataset/HAMMER/scene3_traj1_naked_1/000220/depth.png,../../data/moge_dataset/HAMMER/scene3_traj1_naked_1/000220/meta.json,HAMMER,../../data/depthanything/moge_dataset/HAMMER/scene3_traj1_naked_1/000220/image.png
285,285,../../data/moge_dataset/HAMMER/scene3_traj1_naked_1/000230/image.jpg,../../data/moge_dataset/HAMMER/scene3_traj1_naked_1/000230/depth.png,../../data/moge_dataset/HAMMER/scene3_traj1_naked_1/000230/meta.json,HAMMER,../../data/depthanything/moge_dataset/HAMMER/scene3_traj1_naked_1/000230/image.png
286,286,../../data/moge_dataset/HAMMER/scene3_traj1_naked_1/000240/image.jpg,../../data/moge_dataset/HAMMER/scene3_traj1_naked_1/000240/depth.png,../../data/moge_dataset/HAMMER/scene3_traj1_naked_1/000240/meta.json,HAMMER,../../data/depthanything/moge_dataset/HAMMER/scene3_traj1_naked_1/000240/image.png
287,287,../../data/moge_dataset/HAMMER/scene3_traj1_naked_1/000250/image.jpg,../../data/moge_dataset/HAMMER/scene3_traj1_naked_1/000250/depth.png,../../data/moge_dataset/HAMMER/scene3_traj1_naked_1/000250/meta.json,HAMMER,../../data/depthanything/moge_dataset/HAMMER/scene3_traj1_naked_1/000250/image.png
288,288,../../data/moge_dataset/HAMMER/scene3_traj1_naked_1/000260/image.jpg,../../data/moge_dataset/HAMMER/scene3_traj1_naked_1/000260/depth.png,../../data/moge_dataset/HAMMER/scene3_traj1_naked_1/000260/meta.json,HAMMER,../../data/depthanything/moge_dataset/HAMMER/scene3_traj1_naked_1/000260/image.png
289,289,../../data/moge_dataset/HAMMER/scene3_traj1_naked_1/000270/image.jpg,../../data/moge_dataset/HAMMER/scene3_traj1_naked_1/000270/depth.png,../../data/moge_dataset/HAMMER/scene3_traj1_naked_1/000270/meta.json,HAMMER,../../data/depthanything/moge_dataset/HAMMER/scene3_traj1_naked_1/000270/image.png
290,290,../../data/moge_dataset/HAMMER/scene3_traj1_naked_1/000280/image.jpg,../../data/moge_dataset/HAMMER/scene3_traj1_naked_1/000280/depth.png,../../data/moge_dataset/HAMMER/scene3_traj1_naked_1/000280/meta.json,HAMMER,../../data/depthanything/moge_dataset/HAMMER/scene3_traj1_naked_1/000280/image.png
291,291,../../data/moge_dataset/HAMMER/scene3_traj1_naked_1/000290/image.jpg,../../data/moge_dataset/HAMMER/scene3_traj1_naked_1/000290/depth.png,../../data/moge_dataset/HAMMER/scene3_traj1_naked_1/000290/meta.json,HAMMER,../../data/depthanything/moge_dataset/HAMMER/scene3_traj1_naked_1/000290/image.png
292,292,../../data/moge_dataset/HAMMER/scene3_traj1_naked_1/000300/image.jpg,../../data/moge_dataset/HAMMER/scene3_traj1_naked_1/000300/depth.png,../../data/moge_dataset/HAMMER/scene3_traj1_naked_1/000300/meta.json,HAMMER,../../data/depthanything/moge_dataset/HAMMER/scene3_traj1_naked_1/000300/image.png
293,293,../../data/moge_dataset/HAMMER/scene3_traj1_naked_1/000310/image.jpg,../../data/moge_dataset/HAMMER/scene3_traj1_naked_1/000310/depth.png,../../data/moge_dataset/HAMMER/scene3_traj1_naked_1/000310/meta.json,HAMMER,../../data/depthanything/moge_dataset/HAMMER/scene3_traj1_naked_1/000310/image.png
294,294,../../data/moge_dataset/HAMMER/scene3_traj2_1/000000/image.jpg,../../data/moge_dataset/HAMMER/scene3_traj2_1/000000/depth.png,../../data/moge_dataset/HAMMER/scene3_traj2_1/000000/meta.json,HAMMER,../../data/depthanything/moge_dataset/HAMMER/scene3_traj2_1/000000/image.png
295,295,../../data/moge_dataset/HAMMER/scene3_traj2_1/000010/image.jpg,../../data/moge_dataset/HAMMER/scene3_traj2_1/000010/depth.png,../../data/moge_dataset/HAMMER/scene3_traj2_1/000010/meta.json,HAMMER,../../data/depthanything/moge_dataset/HAMMER/scene3_traj2_1/000010/image.png
296,296,../../data/moge_dataset/HAMMER/scene3_traj2_1/000020/image.jpg,../../data/moge_dataset/HAMMER/scene3_traj2_1/000020/depth.png,../../data/moge_dataset/HAMMER/scene3_traj2_1/000020/meta.json,HAMMER,../../data/depthanything/moge_dataset/HAMMER/scene3_traj2_1/000020/image.png
297,297,../../data/moge_dataset/HAMMER/scene3_traj2_1/000030/image.jpg,../../data/moge_dataset/HAMMER/scene3_traj2_1/000030/depth.png,../../data/moge_dataset/HAMMER/scene3_traj2_1/000030/meta.json,HAMMER,../../data/depthanything/moge_dataset/HAMMER/scene3_traj2_1/000030/image.png
298,298,../../data/moge_dataset/HAMMER/scene3_traj2_1/000040/image.jpg,../../data/moge_dataset/HAMMER/scene3_traj2_1/000040/depth.png,../../data/moge_dataset/HAMMER/scene3_traj2_1/000040/meta.json,HAMMER,../../data/depthanything/moge_dataset/HAMMER/scene3_traj2_1/000040/image.png
299,299,../../data/moge_dataset/HAMMER/scene3_traj2_1/000050/image.jpg,../../data/moge_dataset/HAMMER/scene3_traj2_1/000050/depth.png,../../data/moge_dataset/HAMMER/scene3_traj2_1/000050/meta.json,HAMMER,../../data/depthanything/moge_dataset/HAMMER/scene3_traj2_1/000050/image.png
300,300,../../data/moge_dataset/HAMMER/scene3_traj2_1/000060/image.jpg,../../data/moge_dataset/HAMMER/scene3_traj2_1/000060/depth.png,../../data/moge_dataset/HAMMER/scene3_traj2_1/000060/meta.json,HAMMER,../../data/depthanything/moge_dataset/HAMMER/scene3_traj2_1/000060/image.png
301,301,../../data/moge_dataset/HAMMER/scene3_traj2_1/000070/image.jpg,../../data/moge_dataset/HAMMER/scene3_traj2_1/000070/depth.png,../../data/moge_dataset/HAMMER/scene3_traj2_1/000070/meta.json,HAMMER,../../data/depthanything/moge_dataset/HAMMER/scene3_traj2_1/000070/image.png
302,302,../../data/moge_dataset/HAMMER/scene3_traj2_1/000080/image.jpg,../../data/moge_dataset/HAMMER/scene3_traj2_1/000080/depth.png,../../data/moge_dataset/HAMMER/scene3_traj2_1/000080/meta.json,HAMMER,../../data/depthanything/moge_dataset/HAMMER/scene3_traj2_1/000080/image.png
303,303,../../data/moge_dataset/HAMMER/scene3_traj2_1/000090/image.jpg,../../data/moge_dataset/HAMMER/scene3_traj2_1/000090/depth.png,../../data/moge_dataset/HAMMER/scene3_traj2_1/000090/meta.json,HAMMER,../../data/depthanything/moge_dataset/HAMMER/scene3_traj2_1/000090/image.png
304,304,../../data/moge_dataset/HAMMER/scene3_traj2_1/000100/image.jpg,../../data/moge_dataset/HAMMER/scene3_traj2_1/000100/depth.png,../../data/moge_dataset/HAMMER/scene3_traj2_1/000100/meta.json,HAMMER,../../data/depthanything/moge_dataset/HAMMER/scene3_traj2_1/000100/image.png
305,305,../../data/moge_dataset/HAMMER/scene3_traj2_1/000110/image.jpg,../../data/moge_dataset/HAMMER/scene3_traj2_1/000110/depth.png,../../data/moge_dataset/HAMMER/scene3_traj2_1/000110/meta.json,HAMMER,../../data/depthanything/moge_dataset/HAMMER/scene3_traj2_1/000110/image.png
306,306,../../data/moge_dataset/HAMMER/scene3_traj2_1/000120/image.jpg,../../data/moge_dataset/HAMMER/scene3_traj2_1/000120/depth.png,../../data/moge_dataset/HAMMER/scene3_traj2_1/000120/meta.json,HAMMER,../../data/depthanything/moge_dataset/HAMMER/scene3_traj2_1/000120/image.png
307,307,../../data/moge_dataset/HAMMER/scene3_traj2_1/000130/image.jpg,../../data/moge_dataset/HAMMER/scene3_traj2_1/000130/depth.png,../../data/moge_dataset/HAMMER/scene3_traj2_1/000130/meta.json,HAMMER,../../data/depthanything/moge_dataset/HAMMER/scene3_traj2_1/000130/image.png
308,308,../../data/moge_dataset/HAMMER/scene3_traj2_1/000140/image.jpg,../../data/moge_dataset/HAMMER/scene3_traj2_1/000140/depth.png,../../data/moge_dataset/HAMMER/scene3_traj2_1/000140/meta.json,HAMMER,../../data/depthanything/moge_dataset/HAMMER/scene3_traj2_1/000140/image.png
309,309,../../data/moge_dataset/HAMMER/scene3_traj2_1/000150/image.jpg,../../data/moge_dataset/HAMMER/scene3_traj2_1/000150/depth.png,../../data/moge_dataset/HAMMER/scene3_traj2_1/000150/meta.json,HAMMER,../../data/depthanything/moge_dataset/HAMMER/scene3_traj2_1/000150/image.png
310,310,../../data/moge_dataset/HAMMER/scene3_traj2_1/000160/image.jpg,../../data/moge_dataset/HAMMER/scene3_traj2_1/000160/depth.png,../../data/moge_dataset/HAMMER/scene3_traj2_1/000160/meta.json,HAMMER,../../data/depthanything/moge_dataset/HAMMER/scene3_traj2_1/000160/image.png
311,311,../../data/moge_dataset/HAMMER/scene3_traj2_1/000170/image.jpg,../../data/moge_dataset/HAMMER/scene3_traj2_1/000170/depth.png,../../data/moge_dataset/HAMMER/scene3_traj2_1/000170/meta.json,HAMMER,../../data/depthanything/moge_dataset/HAMMER/scene3_traj2_1/000170/image.png
312,312,../../data/moge_dataset/HAMMER/scene3_traj2_1/000180/image.jpg,../../data/moge_dataset/HAMMER/scene3_traj2_1/000180/depth.png,../../data/moge_dataset/HAMMER/scene3_traj2_1/000180/meta.json,HAMMER,../../data/depthanything/moge_dataset/HAMMER/scene3_traj2_1/000180/image.png
313,313,../../data/moge_dataset/HAMMER/scene3_traj2_1/000190/image.jpg,../../data/moge_dataset/HAMMER/scene3_traj2_1/000190/depth.png,../../data/moge_dataset/HAMMER/scene3_traj2_1/000190/meta.json,HAMMER,../../data/depthanything/moge_dataset/HAMMER/scene3_traj2_1/000190/image.png
314,314,../../data/moge_dataset/HAMMER/scene3_traj2_1/000200/image.jpg,../../data/moge_dataset/HAMMER/scene3_traj2_1/000200/depth.png,../../data/moge_dataset/HAMMER/scene3_traj2_1/000200/meta.json,HAMMER,../../data/depthanything/moge_dataset/HAMMER/scene3_traj2_1/000200/image.png
315,315,../../data/moge_dataset/HAMMER/scene3_traj2_1/000210/image.jpg,../../data/moge_dataset/HAMMER/scene3_traj2_1/000210/depth.png,../../data/moge_dataset/HAMMER/scene3_traj2_1/000210/meta.json,HAMMER,../../data/depthanything/moge_dataset/HAMMER/scene3_traj2_1/000210/image.png
316,316,../../data/moge_dataset/HAMMER/scene3_traj2_1/000220/image.jpg,../../data/moge_dataset/HAMMER/scene3_traj2_1/000220/depth.png,../../data/moge_dataset/HAMMER/scene3_traj2_1/000220/meta.json,HAMMER,../../data/depthanything/moge_dataset/HAMMER/scene3_traj2_1/000220/image.png
317,317,../../data/moge_dataset/HAMMER/scene3_traj2_1/000230/image.jpg,../../data/moge_dataset/HAMMER/scene3_traj2_1/000230/depth.png,../../data/moge_dataset/HAMMER/scene3_traj2_1/000230/meta.json,HAMMER,../../data/depthanything/moge_dataset/HAMMER/scene3_traj2_1/000230/image.png
318,318,../../data/moge_dataset/HAMMER/scene3_traj2_1/000240/image.jpg,../../data/moge_dataset/HAMMER/scene3_traj2_1/000240/depth.png,../../data/moge_dataset/HAMMER/scene3_traj2_1/000240/meta.json,HAMMER,../../data/depthanything/moge_dataset/HAMMER/scene3_traj2_1/000240/image.png
319,319,../../data/moge_dataset/HAMMER/scene3_traj2_1/000250/image.jpg,../../data/moge_dataset/HAMMER/scene3_traj2_1/000250/depth.png,../../data/moge_dataset/HAMMER/scene3_traj2_1/000250/meta.json,HAMMER,../../data/depthanything/moge_dataset/HAMMER/scene3_traj2_1/000250/image.png
320,320,../../data/moge_dataset/HAMMER/scene3_traj2_1/000260/image.jpg,../../data/moge_dataset/HAMMER/scene3_traj2_1/000260/depth.png,../../data/moge_dataset/HAMMER/scene3_traj2_1/000260/meta.json,HAMMER,../../data/depthanything/moge_dataset/HAMMER/scene3_traj2_1/000260/image.png
321,321,../../data/moge_dataset/HAMMER/scene3_traj2_1/000270/image.jpg,../../data/moge_dataset/HAMMER/scene3_traj2_1/000270/depth.png,../../data/moge_dataset/HAMMER/scene3_traj2_1/000270/meta.json,HAMMER,../../data/depthanything/moge_dataset/HAMMER/scene3_traj2_1/000270/image.png
322,322,../../data/moge_dataset/HAMMER/scene3_traj2_1/000280/image.jpg,../../data/moge_dataset/HAMMER/scene3_traj2_1/000280/depth.png,../../data/moge_dataset/HAMMER/scene3_traj2_1/000280/meta.json,HAMMER,../../data/depthanything/moge_dataset/HAMMER/scene3_traj2_1/000280/image.png
323,323,../../data/moge_dataset/HAMMER/scene3_traj2_1/000290/image.jpg,../../data/moge_dataset/HAMMER/scene3_traj2_1/000290/depth.png,../../data/moge_dataset/HAMMER/scene3_traj2_1/000290/meta.json,HAMMER,../../data/depthanything/moge_dataset/HAMMER/scene3_traj2_1/000290/image.png
324,324,../../data/moge_dataset/HAMMER/scene3_traj2_1/000300/image.jpg,../../data/moge_dataset/HAMMER/scene3_traj2_1/000300/depth.png,../../data/moge_dataset/HAMMER/scene3_traj2_1/000300/meta.json,HAMMER,../../data/depthanything/moge_dataset/HAMMER/scene3_traj2_1/000300/image.png
325,325,../../data/moge_dataset/HAMMER/scene3_traj2_naked_1/000000/image.jpg,../../data/moge_dataset/HAMMER/scene3_traj2_naked_1/000000/depth.png,../../data/moge_dataset/HAMMER/scene3_traj2_naked_1/000000/meta.json,HAMMER,../../data/depthanything/moge_dataset/HAMMER/scene3_traj2_naked_1/000000/image.png
326,326,../../data/moge_dataset/HAMMER/scene3_traj2_naked_1/000010/image.jpg,../../data/moge_dataset/HAMMER/scene3_traj2_naked_1/000010/depth.png,../../data/moge_dataset/HAMMER/scene3_traj2_naked_1/000010/meta.json,HAMMER,../../data/depthanything/moge_dataset/HAMMER/scene3_traj2_naked_1/000010/image.png
327,327,../../data/moge_dataset/HAMMER/scene3_traj2_naked_1/000020/image.jpg,../../data/moge_dataset/HAMMER/scene3_traj2_naked_1/000020/depth.png,../../data/moge_dataset/HAMMER/scene3_traj2_naked_1/000020/meta.json,HAMMER,../../data/depthanything/moge_dataset/HAMMER/scene3_traj2_naked_1/000020/image.png
328,328,../../data/moge_dataset/HAMMER/scene3_traj2_naked_1/000030/image.jpg,../../data/moge_dataset/HAMMER/scene3_traj2_naked_1/000030/depth.png,../../data/moge_dataset/HAMMER/scene3_traj2_naked_1/000030/meta.json,HAMMER,../../data/depthanything/moge_dataset/HAMMER/scene3_traj2_naked_1/000030/image.png
329,329,../../data/moge_dataset/HAMMER/scene3_traj2_naked_1/000040/image.jpg,../../data/moge_dataset/HAMMER/scene3_traj2_naked_1/000040/depth.png,../../data/moge_dataset/HAMMER/scene3_traj2_naked_1/000040/meta.json,HAMMER,../../data/depthanything/moge_dataset/HAMMER/scene3_traj2_naked_1/000040/image.png
330,330,../../data/moge_dataset/HAMMER/scene3_traj2_naked_1/000050/image.jpg,../../data/moge_dataset/HAMMER/scene3_traj2_naked_1/000050/depth.png,../../data/moge_dataset/HAMMER/scene3_traj2_naked_1/000050/meta.json,HAMMER,../../data/depthanything/moge_dataset/HAMMER/scene3_traj2_naked_1/000050/image.png
331,331,../../data/moge_dataset/HAMMER/scene3_traj2_naked_1/000060/image.jpg,../../data/moge_dataset/HAMMER/scene3_traj2_naked_1/000060/depth.png,../../data/moge_dataset/HAMMER/scene3_traj2_naked_1/000060/meta.json,HAMMER,../../data/depthanything/moge_dataset/HAMMER/scene3_traj2_naked_1/000060/image.png
332,332,../../data/moge_dataset/HAMMER/scene3_traj2_naked_1/000070/image.jpg,../../data/moge_dataset/HAMMER/scene3_traj2_naked_1/000070/depth.png,../../data/moge_dataset/HAMMER/scene3_traj2_naked_1/000070/meta.json,HAMMER,../../data/depthanything/moge_dataset/HAMMER/scene3_traj2_naked_1/000070/image.png
333,333,../../data/moge_dataset/HAMMER/scene3_traj2_naked_1/000080/image.jpg,../../data/moge_dataset/HAMMER/scene3_traj2_naked_1/000080/depth.png,../../data/moge_dataset/HAMMER/scene3_traj2_naked_1/000080/meta.json,HAMMER,../../data/depthanything/moge_dataset/HAMMER/scene3_traj2_naked_1/000080/image.png
334,334,../../data/moge_dataset/HAMMER/scene3_traj2_naked_1/000090/image.jpg,../../data/moge_dataset/HAMMER/scene3_traj2_naked_1/000090/depth.png,../../data/moge_dataset/HAMMER/scene3_traj2_naked_1/000090/meta.json,HAMMER,../../data/depthanything/moge_dataset/HAMMER/scene3_traj2_naked_1/000090/image.png
335,335,../../data/moge_dataset/HAMMER/scene3_traj2_naked_1/000100/image.jpg,../../data/moge_dataset/HAMMER/scene3_traj2_naked_1/000100/depth.png,../../data/moge_dataset/HAMMER/scene3_traj2_naked_1/000100/meta.json,HAMMER,../../data/depthanything/moge_dataset/HAMMER/scene3_traj2_naked_1/000100/image.png
336,336,../../data/moge_dataset/HAMMER/scene3_traj2_naked_1/000110/image.jpg,../../data/moge_dataset/HAMMER/scene3_traj2_naked_1/000110/depth.png,../../data/moge_dataset/HAMMER/scene3_traj2_naked_1/000110/meta.json,HAMMER,../../data/depthanything/moge_dataset/HAMMER/scene3_traj2_naked_1/000110/image.png
337,337,../../data/moge_dataset/HAMMER/scene3_traj2_naked_1/000120/image.jpg,../../data/moge_dataset/HAMMER/scene3_traj2_naked_1/000120/depth.png,../../data/moge_dataset/HAMMER/scene3_traj2_naked_1/000120/meta.json,HAMMER,../../data/depthanything/moge_dataset/HAMMER/scene3_traj2_naked_1/000120/image.png
338,338,../../data/moge_dataset/HAMMER/scene3_traj2_naked_1/000130/image.jpg,../../data/moge_dataset/HAMMER/scene3_traj2_naked_1/000130/depth.png,../../data/moge_dataset/HAMMER/scene3_traj2_naked_1/000130/meta.json,HAMMER,../../data/depthanything/moge_dataset/HAMMER/scene3_traj2_naked_1/000130/image.png
339,339,../../data/moge_dataset/HAMMER/scene3_traj2_naked_1/000140/image.jpg,../../data/moge_dataset/HAMMER/scene3_traj2_naked_1/000140/depth.png,../../data/moge_dataset/HAMMER/scene3_traj2_naked_1/000140/meta.json,HAMMER,../../data/depthanything/moge_dataset/HAMMER/scene3_traj2_naked_1/000140/image.png
340,340,../../data/moge_dataset/HAMMER/scene3_traj2_naked_1/000150/image.jpg,../../data/moge_dataset/HAMMER/scene3_traj2_naked_1/000150/depth.png,../../data/moge_dataset/HAMMER/scene3_traj2_naked_1/000150/meta.json,HAMMER,../../data/depthanything/moge_dataset/HAMMER/scene3_traj2_naked_1/000150/image.png
341,341,../../data/moge_dataset/HAMMER/scene3_traj2_naked_1/000160/image.jpg,../../data/moge_dataset/HAMMER/scene3_traj2_naked_1/000160/depth.png,../../data/moge_dataset/HAMMER/scene3_traj2_naked_1/000160/meta.json,HAMMER,../../data/depthanything/moge_dataset/HAMMER/scene3_traj2_naked_1/000160/image.png
342,342,../../data/moge_dataset/HAMMER/scene3_traj2_naked_1/000170/image.jpg,../../data/moge_dataset/HAMMER/scene3_traj2_naked_1/000170/depth.png,../../data/moge_dataset/HAMMER/scene3_traj2_naked_1/000170/meta.json,HAMMER,../../data/depthanything/moge_dataset/HAMMER/scene3_traj2_naked_1/000170/image.png
343,343,../../data/moge_dataset/HAMMER/scene3_traj2_naked_1/000180/image.jpg,../../data/moge_dataset/HAMMER/scene3_traj2_naked_1/000180/depth.png,../../data/moge_dataset/HAMMER/scene3_traj2_naked_1/000180/meta.json,HAMMER,../../data/depthanything/moge_dataset/HAMMER/scene3_traj2_naked_1/000180/image.png
344,344,../../data/moge_dataset/HAMMER/scene3_traj2_naked_1/000190/image.jpg,../../data/moge_dataset/HAMMER/scene3_traj2_naked_1/000190/depth.png,../../data/moge_dataset/HAMMER/scene3_traj2_naked_1/000190/meta.json,HAMMER,../../data/depthanything/moge_dataset/HAMMER/scene3_traj2_naked_1/000190/image.png
345,345,../../data/moge_dataset/HAMMER/scene3_traj2_naked_1/000200/image.jpg,../../data/moge_dataset/HAMMER/scene3_traj2_naked_1/000200/depth.png,../../data/moge_dataset/HAMMER/scene3_traj2_naked_1/000200/meta.json,HAMMER,../../data/depthanything/moge_dataset/HAMMER/scene3_traj2_naked_1/000200/image.png
346,346,../../data/moge_dataset/HAMMER/scene3_traj2_naked_1/000210/image.jpg,../../data/moge_dataset/HAMMER/scene3_traj2_naked_1/000210/depth.png,../../data/moge_dataset/HAMMER/scene3_traj2_naked_1/000210/meta.json,HAMMER,../../data/depthanything/moge_dataset/HAMMER/scene3_traj2_naked_1/000210/image.png
347,347,../../data/moge_dataset/HAMMER/scene3_traj2_naked_1/000220/image.jpg,../../data/moge_dataset/HAMMER/scene3_traj2_naked_1/000220/depth.png,../../data/moge_dataset/HAMMER/scene3_traj2_naked_1/000220/meta.json,HAMMER,../../data/depthanything/moge_dataset/HAMMER/scene3_traj2_naked_1/000220/image.png
348,348,../../data/moge_dataset/HAMMER/scene3_traj2_naked_1/000230/image.jpg,../../data/moge_dataset/HAMMER/scene3_traj2_naked_1/000230/depth.png,../../data/moge_dataset/HAMMER/scene3_traj2_naked_1/000230/meta.json,HAMMER,../../data/depthanything/moge_dataset/HAMMER/scene3_traj2_naked_1/000230/image.png
349,349,../../data/moge_dataset/HAMMER/scene3_traj2_naked_1/000240/image.jpg,../../data/moge_dataset/HAMMER/scene3_traj2_naked_1/000240/depth.png,../../data/moge_dataset/HAMMER/scene3_traj2_naked_1/000240/meta.json,HAMMER,../../data/depthanything/moge_dataset/HAMMER/scene3_traj2_naked_1/000240/image.png
350,350,../../data/moge_dataset/HAMMER/scene3_traj2_naked_1/000250/image.jpg,../../data/moge_dataset/HAMMER/scene3_traj2_naked_1/000250/depth.png,../../data/moge_dataset/HAMMER/scene3_traj2_naked_1/000250/meta.json,HAMMER,../../data/depthanything/moge_dataset/HAMMER/scene3_traj2_naked_1/000250/image.png
351,351,../../data/moge_dataset/HAMMER/scene3_traj2_naked_1/000260/image.jpg,../../data/moge_dataset/HAMMER/scene3_traj2_naked_1/000260/depth.png,../../data/moge_dataset/HAMMER/scene3_traj2_naked_1/000260/meta.json,HAMMER,../../data/depthanything/moge_dataset/HAMMER/scene3_traj2_naked_1/000260/image.png
352,352,../../data/moge_dataset/HAMMER/scene3_traj2_naked_1/000270/image.jpg,../../data/moge_dataset/HAMMER/scene3_traj2_naked_1/000270/depth.png,../../data/moge_dataset/HAMMER/scene3_traj2_naked_1/000270/meta.json,HAMMER,../../data/depthanything/moge_dataset/HAMMER/scene3_traj2_naked_1/000270/image.png
353,353,../../data/moge_dataset/HAMMER/scene3_traj2_naked_1/000280/image.jpg,../../data/moge_dataset/HAMMER/scene3_traj2_naked_1/000280/depth.png,../../data/moge_dataset/HAMMER/scene3_traj2_naked_1/000280/meta.json,HAMMER,../../data/depthanything/moge_dataset/HAMMER/scene3_traj2_naked_1/000280/image.png
354,354,../../data/moge_dataset/HAMMER/scene3_traj2_naked_1/000290/image.jpg,../../data/moge_dataset/HAMMER/scene3_traj2_naked_1/000290/depth.png,../../data/moge_dataset/HAMMER/scene3_traj2_naked_1/000290/meta.json,HAMMER,../../data/depthanything/moge_dataset/HAMMER/scene3_traj2_naked_1/000290/image.png
355,355,../../data/moge_dataset/HAMMER/scene3_traj2_naked_1/000300/image.jpg,../../data/moge_dataset/HAMMER/scene3_traj2_naked_1/000300/depth.png,../../data/moge_dataset/HAMMER/scene3_traj2_naked_1/000300/meta.json,HAMMER,../../data/depthanything/moge_dataset/HAMMER/scene3_traj2_naked_1/000300/image.png
356,356,../../data/moge_dataset/HAMMER/scene4_traj1_1/000000/image.jpg,../../data/moge_dataset/HAMMER/scene4_traj1_1/000000/depth.png,../../data/moge_dataset/HAMMER/scene4_traj1_1/000000/meta.json,HAMMER,../../data/depthanything/moge_dataset/HAMMER/scene4_traj1_1/000000/image.png
357,357,../../data/moge_dataset/HAMMER/scene4_traj1_1/000010/image.jpg,../../data/moge_dataset/HAMMER/scene4_traj1_1/000010/depth.png,../../data/moge_dataset/HAMMER/scene4_traj1_1/000010/meta.json,HAMMER,../../data/depthanything/moge_dataset/HAMMER/scene4_traj1_1/000010/image.png
358,358,../../data/moge_dataset/HAMMER/scene4_traj1_1/000020/image.jpg,../../data/moge_dataset/HAMMER/scene4_traj1_1/000020/depth.png,../../data/moge_dataset/HAMMER/scene4_traj1_1/000020/meta.json,HAMMER,../../data/depthanything/moge_dataset/HAMMER/scene4_traj1_1/000020/image.png
359,359,../../data/moge_dataset/HAMMER/scene4_traj1_1/000030/image.jpg,../../data/moge_dataset/HAMMER/scene4_traj1_1/000030/depth.png,../../data/moge_dataset/HAMMER/scene4_traj1_1/000030/meta.json,HAMMER,../../data/depthanything/moge_dataset/HAMMER/scene4_traj1_1/000030/image.png
360,360,../../data/moge_dataset/HAMMER/scene4_traj1_1/000040/image.jpg,../../data/moge_dataset/HAMMER/scene4_traj1_1/000040/depth.png,../../data/moge_dataset/HAMMER/scene4_traj1_1/000040/meta.json,HAMMER,../../data/depthanything/moge_dataset/HAMMER/scene4_traj1_1/000040/image.png
361,361,../../data/moge_dataset/HAMMER/scene4_traj1_1/000050/image.jpg,../../data/moge_dataset/HAMMER/scene4_traj1_1/000050/depth.png,../../data/moge_dataset/HAMMER/scene4_traj1_1/000050/meta.json,HAMMER,../../data/depthanything/moge_dataset/HAMMER/scene4_traj1_1/000050/image.png
362,362,../../data/moge_dataset/HAMMER/scene4_traj1_1/000060/image.jpg,../../data/moge_dataset/HAMMER/scene4_traj1_1/000060/depth.png,../../data/moge_dataset/HAMMER/scene4_traj1_1/000060/meta.json,HAMMER,../../data/depthanything/moge_dataset/HAMMER/scene4_traj1_1/000060/image.png
363,363,../../data/moge_dataset/HAMMER/scene4_traj1_1/000070/image.jpg,../../data/moge_dataset/HAMMER/scene4_traj1_1/000070/depth.png,../../data/moge_dataset/HAMMER/scene4_traj1_1/000070/meta.json,HAMMER,../../data/depthanything/moge_dataset/HAMMER/scene4_traj1_1/000070/image.png
364,364,../../data/moge_dataset/HAMMER/scene4_traj1_1/000080/image.jpg,../../data/moge_dataset/HAMMER/scene4_traj1_1/000080/depth.png,../../data/moge_dataset/HAMMER/scene4_traj1_1/000080/meta.json,HAMMER,../../data/depthanything/moge_dataset/HAMMER/scene4_traj1_1/000080/image.png
365,365,../../data/moge_dataset/HAMMER/scene4_traj1_1/000090/image.jpg,../../data/moge_dataset/HAMMER/scene4_traj1_1/000090/depth.png,../../data/moge_dataset/HAMMER/scene4_traj1_1/000090/meta.json,HAMMER,../../data/depthanything/moge_dataset/HAMMER/scene4_traj1_1/000090/image.png
366,366,../../data/moge_dataset/HAMMER/scene4_traj1_1/000100/image.jpg,../../data/moge_dataset/HAMMER/scene4_traj1_1/000100/depth.png,../../data/moge_dataset/HAMMER/scene4_traj1_1/000100/meta.json,HAMMER,../../data/depthanything/moge_dataset/HAMMER/scene4_traj1_1/000100/image.png
367,367,../../data/moge_dataset/HAMMER/scene4_traj1_1/000110/image.jpg,../../data/moge_dataset/HAMMER/scene4_traj1_1/000110/depth.png,../../data/moge_dataset/HAMMER/scene4_traj1_1/000110/meta.json,HAMMER,../../data/depthanything/moge_dataset/HAMMER/scene4_traj1_1/000110/image.png
368,368,../../data/moge_dataset/HAMMER/scene4_traj1_1/000120/image.jpg,../../data/moge_dataset/HAMMER/scene4_traj1_1/000120/depth.png,../../data/moge_dataset/HAMMER/scene4_traj1_1/000120/meta.json,HAMMER,../../data/depthanything/moge_dataset/HAMMER/scene4_traj1_1/000120/image.png
369,369,../../data/moge_dataset/HAMMER/scene4_traj1_1/000130/image.jpg,../../data/moge_dataset/HAMMER/scene4_traj1_1/000130/depth.png,../../data/moge_dataset/HAMMER/scene4_traj1_1/000130/meta.json,HAMMER,../../data/depthanything/moge_dataset/HAMMER/scene4_traj1_1/000130/image.png
370,370,../../data/moge_dataset/HAMMER/scene4_traj1_1/000140/image.jpg,../../data/moge_dataset/HAMMER/scene4_traj1_1/000140/depth.png,../../data/moge_dataset/HAMMER/scene4_traj1_1/000140/meta.json,HAMMER,../../data/depthanything/moge_dataset/HAMMER/scene4_traj1_1/000140/image.png
371,371,../../data/moge_dataset/HAMMER/scene4_traj1_1/000150/image.jpg,../../data/moge_dataset/HAMMER/scene4_traj1_1/000150/depth.png,../../data/moge_dataset/HAMMER/scene4_traj1_1/000150/meta.json,HAMMER,../../data/depthanything/moge_dataset/HAMMER/scene4_traj1_1/000150/image.png
372,372,../../data/moge_dataset/HAMMER/scene4_traj1_1/000160/image.jpg,../../data/moge_dataset/HAMMER/scene4_traj1_1/000160/depth.png,../../data/moge_dataset/HAMMER/scene4_traj1_1/000160/meta.json,HAMMER,../../data/depthanything/moge_dataset/HAMMER/scene4_traj1_1/000160/image.png
373,373,../../data/moge_dataset/HAMMER/scene4_traj1_1/000170/image.jpg,../../data/moge_dataset/HAMMER/scene4_traj1_1/000170/depth.png,../../data/moge_dataset/HAMMER/scene4_traj1_1/000170/meta.json,HAMMER,../../data/depthanything/moge_dataset/HAMMER/scene4_traj1_1/000170/image.png
374,374,../../data/moge_dataset/HAMMER/scene4_traj1_1/000180/image.jpg,../../data/moge_dataset/HAMMER/scene4_traj1_1/000180/depth.png,../../data/moge_dataset/HAMMER/scene4_traj1_1/000180/meta.json,HAMMER,../../data/depthanything/moge_dataset/HAMMER/scene4_traj1_1/000180/image.png
375,375,../../data/moge_dataset/HAMMER/scene4_traj1_1/000190/image.jpg,../../data/moge_dataset/HAMMER/scene4_traj1_1/000190/depth.png,../../data/moge_dataset/HAMMER/scene4_traj1_1/000190/meta.json,HAMMER,../../data/depthanything/moge_dataset/HAMMER/scene4_traj1_1/000190/image.png
376,376,../../data/moge_dataset/HAMMER/scene4_traj1_1/000200/image.jpg,../../data/moge_dataset/HAMMER/scene4_traj1_1/000200/depth.png,../../data/moge_dataset/HAMMER/scene4_traj1_1/000200/meta.json,HAMMER,../../data/depthanything/moge_dataset/HAMMER/scene4_traj1_1/000200/image.png
377,377,../../data/moge_dataset/HAMMER/scene4_traj1_1/000210/image.jpg,../../data/moge_dataset/HAMMER/scene4_traj1_1/000210/depth.png,../../data/moge_dataset/HAMMER/scene4_traj1_1/000210/meta.json,HAMMER,../../data/depthanything/moge_dataset/HAMMER/scene4_traj1_1/000210/image.png
378,378,../../data/moge_dataset/HAMMER/scene4_traj1_1/000220/image.jpg,../../data/moge_dataset/HAMMER/scene4_traj1_1/000220/depth.png,../../data/moge_dataset/HAMMER/scene4_traj1_1/000220/meta.json,HAMMER,../../data/depthanything/moge_dataset/HAMMER/scene4_traj1_1/000220/image.png
379,379,../../data/moge_dataset/HAMMER/scene4_traj1_1/000230/image.jpg,../../data/moge_dataset/HAMMER/scene4_traj1_1/000230/depth.png,../../data/moge_dataset/HAMMER/scene4_traj1_1/000230/meta.json,HAMMER,../../data/depthanything/moge_dataset/HAMMER/scene4_traj1_1/000230/image.png
380,380,../../data/moge_dataset/HAMMER/scene4_traj1_1/000240/image.jpg,../../data/moge_dataset/HAMMER/scene4_traj1_1/000240/depth.png,../../data/moge_dataset/HAMMER/scene4_traj1_1/000240/meta.json,HAMMER,../../data/depthanything/moge_dataset/HAMMER/scene4_traj1_1/000240/image.png
381,381,../../data/moge_dataset/HAMMER/scene4_traj1_1/000250/image.jpg,../../data/moge_dataset/HAMMER/scene4_traj1_1/000250/depth.png,../../data/moge_dataset/HAMMER/scene4_traj1_1/000250/meta.json,HAMMER,../../data/depthanything/moge_dataset/HAMMER/scene4_traj1_1/000250/image.png
382,382,../../data/moge_dataset/HAMMER/scene4_traj1_1/000260/image.jpg,../../data/moge_dataset/HAMMER/scene4_traj1_1/000260/depth.png,../../data/moge_dataset/HAMMER/scene4_traj1_1/000260/meta.json,HAMMER,../../data/depthanything/moge_dataset/HAMMER/scene4_traj1_1/000260/image.png
383,383,../../data/moge_dataset/HAMMER/scene4_traj1_1/000270/image.jpg,../../data/moge_dataset/HAMMER/scene4_traj1_1/000270/depth.png,../../data/moge_dataset/HAMMER/scene4_traj1_1/000270/meta.json,HAMMER,../../data/depthanything/moge_dataset/HAMMER/scene4_traj1_1/000270/image.png
384,384,../../data/moge_dataset/HAMMER/scene4_traj1_1/000280/image.jpg,../../data/moge_dataset/HAMMER/scene4_traj1_1/000280/depth.png,../../data/moge_dataset/HAMMER/scene4_traj1_1/000280/meta.json,HAMMER,../../data/depthanything/moge_dataset/HAMMER/scene4_traj1_1/000280/image.png
385,385,../../data/moge_dataset/HAMMER/scene4_traj1_1/000290/image.jpg,../../data/moge_dataset/HAMMER/scene4_traj1_1/000290/depth.png,../../data/moge_dataset/HAMMER/scene4_traj1_1/000290/meta.json,HAMMER,../../data/depthanything/moge_dataset/HAMMER/scene4_traj1_1/000290/image.png
386,386,../../data/moge_dataset/HAMMER/scene4_traj1_1/000300/image.jpg,../../data/moge_dataset/HAMMER/scene4_traj1_1/000300/depth.png,../../data/moge_dataset/HAMMER/scene4_traj1_1/000300/meta.json,HAMMER,../../data/depthanything/moge_dataset/HAMMER/scene4_traj1_1/000300/image.png
387,387,../../data/moge_dataset/HAMMER/scene4_traj1_1/000310/image.jpg,../../data/moge_dataset/HAMMER/scene4_traj1_1/000310/depth.png,../../data/moge_dataset/HAMMER/scene4_traj1_1/000310/meta.json,HAMMER,../../data/depthanything/moge_dataset/HAMMER/scene4_traj1_1/000310/image.png
388,388,../../data/moge_dataset/HAMMER/scene4_traj1_1/000320/image.jpg,../../data/moge_dataset/HAMMER/scene4_traj1_1/000320/depth.png,../../data/moge_dataset/HAMMER/scene4_traj1_1/000320/meta.json,HAMMER,../../data/depthanything/moge_dataset/HAMMER/scene4_traj1_1/000320/image.png
389,389,../../data/moge_dataset/HAMMER/scene5_traj1_1/000000/image.jpg,../../data/moge_dataset/HAMMER/scene5_traj1_1/000000/depth.png,../../data/moge_dataset/HAMMER/scene5_traj1_1/000000/meta.json,HAMMER,../../data/depthanything/moge_dataset/HAMMER/scene5_traj1_1/000000/image.png
390,390,../../data/moge_dataset/HAMMER/scene5_traj1_1/000010/image.jpg,../../data/moge_dataset/HAMMER/scene5_traj1_1/000010/depth.png,../../data/moge_dataset/HAMMER/scene5_traj1_1/000010/meta.json,HAMMER,../../data/depthanything/moge_dataset/HAMMER/scene5_traj1_1/000010/image.png
391,391,../../data/moge_dataset/HAMMER/scene5_traj1_1/000020/image.jpg,../../data/moge_dataset/HAMMER/scene5_traj1_1/000020/depth.png,../../data/moge_dataset/HAMMER/scene5_traj1_1/000020/meta.json,HAMMER,../../data/depthanything/moge_dataset/HAMMER/scene5_traj1_1/000020/image.png
392,392,../../data/moge_dataset/HAMMER/scene5_traj1_1/000030/image.jpg,../../data/moge_dataset/HAMMER/scene5_traj1_1/000030/depth.png,../../data/moge_dataset/HAMMER/scene5_traj1_1/000030/meta.json,HAMMER,../../data/depthanything/moge_dataset/HAMMER/scene5_traj1_1/000030/image.png
393,393,../../data/moge_dataset/HAMMER/scene5_traj1_1/000040/image.jpg,../../data/moge_dataset/HAMMER/scene5_traj1_1/000040/depth.png,../../data/moge_dataset/HAMMER/scene5_traj1_1/000040/meta.json,HAMMER,../../data/depthanything/moge_dataset/HAMMER/scene5_traj1_1/000040/image.png
394,394,../../data/moge_dataset/HAMMER/scene5_traj1_1/000050/image.jpg,../../data/moge_dataset/HAMMER/scene5_traj1_1/000050/depth.png,../../data/moge_dataset/HAMMER/scene5_traj1_1/000050/meta.json,HAMMER,../../data/depthanything/moge_dataset/HAMMER/scene5_traj1_1/000050/image.png
395,395,../../data/moge_dataset/HAMMER/scene5_traj1_1/000060/image.jpg,../../data/moge_dataset/HAMMER/scene5_traj1_1/000060/depth.png,../../data/moge_dataset/HAMMER/scene5_traj1_1/000060/meta.json,HAMMER,../../data/depthanything/moge_dataset/HAMMER/scene5_traj1_1/000060/image.png
396,396,../../data/moge_dataset/HAMMER/scene5_traj1_1/000070/image.jpg,../../data/moge_dataset/HAMMER/scene5_traj1_1/000070/depth.png,../../data/moge_dataset/HAMMER/scene5_traj1_1/000070/meta.json,HAMMER,../../data/depthanything/moge_dataset/HAMMER/scene5_traj1_1/000070/image.png
397,397,../../data/moge_dataset/HAMMER/scene5_traj1_1/000080/image.jpg,../../data/moge_dataset/HAMMER/scene5_traj1_1/000080/depth.png,../../data/moge_dataset/HAMMER/scene5_traj1_1/000080/meta.json,HAMMER,../../data/depthanything/moge_dataset/HAMMER/scene5_traj1_1/000080/image.png
398,398,../../data/moge_dataset/HAMMER/scene5_traj1_1/000090/image.jpg,../../data/moge_dataset/HAMMER/scene5_traj1_1/000090/depth.png,../../data/moge_dataset/HAMMER/scene5_traj1_1/000090/meta.json,HAMMER,../../data/depthanything/moge_dataset/HAMMER/scene5_traj1_1/000090/image.png
399,399,../../data/moge_dataset/HAMMER/scene5_traj1_1/000100/image.jpg,../../data/moge_dataset/HAMMER/scene5_traj1_1/000100/depth.png,../../data/moge_dataset/HAMMER/scene5_traj1_1/000100/meta.json,HAMMER,../../data/depthanything/moge_dataset/HAMMER/scene5_traj1_1/000100/image.png
400,400,../../data/moge_dataset/HAMMER/scene5_traj1_1/000110/image.jpg,../../data/moge_dataset/HAMMER/scene5_traj1_1/000110/depth.png,../../data/moge_dataset/HAMMER/scene5_traj1_1/000110/meta.json,HAMMER,../../data/depthanything/moge_dataset/HAMMER/scene5_traj1_1/000110/image.png
401,401,../../data/moge_dataset/HAMMER/scene5_traj1_1/000120/image.jpg,../../data/moge_dataset/HAMMER/scene5_traj1_1/000120/depth.png,../../data/moge_dataset/HAMMER/scene5_traj1_1/000120/meta.json,HAMMER,../../data/depthanything/moge_dataset/HAMMER/scene5_traj1_1/000120/image.png
402,402,../../data/moge_dataset/HAMMER/scene5_traj1_1/000130/image.jpg,../../data/moge_dataset/HAMMER/scene5_traj1_1/000130/depth.png,../../data/moge_dataset/HAMMER/scene5_traj1_1/000130/meta.json,HAMMER,../../data/depthanything/moge_dataset/HAMMER/scene5_traj1_1/000130/image.png
403,403,../../data/moge_dataset/HAMMER/scene5_traj1_1/000140/image.jpg,../../data/moge_dataset/HAMMER/scene5_traj1_1/000140/depth.png,../../data/moge_dataset/HAMMER/scene5_traj1_1/000140/meta.json,HAMMER,../../data/depthanything/moge_dataset/HAMMER/scene5_traj1_1/000140/image.png
404,404,../../data/moge_dataset/HAMMER/scene5_traj1_1/000150/image.jpg,../../data/moge_dataset/HAMMER/scene5_traj1_1/000150/depth.png,../../data/moge_dataset/HAMMER/scene5_traj1_1/000150/meta.json,HAMMER,../../data/depthanything/moge_dataset/HAMMER/scene5_traj1_1/000150/image.png
405,405,../../data/moge_dataset/HAMMER/scene5_traj1_1/000160/image.jpg,../../data/moge_dataset/HAMMER/scene5_traj1_1/000160/depth.png,../../data/moge_dataset/HAMMER/scene5_traj1_1/000160/meta.json,HAMMER,../../data/depthanything/moge_dataset/HAMMER/scene5_traj1_1/000160/image.png
406,406,../../data/moge_dataset/HAMMER/scene5_traj1_1/000170/image.jpg,../../data/moge_dataset/HAMMER/scene5_traj1_1/000170/depth.png,../../data/moge_dataset/HAMMER/scene5_traj1_1/000170/meta.json,HAMMER,../../data/depthanything/moge_dataset/HAMMER/scene5_traj1_1/000170/image.png
407,407,../../data/moge_dataset/HAMMER/scene5_traj1_1/000180/image.jpg,../../data/moge_dataset/HAMMER/scene5_traj1_1/000180/depth.png,../../data/moge_dataset/HAMMER/scene5_traj1_1/000180/meta.json,HAMMER,../../data/depthanything/moge_dataset/HAMMER/scene5_traj1_1/000180/image.png
408,408,../../data/moge_dataset/HAMMER/scene5_traj1_1/000190/image.jpg,../../data/moge_dataset/HAMMER/scene5_traj1_1/000190/depth.png,../../data/moge_dataset/HAMMER/scene5_traj1_1/000190/meta.json,HAMMER,../../data/depthanything/moge_dataset/HAMMER/scene5_traj1_1/000190/image.png
409,409,../../data/moge_dataset/HAMMER/scene5_traj1_1/000200/image.jpg,../../data/moge_dataset/HAMMER/scene5_traj1_1/000200/depth.png,../../data/moge_dataset/HAMMER/scene5_traj1_1/000200/meta.json,HAMMER,../../data/depthanything/moge_dataset/HAMMER/scene5_traj1_1/000200/image.png
410,410,../../data/moge_dataset/HAMMER/scene5_traj1_1/000210/image.jpg,../../data/moge_dataset/HAMMER/scene5_traj1_1/000210/depth.png,../../data/moge_dataset/HAMMER/scene5_traj1_1/000210/meta.json,HAMMER,../../data/depthanything/moge_dataset/HAMMER/scene5_traj1_1/000210/image.png
411,411,../../data/moge_dataset/HAMMER/scene5_traj1_1/000220/image.jpg,../../data/moge_dataset/HAMMER/scene5_traj1_1/000220/depth.png,../../data/moge_dataset/HAMMER/scene5_traj1_1/000220/meta.json,HAMMER,../../data/depthanything/moge_dataset/HAMMER/scene5_traj1_1/000220/image.png
412,412,../../data/moge_dataset/HAMMER/scene5_traj1_1/000230/image.jpg,../../data/moge_dataset/HAMMER/scene5_traj1_1/000230/depth.png,../../data/moge_dataset/HAMMER/scene5_traj1_1/000230/meta.json,HAMMER,../../data/depthanything/moge_dataset/HAMMER/scene5_traj1_1/000230/image.png
413,413,../../data/moge_dataset/HAMMER/scene5_traj1_1/000240/image.jpg,../../data/moge_dataset/HAMMER/scene5_traj1_1/000240/depth.png,../../data/moge_dataset/HAMMER/scene5_traj1_1/000240/meta.json,HAMMER,../../data/depthanything/moge_dataset/HAMMER/scene5_traj1_1/000240/image.png
414,414,../../data/moge_dataset/HAMMER/scene5_traj1_1/000250/image.jpg,../../data/moge_dataset/HAMMER/scene5_traj1_1/000250/depth.png,../../data/moge_dataset/HAMMER/scene5_traj1_1/000250/meta.json,HAMMER,../../data/depthanything/moge_dataset/HAMMER/scene5_traj1_1/000250/image.png
415,415,../../data/moge_dataset/HAMMER/scene5_traj1_1/000260/image.jpg,../../data/moge_dataset/HAMMER/scene5_traj1_1/000260/depth.png,../../data/moge_dataset/HAMMER/scene5_traj1_1/000260/meta.json,HAMMER,../../data/depthanything/moge_dataset/HAMMER/scene5_traj1_1/000260/image.png
416,416,../../data/moge_dataset/HAMMER/scene5_traj1_1/000270/image.jpg,../../data/moge_dataset/HAMMER/scene5_traj1_1/000270/depth.png,../../data/moge_dataset/HAMMER/scene5_traj1_1/000270/meta.json,HAMMER,../../data/depthanything/moge_dataset/HAMMER/scene5_traj1_1/000270/image.png
417,417,../../data/moge_dataset/HAMMER/scene5_traj1_1/000280/image.jpg,../../data/moge_dataset/HAMMER/scene5_traj1_1/000280/depth.png,../../data/moge_dataset/HAMMER/scene5_traj1_1/000280/meta.json,HAMMER,../../data/depthanything/moge_dataset/HAMMER/scene5_traj1_1/000280/image.png
418,418,../../data/moge_dataset/HAMMER/scene5_traj1_1/000290/image.jpg,../../data/moge_dataset/HAMMER/scene5_traj1_1/000290/depth.png,../../data/moge_dataset/HAMMER/scene5_traj1_1/000290/meta.json,HAMMER,../../data/depthanything/moge_dataset/HAMMER/scene5_traj1_1/000290/image.png
419,419,../../data/moge_dataset/HAMMER/scene5_traj1_1/000300/image.jpg,../../data/moge_dataset/HAMMER/scene5_traj1_1/000300/depth.png,../../data/moge_dataset/HAMMER/scene5_traj1_1/000300/meta.json,HAMMER,../../data/depthanything/moge_dataset/HAMMER/scene5_traj1_1/000300/image.png
420,420,../../data/moge_dataset/HAMMER/scene5_traj1_1/000310/image.jpg,../../data/moge_dataset/HAMMER/scene5_traj1_1/000310/depth.png,../../data/moge_dataset/HAMMER/scene5_traj1_1/000310/meta.json,HAMMER,../../data/depthanything/moge_dataset/HAMMER/scene5_traj1_1/000310/image.png
421,421,../../data/moge_dataset/HAMMER/scene5_traj1_1/000320/image.jpg,../../data/moge_dataset/HAMMER/scene5_traj1_1/000320/depth.png,../../data/moge_dataset/HAMMER/scene5_traj1_1/000320/meta.json,HAMMER,../../data/depthanything/moge_dataset/HAMMER/scene5_traj1_1/000320/image.png
422,422,../../data/moge_dataset/HAMMER/scene5_traj1_naked_1/000000/image.jpg,../../data/moge_dataset/HAMMER/scene5_traj1_naked_1/000000/depth.png,../../data/moge_dataset/HAMMER/scene5_traj1_naked_1/000000/meta.json,HAMMER,../../data/depthanything/moge_dataset/HAMMER/scene5_traj1_naked_1/000000/image.png
423,423,../../data/moge_dataset/HAMMER/scene5_traj1_naked_1/000010/image.jpg,../../data/moge_dataset/HAMMER/scene5_traj1_naked_1/000010/depth.png,../../data/moge_dataset/HAMMER/scene5_traj1_naked_1/000010/meta.json,HAMMER,../../data/depthanything/moge_dataset/HAMMER/scene5_traj1_naked_1/000010/image.png
424,424,../../data/moge_dataset/HAMMER/scene5_traj1_naked_1/000020/image.jpg,../../data/moge_dataset/HAMMER/scene5_traj1_naked_1/000020/depth.png,../../data/moge_dataset/HAMMER/scene5_traj1_naked_1/000020/meta.json,HAMMER,../../data/depthanything/moge_dataset/HAMMER/scene5_traj1_naked_1/000020/image.png
425,425,../../data/moge_dataset/HAMMER/scene5_traj1_naked_1/000030/image.jpg,../../data/moge_dataset/HAMMER/scene5_traj1_naked_1/000030/depth.png,../../data/moge_dataset/HAMMER/scene5_traj1_naked_1/000030/meta.json,HAMMER,../../data/depthanything/moge_dataset/HAMMER/scene5_traj1_naked_1/000030/image.png
426,426,../../data/moge_dataset/HAMMER/scene5_traj1_naked_1/000040/image.jpg,../../data/moge_dataset/HAMMER/scene5_traj1_naked_1/000040/depth.png,../../data/moge_dataset/HAMMER/scene5_traj1_naked_1/000040/meta.json,HAMMER,../../data/depthanything/moge_dataset/HAMMER/scene5_traj1_naked_1/000040/image.png
427,427,../../data/moge_dataset/HAMMER/scene5_traj1_naked_1/000050/image.jpg,../../data/moge_dataset/HAMMER/scene5_traj1_naked_1/000050/depth.png,../../data/moge_dataset/HAMMER/scene5_traj1_naked_1/000050/meta.json,HAMMER,../../data/depthanything/moge_dataset/HAMMER/scene5_traj1_naked_1/000050/image.png
428,428,../../data/moge_dataset/HAMMER/scene5_traj1_naked_1/000060/image.jpg,../../data/moge_dataset/HAMMER/scene5_traj1_naked_1/000060/depth.png,../../data/moge_dataset/HAMMER/scene5_traj1_naked_1/000060/meta.json,HAMMER,../../data/depthanything/moge_dataset/HAMMER/scene5_traj1_naked_1/000060/image.png
429,429,../../data/moge_dataset/HAMMER/scene5_traj1_naked_1/000070/image.jpg,../../data/moge_dataset/HAMMER/scene5_traj1_naked_1/000070/depth.png,../../data/moge_dataset/HAMMER/scene5_traj1_naked_1/000070/meta.json,HAMMER,../../data/depthanything/moge_dataset/HAMMER/scene5_traj1_naked_1/000070/image.png
430,430,../../data/moge_dataset/HAMMER/scene5_traj1_naked_1/000080/image.jpg,../../data/moge_dataset/HAMMER/scene5_traj1_naked_1/000080/depth.png,../../data/moge_dataset/HAMMER/scene5_traj1_naked_1/000080/meta.json,HAMMER,../../data/depthanything/moge_dataset/HAMMER/scene5_traj1_naked_1/000080/image.png
431,431,../../data/moge_dataset/HAMMER/scene5_traj1_naked_1/000090/image.jpg,../../data/moge_dataset/HAMMER/scene5_traj1_naked_1/000090/depth.png,../../data/moge_dataset/HAMMER/scene5_traj1_naked_1/000090/meta.json,HAMMER,../../data/depthanything/moge_dataset/HAMMER/scene5_traj1_naked_1/000090/image.png
432,432,../../data/moge_dataset/HAMMER/scene5_traj1_naked_1/000100/image.jpg,../../data/moge_dataset/HAMMER/scene5_traj1_naked_1/000100/depth.png,../../data/moge_dataset/HAMMER/scene5_traj1_naked_1/000100/meta.json,HAMMER,../../data/depthanything/moge_dataset/HAMMER/scene5_traj1_naked_1/000100/image.png
433,433,../../data/moge_dataset/HAMMER/scene5_traj1_naked_1/000110/image.jpg,../../data/moge_dataset/HAMMER/scene5_traj1_naked_1/000110/depth.png,../../data/moge_dataset/HAMMER/scene5_traj1_naked_1/000110/meta.json,HAMMER,../../data/depthanything/moge_dataset/HAMMER/scene5_traj1_naked_1/000110/image.png
434,434,../../data/moge_dataset/HAMMER/scene5_traj1_naked_1/000120/image.jpg,../../data/moge_dataset/HAMMER/scene5_traj1_naked_1/000120/depth.png,../../data/moge_dataset/HAMMER/scene5_traj1_naked_1/000120/meta.json,HAMMER,../../data/depthanything/moge_dataset/HAMMER/scene5_traj1_naked_1/000120/image.png
435,435,../../data/moge_dataset/HAMMER/scene5_traj1_naked_1/000130/image.jpg,../../data/moge_dataset/HAMMER/scene5_traj1_naked_1/000130/depth.png,../../data/moge_dataset/HAMMER/scene5_traj1_naked_1/000130/meta.json,HAMMER,../../data/depthanything/moge_dataset/HAMMER/scene5_traj1_naked_1/000130/image.png
436,436,../../data/moge_dataset/HAMMER/scene5_traj1_naked_1/000140/image.jpg,../../data/moge_dataset/HAMMER/scene5_traj1_naked_1/000140/depth.png,../../data/moge_dataset/HAMMER/scene5_traj1_naked_1/000140/meta.json,HAMMER,../../data/depthanything/moge_dataset/HAMMER/scene5_traj1_naked_1/000140/image.png
437,437,../../data/moge_dataset/HAMMER/scene5_traj1_naked_1/000150/image.jpg,../../data/moge_dataset/HAMMER/scene5_traj1_naked_1/000150/depth.png,../../data/moge_dataset/HAMMER/scene5_traj1_naked_1/000150/meta.json,HAMMER,../../data/depthanything/moge_dataset/HAMMER/scene5_traj1_naked_1/000150/image.png
438,438,../../data/moge_dataset/HAMMER/scene5_traj1_naked_1/000160/image.jpg,../../data/moge_dataset/HAMMER/scene5_traj1_naked_1/000160/depth.png,../../data/moge_dataset/HAMMER/scene5_traj1_naked_1/000160/meta.json,HAMMER,../../data/depthanything/moge_dataset/HAMMER/scene5_traj1_naked_1/000160/image.png
439,439,../../data/moge_dataset/HAMMER/scene5_traj1_naked_1/000170/image.jpg,../../data/moge_dataset/HAMMER/scene5_traj1_naked_1/000170/depth.png,../../data/moge_dataset/HAMMER/scene5_traj1_naked_1/000170/meta.json,HAMMER,../../data/depthanything/moge_dataset/HAMMER/scene5_traj1_naked_1/000170/image.png
440,440,../../data/moge_dataset/HAMMER/scene5_traj1_naked_1/000180/image.jpg,../../data/moge_dataset/HAMMER/scene5_traj1_naked_1/000180/depth.png,../../data/moge_dataset/HAMMER/scene5_traj1_naked_1/000180/meta.json,HAMMER,../../data/depthanything/moge_dataset/HAMMER/scene5_traj1_naked_1/000180/image.png
441,441,../../data/moge_dataset/HAMMER/scene5_traj1_naked_1/000190/image.jpg,../../data/moge_dataset/HAMMER/scene5_traj1_naked_1/000190/depth.png,../../data/moge_dataset/HAMMER/scene5_traj1_naked_1/000190/meta.json,HAMMER,../../data/depthanything/moge_dataset/HAMMER/scene5_traj1_naked_1/000190/image.png
442,442,../../data/moge_dataset/HAMMER/scene5_traj1_naked_1/000200/image.jpg,../../data/moge_dataset/HAMMER/scene5_traj1_naked_1/000200/depth.png,../../data/moge_dataset/HAMMER/scene5_traj1_naked_1/000200/meta.json,HAMMER,../../data/depthanything/moge_dataset/HAMMER/scene5_traj1_naked_1/000200/image.png
443,443,../../data/moge_dataset/HAMMER/scene5_traj1_naked_1/000210/image.jpg,../../data/moge_dataset/HAMMER/scene5_traj1_naked_1/000210/depth.png,../../data/moge_dataset/HAMMER/scene5_traj1_naked_1/000210/meta.json,HAMMER,../../data/depthanything/moge_dataset/HAMMER/scene5_traj1_naked_1/000210/image.png
444,444,../../data/moge_dataset/HAMMER/scene5_traj1_naked_1/000220/image.jpg,../../data/moge_dataset/HAMMER/scene5_traj1_naked_1/000220/depth.png,../../data/moge_dataset/HAMMER/scene5_traj1_naked_1/000220/meta.json,HAMMER,../../data/depthanything/moge_dataset/HAMMER/scene5_traj1_naked_1/000220/image.png
445,445,../../data/moge_dataset/HAMMER/scene5_traj1_naked_1/000230/image.jpg,../../data/moge_dataset/HAMMER/scene5_traj1_naked_1/000230/depth.png,../../data/moge_dataset/HAMMER/scene5_traj1_naked_1/000230/meta.json,HAMMER,../../data/depthanything/moge_dataset/HAMMER/scene5_traj1_naked_1/000230/image.png
446,446,../../data/moge_dataset/HAMMER/scene5_traj1_naked_1/000240/image.jpg,../../data/moge_dataset/HAMMER/scene5_traj1_naked_1/000240/depth.png,../../data/moge_dataset/HAMMER/scene5_traj1_naked_1/000240/meta.json,HAMMER,../../data/depthanything/moge_dataset/HAMMER/scene5_traj1_naked_1/000240/image.png
447,447,../../data/moge_dataset/HAMMER/scene5_traj1_naked_1/000250/image.jpg,../../data/moge_dataset/HAMMER/scene5_traj1_naked_1/000250/depth.png,../../data/moge_dataset/HAMMER/scene5_traj1_naked_1/000250/meta.json,HAMMER,../../data/depthanything/moge_dataset/HAMMER/scene5_traj1_naked_1/000250/image.png
448,448,../../data/moge_dataset/HAMMER/scene5_traj1_naked_1/000260/image.jpg,../../data/moge_dataset/HAMMER/scene5_traj1_naked_1/000260/depth.png,../../data/moge_dataset/HAMMER/scene5_traj1_naked_1/000260/meta.json,HAMMER,../../data/depthanything/moge_dataset/HAMMER/scene5_traj1_naked_1/000260/image.png
449,449,../../data/moge_dataset/HAMMER/scene5_traj1_naked_1/000270/image.jpg,../../data/moge_dataset/HAMMER/scene5_traj1_naked_1/000270/depth.png,../../data/moge_dataset/HAMMER/scene5_traj1_naked_1/000270/meta.json,HAMMER,../../data/depthanything/moge_dataset/HAMMER/scene5_traj1_naked_1/000270/image.png
450,450,../../data/moge_dataset/HAMMER/scene5_traj1_naked_1/000280/image.jpg,../../data/moge_dataset/HAMMER/scene5_traj1_naked_1/000280/depth.png,../../data/moge_dataset/HAMMER/scene5_traj1_naked_1/000280/meta.json,HAMMER,../../data/depthanything/moge_dataset/HAMMER/scene5_traj1_naked_1/000280/image.png
451,451,../../data/moge_dataset/HAMMER/scene5_traj1_naked_1/000290/image.jpg,../../data/moge_dataset/HAMMER/scene5_traj1_naked_1/000290/depth.png,../../data/moge_dataset/HAMMER/scene5_traj1_naked_1/000290/meta.json,HAMMER,../../data/depthanything/moge_dataset/HAMMER/scene5_traj1_naked_1/000290/image.png
452,452,../../data/moge_dataset/HAMMER/scene5_traj1_naked_1/000300/image.jpg,../../data/moge_dataset/HAMMER/scene5_traj1_naked_1/000300/depth.png,../../data/moge_dataset/HAMMER/scene5_traj1_naked_1/000300/meta.json,HAMMER,../../data/depthanything/moge_dataset/HAMMER/scene5_traj1_naked_1/000300/image.png
453,453,../../data/moge_dataset/HAMMER/scene5_traj1_naked_1/000310/image.jpg,../../data/moge_dataset/HAMMER/scene5_traj1_naked_1/000310/depth.png,../../data/moge_dataset/HAMMER/scene5_traj1_naked_1/000310/meta.json,HAMMER,../../data/depthanything/moge_dataset/HAMMER/scene5_traj1_naked_1/000310/image.png
454,454,../../data/moge_dataset/HAMMER/scene5_traj1_naked_1/000320/image.jpg,../../data/moge_dataset/HAMMER/scene5_traj1_naked_1/000320/depth.png,../../data/moge_dataset/HAMMER/scene5_traj1_naked_1/000320/meta.json,HAMMER,../../data/depthanything/moge_dataset/HAMMER/scene5_traj1_naked_1/000320/image.png
455,455,../../data/moge_dataset/HAMMER/scene5_traj2_1/000000/image.jpg,../../data/moge_dataset/HAMMER/scene5_traj2_1/000000/depth.png,../../data/moge_dataset/HAMMER/scene5_traj2_1/000000/meta.json,HAMMER,../../data/depthanything/moge_dataset/HAMMER/scene5_traj2_1/000000/image.png
456,456,../../data/moge_dataset/HAMMER/scene5_traj2_1/000010/image.jpg,../../data/moge_dataset/HAMMER/scene5_traj2_1/000010/depth.png,../../data/moge_dataset/HAMMER/scene5_traj2_1/000010/meta.json,HAMMER,../../data/depthanything/moge_dataset/HAMMER/scene5_traj2_1/000010/image.png
457,457,../../data/moge_dataset/HAMMER/scene5_traj2_1/000020/image.jpg,../../data/moge_dataset/HAMMER/scene5_traj2_1/000020/depth.png,../../data/moge_dataset/HAMMER/scene5_traj2_1/000020/meta.json,HAMMER,../../data/depthanything/moge_dataset/HAMMER/scene5_traj2_1/000020/image.png
458,458,../../data/moge_dataset/HAMMER/scene5_traj2_1/000030/image.jpg,../../data/moge_dataset/HAMMER/scene5_traj2_1/000030/depth.png,../../data/moge_dataset/HAMMER/scene5_traj2_1/000030/meta.json,HAMMER,../../data/depthanything/moge_dataset/HAMMER/scene5_traj2_1/000030/image.png
459,459,../../data/moge_dataset/HAMMER/scene5_traj2_1/000040/image.jpg,../../data/moge_dataset/HAMMER/scene5_traj2_1/000040/depth.png,../../data/moge_dataset/HAMMER/scene5_traj2_1/000040/meta.json,HAMMER,../../data/depthanything/moge_dataset/HAMMER/scene5_traj2_1/000040/image.png
460,460,../../data/moge_dataset/HAMMER/scene5_traj2_1/000050/image.jpg,../../data/moge_dataset/HAMMER/scene5_traj2_1/000050/depth.png,../../data/moge_dataset/HAMMER/scene5_traj2_1/000050/meta.json,HAMMER,../../data/depthanything/moge_dataset/HAMMER/scene5_traj2_1/000050/image.png
461,461,../../data/moge_dataset/HAMMER/scene5_traj2_1/000060/image.jpg,../../data/moge_dataset/HAMMER/scene5_traj2_1/000060/depth.png,../../data/moge_dataset/HAMMER/scene5_traj2_1/000060/meta.json,HAMMER,../../data/depthanything/moge_dataset/HAMMER/scene5_traj2_1/000060/image.png
462,462,../../data/moge_dataset/HAMMER/scene5_traj2_1/000070/image.jpg,../../data/moge_dataset/HAMMER/scene5_traj2_1/000070/depth.png,../../data/moge_dataset/HAMMER/scene5_traj2_1/000070/meta.json,HAMMER,../../data/depthanything/moge_dataset/HAMMER/scene5_traj2_1/000070/image.png
463,463,../../data/moge_dataset/HAMMER/scene5_traj2_1/000080/image.jpg,../../data/moge_dataset/HAMMER/scene5_traj2_1/000080/depth.png,../../data/moge_dataset/HAMMER/scene5_traj2_1/000080/meta.json,HAMMER,../../data/depthanything/moge_dataset/HAMMER/scene5_traj2_1/000080/image.png
464,464,../../data/moge_dataset/HAMMER/scene5_traj2_1/000090/image.jpg,../../data/moge_dataset/HAMMER/scene5_traj2_1/000090/depth.png,../../data/moge_dataset/HAMMER/scene5_traj2_1/000090/meta.json,HAMMER,../../data/depthanything/moge_dataset/HAMMER/scene5_traj2_1/000090/image.png
465,465,../../data/moge_dataset/HAMMER/scene5_traj2_1/000100/image.jpg,../../data/moge_dataset/HAMMER/scene5_traj2_1/000100/depth.png,../../data/moge_dataset/HAMMER/scene5_traj2_1/000100/meta.json,HAMMER,../../data/depthanything/moge_dataset/HAMMER/scene5_traj2_1/000100/image.png
466,466,../../data/moge_dataset/HAMMER/scene5_traj2_1/000110/image.jpg,../../data/moge_dataset/HAMMER/scene5_traj2_1/000110/depth.png,../../data/moge_dataset/HAMMER/scene5_traj2_1/000110/meta.json,HAMMER,../../data/depthanything/moge_dataset/HAMMER/scene5_traj2_1/000110/image.png
467,467,../../data/moge_dataset/HAMMER/scene5_traj2_1/000120/image.jpg,../../data/moge_dataset/HAMMER/scene5_traj2_1/000120/depth.png,../../data/moge_dataset/HAMMER/scene5_traj2_1/000120/meta.json,HAMMER,../../data/depthanything/moge_dataset/HAMMER/scene5_traj2_1/000120/image.png
468,468,../../data/moge_dataset/HAMMER/scene5_traj2_1/000130/image.jpg,../../data/moge_dataset/HAMMER/scene5_traj2_1/000130/depth.png,../../data/moge_dataset/HAMMER/scene5_traj2_1/000130/meta.json,HAMMER,../../data/depthanything/moge_dataset/HAMMER/scene5_traj2_1/000130/image.png
469,469,../../data/moge_dataset/HAMMER/scene5_traj2_1/000140/image.jpg,../../data/moge_dataset/HAMMER/scene5_traj2_1/000140/depth.png,../../data/moge_dataset/HAMMER/scene5_traj2_1/000140/meta.json,HAMMER,../../data/depthanything/moge_dataset/HAMMER/scene5_traj2_1/000140/image.png
470,470,../../data/moge_dataset/HAMMER/scene5_traj2_1/000150/image.jpg,../../data/moge_dataset/HAMMER/scene5_traj2_1/000150/depth.png,../../data/moge_dataset/HAMMER/scene5_traj2_1/000150/meta.json,HAMMER,../../data/depthanything/moge_dataset/HAMMER/scene5_traj2_1/000150/image.png
471,471,../../data/moge_dataset/HAMMER/scene5_traj2_1/000160/image.jpg,../../data/moge_dataset/HAMMER/scene5_traj2_1/000160/depth.png,../../data/moge_dataset/HAMMER/scene5_traj2_1/000160/meta.json,HAMMER,../../data/depthanything/moge_dataset/HAMMER/scene5_traj2_1/000160/image.png
472,472,../../data/moge_dataset/HAMMER/scene5_traj2_1/000170/image.jpg,../../data/moge_dataset/HAMMER/scene5_traj2_1/000170/depth.png,../../data/moge_dataset/HAMMER/scene5_traj2_1/000170/meta.json,HAMMER,../../data/depthanything/moge_dataset/HAMMER/scene5_traj2_1/000170/image.png
473,473,../../data/moge_dataset/HAMMER/scene5_traj2_1/000180/image.jpg,../../data/moge_dataset/HAMMER/scene5_traj2_1/000180/depth.png,../../data/moge_dataset/HAMMER/scene5_traj2_1/000180/meta.json,HAMMER,../../data/depthanything/moge_dataset/HAMMER/scene5_traj2_1/000180/image.png
474,474,../../data/moge_dataset/HAMMER/scene5_traj2_1/000190/image.jpg,../../data/moge_dataset/HAMMER/scene5_traj2_1/000190/depth.png,../../data/moge_dataset/HAMMER/scene5_traj2_1/000190/meta.json,HAMMER,../../data/depthanything/moge_dataset/HAMMER/scene5_traj2_1/000190/image.png
475,475,../../data/moge_dataset/HAMMER/scene5_traj2_1/000200/image.jpg,../../data/moge_dataset/HAMMER/scene5_traj2_1/000200/depth.png,../../data/moge_dataset/HAMMER/scene5_traj2_1/000200/meta.json,HAMMER,../../data/depthanything/moge_dataset/HAMMER/scene5_traj2_1/000200/image.png
476,476,../../data/moge_dataset/HAMMER/scene5_traj2_1/000210/image.jpg,../../data/moge_dataset/HAMMER/scene5_traj2_1/000210/depth.png,../../data/moge_dataset/HAMMER/scene5_traj2_1/000210/meta.json,HAMMER,../../data/depthanything/moge_dataset/HAMMER/scene5_traj2_1/000210/image.png
477,477,../../data/moge_dataset/HAMMER/scene5_traj2_1/000220/image.jpg,../../data/moge_dataset/HAMMER/scene5_traj2_1/000220/depth.png,../../data/moge_dataset/HAMMER/scene5_traj2_1/000220/meta.json,HAMMER,../../data/depthanything/moge_dataset/HAMMER/scene5_traj2_1/000220/image.png
478,478,../../data/moge_dataset/HAMMER/scene5_traj2_1/000230/image.jpg,../../data/moge_dataset/HAMMER/scene5_traj2_1/000230/depth.png,../../data/moge_dataset/HAMMER/scene5_traj2_1/000230/meta.json,HAMMER,../../data/depthanything/moge_dataset/HAMMER/scene5_traj2_1/000230/image.png
479,479,../../data/moge_dataset/HAMMER/scene5_traj2_1/000240/image.jpg,../../data/moge_dataset/HAMMER/scene5_traj2_1/000240/depth.png,../../data/moge_dataset/HAMMER/scene5_traj2_1/000240/meta.json,HAMMER,../../data/depthanything/moge_dataset/HAMMER/scene5_traj2_1/000240/image.png
480,480,../../data/moge_dataset/HAMMER/scene5_traj2_1/000250/image.jpg,../../data/moge_dataset/HAMMER/scene5_traj2_1/000250/depth.png,../../data/moge_dataset/HAMMER/scene5_traj2_1/000250/meta.json,HAMMER,../../data/depthanything/moge_dataset/HAMMER/scene5_traj2_1/000250/image.png
481,481,../../data/moge_dataset/HAMMER/scene5_traj2_1/000260/image.jpg,../../data/moge_dataset/HAMMER/scene5_traj2_1/000260/depth.png,../../data/moge_dataset/HAMMER/scene5_traj2_1/000260/meta.json,HAMMER,../../data/depthanything/moge_dataset/HAMMER/scene5_traj2_1/000260/image.png
482,482,../../data/moge_dataset/HAMMER/scene5_traj2_1/000270/image.jpg,../../data/moge_dataset/HAMMER/scene5_traj2_1/000270/depth.png,../../data/moge_dataset/HAMMER/scene5_traj2_1/000270/meta.json,HAMMER,../../data/depthanything/moge_dataset/HAMMER/scene5_traj2_1/000270/image.png
483,483,../../data/moge_dataset/HAMMER/scene5_traj2_naked_1/000000/image.jpg,../../data/moge_dataset/HAMMER/scene5_traj2_naked_1/000000/depth.png,../../data/moge_dataset/HAMMER/scene5_traj2_naked_1/000000/meta.json,HAMMER,../../data/depthanything/moge_dataset/HAMMER/scene5_traj2_naked_1/000000/image.png
484,484,../../data/moge_dataset/HAMMER/scene5_traj2_naked_1/000010/image.jpg,../../data/moge_dataset/HAMMER/scene5_traj2_naked_1/000010/depth.png,../../data/moge_dataset/HAMMER/scene5_traj2_naked_1/000010/meta.json,HAMMER,../../data/depthanything/moge_dataset/HAMMER/scene5_traj2_naked_1/000010/image.png
485,485,../../data/moge_dataset/HAMMER/scene5_traj2_naked_1/000020/image.jpg,../../data/moge_dataset/HAMMER/scene5_traj2_naked_1/000020/depth.png,../../data/moge_dataset/HAMMER/scene5_traj2_naked_1/000020/meta.json,HAMMER,../../data/depthanything/moge_dataset/HAMMER/scene5_traj2_naked_1/000020/image.png
486,486,../../data/moge_dataset/HAMMER/scene5_traj2_naked_1/000030/image.jpg,../../data/moge_dataset/HAMMER/scene5_traj2_naked_1/000030/depth.png,../../data/moge_dataset/HAMMER/scene5_traj2_naked_1/000030/meta.json,HAMMER,../../data/depthanything/moge_dataset/HAMMER/scene5_traj2_naked_1/000030/image.png
487,487,../../data/moge_dataset/HAMMER/scene5_traj2_naked_1/000040/image.jpg,../../data/moge_dataset/HAMMER/scene5_traj2_naked_1/000040/depth.png,../../data/moge_dataset/HAMMER/scene5_traj2_naked_1/000040/meta.json,HAMMER,../../data/depthanything/moge_dataset/HAMMER/scene5_traj2_naked_1/000040/image.png
488,488,../../data/moge_dataset/HAMMER/scene5_traj2_naked_1/000050/image.jpg,../../data/moge_dataset/HAMMER/scene5_traj2_naked_1/000050/depth.png,../../data/moge_dataset/HAMMER/scene5_traj2_naked_1/000050/meta.json,HAMMER,../../data/depthanything/moge_dataset/HAMMER/scene5_traj2_naked_1/000050/image.png
489,489,../../data/moge_dataset/HAMMER/scene5_traj2_naked_1/000060/image.jpg,../../data/moge_dataset/HAMMER/scene5_traj2_naked_1/000060/depth.png,../../data/moge_dataset/HAMMER/scene5_traj2_naked_1/000060/meta.json,HAMMER,../../data/depthanything/moge_dataset/HAMMER/scene5_traj2_naked_1/000060/image.png
490,490,../../data/moge_dataset/HAMMER/scene5_traj2_naked_1/000070/image.jpg,../../data/moge_dataset/HAMMER/scene5_traj2_naked_1/000070/depth.png,../../data/moge_dataset/HAMMER/scene5_traj2_naked_1/000070/meta.json,HAMMER,../../data/depthanything/moge_dataset/HAMMER/scene5_traj2_naked_1/000070/image.png
491,491,../../data/moge_dataset/HAMMER/scene5_traj2_naked_1/000080/image.jpg,../../data/moge_dataset/HAMMER/scene5_traj2_naked_1/000080/depth.png,../../data/moge_dataset/HAMMER/scene5_traj2_naked_1/000080/meta.json,HAMMER,../../data/depthanything/moge_dataset/HAMMER/scene5_traj2_naked_1/000080/image.png
492,492,../../data/moge_dataset/HAMMER/scene5_traj2_naked_1/000090/image.jpg,../../data/moge_dataset/HAMMER/scene5_traj2_naked_1/000090/depth.png,../../data/moge_dataset/HAMMER/scene5_traj2_naked_1/000090/meta.json,HAMMER,../../data/depthanything/moge_dataset/HAMMER/scene5_traj2_naked_1/000090/image.png
493,493,../../data/moge_dataset/HAMMER/scene5_traj2_naked_1/000100/image.jpg,../../data/moge_dataset/HAMMER/scene5_traj2_naked_1/000100/depth.png,../../data/moge_dataset/HAMMER/scene5_traj2_naked_1/000100/meta.json,HAMMER,../../data/depthanything/moge_dataset/HAMMER/scene5_traj2_naked_1/000100/image.png
494,494,../../data/moge_dataset/HAMMER/scene5_traj2_naked_1/000110/image.jpg,../../data/moge_dataset/HAMMER/scene5_traj2_naked_1/000110/depth.png,../../data/moge_dataset/HAMMER/scene5_traj2_naked_1/000110/meta.json,HAMMER,../../data/depthanything/moge_dataset/HAMMER/scene5_traj2_naked_1/000110/image.png
495,495,../../data/moge_dataset/HAMMER/scene5_traj2_naked_1/000120/image.jpg,../../data/moge_dataset/HAMMER/scene5_traj2_naked_1/000120/depth.png,../../data/moge_dataset/HAMMER/scene5_traj2_naked_1/000120/meta.json,HAMMER,../../data/depthanything/moge_dataset/HAMMER/scene5_traj2_naked_1/000120/image.png
496,496,../../data/moge_dataset/HAMMER/scene5_traj2_naked_1/000130/image.jpg,../../data/moge_dataset/HAMMER/scene5_traj2_naked_1/000130/depth.png,../../data/moge_dataset/HAMMER/scene5_traj2_naked_1/000130/meta.json,HAMMER,../../data/depthanything/moge_dataset/HAMMER/scene5_traj2_naked_1/000130/image.png
497,497,../../data/moge_dataset/HAMMER/scene5_traj2_naked_1/000140/image.jpg,../../data/moge_dataset/HAMMER/scene5_traj2_naked_1/000140/depth.png,../../data/moge_dataset/HAMMER/scene5_traj2_naked_1/000140/meta.json,HAMMER,../../data/depthanything/moge_dataset/HAMMER/scene5_traj2_naked_1/000140/image.png
498,498,../../data/moge_dataset/HAMMER/scene5_traj2_naked_1/000150/image.jpg,../../data/moge_dataset/HAMMER/scene5_traj2_naked_1/000150/depth.png,../../data/moge_dataset/HAMMER/scene5_traj2_naked_1/000150/meta.json,HAMMER,../../data/depthanything/moge_dataset/HAMMER/scene5_traj2_naked_1/000150/image.png
499,499,../../data/moge_dataset/HAMMER/scene5_traj2_naked_1/000160/image.jpg,../../data/moge_dataset/HAMMER/scene5_traj2_naked_1/000160/depth.png,../../data/moge_dataset/HAMMER/scene5_traj2_naked_1/000160/meta.json,HAMMER,../../data/depthanything/moge_dataset/HAMMER/scene5_traj2_naked_1/000160/image.png
500,500,../../data/moge_dataset/HAMMER/scene5_traj2_naked_1/000170/image.jpg,../../data/moge_dataset/HAMMER/scene5_traj2_naked_1/000170/depth.png,../../data/moge_dataset/HAMMER/scene5_traj2_naked_1/000170/meta.json,HAMMER,../../data/depthanything/moge_dataset/HAMMER/scene5_traj2_naked_1/000170/image.png
501,501,../../data/moge_dataset/HAMMER/scene5_traj2_naked_1/000180/image.jpg,../../data/moge_dataset/HAMMER/scene5_traj2_naked_1/000180/depth.png,../../data/moge_dataset/HAMMER/scene5_traj2_naked_1/000180/meta.json,HAMMER,../../data/depthanything/moge_dataset/HAMMER/scene5_traj2_naked_1/000180/image.png
502,502,../../data/moge_dataset/HAMMER/scene5_traj2_naked_1/000190/image.jpg,../../data/moge_dataset/HAMMER/scene5_traj2_naked_1/000190/depth.png,../../data/moge_dataset/HAMMER/scene5_traj2_naked_1/000190/meta.json,HAMMER,../../data/depthanything/moge_dataset/HAMMER/scene5_traj2_naked_1/000190/image.png
503,503,../../data/moge_dataset/HAMMER/scene5_traj2_naked_1/000200/image.jpg,../../data/moge_dataset/HAMMER/scene5_traj2_naked_1/000200/depth.png,../../data/moge_dataset/HAMMER/scene5_traj2_naked_1/000200/meta.json,HAMMER,../../data/depthanything/moge_dataset/HAMMER/scene5_traj2_naked_1/000200/image.png
504,504,../../data/moge_dataset/HAMMER/scene5_traj2_naked_1/000210/image.jpg,../../data/moge_dataset/HAMMER/scene5_traj2_naked_1/000210/depth.png,../../data/moge_dataset/HAMMER/scene5_traj2_naked_1/000210/meta.json,HAMMER,../../data/depthanything/moge_dataset/HAMMER/scene5_traj2_naked_1/000210/image.png
505,505,../../data/moge_dataset/HAMMER/scene5_traj2_naked_1/000220/image.jpg,../../data/moge_dataset/HAMMER/scene5_traj2_naked_1/000220/depth.png,../../data/moge_dataset/HAMMER/scene5_traj2_naked_1/000220/meta.json,HAMMER,../../data/depthanything/moge_dataset/HAMMER/scene5_traj2_naked_1/000220/image.png
506,506,../../data/moge_dataset/HAMMER/scene5_traj2_naked_1/000230/image.jpg,../../data/moge_dataset/HAMMER/scene5_traj2_naked_1/000230/depth.png,../../data/moge_dataset/HAMMER/scene5_traj2_naked_1/000230/meta.json,HAMMER,../../data/depthanything/moge_dataset/HAMMER/scene5_traj2_naked_1/000230/image.png
507,507,../../data/moge_dataset/HAMMER/scene5_traj2_naked_1/000240/image.jpg,../../data/moge_dataset/HAMMER/scene5_traj2_naked_1/000240/depth.png,../../data/moge_dataset/HAMMER/scene5_traj2_naked_1/000240/meta.json,HAMMER,../../data/depthanything/moge_dataset/HAMMER/scene5_traj2_naked_1/000240/image.png
508,508,../../data/moge_dataset/HAMMER/scene5_traj2_naked_1/000250/image.jpg,../../data/moge_dataset/HAMMER/scene5_traj2_naked_1/000250/depth.png,../../data/moge_dataset/HAMMER/scene5_traj2_naked_1/000250/meta.json,HAMMER,../../data/depthanything/moge_dataset/HAMMER/scene5_traj2_naked_1/000250/image.png
509,509,../../data/moge_dataset/HAMMER/scene5_traj2_naked_1/000260/image.jpg,../../data/moge_dataset/HAMMER/scene5_traj2_naked_1/000260/depth.png,../../data/moge_dataset/HAMMER/scene5_traj2_naked_1/000260/meta.json,HAMMER,../../data/depthanything/moge_dataset/HAMMER/scene5_traj2_naked_1/000260/image.png
510,510,../../data/moge_dataset/HAMMER/scene5_traj2_naked_1/000270/image.jpg,../../data/moge_dataset/HAMMER/scene5_traj2_naked_1/000270/depth.png,../../data/moge_dataset/HAMMER/scene5_traj2_naked_1/000270/meta.json,HAMMER,../../data/depthanything/moge_dataset/HAMMER/scene5_traj2_naked_1/000270/image.png
511,511,../../data/moge_dataset/HAMMER/scene8_traj1_1/000000/image.jpg,../../data/moge_dataset/HAMMER/scene8_traj1_1/000000/depth.png,../../data/moge_dataset/HAMMER/scene8_traj1_1/000000/meta.json,HAMMER,../../data/depthanything/moge_dataset/HAMMER/scene8_traj1_1/000000/image.png
512,512,../../data/moge_dataset/HAMMER/scene8_traj1_1/000010/image.jpg,../../data/moge_dataset/HAMMER/scene8_traj1_1/000010/depth.png,../../data/moge_dataset/HAMMER/scene8_traj1_1/000010/meta.json,HAMMER,../../data/depthanything/moge_dataset/HAMMER/scene8_traj1_1/000010/image.png
513,513,../../data/moge_dataset/HAMMER/scene8_traj1_1/000020/image.jpg,../../data/moge_dataset/HAMMER/scene8_traj1_1/000020/depth.png,../../data/moge_dataset/HAMMER/scene8_traj1_1/000020/meta.json,HAMMER,../../data/depthanything/moge_dataset/HAMMER/scene8_traj1_1/000020/image.png
514,514,../../data/moge_dataset/HAMMER/scene8_traj1_1/000030/image.jpg,../../data/moge_dataset/HAMMER/scene8_traj1_1/000030/depth.png,../../data/moge_dataset/HAMMER/scene8_traj1_1/000030/meta.json,HAMMER,../../data/depthanything/moge_dataset/HAMMER/scene8_traj1_1/000030/image.png
515,515,../../data/moge_dataset/HAMMER/scene8_traj1_1/000040/image.jpg,../../data/moge_dataset/HAMMER/scene8_traj1_1/000040/depth.png,../../data/moge_dataset/HAMMER/scene8_traj1_1/000040/meta.json,HAMMER,../../data/depthanything/moge_dataset/HAMMER/scene8_traj1_1/000040/image.png
516,516,../../data/moge_dataset/HAMMER/scene8_traj1_1/000050/image.jpg,../../data/moge_dataset/HAMMER/scene8_traj1_1/000050/depth.png,../../data/moge_dataset/HAMMER/scene8_traj1_1/000050/meta.json,HAMMER,../../data/depthanything/moge_dataset/HAMMER/scene8_traj1_1/000050/image.png
517,517,../../data/moge_dataset/HAMMER/scene8_traj1_1/000060/image.jpg,../../data/moge_dataset/HAMMER/scene8_traj1_1/000060/depth.png,../../data/moge_dataset/HAMMER/scene8_traj1_1/000060/meta.json,HAMMER,../../data/depthanything/moge_dataset/HAMMER/scene8_traj1_1/000060/image.png
518,518,../../data/moge_dataset/HAMMER/scene8_traj1_1/000070/image.jpg,../../data/moge_dataset/HAMMER/scene8_traj1_1/000070/depth.png,../../data/moge_dataset/HAMMER/scene8_traj1_1/000070/meta.json,HAMMER,../../data/depthanything/moge_dataset/HAMMER/scene8_traj1_1/000070/image.png
519,519,../../data/moge_dataset/HAMMER/scene8_traj1_1/000080/image.jpg,../../data/moge_dataset/HAMMER/scene8_traj1_1/000080/depth.png,../../data/moge_dataset/HAMMER/scene8_traj1_1/000080/meta.json,HAMMER,../../data/depthanything/moge_dataset/HAMMER/scene8_traj1_1/000080/image.png
520,520,../../data/moge_dataset/HAMMER/scene8_traj1_1/000090/image.jpg,../../data/moge_dataset/HAMMER/scene8_traj1_1/000090/depth.png,../../data/moge_dataset/HAMMER/scene8_traj1_1/000090/meta.json,HAMMER,../../data/depthanything/moge_dataset/HAMMER/scene8_traj1_1/000090/image.png
521,521,../../data/moge_dataset/HAMMER/scene8_traj1_1/000100/image.jpg,../../data/moge_dataset/HAMMER/scene8_traj1_1/000100/depth.png,../../data/moge_dataset/HAMMER/scene8_traj1_1/000100/meta.json,HAMMER,../../data/depthanything/moge_dataset/HAMMER/scene8_traj1_1/000100/image.png
522,522,../../data/moge_dataset/HAMMER/scene8_traj1_1/000110/image.jpg,../../data/moge_dataset/HAMMER/scene8_traj1_1/000110/depth.png,../../data/moge_dataset/HAMMER/scene8_traj1_1/000110/meta.json,HAMMER,../../data/depthanything/moge_dataset/HAMMER/scene8_traj1_1/000110/image.png
523,523,../../data/moge_dataset/HAMMER/scene8_traj1_1/000120/image.jpg,../../data/moge_dataset/HAMMER/scene8_traj1_1/000120/depth.png,../../data/moge_dataset/HAMMER/scene8_traj1_1/000120/meta.json,HAMMER,../../data/depthanything/moge_dataset/HAMMER/scene8_traj1_1/000120/image.png
524,524,../../data/moge_dataset/HAMMER/scene8_traj1_1/000130/image.jpg,../../data/moge_dataset/HAMMER/scene8_traj1_1/000130/depth.png,../../data/moge_dataset/HAMMER/scene8_traj1_1/000130/meta.json,HAMMER,../../data/depthanything/moge_dataset/HAMMER/scene8_traj1_1/000130/image.png
525,525,../../data/moge_dataset/HAMMER/scene8_traj1_1/000140/image.jpg,../../data/moge_dataset/HAMMER/scene8_traj1_1/000140/depth.png,../../data/moge_dataset/HAMMER/scene8_traj1_1/000140/meta.json,HAMMER,../../data/depthanything/moge_dataset/HAMMER/scene8_traj1_1/000140/image.png
526,526,../../data/moge_dataset/HAMMER/scene8_traj1_1/000150/image.jpg,../../data/moge_dataset/HAMMER/scene8_traj1_1/000150/depth.png,../../data/moge_dataset/HAMMER/scene8_traj1_1/000150/meta.json,HAMMER,../../data/depthanything/moge_dataset/HAMMER/scene8_traj1_1/000150/image.png
527,527,../../data/moge_dataset/HAMMER/scene8_traj1_1/000160/image.jpg,../../data/moge_dataset/HAMMER/scene8_traj1_1/000160/depth.png,../../data/moge_dataset/HAMMER/scene8_traj1_1/000160/meta.json,HAMMER,../../data/depthanything/moge_dataset/HAMMER/scene8_traj1_1/000160/image.png
528,528,../../data/moge_dataset/HAMMER/scene8_traj1_1/000170/image.jpg,../../data/moge_dataset/HAMMER/scene8_traj1_1/000170/depth.png,../../data/moge_dataset/HAMMER/scene8_traj1_1/000170/meta.json,HAMMER,../../data/depthanything/moge_dataset/HAMMER/scene8_traj1_1/000170/image.png
529,529,../../data/moge_dataset/HAMMER/scene8_traj1_1/000180/image.jpg,../../data/moge_dataset/HAMMER/scene8_traj1_1/000180/depth.png,../../data/moge_dataset/HAMMER/scene8_traj1_1/000180/meta.json,HAMMER,../../data/depthanything/moge_dataset/HAMMER/scene8_traj1_1/000180/image.png
530,530,../../data/moge_dataset/HAMMER/scene8_traj1_1/000190/image.jpg,../../data/moge_dataset/HAMMER/scene8_traj1_1/000190/depth.png,../../data/moge_dataset/HAMMER/scene8_traj1_1/000190/meta.json,HAMMER,../../data/depthanything/moge_dataset/HAMMER/scene8_traj1_1/000190/image.png
531,531,../../data/moge_dataset/HAMMER/scene8_traj1_1/000200/image.jpg,../../data/moge_dataset/HAMMER/scene8_traj1_1/000200/depth.png,../../data/moge_dataset/HAMMER/scene8_traj1_1/000200/meta.json,HAMMER,../../data/depthanything/moge_dataset/HAMMER/scene8_traj1_1/000200/image.png
532,532,../../data/moge_dataset/HAMMER/scene8_traj1_1/000210/image.jpg,../../data/moge_dataset/HAMMER/scene8_traj1_1/000210/depth.png,../../data/moge_dataset/HAMMER/scene8_traj1_1/000210/meta.json,HAMMER,../../data/depthanything/moge_dataset/HAMMER/scene8_traj1_1/000210/image.png
533,533,../../data/moge_dataset/HAMMER/scene8_traj1_1/000220/image.jpg,../../data/moge_dataset/HAMMER/scene8_traj1_1/000220/depth.png,../../data/moge_dataset/HAMMER/scene8_traj1_1/000220/meta.json,HAMMER,../../data/depthanything/moge_dataset/HAMMER/scene8_traj1_1/000220/image.png
534,534,../../data/moge_dataset/HAMMER/scene8_traj1_1/000230/image.jpg,../../data/moge_dataset/HAMMER/scene8_traj1_1/000230/depth.png,../../data/moge_dataset/HAMMER/scene8_traj1_1/000230/meta.json,HAMMER,../../data/depthanything/moge_dataset/HAMMER/scene8_traj1_1/000230/image.png
535,535,../../data/moge_dataset/HAMMER/scene8_traj1_1/000240/image.jpg,../../data/moge_dataset/HAMMER/scene8_traj1_1/000240/depth.png,../../data/moge_dataset/HAMMER/scene8_traj1_1/000240/meta.json,HAMMER,../../data/depthanything/moge_dataset/HAMMER/scene8_traj1_1/000240/image.png
536,536,../../data/moge_dataset/HAMMER/scene8_traj1_1/000250/image.jpg,../../data/moge_dataset/HAMMER/scene8_traj1_1/000250/depth.png,../../data/moge_dataset/HAMMER/scene8_traj1_1/000250/meta.json,HAMMER,../../data/depthanything/moge_dataset/HAMMER/scene8_traj1_1/000250/image.png
537,537,../../data/moge_dataset/HAMMER/scene8_traj1_1/000260/image.jpg,../../data/moge_dataset/HAMMER/scene8_traj1_1/000260/depth.png,../../data/moge_dataset/HAMMER/scene8_traj1_1/000260/meta.json,HAMMER,../../data/depthanything/moge_dataset/HAMMER/scene8_traj1_1/000260/image.png
538,538,../../data/moge_dataset/HAMMER/scene8_traj1_1/000270/image.jpg,../../data/moge_dataset/HAMMER/scene8_traj1_1/000270/depth.png,../../data/moge_dataset/HAMMER/scene8_traj1_1/000270/meta.json,HAMMER,../../data/depthanything/moge_dataset/HAMMER/scene8_traj1_1/000270/image.png
539,539,../../data/moge_dataset/HAMMER/scene8_traj1_1/000280/image.jpg,../../data/moge_dataset/HAMMER/scene8_traj1_1/000280/depth.png,../../data/moge_dataset/HAMMER/scene8_traj1_1/000280/meta.json,HAMMER,../../data/depthanything/moge_dataset/HAMMER/scene8_traj1_1/000280/image.png
540,540,../../data/moge_dataset/HAMMER/scene8_traj1_1/000290/image.jpg,../../data/moge_dataset/HAMMER/scene8_traj1_1/000290/depth.png,../../data/moge_dataset/HAMMER/scene8_traj1_1/000290/meta.json,HAMMER,../../data/depthanything/moge_dataset/HAMMER/scene8_traj1_1/000290/image.png
541,541,../../data/moge_dataset/HAMMER/scene8_traj1_1/000300/image.jpg,../../data/moge_dataset/HAMMER/scene8_traj1_1/000300/depth.png,../../data/moge_dataset/HAMMER/scene8_traj1_1/000300/meta.json,HAMMER,../../data/depthanything/moge_dataset/HAMMER/scene8_traj1_1/000300/image.png
542,542,../../data/moge_dataset/HAMMER/scene8_traj1_1/000310/image.jpg,../../data/moge_dataset/HAMMER/scene8_traj1_1/000310/depth.png,../../data/moge_dataset/HAMMER/scene8_traj1_1/000310/meta.json,HAMMER,../../data/depthanything/moge_dataset/HAMMER/scene8_traj1_1/000310/image.png
543,543,../../data/moge_dataset/HAMMER/scene8_traj1_naked_1/000000/image.jpg,../../data/moge_dataset/HAMMER/scene8_traj1_naked_1/000000/depth.png,../../data/moge_dataset/HAMMER/scene8_traj1_naked_1/000000/meta.json,HAMMER,../../data/depthanything/moge_dataset/HAMMER/scene8_traj1_naked_1/000000/image.png
544,544,../../data/moge_dataset/HAMMER/scene8_traj1_naked_1/000010/image.jpg,../../data/moge_dataset/HAMMER/scene8_traj1_naked_1/000010/depth.png,../../data/moge_dataset/HAMMER/scene8_traj1_naked_1/000010/meta.json,HAMMER,../../data/depthanything/moge_dataset/HAMMER/scene8_traj1_naked_1/000010/image.png
545,545,../../data/moge_dataset/HAMMER/scene8_traj1_naked_1/000020/image.jpg,../../data/moge_dataset/HAMMER/scene8_traj1_naked_1/000020/depth.png,../../data/moge_dataset/HAMMER/scene8_traj1_naked_1/000020/meta.json,HAMMER,../../data/depthanything/moge_dataset/HAMMER/scene8_traj1_naked_1/000020/image.png
546,546,../../data/moge_dataset/HAMMER/scene8_traj1_naked_1/000030/image.jpg,../../data/moge_dataset/HAMMER/scene8_traj1_naked_1/000030/depth.png,../../data/moge_dataset/HAMMER/scene8_traj1_naked_1/000030/meta.json,HAMMER,../../data/depthanything/moge_dataset/HAMMER/scene8_traj1_naked_1/000030/image.png
547,547,../../data/moge_dataset/HAMMER/scene8_traj1_naked_1/000040/image.jpg,../../data/moge_dataset/HAMMER/scene8_traj1_naked_1/000040/depth.png,../../data/moge_dataset/HAMMER/scene8_traj1_naked_1/000040/meta.json,HAMMER,../../data/depthanything/moge_dataset/HAMMER/scene8_traj1_naked_1/000040/image.png
548,548,../../data/moge_dataset/HAMMER/scene8_traj1_naked_1/000050/image.jpg,../../data/moge_dataset/HAMMER/scene8_traj1_naked_1/000050/depth.png,../../data/moge_dataset/HAMMER/scene8_traj1_naked_1/000050/meta.json,HAMMER,../../data/depthanything/moge_dataset/HAMMER/scene8_traj1_naked_1/000050/image.png
549,549,../../data/moge_dataset/HAMMER/scene8_traj1_naked_1/000060/image.jpg,../../data/moge_dataset/HAMMER/scene8_traj1_naked_1/000060/depth.png,../../data/moge_dataset/HAMMER/scene8_traj1_naked_1/000060/meta.json,HAMMER,../../data/depthanything/moge_dataset/HAMMER/scene8_traj1_naked_1/000060/image.png
550,550,../../data/moge_dataset/HAMMER/scene8_traj1_naked_1/000070/image.jpg,../../data/moge_dataset/HAMMER/scene8_traj1_naked_1/000070/depth.png,../../data/moge_dataset/HAMMER/scene8_traj1_naked_1/000070/meta.json,HAMMER,../../data/depthanything/moge_dataset/HAMMER/scene8_traj1_naked_1/000070/image.png
551,551,../../data/moge_dataset/HAMMER/scene8_traj1_naked_1/000080/image.jpg,../../data/moge_dataset/HAMMER/scene8_traj1_naked_1/000080/depth.png,../../data/moge_dataset/HAMMER/scene8_traj1_naked_1/000080/meta.json,HAMMER,../../data/depthanything/moge_dataset/HAMMER/scene8_traj1_naked_1/000080/image.png
552,552,../../data/moge_dataset/HAMMER/scene8_traj1_naked_1/000090/image.jpg,../../data/moge_dataset/HAMMER/scene8_traj1_naked_1/000090/depth.png,../../data/moge_dataset/HAMMER/scene8_traj1_naked_1/000090/meta.json,HAMMER,../../data/depthanything/moge_dataset/HAMMER/scene8_traj1_naked_1/000090/image.png
553,553,../../data/moge_dataset/HAMMER/scene8_traj1_naked_1/000100/image.jpg,../../data/moge_dataset/HAMMER/scene8_traj1_naked_1/000100/depth.png,../../data/moge_dataset/HAMMER/scene8_traj1_naked_1/000100/meta.json,HAMMER,../../data/depthanything/moge_dataset/HAMMER/scene8_traj1_naked_1/000100/image.png
554,554,../../data/moge_dataset/HAMMER/scene8_traj1_naked_1/000110/image.jpg,../../data/moge_dataset/HAMMER/scene8_traj1_naked_1/000110/depth.png,../../data/moge_dataset/HAMMER/scene8_traj1_naked_1/000110/meta.json,HAMMER,../../data/depthanything/moge_dataset/HAMMER/scene8_traj1_naked_1/000110/image.png
555,555,../../data/moge_dataset/HAMMER/scene8_traj1_naked_1/000120/image.jpg,../../data/moge_dataset/HAMMER/scene8_traj1_naked_1/000120/depth.png,../../data/moge_dataset/HAMMER/scene8_traj1_naked_1/000120/meta.json,HAMMER,../../data/depthanything/moge_dataset/HAMMER/scene8_traj1_naked_1/000120/image.png
556,556,../../data/moge_dataset/HAMMER/scene8_traj1_naked_1/000130/image.jpg,../../data/moge_dataset/HAMMER/scene8_traj1_naked_1/000130/depth.png,../../data/moge_dataset/HAMMER/scene8_traj1_naked_1/000130/meta.json,HAMMER,../../data/depthanything/moge_dataset/HAMMER/scene8_traj1_naked_1/000130/image.png
557,557,../../data/moge_dataset/HAMMER/scene8_traj1_naked_1/000140/image.jpg,../../data/moge_dataset/HAMMER/scene8_traj1_naked_1/000140/depth.png,../../data/moge_dataset/HAMMER/scene8_traj1_naked_1/000140/meta.json,HAMMER,../../data/depthanything/moge_dataset/HAMMER/scene8_traj1_naked_1/000140/image.png
558,558,../../data/moge_dataset/HAMMER/scene8_traj1_naked_1/000150/image.jpg,../../data/moge_dataset/HAMMER/scene8_traj1_naked_1/000150/depth.png,../../data/moge_dataset/HAMMER/scene8_traj1_naked_1/000150/meta.json,HAMMER,../../data/depthanything/moge_dataset/HAMMER/scene8_traj1_naked_1/000150/image.png
559,559,../../data/moge_dataset/HAMMER/scene8_traj1_naked_1/000160/image.jpg,../../data/moge_dataset/HAMMER/scene8_traj1_naked_1/000160/depth.png,../../data/moge_dataset/HAMMER/scene8_traj1_naked_1/000160/meta.json,HAMMER,../../data/depthanything/moge_dataset/HAMMER/scene8_traj1_naked_1/000160/image.png
560,560,../../data/moge_dataset/HAMMER/scene8_traj1_naked_1/000170/image.jpg,../../data/moge_dataset/HAMMER/scene8_traj1_naked_1/000170/depth.png,../../data/moge_dataset/HAMMER/scene8_traj1_naked_1/000170/meta.json,HAMMER,../../data/depthanything/moge_dataset/HAMMER/scene8_traj1_naked_1/000170/image.png
561,561,../../data/moge_dataset/HAMMER/scene8_traj1_naked_1/000180/image.jpg,../../data/moge_dataset/HAMMER/scene8_traj1_naked_1/000180/depth.png,../../data/moge_dataset/HAMMER/scene8_traj1_naked_1/000180/meta.json,HAMMER,../../data/depthanything/moge_dataset/HAMMER/scene8_traj1_naked_1/000180/image.png
562,562,../../data/moge_dataset/HAMMER/scene8_traj1_naked_1/000190/image.jpg,../../data/moge_dataset/HAMMER/scene8_traj1_naked_1/000190/depth.png,../../data/moge_dataset/HAMMER/scene8_traj1_naked_1/000190/meta.json,HAMMER,../../data/depthanything/moge_dataset/HAMMER/scene8_traj1_naked_1/000190/image.png
563,563,../../data/moge_dataset/HAMMER/scene8_traj1_naked_1/000200/image.jpg,../../data/moge_dataset/HAMMER/scene8_traj1_naked_1/000200/depth.png,../../data/moge_dataset/HAMMER/scene8_traj1_naked_1/000200/meta.json,HAMMER,../../data/depthanything/moge_dataset/HAMMER/scene8_traj1_naked_1/000200/image.png
564,564,../../data/moge_dataset/HAMMER/scene8_traj1_naked_1/000210/image.jpg,../../data/moge_dataset/HAMMER/scene8_traj1_naked_1/000210/depth.png,../../data/moge_dataset/HAMMER/scene8_traj1_naked_1/000210/meta.json,HAMMER,../../data/depthanything/moge_dataset/HAMMER/scene8_traj1_naked_1/000210/image.png
565,565,../../data/moge_dataset/HAMMER/scene8_traj1_naked_1/000220/image.jpg,../../data/moge_dataset/HAMMER/scene8_traj1_naked_1/000220/depth.png,../../data/moge_dataset/HAMMER/scene8_traj1_naked_1/000220/meta.json,HAMMER,../../data/depthanything/moge_dataset/HAMMER/scene8_traj1_naked_1/000220/image.png
566,566,../../data/moge_dataset/HAMMER/scene8_traj1_naked_1/000230/image.jpg,../../data/moge_dataset/HAMMER/scene8_traj1_naked_1/000230/depth.png,../../data/moge_dataset/HAMMER/scene8_traj1_naked_1/000230/meta.json,HAMMER,../../data/depthanything/moge_dataset/HAMMER/scene8_traj1_naked_1/000230/image.png
567,567,../../data/moge_dataset/HAMMER/scene8_traj1_naked_1/000240/image.jpg,../../data/moge_dataset/HAMMER/scene8_traj1_naked_1/000240/depth.png,../../data/moge_dataset/HAMMER/scene8_traj1_naked_1/000240/meta.json,HAMMER,../../data/depthanything/moge_dataset/HAMMER/scene8_traj1_naked_1/000240/image.png
568,568,../../data/moge_dataset/HAMMER/scene8_traj1_naked_1/000250/image.jpg,../../data/moge_dataset/HAMMER/scene8_traj1_naked_1/000250/depth.png,../../data/moge_dataset/HAMMER/scene8_traj1_naked_1/000250/meta.json,HAMMER,../../data/depthanything/moge_dataset/HAMMER/scene8_traj1_naked_1/000250/image.png
569,569,../../data/moge_dataset/HAMMER/scene8_traj1_naked_1/000260/image.jpg,../../data/moge_dataset/HAMMER/scene8_traj1_naked_1/000260/depth.png,../../data/moge_dataset/HAMMER/scene8_traj1_naked_1/000260/meta.json,HAMMER,../../data/depthanything/moge_dataset/HAMMER/scene8_traj1_naked_1/000260/image.png
570,570,../../data/moge_dataset/HAMMER/scene8_traj1_naked_1/000270/image.jpg,../../data/moge_dataset/HAMMER/scene8_traj1_naked_1/000270/depth.png,../../data/moge_dataset/HAMMER/scene8_traj1_naked_1/000270/meta.json,HAMMER,../../data/depthanything/moge_dataset/HAMMER/scene8_traj1_naked_1/000270/image.png
571,571,../../data/moge_dataset/HAMMER/scene8_traj1_naked_1/000280/image.jpg,../../data/moge_dataset/HAMMER/scene8_traj1_naked_1/000280/depth.png,../../data/moge_dataset/HAMMER/scene8_traj1_naked_1/000280/meta.json,HAMMER,../../data/depthanything/moge_dataset/HAMMER/scene8_traj1_naked_1/000280/image.png
572,572,../../data/moge_dataset/HAMMER/scene8_traj1_naked_1/000290/image.jpg,../../data/moge_dataset/HAMMER/scene8_traj1_naked_1/000290/depth.png,../../data/moge_dataset/HAMMER/scene8_traj1_naked_1/000290/meta.json,HAMMER,../../data/depthanything/moge_dataset/HAMMER/scene8_traj1_naked_1/000290/image.png
573,573,../../data/moge_dataset/HAMMER/scene8_traj1_naked_1/000300/image.jpg,../../data/moge_dataset/HAMMER/scene8_traj1_naked_1/000300/depth.png,../../data/moge_dataset/HAMMER/scene8_traj1_naked_1/000300/meta.json,HAMMER,../../data/depthanything/moge_dataset/HAMMER/scene8_traj1_naked_1/000300/image.png
574,574,../../data/moge_dataset/HAMMER/scene8_traj1_naked_1/000310/image.jpg,../../data/moge_dataset/HAMMER/scene8_traj1_naked_1/000310/depth.png,../../data/moge_dataset/HAMMER/scene8_traj1_naked_1/000310/meta.json,HAMMER,../../data/depthanything/moge_dataset/HAMMER/scene8_traj1_naked_1/000310/image.png
575,575,../../data/moge_dataset/HAMMER/scene8_traj2_1/000000/image.jpg,../../data/moge_dataset/HAMMER/scene8_traj2_1/000000/depth.png,../../data/moge_dataset/HAMMER/scene8_traj2_1/000000/meta.json,HAMMER,../../data/depthanything/moge_dataset/HAMMER/scene8_traj2_1/000000/image.png
576,576,../../data/moge_dataset/HAMMER/scene8_traj2_1/000010/image.jpg,../../data/moge_dataset/HAMMER/scene8_traj2_1/000010/depth.png,../../data/moge_dataset/HAMMER/scene8_traj2_1/000010/meta.json,HAMMER,../../data/depthanything/moge_dataset/HAMMER/scene8_traj2_1/000010/image.png
577,577,../../data/moge_dataset/HAMMER/scene8_traj2_1/000020/image.jpg,../../data/moge_dataset/HAMMER/scene8_traj2_1/000020/depth.png,../../data/moge_dataset/HAMMER/scene8_traj2_1/000020/meta.json,HAMMER,../../data/depthanything/moge_dataset/HAMMER/scene8_traj2_1/000020/image.png
578,578,../../data/moge_dataset/HAMMER/scene8_traj2_1/000030/image.jpg,../../data/moge_dataset/HAMMER/scene8_traj2_1/000030/depth.png,../../data/moge_dataset/HAMMER/scene8_traj2_1/000030/meta.json,HAMMER,../../data/depthanything/moge_dataset/HAMMER/scene8_traj2_1/000030/image.png
579,579,../../data/moge_dataset/HAMMER/scene8_traj2_1/000040/image.jpg,../../data/moge_dataset/HAMMER/scene8_traj2_1/000040/depth.png,../../data/moge_dataset/HAMMER/scene8_traj2_1/000040/meta.json,HAMMER,../../data/depthanything/moge_dataset/HAMMER/scene8_traj2_1/000040/image.png
580,580,../../data/moge_dataset/HAMMER/scene8_traj2_1/000050/image.jpg,../../data/moge_dataset/HAMMER/scene8_traj2_1/000050/depth.png,../../data/moge_dataset/HAMMER/scene8_traj2_1/000050/meta.json,HAMMER,../../data/depthanything/moge_dataset/HAMMER/scene8_traj2_1/000050/image.png
581,581,../../data/moge_dataset/HAMMER/scene8_traj2_1/000060/image.jpg,../../data/moge_dataset/HAMMER/scene8_traj2_1/000060/depth.png,../../data/moge_dataset/HAMMER/scene8_traj2_1/000060/meta.json,HAMMER,../../data/depthanything/moge_dataset/HAMMER/scene8_traj2_1/000060/image.png
582,582,../../data/moge_dataset/HAMMER/scene8_traj2_1/000070/image.jpg,../../data/moge_dataset/HAMMER/scene8_traj2_1/000070/depth.png,../../data/moge_dataset/HAMMER/scene8_traj2_1/000070/meta.json,HAMMER,../../data/depthanything/moge_dataset/HAMMER/scene8_traj2_1/000070/image.png
583,583,../../data/moge_dataset/HAMMER/scene8_traj2_1/000080/image.jpg,../../data/moge_dataset/HAMMER/scene8_traj2_1/000080/depth.png,../../data/moge_dataset/HAMMER/scene8_traj2_1/000080/meta.json,HAMMER,../../data/depthanything/moge_dataset/HAMMER/scene8_traj2_1/000080/image.png
584,584,../../data/moge_dataset/HAMMER/scene8_traj2_1/000090/image.jpg,../../data/moge_dataset/HAMMER/scene8_traj2_1/000090/depth.png,../../data/moge_dataset/HAMMER/scene8_traj2_1/000090/meta.json,HAMMER,../../data/depthanything/moge_dataset/HAMMER/scene8_traj2_1/000090/image.png
585,585,../../data/moge_dataset/HAMMER/scene8_traj2_1/000100/image.jpg,../../data/moge_dataset/HAMMER/scene8_traj2_1/000100/depth.png,../../data/moge_dataset/HAMMER/scene8_traj2_1/000100/meta.json,HAMMER,../../data/depthanything/moge_dataset/HAMMER/scene8_traj2_1/000100/image.png
586,586,../../data/moge_dataset/HAMMER/scene8_traj2_1/000110/image.jpg,../../data/moge_dataset/HAMMER/scene8_traj2_1/000110/depth.png,../../data/moge_dataset/HAMMER/scene8_traj2_1/000110/meta.json,HAMMER,../../data/depthanything/moge_dataset/HAMMER/scene8_traj2_1/000110/image.png
587,587,../../data/moge_dataset/HAMMER/scene8_traj2_1/000120/image.jpg,../../data/moge_dataset/HAMMER/scene8_traj2_1/000120/depth.png,../../data/moge_dataset/HAMMER/scene8_traj2_1/000120/meta.json,HAMMER,../../data/depthanything/moge_dataset/HAMMER/scene8_traj2_1/000120/image.png
588,588,../../data/moge_dataset/HAMMER/scene8_traj2_1/000130/image.jpg,../../data/moge_dataset/HAMMER/scene8_traj2_1/000130/depth.png,../../data/moge_dataset/HAMMER/scene8_traj2_1/000130/meta.json,HAMMER,../../data/depthanything/moge_dataset/HAMMER/scene8_traj2_1/000130/image.png
589,589,../../data/moge_dataset/HAMMER/scene8_traj2_1/000140/image.jpg,../../data/moge_dataset/HAMMER/scene8_traj2_1/000140/depth.png,../../data/moge_dataset/HAMMER/scene8_traj2_1/000140/meta.json,HAMMER,../../data/depthanything/moge_dataset/HAMMER/scene8_traj2_1/000140/image.png
590,590,../../data/moge_dataset/HAMMER/scene8_traj2_1/000150/image.jpg,../../data/moge_dataset/HAMMER/scene8_traj2_1/000150/depth.png,../../data/moge_dataset/HAMMER/scene8_traj2_1/000150/meta.json,HAMMER,../../data/depthanything/moge_dataset/HAMMER/scene8_traj2_1/000150/image.png
591,591,../../data/moge_dataset/HAMMER/scene8_traj2_1/000160/image.jpg,../../data/moge_dataset/HAMMER/scene8_traj2_1/000160/depth.png,../../data/moge_dataset/HAMMER/scene8_traj2_1/000160/meta.json,HAMMER,../../data/depthanything/moge_dataset/HAMMER/scene8_traj2_1/000160/image.png
592,592,../../data/moge_dataset/HAMMER/scene8_traj2_1/000170/image.jpg,../../data/moge_dataset/HAMMER/scene8_traj2_1/000170/depth.png,../../data/moge_dataset/HAMMER/scene8_traj2_1/000170/meta.json,HAMMER,../../data/depthanything/moge_dataset/HAMMER/scene8_traj2_1/000170/image.png
593,593,../../data/moge_dataset/HAMMER/scene8_traj2_1/000180/image.jpg,../../data/moge_dataset/HAMMER/scene8_traj2_1/000180/depth.png,../../data/moge_dataset/HAMMER/scene8_traj2_1/000180/meta.json,HAMMER,../../data/depthanything/moge_dataset/HAMMER/scene8_traj2_1/000180/image.png
594,594,../../data/moge_dataset/HAMMER/scene8_traj2_1/000190/image.jpg,../../data/moge_dataset/HAMMER/scene8_traj2_1/000190/depth.png,../../data/moge_dataset/HAMMER/scene8_traj2_1/000190/meta.json,HAMMER,../../data/depthanything/moge_dataset/HAMMER/scene8_traj2_1/000190/image.png
595,595,../../data/moge_dataset/HAMMER/scene8_traj2_1/000200/image.jpg,../../data/moge_dataset/HAMMER/scene8_traj2_1/000200/depth.png,../../data/moge_dataset/HAMMER/scene8_traj2_1/000200/meta.json,HAMMER,../../data/depthanything/moge_dataset/HAMMER/scene8_traj2_1/000200/image.png
596,596,../../data/moge_dataset/HAMMER/scene8_traj2_1/000210/image.jpg,../../data/moge_dataset/HAMMER/scene8_traj2_1/000210/depth.png,../../data/moge_dataset/HAMMER/scene8_traj2_1/000210/meta.json,HAMMER,../../data/depthanything/moge_dataset/HAMMER/scene8_traj2_1/000210/image.png
597,597,../../data/moge_dataset/HAMMER/scene8_traj2_1/000220/image.jpg,../../data/moge_dataset/HAMMER/scene8_traj2_1/000220/depth.png,../../data/moge_dataset/HAMMER/scene8_traj2_1/000220/meta.json,HAMMER,../../data/depthanything/moge_dataset/HAMMER/scene8_traj2_1/000220/image.png
598,598,../../data/moge_dataset/HAMMER/scene8_traj2_1/000230/image.jpg,../../data/moge_dataset/HAMMER/scene8_traj2_1/000230/depth.png,../../data/moge_dataset/HAMMER/scene8_traj2_1/000230/meta.json,HAMMER,../../data/depthanything/moge_dataset/HAMMER/scene8_traj2_1/000230/image.png
599,599,../../data/moge_dataset/HAMMER/scene8_traj2_1/000240/image.jpg,../../data/moge_dataset/HAMMER/scene8_traj2_1/000240/depth.png,../../data/moge_dataset/HAMMER/scene8_traj2_1/000240/meta.json,HAMMER,../../data/depthanything/moge_dataset/HAMMER/scene8_traj2_1/000240/image.png
600,600,../../data/moge_dataset/HAMMER/scene8_traj2_1/000250/image.jpg,../../data/moge_dataset/HAMMER/scene8_traj2_1/000250/depth.png,../../data/moge_dataset/HAMMER/scene8_traj2_1/000250/meta.json,HAMMER,../../data/depthanything/moge_dataset/HAMMER/scene8_traj2_1/000250/image.png
601,601,../../data/moge_dataset/HAMMER/scene8_traj2_1/000260/image.jpg,../../data/moge_dataset/HAMMER/scene8_traj2_1/000260/depth.png,../../data/moge_dataset/HAMMER/scene8_traj2_1/000260/meta.json,HAMMER,../../data/depthanything/moge_dataset/HAMMER/scene8_traj2_1/000260/image.png
602,602,../../data/moge_dataset/HAMMER/scene8_traj2_1/000270/image.jpg,../../data/moge_dataset/HAMMER/scene8_traj2_1/000270/depth.png,../../data/moge_dataset/HAMMER/scene8_traj2_1/000270/meta.json,HAMMER,../../data/depthanything/moge_dataset/HAMMER/scene8_traj2_1/000270/image.png
603,603,../../data/moge_dataset/HAMMER/scene8_traj2_1/000280/image.jpg,../../data/moge_dataset/HAMMER/scene8_traj2_1/000280/depth.png,../../data/moge_dataset/HAMMER/scene8_traj2_1/000280/meta.json,HAMMER,../../data/depthanything/moge_dataset/HAMMER/scene8_traj2_1/000280/image.png
604,604,../../data/moge_dataset/HAMMER/scene8_traj2_naked_1/000000/image.jpg,../../data/moge_dataset/HAMMER/scene8_traj2_naked_1/000000/depth.png,../../data/moge_dataset/HAMMER/scene8_traj2_naked_1/000000/meta.json,HAMMER,../../data/depthanything/moge_dataset/HAMMER/scene8_traj2_naked_1/000000/image.png
605,605,../../data/moge_dataset/HAMMER/scene8_traj2_naked_1/000010/image.jpg,../../data/moge_dataset/HAMMER/scene8_traj2_naked_1/000010/depth.png,../../data/moge_dataset/HAMMER/scene8_traj2_naked_1/000010/meta.json,HAMMER,../../data/depthanything/moge_dataset/HAMMER/scene8_traj2_naked_1/000010/image.png
606,606,../../data/moge_dataset/HAMMER/scene8_traj2_naked_1/000020/image.jpg,../../data/moge_dataset/HAMMER/scene8_traj2_naked_1/000020/depth.png,../../data/moge_dataset/HAMMER/scene8_traj2_naked_1/000020/meta.json,HAMMER,../../data/depthanything/moge_dataset/HAMMER/scene8_traj2_naked_1/000020/image.png
607,607,../../data/moge_dataset/HAMMER/scene8_traj2_naked_1/000030/image.jpg,../../data/moge_dataset/HAMMER/scene8_traj2_naked_1/000030/depth.png,../../data/moge_dataset/HAMMER/scene8_traj2_naked_1/000030/meta.json,HAMMER,../../data/depthanything/moge_dataset/HAMMER/scene8_traj2_naked_1/000030/image.png
608,608,../../data/moge_dataset/HAMMER/scene8_traj2_naked_1/000040/image.jpg,../../data/moge_dataset/HAMMER/scene8_traj2_naked_1/000040/depth.png,../../data/moge_dataset/HAMMER/scene8_traj2_naked_1/000040/meta.json,HAMMER,../../data/depthanything/moge_dataset/HAMMER/scene8_traj2_naked_1/000040/image.png
609,609,../../data/moge_dataset/HAMMER/scene8_traj2_naked_1/000050/image.jpg,../../data/moge_dataset/HAMMER/scene8_traj2_naked_1/000050/depth.png,../../data/moge_dataset/HAMMER/scene8_traj2_naked_1/000050/meta.json,HAMMER,../../data/depthanything/moge_dataset/HAMMER/scene8_traj2_naked_1/000050/image.png
610,610,../../data/moge_dataset/HAMMER/scene8_traj2_naked_1/000060/image.jpg,../../data/moge_dataset/HAMMER/scene8_traj2_naked_1/000060/depth.png,../../data/moge_dataset/HAMMER/scene8_traj2_naked_1/000060/meta.json,HAMMER,../../data/depthanything/moge_dataset/HAMMER/scene8_traj2_naked_1/000060/image.png
611,611,../../data/moge_dataset/HAMMER/scene8_traj2_naked_1/000070/image.jpg,../../data/moge_dataset/HAMMER/scene8_traj2_naked_1/000070/depth.png,../../data/moge_dataset/HAMMER/scene8_traj2_naked_1/000070/meta.json,HAMMER,../../data/depthanything/moge_dataset/HAMMER/scene8_traj2_naked_1/000070/image.png
612,612,../../data/moge_dataset/HAMMER/scene8_traj2_naked_1/000080/image.jpg,../../data/moge_dataset/HAMMER/scene8_traj2_naked_1/000080/depth.png,../../data/moge_dataset/HAMMER/scene8_traj2_naked_1/000080/meta.json,HAMMER,../../data/depthanything/moge_dataset/HAMMER/scene8_traj2_naked_1/000080/image.png
613,613,../../data/moge_dataset/HAMMER/scene8_traj2_naked_1/000090/image.jpg,../../data/moge_dataset/HAMMER/scene8_traj2_naked_1/000090/depth.png,../../data/moge_dataset/HAMMER/scene8_traj2_naked_1/000090/meta.json,HAMMER,../../data/depthanything/moge_dataset/HAMMER/scene8_traj2_naked_1/000090/image.png
614,614,../../data/moge_dataset/HAMMER/scene8_traj2_naked_1/000100/image.jpg,../../data/moge_dataset/HAMMER/scene8_traj2_naked_1/000100/depth.png,../../data/moge_dataset/HAMMER/scene8_traj2_naked_1/000100/meta.json,HAMMER,../../data/depthanything/moge_dataset/HAMMER/scene8_traj2_naked_1/000100/image.png
615,615,../../data/moge_dataset/HAMMER/scene8_traj2_naked_1/000110/image.jpg,../../data/moge_dataset/HAMMER/scene8_traj2_naked_1/000110/depth.png,../../data/moge_dataset/HAMMER/scene8_traj2_naked_1/000110/meta.json,HAMMER,../../data/depthanything/moge_dataset/HAMMER/scene8_traj2_naked_1/000110/image.png
616,616,../../data/moge_dataset/HAMMER/scene8_traj2_naked_1/000120/image.jpg,../../data/moge_dataset/HAMMER/scene8_traj2_naked_1/000120/depth.png,../../data/moge_dataset/HAMMER/scene8_traj2_naked_1/000120/meta.json,HAMMER,../../data/depthanything/moge_dataset/HAMMER/scene8_traj2_naked_1/000120/image.png
617,617,../../data/moge_dataset/HAMMER/scene8_traj2_naked_1/000130/image.jpg,../../data/moge_dataset/HAMMER/scene8_traj2_naked_1/000130/depth.png,../../data/moge_dataset/HAMMER/scene8_traj2_naked_1/000130/meta.json,HAMMER,../../data/depthanything/moge_dataset/HAMMER/scene8_traj2_naked_1/000130/image.png
618,618,../../data/moge_dataset/HAMMER/scene8_traj2_naked_1/000140/image.jpg,../../data/moge_dataset/HAMMER/scene8_traj2_naked_1/000140/depth.png,../../data/moge_dataset/HAMMER/scene8_traj2_naked_1/000140/meta.json,HAMMER,../../data/depthanything/moge_dataset/HAMMER/scene8_traj2_naked_1/000140/image.png
619,619,../../data/moge_dataset/HAMMER/scene8_traj2_naked_1/000150/image.jpg,../../data/moge_dataset/HAMMER/scene8_traj2_naked_1/000150/depth.png,../../data/moge_dataset/HAMMER/scene8_traj2_naked_1/000150/meta.json,HAMMER,../../data/depthanything/moge_dataset/HAMMER/scene8_traj2_naked_1/000150/image.png
620,620,../../data/moge_dataset/HAMMER/scene8_traj2_naked_1/000160/image.jpg,../../data/moge_dataset/HAMMER/scene8_traj2_naked_1/000160/depth.png,../../data/moge_dataset/HAMMER/scene8_traj2_naked_1/000160/meta.json,HAMMER,../../data/depthanything/moge_dataset/HAMMER/scene8_traj2_naked_1/000160/image.png
621,621,../../data/moge_dataset/HAMMER/scene8_traj2_naked_1/000170/image.jpg,../../data/moge_dataset/HAMMER/scene8_traj2_naked_1/000170/depth.png,../../data/moge_dataset/HAMMER/scene8_traj2_naked_1/000170/meta.json,HAMMER,../../data/depthanything/moge_dataset/HAMMER/scene8_traj2_naked_1/000170/image.png
622,622,../../data/moge_dataset/HAMMER/scene8_traj2_naked_1/000180/image.jpg,../../data/moge_dataset/HAMMER/scene8_traj2_naked_1/000180/depth.png,../../data/moge_dataset/HAMMER/scene8_traj2_naked_1/000180/meta.json,HAMMER,../../data/depthanything/moge_dataset/HAMMER/scene8_traj2_naked_1/000180/image.png
623,623,../../data/moge_dataset/HAMMER/scene8_traj2_naked_1/000190/image.jpg,../../data/moge_dataset/HAMMER/scene8_traj2_naked_1/000190/depth.png,../../data/moge_dataset/HAMMER/scene8_traj2_naked_1/000190/meta.json,HAMMER,../../data/depthanything/moge_dataset/HAMMER/scene8_traj2_naked_1/000190/image.png
624,624,../../data/moge_dataset/HAMMER/scene8_traj2_naked_1/000200/image.jpg,../../data/moge_dataset/HAMMER/scene8_traj2_naked_1/000200/depth.png,../../data/moge_dataset/HAMMER/scene8_traj2_naked_1/000200/meta.json,HAMMER,../../data/depthanything/moge_dataset/HAMMER/scene8_traj2_naked_1/000200/image.png
625,625,../../data/moge_dataset/HAMMER/scene8_traj2_naked_1/000210/image.jpg,../../data/moge_dataset/HAMMER/scene8_traj2_naked_1/000210/depth.png,../../data/moge_dataset/HAMMER/scene8_traj2_naked_1/000210/meta.json,HAMMER,../../data/depthanything/moge_dataset/HAMMER/scene8_traj2_naked_1/000210/image.png
626,626,../../data/moge_dataset/HAMMER/scene8_traj2_naked_1/000220/image.jpg,../../data/moge_dataset/HAMMER/scene8_traj2_naked_1/000220/depth.png,../../data/moge_dataset/HAMMER/scene8_traj2_naked_1/000220/meta.json,HAMMER,../../data/depthanything/moge_dataset/HAMMER/scene8_traj2_naked_1/000220/image.png
627,627,../../data/moge_dataset/HAMMER/scene8_traj2_naked_1/000230/image.jpg,../../data/moge_dataset/HAMMER/scene8_traj2_naked_1/000230/depth.png,../../data/moge_dataset/HAMMER/scene8_traj2_naked_1/000230/meta.json,HAMMER,../../data/depthanything/moge_dataset/HAMMER/scene8_traj2_naked_1/000230/image.png
628,628,../../data/moge_dataset/HAMMER/scene8_traj2_naked_1/000240/image.jpg,../../data/moge_dataset/HAMMER/scene8_traj2_naked_1/000240/depth.png,../../data/moge_dataset/HAMMER/scene8_traj2_naked_1/000240/meta.json,HAMMER,../../data/depthanything/moge_dataset/HAMMER/scene8_traj2_naked_1/000240/image.png
629,629,../../data/moge_dataset/HAMMER/scene8_traj2_naked_1/000250/image.jpg,../../data/moge_dataset/HAMMER/scene8_traj2_naked_1/000250/depth.png,../../data/moge_dataset/HAMMER/scene8_traj2_naked_1/000250/meta.json,HAMMER,../../data/depthanything/moge_dataset/HAMMER/scene8_traj2_naked_1/000250/image.png
630,630,../../data/moge_dataset/HAMMER/scene8_traj2_naked_1/000260/image.jpg,../../data/moge_dataset/HAMMER/scene8_traj2_naked_1/000260/depth.png,../../data/moge_dataset/HAMMER/scene8_traj2_naked_1/000260/meta.json,HAMMER,../../data/depthanything/moge_dataset/HAMMER/scene8_traj2_naked_1/000260/image.png
631,631,../../data/moge_dataset/HAMMER/scene8_traj2_naked_1/000270/image.jpg,../../data/moge_dataset/HAMMER/scene8_traj2_naked_1/000270/depth.png,../../data/moge_dataset/HAMMER/scene8_traj2_naked_1/000270/meta.json,HAMMER,../../data/depthanything/moge_dataset/HAMMER/scene8_traj2_naked_1/000270/image.png
632,632,../../data/moge_dataset/HAMMER/scene8_traj2_naked_1/000280/image.jpg,../../data/moge_dataset/HAMMER/scene8_traj2_naked_1/000280/depth.png,../../data/moge_dataset/HAMMER/scene8_traj2_naked_1/000280/meta.json,HAMMER,../../data/depthanything/moge_dataset/HAMMER/scene8_traj2_naked_1/000280/image.png
633,633,../../data/moge_dataset/HAMMER/scene9_traj1_1/000000/image.jpg,../../data/moge_dataset/HAMMER/scene9_traj1_1/000000/depth.png,../../data/moge_dataset/HAMMER/scene9_traj1_1/000000/meta.json,HAMMER,../../data/depthanything/moge_dataset/HAMMER/scene9_traj1_1/000000/image.png
634,634,../../data/moge_dataset/HAMMER/scene9_traj1_1/000010/image.jpg,../../data/moge_dataset/HAMMER/scene9_traj1_1/000010/depth.png,../../data/moge_dataset/HAMMER/scene9_traj1_1/000010/meta.json,HAMMER,../../data/depthanything/moge_dataset/HAMMER/scene9_traj1_1/000010/image.png
635,635,../../data/moge_dataset/HAMMER/scene9_traj1_1/000020/image.jpg,../../data/moge_dataset/HAMMER/scene9_traj1_1/000020/depth.png,../../data/moge_dataset/HAMMER/scene9_traj1_1/000020/meta.json,HAMMER,../../data/depthanything/moge_dataset/HAMMER/scene9_traj1_1/000020/image.png
636,636,../../data/moge_dataset/HAMMER/scene9_traj1_1/000030/image.jpg,../../data/moge_dataset/HAMMER/scene9_traj1_1/000030/depth.png,../../data/moge_dataset/HAMMER/scene9_traj1_1/000030/meta.json,HAMMER,../../data/depthanything/moge_dataset/HAMMER/scene9_traj1_1/000030/image.png
637,637,../../data/moge_dataset/HAMMER/scene9_traj1_1/000040/image.jpg,../../data/moge_dataset/HAMMER/scene9_traj1_1/000040/depth.png,../../data/moge_dataset/HAMMER/scene9_traj1_1/000040/meta.json,HAMMER,../../data/depthanything/moge_dataset/HAMMER/scene9_traj1_1/000040/image.png
638,638,../../data/moge_dataset/HAMMER/scene9_traj1_1/000050/image.jpg,../../data/moge_dataset/HAMMER/scene9_traj1_1/000050/depth.png,../../data/moge_dataset/HAMMER/scene9_traj1_1/000050/meta.json,HAMMER,../../data/depthanything/moge_dataset/HAMMER/scene9_traj1_1/000050/image.png
639,639,../../data/moge_dataset/HAMMER/scene9_traj1_1/000060/image.jpg,../../data/moge_dataset/HAMMER/scene9_traj1_1/000060/depth.png,../../data/moge_dataset/HAMMER/scene9_traj1_1/000060/meta.json,HAMMER,../../data/depthanything/moge_dataset/HAMMER/scene9_traj1_1/000060/image.png
640,640,../../data/moge_dataset/HAMMER/scene9_traj1_1/000070/image.jpg,../../data/moge_dataset/HAMMER/scene9_traj1_1/000070/depth.png,../../data/moge_dataset/HAMMER/scene9_traj1_1/000070/meta.json,HAMMER,../../data/depthanything/moge_dataset/HAMMER/scene9_traj1_1/000070/image.png
641,641,../../data/moge_dataset/HAMMER/scene9_traj1_1/000080/image.jpg,../../data/moge_dataset/HAMMER/scene9_traj1_1/000080/depth.png,../../data/moge_dataset/HAMMER/scene9_traj1_1/000080/meta.json,HAMMER,../../data/depthanything/moge_dataset/HAMMER/scene9_traj1_1/000080/image.png
642,642,../../data/moge_dataset/HAMMER/scene9_traj1_1/000090/image.jpg,../../data/moge_dataset/HAMMER/scene9_traj1_1/000090/depth.png,../../data/moge_dataset/HAMMER/scene9_traj1_1/000090/meta.json,HAMMER,../../data/depthanything/moge_dataset/HAMMER/scene9_traj1_1/000090/image.png
643,643,../../data/moge_dataset/HAMMER/scene9_traj1_1/000100/image.jpg,../../data/moge_dataset/HAMMER/scene9_traj1_1/000100/depth.png,../../data/moge_dataset/HAMMER/scene9_traj1_1/000100/meta.json,HAMMER,../../data/depthanything/moge_dataset/HAMMER/scene9_traj1_1/000100/image.png
644,644,../../data/moge_dataset/HAMMER/scene9_traj1_1/000110/image.jpg,../../data/moge_dataset/HAMMER/scene9_traj1_1/000110/depth.png,../../data/moge_dataset/HAMMER/scene9_traj1_1/000110/meta.json,HAMMER,../../data/depthanything/moge_dataset/HAMMER/scene9_traj1_1/000110/image.png
645,645,../../data/moge_dataset/HAMMER/scene9_traj1_1/000120/image.jpg,../../data/moge_dataset/HAMMER/scene9_traj1_1/000120/depth.png,../../data/moge_dataset/HAMMER/scene9_traj1_1/000120/meta.json,HAMMER,../../data/depthanything/moge_dataset/HAMMER/scene9_traj1_1/000120/image.png
646,646,../../data/moge_dataset/HAMMER/scene9_traj1_1/000130/image.jpg,../../data/moge_dataset/HAMMER/scene9_traj1_1/000130/depth.png,../../data/moge_dataset/HAMMER/scene9_traj1_1/000130/meta.json,HAMMER,../../data/depthanything/moge_dataset/HAMMER/scene9_traj1_1/000130/image.png
647,647,../../data/moge_dataset/HAMMER/scene9_traj1_1/000140/image.jpg,../../data/moge_dataset/HAMMER/scene9_traj1_1/000140/depth.png,../../data/moge_dataset/HAMMER/scene9_traj1_1/000140/meta.json,HAMMER,../../data/depthanything/moge_dataset/HAMMER/scene9_traj1_1/000140/image.png
648,648,../../data/moge_dataset/HAMMER/scene9_traj1_1/000150/image.jpg,../../data/moge_dataset/HAMMER/scene9_traj1_1/000150/depth.png,../../data/moge_dataset/HAMMER/scene9_traj1_1/000150/meta.json,HAMMER,../../data/depthanything/moge_dataset/HAMMER/scene9_traj1_1/000150/image.png
649,649,../../data/moge_dataset/HAMMER/scene9_traj1_1/000160/image.jpg,../../data/moge_dataset/HAMMER/scene9_traj1_1/000160/depth.png,../../data/moge_dataset/HAMMER/scene9_traj1_1/000160/meta.json,HAMMER,../../data/depthanything/moge_dataset/HAMMER/scene9_traj1_1/000160/image.png
650,650,../../data/moge_dataset/HAMMER/scene9_traj1_1/000170/image.jpg,../../data/moge_dataset/HAMMER/scene9_traj1_1/000170/depth.png,../../data/moge_dataset/HAMMER/scene9_traj1_1/000170/meta.json,HAMMER,../../data/depthanything/moge_dataset/HAMMER/scene9_traj1_1/000170/image.png
651,651,../../data/moge_dataset/HAMMER/scene9_traj1_1/000180/image.jpg,../../data/moge_dataset/HAMMER/scene9_traj1_1/000180/depth.png,../../data/moge_dataset/HAMMER/scene9_traj1_1/000180/meta.json,HAMMER,../../data/depthanything/moge_dataset/HAMMER/scene9_traj1_1/000180/image.png
652,652,../../data/moge_dataset/HAMMER/scene9_traj1_1/000190/image.jpg,../../data/moge_dataset/HAMMER/scene9_traj1_1/000190/depth.png,../../data/moge_dataset/HAMMER/scene9_traj1_1/000190/meta.json,HAMMER,../../data/depthanything/moge_dataset/HAMMER/scene9_traj1_1/000190/image.png
653,653,../../data/moge_dataset/HAMMER/scene9_traj1_1/000200/image.jpg,../../data/moge_dataset/HAMMER/scene9_traj1_1/000200/depth.png,../../data/moge_dataset/HAMMER/scene9_traj1_1/000200/meta.json,HAMMER,../../data/depthanything/moge_dataset/HAMMER/scene9_traj1_1/000200/image.png
654,654,../../data/moge_dataset/HAMMER/scene9_traj1_1/000210/image.jpg,../../data/moge_dataset/HAMMER/scene9_traj1_1/000210/depth.png,../../data/moge_dataset/HAMMER/scene9_traj1_1/000210/meta.json,HAMMER,../../data/depthanything/moge_dataset/HAMMER/scene9_traj1_1/000210/image.png
655,655,../../data/moge_dataset/HAMMER/scene9_traj1_1/000220/image.jpg,../../data/moge_dataset/HAMMER/scene9_traj1_1/000220/depth.png,../../data/moge_dataset/HAMMER/scene9_traj1_1/000220/meta.json,HAMMER,../../data/depthanything/moge_dataset/HAMMER/scene9_traj1_1/000220/image.png
656,656,../../data/moge_dataset/HAMMER/scene9_traj1_1/000230/image.jpg,../../data/moge_dataset/HAMMER/scene9_traj1_1/000230/depth.png,../../data/moge_dataset/HAMMER/scene9_traj1_1/000230/meta.json,HAMMER,../../data/depthanything/moge_dataset/HAMMER/scene9_traj1_1/000230/image.png
657,657,../../data/moge_dataset/HAMMER/scene9_traj1_1/000240/image.jpg,../../data/moge_dataset/HAMMER/scene9_traj1_1/000240/depth.png,../../data/moge_dataset/HAMMER/scene9_traj1_1/000240/meta.json,HAMMER,../../data/depthanything/moge_dataset/HAMMER/scene9_traj1_1/000240/image.png
658,658,../../data/moge_dataset/HAMMER/scene9_traj1_1/000250/image.jpg,../../data/moge_dataset/HAMMER/scene9_traj1_1/000250/depth.png,../../data/moge_dataset/HAMMER/scene9_traj1_1/000250/meta.json,HAMMER,../../data/depthanything/moge_dataset/HAMMER/scene9_traj1_1/000250/image.png
659,659,../../data/moge_dataset/HAMMER/scene9_traj1_1/000260/image.jpg,../../data/moge_dataset/HAMMER/scene9_traj1_1/000260/depth.png,../../data/moge_dataset/HAMMER/scene9_traj1_1/000260/meta.json,HAMMER,../../data/depthanything/moge_dataset/HAMMER/scene9_traj1_1/000260/image.png
660,660,../../data/moge_dataset/HAMMER/scene9_traj1_1/000270/image.jpg,../../data/moge_dataset/HAMMER/scene9_traj1_1/000270/depth.png,../../data/moge_dataset/HAMMER/scene9_traj1_1/000270/meta.json,HAMMER,../../data/depthanything/moge_dataset/HAMMER/scene9_traj1_1/000270/image.png
661,661,../../data/moge_dataset/HAMMER/scene9_traj1_1/000280/image.jpg,../../data/moge_dataset/HAMMER/scene9_traj1_1/000280/depth.png,../../data/moge_dataset/HAMMER/scene9_traj1_1/000280/meta.json,HAMMER,../../data/depthanything/moge_dataset/HAMMER/scene9_traj1_1/000280/image.png
662,662,../../data/moge_dataset/HAMMER/scene9_traj1_1/000290/image.jpg,../../data/moge_dataset/HAMMER/scene9_traj1_1/000290/depth.png,../../data/moge_dataset/HAMMER/scene9_traj1_1/000290/meta.json,HAMMER,../../data/depthanything/moge_dataset/HAMMER/scene9_traj1_1/000290/image.png
663,663,../../data/moge_dataset/HAMMER/scene9_traj1_1/000300/image.jpg,../../data/moge_dataset/HAMMER/scene9_traj1_1/000300/depth.png,../../data/moge_dataset/HAMMER/scene9_traj1_1/000300/meta.json,HAMMER,../../data/depthanything/moge_dataset/HAMMER/scene9_traj1_1/000300/image.png
664,664,../../data/moge_dataset/HAMMER/scene9_traj1_1/000310/image.jpg,../../data/moge_dataset/HAMMER/scene9_traj1_1/000310/depth.png,../../data/moge_dataset/HAMMER/scene9_traj1_1/000310/meta.json,HAMMER,../../data/depthanything/moge_dataset/HAMMER/scene9_traj1_1/000310/image.png
665,665,../../data/moge_dataset/HAMMER/scene9_traj1_1/000320/image.jpg,../../data/moge_dataset/HAMMER/scene9_traj1_1/000320/depth.png,../../data/moge_dataset/HAMMER/scene9_traj1_1/000320/meta.json,HAMMER,../../data/depthanything/moge_dataset/HAMMER/scene9_traj1_1/000320/image.png
666,666,../../data/moge_dataset/HAMMER/scene9_traj1_1/000330/image.jpg,../../data/moge_dataset/HAMMER/scene9_traj1_1/000330/depth.png,../../data/moge_dataset/HAMMER/scene9_traj1_1/000330/meta.json,HAMMER,../../data/depthanything/moge_dataset/HAMMER/scene9_traj1_1/000330/image.png
667,667,../../data/moge_dataset/HAMMER/scene9_traj1_1/000340/image.jpg,../../data/moge_dataset/HAMMER/scene9_traj1_1/000340/depth.png,../../data/moge_dataset/HAMMER/scene9_traj1_1/000340/meta.json,HAMMER,../../data/depthanything/moge_dataset/HAMMER/scene9_traj1_1/000340/image.png
668,668,../../data/moge_dataset/HAMMER/scene9_traj1_1/000350/image.jpg,../../data/moge_dataset/HAMMER/scene9_traj1_1/000350/depth.png,../../data/moge_dataset/HAMMER/scene9_traj1_1/000350/meta.json,HAMMER,../../data/depthanything/moge_dataset/HAMMER/scene9_traj1_1/000350/image.png
669,669,../../data/moge_dataset/HAMMER/scene9_traj1_naked_1/000000/image.jpg,../../data/moge_dataset/HAMMER/scene9_traj1_naked_1/000000/depth.png,../../data/moge_dataset/HAMMER/scene9_traj1_naked_1/000000/meta.json,HAMMER,../../data/depthanything/moge_dataset/HAMMER/scene9_traj1_naked_1/000000/image.png
670,670,../../data/moge_dataset/HAMMER/scene9_traj1_naked_1/000010/image.jpg,../../data/moge_dataset/HAMMER/scene9_traj1_naked_1/000010/depth.png,../../data/moge_dataset/HAMMER/scene9_traj1_naked_1/000010/meta.json,HAMMER,../../data/depthanything/moge_dataset/HAMMER/scene9_traj1_naked_1/000010/image.png
671,671,../../data/moge_dataset/HAMMER/scene9_traj1_naked_1/000020/image.jpg,../../data/moge_dataset/HAMMER/scene9_traj1_naked_1/000020/depth.png,../../data/moge_dataset/HAMMER/scene9_traj1_naked_1/000020/meta.json,HAMMER,../../data/depthanything/moge_dataset/HAMMER/scene9_traj1_naked_1/000020/image.png
672,672,../../data/moge_dataset/HAMMER/scene9_traj1_naked_1/000030/image.jpg,../../data/moge_dataset/HAMMER/scene9_traj1_naked_1/000030/depth.png,../../data/moge_dataset/HAMMER/scene9_traj1_naked_1/000030/meta.json,HAMMER,../../data/depthanything/moge_dataset/HAMMER/scene9_traj1_naked_1/000030/image.png
673,673,../../data/moge_dataset/HAMMER/scene9_traj1_naked_1/000040/image.jpg,../../data/moge_dataset/HAMMER/scene9_traj1_naked_1/000040/depth.png,../../data/moge_dataset/HAMMER/scene9_traj1_naked_1/000040/meta.json,HAMMER,../../data/depthanything/moge_dataset/HAMMER/scene9_traj1_naked_1/000040/image.png
674,674,../../data/moge_dataset/HAMMER/scene9_traj1_naked_1/000050/image.jpg,../../data/moge_dataset/HAMMER/scene9_traj1_naked_1/000050/depth.png,../../data/moge_dataset/HAMMER/scene9_traj1_naked_1/000050/meta.json,HAMMER,../../data/depthanything/moge_dataset/HAMMER/scene9_traj1_naked_1/000050/image.png
675,675,../../data/moge_dataset/HAMMER/scene9_traj1_naked_1/000060/image.jpg,../../data/moge_dataset/HAMMER/scene9_traj1_naked_1/000060/depth.png,../../data/moge_dataset/HAMMER/scene9_traj1_naked_1/000060/meta.json,HAMMER,../../data/depthanything/moge_dataset/HAMMER/scene9_traj1_naked_1/000060/image.png
676,676,../../data/moge_dataset/HAMMER/scene9_traj1_naked_1/000070/image.jpg,../../data/moge_dataset/HAMMER/scene9_traj1_naked_1/000070/depth.png,../../data/moge_dataset/HAMMER/scene9_traj1_naked_1/000070/meta.json,HAMMER,../../data/depthanything/moge_dataset/HAMMER/scene9_traj1_naked_1/000070/image.png
677,677,../../data/moge_dataset/HAMMER/scene9_traj1_naked_1/000080/image.jpg,../../data/moge_dataset/HAMMER/scene9_traj1_naked_1/000080/depth.png,../../data/moge_dataset/HAMMER/scene9_traj1_naked_1/000080/meta.json,HAMMER,../../data/depthanything/moge_dataset/HAMMER/scene9_traj1_naked_1/000080/image.png
678,678,../../data/moge_dataset/HAMMER/scene9_traj1_naked_1/000090/image.jpg,../../data/moge_dataset/HAMMER/scene9_traj1_naked_1/000090/depth.png,../../data/moge_dataset/HAMMER/scene9_traj1_naked_1/000090/meta.json,HAMMER,../../data/depthanything/moge_dataset/HAMMER/scene9_traj1_naked_1/000090/image.png
679,679,../../data/moge_dataset/HAMMER/scene9_traj1_naked_1/000100/image.jpg,../../data/moge_dataset/HAMMER/scene9_traj1_naked_1/000100/depth.png,../../data/moge_dataset/HAMMER/scene9_traj1_naked_1/000100/meta.json,HAMMER,../../data/depthanything/moge_dataset/HAMMER/scene9_traj1_naked_1/000100/image.png
680,680,../../data/moge_dataset/HAMMER/scene9_traj1_naked_1/000110/image.jpg,../../data/moge_dataset/HAMMER/scene9_traj1_naked_1/000110/depth.png,../../data/moge_dataset/HAMMER/scene9_traj1_naked_1/000110/meta.json,HAMMER,../../data/depthanything/moge_dataset/HAMMER/scene9_traj1_naked_1/000110/image.png
681,681,../../data/moge_dataset/HAMMER/scene9_traj1_naked_1/000120/image.jpg,../../data/moge_dataset/HAMMER/scene9_traj1_naked_1/000120/depth.png,../../data/moge_dataset/HAMMER/scene9_traj1_naked_1/000120/meta.json,HAMMER,../../data/depthanything/moge_dataset/HAMMER/scene9_traj1_naked_1/000120/image.png
682,682,../../data/moge_dataset/HAMMER/scene9_traj1_naked_1/000130/image.jpg,../../data/moge_dataset/HAMMER/scene9_traj1_naked_1/000130/depth.png,../../data/moge_dataset/HAMMER/scene9_traj1_naked_1/000130/meta.json,HAMMER,../../data/depthanything/moge_dataset/HAMMER/scene9_traj1_naked_1/000130/image.png
683,683,../../data/moge_dataset/HAMMER/scene9_traj1_naked_1/000140/image.jpg,../../data/moge_dataset/HAMMER/scene9_traj1_naked_1/000140/depth.png,../../data/moge_dataset/HAMMER/scene9_traj1_naked_1/000140/meta.json,HAMMER,../../data/depthanything/moge_dataset/HAMMER/scene9_traj1_naked_1/000140/image.png
684,684,../../data/moge_dataset/HAMMER/scene9_traj1_naked_1/000150/image.jpg,../../data/moge_dataset/HAMMER/scene9_traj1_naked_1/000150/depth.png,../../data/moge_dataset/HAMMER/scene9_traj1_naked_1/000150/meta.json,HAMMER,../../data/depthanything/moge_dataset/HAMMER/scene9_traj1_naked_1/000150/image.png
685,685,../../data/moge_dataset/HAMMER/scene9_traj1_naked_1/000160/image.jpg,../../data/moge_dataset/HAMMER/scene9_traj1_naked_1/000160/depth.png,../../data/moge_dataset/HAMMER/scene9_traj1_naked_1/000160/meta.json,HAMMER,../../data/depthanything/moge_dataset/HAMMER/scene9_traj1_naked_1/000160/image.png
686,686,../../data/moge_dataset/HAMMER/scene9_traj1_naked_1/000170/image.jpg,../../data/moge_dataset/HAMMER/scene9_traj1_naked_1/000170/depth.png,../../data/moge_dataset/HAMMER/scene9_traj1_naked_1/000170/meta.json,HAMMER,../../data/depthanything/moge_dataset/HAMMER/scene9_traj1_naked_1/000170/image.png
687,687,../../data/moge_dataset/HAMMER/scene9_traj1_naked_1/000180/image.jpg,../../data/moge_dataset/HAMMER/scene9_traj1_naked_1/000180/depth.png,../../data/moge_dataset/HAMMER/scene9_traj1_naked_1/000180/meta.json,HAMMER,../../data/depthanything/moge_dataset/HAMMER/scene9_traj1_naked_1/000180/image.png
688,688,../../data/moge_dataset/HAMMER/scene9_traj1_naked_1/000190/image.jpg,../../data/moge_dataset/HAMMER/scene9_traj1_naked_1/000190/depth.png,../../data/moge_dataset/HAMMER/scene9_traj1_naked_1/000190/meta.json,HAMMER,../../data/depthanything/moge_dataset/HAMMER/scene9_traj1_naked_1/000190/image.png
689,689,../../data/moge_dataset/HAMMER/scene9_traj1_naked_1/000200/image.jpg,../../data/moge_dataset/HAMMER/scene9_traj1_naked_1/000200/depth.png,../../data/moge_dataset/HAMMER/scene9_traj1_naked_1/000200/meta.json,HAMMER,../../data/depthanything/moge_dataset/HAMMER/scene9_traj1_naked_1/000200/image.png
690,690,../../data/moge_dataset/HAMMER/scene9_traj1_naked_1/000210/image.jpg,../../data/moge_dataset/HAMMER/scene9_traj1_naked_1/000210/depth.png,../../data/moge_dataset/HAMMER/scene9_traj1_naked_1/000210/meta.json,HAMMER,../../data/depthanything/moge_dataset/HAMMER/scene9_traj1_naked_1/000210/image.png
691,691,../../data/moge_dataset/HAMMER/scene9_traj1_naked_1/000220/image.jpg,../../data/moge_dataset/HAMMER/scene9_traj1_naked_1/000220/depth.png,../../data/moge_dataset/HAMMER/scene9_traj1_naked_1/000220/meta.json,HAMMER,../../data/depthanything/moge_dataset/HAMMER/scene9_traj1_naked_1/000220/image.png
692,692,../../data/moge_dataset/HAMMER/scene9_traj1_naked_1/000230/image.jpg,../../data/moge_dataset/HAMMER/scene9_traj1_naked_1/000230/depth.png,../../data/moge_dataset/HAMMER/scene9_traj1_naked_1/000230/meta.json,HAMMER,../../data/depthanything/moge_dataset/HAMMER/scene9_traj1_naked_1/000230/image.png
693,693,../../data/moge_dataset/HAMMER/scene9_traj1_naked_1/000240/image.jpg,../../data/moge_dataset/HAMMER/scene9_traj1_naked_1/000240/depth.png,../../data/moge_dataset/HAMMER/scene9_traj1_naked_1/000240/meta.json,HAMMER,../../data/depthanything/moge_dataset/HAMMER/scene9_traj1_naked_1/000240/image.png
694,694,../../data/moge_dataset/HAMMER/scene9_traj1_naked_1/000250/image.jpg,../../data/moge_dataset/HAMMER/scene9_traj1_naked_1/000250/depth.png,../../data/moge_dataset/HAMMER/scene9_traj1_naked_1/000250/meta.json,HAMMER,../../data/depthanything/moge_dataset/HAMMER/scene9_traj1_naked_1/000250/image.png
695,695,../../data/moge_dataset/HAMMER/scene9_traj1_naked_1/000260/image.jpg,../../data/moge_dataset/HAMMER/scene9_traj1_naked_1/000260/depth.png,../../data/moge_dataset/HAMMER/scene9_traj1_naked_1/000260/meta.json,HAMMER,../../data/depthanything/moge_dataset/HAMMER/scene9_traj1_naked_1/000260/image.png
696,696,../../data/moge_dataset/HAMMER/scene9_traj1_naked_1/000270/image.jpg,../../data/moge_dataset/HAMMER/scene9_traj1_naked_1/000270/depth.png,../../data/moge_dataset/HAMMER/scene9_traj1_naked_1/000270/meta.json,HAMMER,../../data/depthanything/moge_dataset/HAMMER/scene9_traj1_naked_1/000270/image.png
697,697,../../data/moge_dataset/HAMMER/scene9_traj1_naked_1/000280/image.jpg,../../data/moge_dataset/HAMMER/scene9_traj1_naked_1/000280/depth.png,../../data/moge_dataset/HAMMER/scene9_traj1_naked_1/000280/meta.json,HAMMER,../../data/depthanything/moge_dataset/HAMMER/scene9_traj1_naked_1/000280/image.png
698,698,../../data/moge_dataset/HAMMER/scene9_traj1_naked_1/000290/image.jpg,../../data/moge_dataset/HAMMER/scene9_traj1_naked_1/000290/depth.png,../../data/moge_dataset/HAMMER/scene9_traj1_naked_1/000290/meta.json,HAMMER,../../data/depthanything/moge_dataset/HAMMER/scene9_traj1_naked_1/000290/image.png
699,699,../../data/moge_dataset/HAMMER/scene9_traj1_naked_1/000300/image.jpg,../../data/moge_dataset/HAMMER/scene9_traj1_naked_1/000300/depth.png,../../data/moge_dataset/HAMMER/scene9_traj1_naked_1/000300/meta.json,HAMMER,../../data/depthanything/moge_dataset/HAMMER/scene9_traj1_naked_1/000300/image.png
700,700,../../data/moge_dataset/HAMMER/scene9_traj1_naked_1/000310/image.jpg,../../data/moge_dataset/HAMMER/scene9_traj1_naked_1/000310/depth.png,../../data/moge_dataset/HAMMER/scene9_traj1_naked_1/000310/meta.json,HAMMER,../../data/depthanything/moge_dataset/HAMMER/scene9_traj1_naked_1/000310/image.png
701,701,../../data/moge_dataset/HAMMER/scene9_traj1_naked_1/000320/image.jpg,../../data/moge_dataset/HAMMER/scene9_traj1_naked_1/000320/depth.png,../../data/moge_dataset/HAMMER/scene9_traj1_naked_1/000320/meta.json,HAMMER,../../data/depthanything/moge_dataset/HAMMER/scene9_traj1_naked_1/000320/image.png
702,702,../../data/moge_dataset/HAMMER/scene9_traj1_naked_1/000330/image.jpg,../../data/moge_dataset/HAMMER/scene9_traj1_naked_1/000330/depth.png,../../data/moge_dataset/HAMMER/scene9_traj1_naked_1/000330/meta.json,HAMMER,../../data/depthanything/moge_dataset/HAMMER/scene9_traj1_naked_1/000330/image.png
703,703,../../data/moge_dataset/HAMMER/scene9_traj1_naked_1/000340/image.jpg,../../data/moge_dataset/HAMMER/scene9_traj1_naked_1/000340/depth.png,../../data/moge_dataset/HAMMER/scene9_traj1_naked_1/000340/meta.json,HAMMER,../../data/depthanything/moge_dataset/HAMMER/scene9_traj1_naked_1/000340/image.png
704,704,../../data/moge_dataset/HAMMER/scene9_traj1_naked_1/000350/image.jpg,../../data/moge_dataset/HAMMER/scene9_traj1_naked_1/000350/depth.png,../../data/moge_dataset/HAMMER/scene9_traj1_naked_1/000350/meta.json,HAMMER,../../data/depthanything/moge_dataset/HAMMER/scene9_traj1_naked_1/000350/image.png
705,705,../../data/moge_dataset/HAMMER/scene9_traj2_1/000000/image.jpg,../../data/moge_dataset/HAMMER/scene9_traj2_1/000000/depth.png,../../data/moge_dataset/HAMMER/scene9_traj2_1/000000/meta.json,HAMMER,../../data/depthanything/moge_dataset/HAMMER/scene9_traj2_1/000000/image.png
706,706,../../data/moge_dataset/HAMMER/scene9_traj2_1/000010/image.jpg,../../data/moge_dataset/HAMMER/scene9_traj2_1/000010/depth.png,../../data/moge_dataset/HAMMER/scene9_traj2_1/000010/meta.json,HAMMER,../../data/depthanything/moge_dataset/HAMMER/scene9_traj2_1/000010/image.png
707,707,../../data/moge_dataset/HAMMER/scene9_traj2_1/000020/image.jpg,../../data/moge_dataset/HAMMER/scene9_traj2_1/000020/depth.png,../../data/moge_dataset/HAMMER/scene9_traj2_1/000020/meta.json,HAMMER,../../data/depthanything/moge_dataset/HAMMER/scene9_traj2_1/000020/image.png
708,708,../../data/moge_dataset/HAMMER/scene9_traj2_1/000030/image.jpg,../../data/moge_dataset/HAMMER/scene9_traj2_1/000030/depth.png,../../data/moge_dataset/HAMMER/scene9_traj2_1/000030/meta.json,HAMMER,../../data/depthanything/moge_dataset/HAMMER/scene9_traj2_1/000030/image.png
709,709,../../data/moge_dataset/HAMMER/scene9_traj2_1/000040/image.jpg,../../data/moge_dataset/HAMMER/scene9_traj2_1/000040/depth.png,../../data/moge_dataset/HAMMER/scene9_traj2_1/000040/meta.json,HAMMER,../../data/depthanything/moge_dataset/HAMMER/scene9_traj2_1/000040/image.png
710,710,../../data/moge_dataset/HAMMER/scene9_traj2_1/000050/image.jpg,../../data/moge_dataset/HAMMER/scene9_traj2_1/000050/depth.png,../../data/moge_dataset/HAMMER/scene9_traj2_1/000050/meta.json,HAMMER,../../data/depthanything/moge_dataset/HAMMER/scene9_traj2_1/000050/image.png
711,711,../../data/moge_dataset/HAMMER/scene9_traj2_1/000060/image.jpg,../../data/moge_dataset/HAMMER/scene9_traj2_1/000060/depth.png,../../data/moge_dataset/HAMMER/scene9_traj2_1/000060/meta.json,HAMMER,../../data/depthanything/moge_dataset/HAMMER/scene9_traj2_1/000060/image.png
712,712,../../data/moge_dataset/HAMMER/scene9_traj2_1/000070/image.jpg,../../data/moge_dataset/HAMMER/scene9_traj2_1/000070/depth.png,../../data/moge_dataset/HAMMER/scene9_traj2_1/000070/meta.json,HAMMER,../../data/depthanything/moge_dataset/HAMMER/scene9_traj2_1/000070/image.png
713,713,../../data/moge_dataset/HAMMER/scene9_traj2_1/000080/image.jpg,../../data/moge_dataset/HAMMER/scene9_traj2_1/000080/depth.png,../../data/moge_dataset/HAMMER/scene9_traj2_1/000080/meta.json,HAMMER,../../data/depthanything/moge_dataset/HAMMER/scene9_traj2_1/000080/image.png
714,714,../../data/moge_dataset/HAMMER/scene9_traj2_1/000090/image.jpg,../../data/moge_dataset/HAMMER/scene9_traj2_1/000090/depth.png,../../data/moge_dataset/HAMMER/scene9_traj2_1/000090/meta.json,HAMMER,../../data/depthanything/moge_dataset/HAMMER/scene9_traj2_1/000090/image.png
715,715,../../data/moge_dataset/HAMMER/scene9_traj2_1/000100/image.jpg,../../data/moge_dataset/HAMMER/scene9_traj2_1/000100/depth.png,../../data/moge_dataset/HAMMER/scene9_traj2_1/000100/meta.json,HAMMER,../../data/depthanything/moge_dataset/HAMMER/scene9_traj2_1/000100/image.png
716,716,../../data/moge_dataset/HAMMER/scene9_traj2_1/000110/image.jpg,../../data/moge_dataset/HAMMER/scene9_traj2_1/000110/depth.png,../../data/moge_dataset/HAMMER/scene9_traj2_1/000110/meta.json,HAMMER,../../data/depthanything/moge_dataset/HAMMER/scene9_traj2_1/000110/image.png
717,717,../../data/moge_dataset/HAMMER/scene9_traj2_1/000120/image.jpg,../../data/moge_dataset/HAMMER/scene9_traj2_1/000120/depth.png,../../data/moge_dataset/HAMMER/scene9_traj2_1/000120/meta.json,HAMMER,../../data/depthanything/moge_dataset/HAMMER/scene9_traj2_1/000120/image.png
718,718,../../data/moge_dataset/HAMMER/scene9_traj2_1/000130/image.jpg,../../data/moge_dataset/HAMMER/scene9_traj2_1/000130/depth.png,../../data/moge_dataset/HAMMER/scene9_traj2_1/000130/meta.json,HAMMER,../../data/depthanything/moge_dataset/HAMMER/scene9_traj2_1/000130/image.png
719,719,../../data/moge_dataset/HAMMER/scene9_traj2_1/000140/image.jpg,../../data/moge_dataset/HAMMER/scene9_traj2_1/000140/depth.png,../../data/moge_dataset/HAMMER/scene9_traj2_1/000140/meta.json,HAMMER,../../data/depthanything/moge_dataset/HAMMER/scene9_traj2_1/000140/image.png
720,720,../../data/moge_dataset/HAMMER/scene9_traj2_1/000150/image.jpg,../../data/moge_dataset/HAMMER/scene9_traj2_1/000150/depth.png,../../data/moge_dataset/HAMMER/scene9_traj2_1/000150/meta.json,HAMMER,../../data/depthanything/moge_dataset/HAMMER/scene9_traj2_1/000150/image.png
721,721,../../data/moge_dataset/HAMMER/scene9_traj2_1/000160/image.jpg,../../data/moge_dataset/HAMMER/scene9_traj2_1/000160/depth.png,../../data/moge_dataset/HAMMER/scene9_traj2_1/000160/meta.json,HAMMER,../../data/depthanything/moge_dataset/HAMMER/scene9_traj2_1/000160/image.png
722,722,../../data/moge_dataset/HAMMER/scene9_traj2_1/000170/image.jpg,../../data/moge_dataset/HAMMER/scene9_traj2_1/000170/depth.png,../../data/moge_dataset/HAMMER/scene9_traj2_1/000170/meta.json,HAMMER,../../data/depthanything/moge_dataset/HAMMER/scene9_traj2_1/000170/image.png
723,723,../../data/moge_dataset/HAMMER/scene9_traj2_1/000180/image.jpg,../../data/moge_dataset/HAMMER/scene9_traj2_1/000180/depth.png,../../data/moge_dataset/HAMMER/scene9_traj2_1/000180/meta.json,HAMMER,../../data/depthanything/moge_dataset/HAMMER/scene9_traj2_1/000180/image.png
724,724,../../data/moge_dataset/HAMMER/scene9_traj2_1/000190/image.jpg,../../data/moge_dataset/HAMMER/scene9_traj2_1/000190/depth.png,../../data/moge_dataset/HAMMER/scene9_traj2_1/000190/meta.json,HAMMER,../../data/depthanything/moge_dataset/HAMMER/scene9_traj2_1/000190/image.png
725,725,../../data/moge_dataset/HAMMER/scene9_traj2_1/000200/image.jpg,../../data/moge_dataset/HAMMER/scene9_traj2_1/000200/depth.png,../../data/moge_dataset/HAMMER/scene9_traj2_1/000200/meta.json,HAMMER,../../data/depthanything/moge_dataset/HAMMER/scene9_traj2_1/000200/image.png
726,726,../../data/moge_dataset/HAMMER/scene9_traj2_1/000210/image.jpg,../../data/moge_dataset/HAMMER/scene9_traj2_1/000210/depth.png,../../data/moge_dataset/HAMMER/scene9_traj2_1/000210/meta.json,HAMMER,../../data/depthanything/moge_dataset/HAMMER/scene9_traj2_1/000210/image.png
727,727,../../data/moge_dataset/HAMMER/scene9_traj2_1/000220/image.jpg,../../data/moge_dataset/HAMMER/scene9_traj2_1/000220/depth.png,../../data/moge_dataset/HAMMER/scene9_traj2_1/000220/meta.json,HAMMER,../../data/depthanything/moge_dataset/HAMMER/scene9_traj2_1/000220/image.png
728,728,../../data/moge_dataset/HAMMER/scene9_traj2_1/000230/image.jpg,../../data/moge_dataset/HAMMER/scene9_traj2_1/000230/depth.png,../../data/moge_dataset/HAMMER/scene9_traj2_1/000230/meta.json,HAMMER,../../data/depthanything/moge_dataset/HAMMER/scene9_traj2_1/000230/image.png
729,729,../../data/moge_dataset/HAMMER/scene9_traj2_1/000240/image.jpg,../../data/moge_dataset/HAMMER/scene9_traj2_1/000240/depth.png,../../data/moge_dataset/HAMMER/scene9_traj2_1/000240/meta.json,HAMMER,../../data/depthanything/moge_dataset/HAMMER/scene9_traj2_1/000240/image.png
730,730,../../data/moge_dataset/HAMMER/scene9_traj2_1/000250/image.jpg,../../data/moge_dataset/HAMMER/scene9_traj2_1/000250/depth.png,../../data/moge_dataset/HAMMER/scene9_traj2_1/000250/meta.json,HAMMER,../../data/depthanything/moge_dataset/HAMMER/scene9_traj2_1/000250/image.png
731,731,../../data/moge_dataset/HAMMER/scene9_traj2_1/000260/image.jpg,../../data/moge_dataset/HAMMER/scene9_traj2_1/000260/depth.png,../../data/moge_dataset/HAMMER/scene9_traj2_1/000260/meta.json,HAMMER,../../data/depthanything/moge_dataset/HAMMER/scene9_traj2_1/000260/image.png
732,732,../../data/moge_dataset/HAMMER/scene9_traj2_1/000270/image.jpg,../../data/moge_dataset/HAMMER/scene9_traj2_1/000270/depth.png,../../data/moge_dataset/HAMMER/scene9_traj2_1/000270/meta.json,HAMMER,../../data/depthanything/moge_dataset/HAMMER/scene9_traj2_1/000270/image.png
733,733,../../data/moge_dataset/HAMMER/scene9_traj2_1/000280/image.jpg,../../data/moge_dataset/HAMMER/scene9_traj2_1/000280/depth.png,../../data/moge_dataset/HAMMER/scene9_traj2_1/000280/meta.json,HAMMER,../../data/depthanything/moge_dataset/HAMMER/scene9_traj2_1/000280/image.png
734,734,../../data/moge_dataset/HAMMER/scene9_traj2_1/000290/image.jpg,../../data/moge_dataset/HAMMER/scene9_traj2_1/000290/depth.png,../../data/moge_dataset/HAMMER/scene9_traj2_1/000290/meta.json,HAMMER,../../data/depthanything/moge_dataset/HAMMER/scene9_traj2_1/000290/image.png
735,735,../../data/moge_dataset/HAMMER/scene9_traj2_1/000300/image.jpg,../../data/moge_dataset/HAMMER/scene9_traj2_1/000300/depth.png,../../data/moge_dataset/HAMMER/scene9_traj2_1/000300/meta.json,HAMMER,../../data/depthanything/moge_dataset/HAMMER/scene9_traj2_1/000300/image.png
736,736,../../data/moge_dataset/HAMMER/scene9_traj2_1/000310/image.jpg,../../data/moge_dataset/HAMMER/scene9_traj2_1/000310/depth.png,../../data/moge_dataset/HAMMER/scene9_traj2_1/000310/meta.json,HAMMER,../../data/depthanything/moge_dataset/HAMMER/scene9_traj2_1/000310/image.png
737,737,../../data/moge_dataset/HAMMER/scene9_traj2_1/000320/image.jpg,../../data/moge_dataset/HAMMER/scene9_traj2_1/000320/depth.png,../../data/moge_dataset/HAMMER/scene9_traj2_1/000320/meta.json,HAMMER,../../data/depthanything/moge_dataset/HAMMER/scene9_traj2_1/000320/image.png
738,738,../../data/moge_dataset/HAMMER/scene9_traj2_1/000330/image.jpg,../../data/moge_dataset/HAMMER/scene9_traj2_1/000330/depth.png,../../data/moge_dataset/HAMMER/scene9_traj2_1/000330/meta.json,HAMMER,../../data/depthanything/moge_dataset/HAMMER/scene9_traj2_1/000330/image.png
739,739,../../data/moge_dataset/HAMMER/scene9_traj2_1/000340/image.jpg,../../data/moge_dataset/HAMMER/scene9_traj2_1/000340/depth.png,../../data/moge_dataset/HAMMER/scene9_traj2_1/000340/meta.json,HAMMER,../../data/depthanything/moge_dataset/HAMMER/scene9_traj2_1/000340/image.png
740,740,../../data/moge_dataset/HAMMER/scene9_traj2_naked_1/000000/image.jpg,../../data/moge_dataset/HAMMER/scene9_traj2_naked_1/000000/depth.png,../../data/moge_dataset/HAMMER/scene9_traj2_naked_1/000000/meta.json,HAMMER,../../data/depthanything/moge_dataset/HAMMER/scene9_traj2_naked_1/000000/image.png
741,741,../../data/moge_dataset/HAMMER/scene9_traj2_naked_1/000010/image.jpg,../../data/moge_dataset/HAMMER/scene9_traj2_naked_1/000010/depth.png,../../data/moge_dataset/HAMMER/scene9_traj2_naked_1/000010/meta.json,HAMMER,../../data/depthanything/moge_dataset/HAMMER/scene9_traj2_naked_1/000010/image.png
742,742,../../data/moge_dataset/HAMMER/scene9_traj2_naked_1/000020/image.jpg,../../data/moge_dataset/HAMMER/scene9_traj2_naked_1/000020/depth.png,../../data/moge_dataset/HAMMER/scene9_traj2_naked_1/000020/meta.json,HAMMER,../../data/depthanything/moge_dataset/HAMMER/scene9_traj2_naked_1/000020/image.png
743,743,../../data/moge_dataset/HAMMER/scene9_traj2_naked_1/000030/image.jpg,../../data/moge_dataset/HAMMER/scene9_traj2_naked_1/000030/depth.png,../../data/moge_dataset/HAMMER/scene9_traj2_naked_1/000030/meta.json,HAMMER,../../data/depthanything/moge_dataset/HAMMER/scene9_traj2_naked_1/000030/image.png
744,744,../../data/moge_dataset/HAMMER/scene9_traj2_naked_1/000040/image.jpg,../../data/moge_dataset/HAMMER/scene9_traj2_naked_1/000040/depth.png,../../data/moge_dataset/HAMMER/scene9_traj2_naked_1/000040/meta.json,HAMMER,../../data/depthanything/moge_dataset/HAMMER/scene9_traj2_naked_1/000040/image.png
745,745,../../data/moge_dataset/HAMMER/scene9_traj2_naked_1/000050/image.jpg,../../data/moge_dataset/HAMMER/scene9_traj2_naked_1/000050/depth.png,../../data/moge_dataset/HAMMER/scene9_traj2_naked_1/000050/meta.json,HAMMER,../../data/depthanything/moge_dataset/HAMMER/scene9_traj2_naked_1/000050/image.png
746,746,../../data/moge_dataset/HAMMER/scene9_traj2_naked_1/000060/image.jpg,../../data/moge_dataset/HAMMER/scene9_traj2_naked_1/000060/depth.png,../../data/moge_dataset/HAMMER/scene9_traj2_naked_1/000060/meta.json,HAMMER,../../data/depthanything/moge_dataset/HAMMER/scene9_traj2_naked_1/000060/image.png
747,747,../../data/moge_dataset/HAMMER/scene9_traj2_naked_1/000070/image.jpg,../../data/moge_dataset/HAMMER/scene9_traj2_naked_1/000070/depth.png,../../data/moge_dataset/HAMMER/scene9_traj2_naked_1/000070/meta.json,HAMMER,../../data/depthanything/moge_dataset/HAMMER/scene9_traj2_naked_1/000070/image.png
748,748,../../data/moge_dataset/HAMMER/scene9_traj2_naked_1/000080/image.jpg,../../data/moge_dataset/HAMMER/scene9_traj2_naked_1/000080/depth.png,../../data/moge_dataset/HAMMER/scene9_traj2_naked_1/000080/meta.json,HAMMER,../../data/depthanything/moge_dataset/HAMMER/scene9_traj2_naked_1/000080/image.png
749,749,../../data/moge_dataset/HAMMER/scene9_traj2_naked_1/000090/image.jpg,../../data/moge_dataset/HAMMER/scene9_traj2_naked_1/000090/depth.png,../../data/moge_dataset/HAMMER/scene9_traj2_naked_1/000090/meta.json,HAMMER,../../data/depthanything/moge_dataset/HAMMER/scene9_traj2_naked_1/000090/image.png
750,750,../../data/moge_dataset/HAMMER/scene9_traj2_naked_1/000100/image.jpg,../../data/moge_dataset/HAMMER/scene9_traj2_naked_1/000100/depth.png,../../data/moge_dataset/HAMMER/scene9_traj2_naked_1/000100/meta.json,HAMMER,../../data/depthanything/moge_dataset/HAMMER/scene9_traj2_naked_1/000100/image.png
751,751,../../data/moge_dataset/HAMMER/scene9_traj2_naked_1/000110/image.jpg,../../data/moge_dataset/HAMMER/scene9_traj2_naked_1/000110/depth.png,../../data/moge_dataset/HAMMER/scene9_traj2_naked_1/000110/meta.json,HAMMER,../../data/depthanything/moge_dataset/HAMMER/scene9_traj2_naked_1/000110/image.png
752,752,../../data/moge_dataset/HAMMER/scene9_traj2_naked_1/000120/image.jpg,../../data/moge_dataset/HAMMER/scene9_traj2_naked_1/000120/depth.png,../../data/moge_dataset/HAMMER/scene9_traj2_naked_1/000120/meta.json,HAMMER,../../data/depthanything/moge_dataset/HAMMER/scene9_traj2_naked_1/000120/image.png
753,753,../../data/moge_dataset/HAMMER/scene9_traj2_naked_1/000130/image.jpg,../../data/moge_dataset/HAMMER/scene9_traj2_naked_1/000130/depth.png,../../data/moge_dataset/HAMMER/scene9_traj2_naked_1/000130/meta.json,HAMMER,../../data/depthanything/moge_dataset/HAMMER/scene9_traj2_naked_1/000130/image.png
754,754,../../data/moge_dataset/HAMMER/scene9_traj2_naked_1/000140/image.jpg,../../data/moge_dataset/HAMMER/scene9_traj2_naked_1/000140/depth.png,../../data/moge_dataset/HAMMER/scene9_traj2_naked_1/000140/meta.json,HAMMER,../../data/depthanything/moge_dataset/HAMMER/scene9_traj2_naked_1/000140/image.png
755,755,../../data/moge_dataset/HAMMER/scene9_traj2_naked_1/000150/image.jpg,../../data/moge_dataset/HAMMER/scene9_traj2_naked_1/000150/depth.png,../../data/moge_dataset/HAMMER/scene9_traj2_naked_1/000150/meta.json,HAMMER,../../data/depthanything/moge_dataset/HAMMER/scene9_traj2_naked_1/000150/image.png
756,756,../../data/moge_dataset/HAMMER/scene9_traj2_naked_1/000160/image.jpg,../../data/moge_dataset/HAMMER/scene9_traj2_naked_1/000160/depth.png,../../data/moge_dataset/HAMMER/scene9_traj2_naked_1/000160/meta.json,HAMMER,../../data/depthanything/moge_dataset/HAMMER/scene9_traj2_naked_1/000160/image.png
757,757,../../data/moge_dataset/HAMMER/scene9_traj2_naked_1/000170/image.jpg,../../data/moge_dataset/HAMMER/scene9_traj2_naked_1/000170/depth.png,../../data/moge_dataset/HAMMER/scene9_traj2_naked_1/000170/meta.json,HAMMER,../../data/depthanything/moge_dataset/HAMMER/scene9_traj2_naked_1/000170/image.png
758,758,../../data/moge_dataset/HAMMER/scene9_traj2_naked_1/000180/image.jpg,../../data/moge_dataset/HAMMER/scene9_traj2_naked_1/000180/depth.png,../../data/moge_dataset/HAMMER/scene9_traj2_naked_1/000180/meta.json,HAMMER,../../data/depthanything/moge_dataset/HAMMER/scene9_traj2_naked_1/000180/image.png
759,759,../../data/moge_dataset/HAMMER/scene9_traj2_naked_1/000190/image.jpg,../../data/moge_dataset/HAMMER/scene9_traj2_naked_1/000190/depth.png,../../data/moge_dataset/HAMMER/scene9_traj2_naked_1/000190/meta.json,HAMMER,../../data/depthanything/moge_dataset/HAMMER/scene9_traj2_naked_1/000190/image.png
760,760,../../data/moge_dataset/HAMMER/scene9_traj2_naked_1/000200/image.jpg,../../data/moge_dataset/HAMMER/scene9_traj2_naked_1/000200/depth.png,../../data/moge_dataset/HAMMER/scene9_traj2_naked_1/000200/meta.json,HAMMER,../../data/depthanything/moge_dataset/HAMMER/scene9_traj2_naked_1/000200/image.png
761,761,../../data/moge_dataset/HAMMER/scene9_traj2_naked_1/000210/image.jpg,../../data/moge_dataset/HAMMER/scene9_traj2_naked_1/000210/depth.png,../../data/moge_dataset/HAMMER/scene9_traj2_naked_1/000210/meta.json,HAMMER,../../data/depthanything/moge_dataset/HAMMER/scene9_traj2_naked_1/000210/image.png
762,762,../../data/moge_dataset/HAMMER/scene9_traj2_naked_1/000220/image.jpg,../../data/moge_dataset/HAMMER/scene9_traj2_naked_1/000220/depth.png,../../data/moge_dataset/HAMMER/scene9_traj2_naked_1/000220/meta.json,HAMMER,../../data/depthanything/moge_dataset/HAMMER/scene9_traj2_naked_1/000220/image.png
763,763,../../data/moge_dataset/HAMMER/scene9_traj2_naked_1/000230/image.jpg,../../data/moge_dataset/HAMMER/scene9_traj2_naked_1/000230/depth.png,../../data/moge_dataset/HAMMER/scene9_traj2_naked_1/000230/meta.json,HAMMER,../../data/depthanything/moge_dataset/HAMMER/scene9_traj2_naked_1/000230/image.png
764,764,../../data/moge_dataset/HAMMER/scene9_traj2_naked_1/000240/image.jpg,../../data/moge_dataset/HAMMER/scene9_traj2_naked_1/000240/depth.png,../../data/moge_dataset/HAMMER/scene9_traj2_naked_1/000240/meta.json,HAMMER,../../data/depthanything/moge_dataset/HAMMER/scene9_traj2_naked_1/000240/image.png
765,765,../../data/moge_dataset/HAMMER/scene9_traj2_naked_1/000250/image.jpg,../../data/moge_dataset/HAMMER/scene9_traj2_naked_1/000250/depth.png,../../data/moge_dataset/HAMMER/scene9_traj2_naked_1/000250/meta.json,HAMMER,../../data/depthanything/moge_dataset/HAMMER/scene9_traj2_naked_1/000250/image.png
766,766,../../data/moge_dataset/HAMMER/scene9_traj2_naked_1/000260/image.jpg,../../data/moge_dataset/HAMMER/scene9_traj2_naked_1/000260/depth.png,../../data/moge_dataset/HAMMER/scene9_traj2_naked_1/000260/meta.json,HAMMER,../../data/depthanything/moge_dataset/HAMMER/scene9_traj2_naked_1/000260/image.png
767,767,../../data/moge_dataset/HAMMER/scene9_traj2_naked_1/000270/image.jpg,../../data/moge_dataset/HAMMER/scene9_traj2_naked_1/000270/depth.png,../../data/moge_dataset/HAMMER/scene9_traj2_naked_1/000270/meta.json,HAMMER,../../data/depthanything/moge_dataset/HAMMER/scene9_traj2_naked_1/000270/image.png
768,768,../../data/moge_dataset/HAMMER/scene9_traj2_naked_1/000280/image.jpg,../../data/moge_dataset/HAMMER/scene9_traj2_naked_1/000280/depth.png,../../data/moge_dataset/HAMMER/scene9_traj2_naked_1/000280/meta.json,HAMMER,../../data/depthanything/moge_dataset/HAMMER/scene9_traj2_naked_1/000280/image.png
769,769,../../data/moge_dataset/HAMMER/scene9_traj2_naked_1/000290/image.jpg,../../data/moge_dataset/HAMMER/scene9_traj2_naked_1/000290/depth.png,../../data/moge_dataset/HAMMER/scene9_traj2_naked_1/000290/meta.json,HAMMER,../../data/depthanything/moge_dataset/HAMMER/scene9_traj2_naked_1/000290/image.png
770,770,../../data/moge_dataset/HAMMER/scene9_traj2_naked_1/000300/image.jpg,../../data/moge_dataset/HAMMER/scene9_traj2_naked_1/000300/depth.png,../../data/moge_dataset/HAMMER/scene9_traj2_naked_1/000300/meta.json,HAMMER,../../data/depthanything/moge_dataset/HAMMER/scene9_traj2_naked_1/000300/image.png
771,771,../../data/moge_dataset/HAMMER/scene9_traj2_naked_1/000310/image.jpg,../../data/moge_dataset/HAMMER/scene9_traj2_naked_1/000310/depth.png,../../data/moge_dataset/HAMMER/scene9_traj2_naked_1/000310/meta.json,HAMMER,../../data/depthanything/moge_dataset/HAMMER/scene9_traj2_naked_1/000310/image.png
772,772,../../data/moge_dataset/HAMMER/scene9_traj2_naked_1/000320/image.jpg,../../data/moge_dataset/HAMMER/scene9_traj2_naked_1/000320/depth.png,../../data/moge_dataset/HAMMER/scene9_traj2_naked_1/000320/meta.json,HAMMER,../../data/depthanything/moge_dataset/HAMMER/scene9_traj2_naked_1/000320/image.png
773,773,../../data/moge_dataset/HAMMER/scene9_traj2_naked_1/000330/image.jpg,../../data/moge_dataset/HAMMER/scene9_traj2_naked_1/000330/depth.png,../../data/moge_dataset/HAMMER/scene9_traj2_naked_1/000330/meta.json,HAMMER,../../data/depthanything/moge_dataset/HAMMER/scene9_traj2_naked_1/000330/image.png
774,774,../../data/moge_dataset/HAMMER/scene9_traj2_naked_1/000340/image.jpg,../../data/moge_dataset/HAMMER/scene9_traj2_naked_1/000340/depth.png,../../data/moge_dataset/HAMMER/scene9_traj2_naked_1/000340/meta.json,HAMMER,../../data/depthanything/moge_dataset/HAMMER/scene9_traj2_naked_1/000340/image.png
