,Unnamed: 0,image,depth,meta,dataset,control_geo
0,0,../../data/moge_dataset/KITTI/2011_09_26_drive_0002/image_02/0000000006/image.jpg,../../data/moge_dataset/KITTI/2011_09_26_drive_0002/image_02/0000000006/depth.png,../../data/moge_dataset/KITTI/2011_09_26_drive_0002/image_02/0000000006/meta.json,KITTI,../../data/depthanything/moge_dataset/KITTI/2011_09_26_drive_0002/image_02/0000000006/image.png
1,1,../../data/moge_dataset/KITTI/2011_09_26_drive_0002/image_02/0000000009/image.jpg,../../data/moge_dataset/KITTI/2011_09_26_drive_0002/image_02/0000000009/depth.png,../../data/moge_dataset/KITTI/2011_09_26_drive_0002/image_02/0000000009/meta.json,KITTI,../../data/depthanything/moge_dataset/KITTI/2011_09_26_drive_0002/image_02/0000000009/image.png
2,2,../../data/moge_dataset/KITTI/2011_09_26_drive_0002/image_02/0000000012/image.jpg,../../data/moge_dataset/KITTI/2011_09_26_drive_0002/image_02/0000000012/depth.png,../../data/moge_dataset/KITTI/2011_09_26_drive_0002/image_02/0000000012/meta.json,KITTI,../../data/depthanything/moge_dataset/KITTI/2011_09_26_drive_0002/image_02/0000000012/image.png
3,3,../../data/moge_dataset/KITTI/2011_09_26_drive_0002/image_02/0000000015/image.jpg,../../data/moge_dataset/KITTI/2011_09_26_drive_0002/image_02/0000000015/depth.png,../../data/moge_dataset/KITTI/2011_09_26_drive_0002/image_02/0000000015/meta.json,KITTI,../../data/depthanything/moge_dataset/KITTI/2011_09_26_drive_0002/image_02/0000000015/image.png
4,4,../../data/moge_dataset/KITTI/2011_09_26_drive_0002/image_02/0000000018/image.jpg,../../data/moge_dataset/KITTI/2011_09_26_drive_0002/image_02/0000000018/depth.png,../../data/moge_dataset/KITTI/2011_09_26_drive_0002/image_02/0000000018/meta.json,KITTI,../../data/depthanything/moge_dataset/KITTI/2011_09_26_drive_0002/image_02/0000000018/image.png
5,5,../../data/moge_dataset/KITTI/2011_09_26_drive_0002/image_02/0000000021/image.jpg,../../data/moge_dataset/KITTI/2011_09_26_drive_0002/image_02/0000000021/depth.png,../../data/moge_dataset/KITTI/2011_09_26_drive_0002/image_02/0000000021/meta.json,KITTI,../../data/depthanything/moge_dataset/KITTI/2011_09_26_drive_0002/image_02/0000000021/image.png
6,6,../../data/moge_dataset/KITTI/2011_09_26_drive_0002/image_02/0000000024/image.jpg,../../data/moge_dataset/KITTI/2011_09_26_drive_0002/image_02/0000000024/depth.png,../../data/moge_dataset/KITTI/2011_09_26_drive_0002/image_02/0000000024/meta.json,KITTI,../../data/depthanything/moge_dataset/KITTI/2011_09_26_drive_0002/image_02/0000000024/image.png
7,7,../../data/moge_dataset/KITTI/2011_09_26_drive_0002/image_02/0000000027/image.jpg,../../data/moge_dataset/KITTI/2011_09_26_drive_0002/image_02/0000000027/depth.png,../../data/moge_dataset/KITTI/2011_09_26_drive_0002/image_02/0000000027/meta.json,KITTI,../../data/depthanything/moge_dataset/KITTI/2011_09_26_drive_0002/image_02/0000000027/image.png
8,8,../../data/moge_dataset/KITTI/2011_09_26_drive_0002/image_02/0000000030/image.jpg,../../data/moge_dataset/KITTI/2011_09_26_drive_0002/image_02/0000000030/depth.png,../../data/moge_dataset/KITTI/2011_09_26_drive_0002/image_02/0000000030/meta.json,KITTI,../../data/depthanything/moge_dataset/KITTI/2011_09_26_drive_0002/image_02/0000000030/image.png
9,9,../../data/moge_dataset/KITTI/2011_09_26_drive_0002/image_02/0000000033/image.jpg,../../data/moge_dataset/KITTI/2011_09_26_drive_0002/image_02/0000000033/depth.png,../../data/moge_dataset/KITTI/2011_09_26_drive_0002/image_02/0000000033/meta.json,KITTI,../../data/depthanything/moge_dataset/KITTI/2011_09_26_drive_0002/image_02/0000000033/image.png
10,10,../../data/moge_dataset/KITTI/2011_09_26_drive_0002/image_02/0000000036/image.jpg,../../data/moge_dataset/KITTI/2011_09_26_drive_0002/image_02/0000000036/depth.png,../../data/moge_dataset/KITTI/2011_09_26_drive_0002/image_02/0000000036/meta.json,KITTI,../../data/depthanything/moge_dataset/KITTI/2011_09_26_drive_0002/image_02/0000000036/image.png
11,11,../../data/moge_dataset/KITTI/2011_09_26_drive_0002/image_02/0000000039/image.jpg,../../data/moge_dataset/KITTI/2011_09_26_drive_0002/image_02/0000000039/depth.png,../../data/moge_dataset/KITTI/2011_09_26_drive_0002/image_02/0000000039/meta.json,KITTI,../../data/depthanything/moge_dataset/KITTI/2011_09_26_drive_0002/image_02/0000000039/image.png
12,12,../../data/moge_dataset/KITTI/2011_09_26_drive_0002/image_02/0000000042/image.jpg,../../data/moge_dataset/KITTI/2011_09_26_drive_0002/image_02/0000000042/depth.png,../../data/moge_dataset/KITTI/2011_09_26_drive_0002/image_02/0000000042/meta.json,KITTI,../../data/depthanything/moge_dataset/KITTI/2011_09_26_drive_0002/image_02/0000000042/image.png
13,13,../../data/moge_dataset/KITTI/2011_09_26_drive_0002/image_02/0000000045/image.jpg,../../data/moge_dataset/KITTI/2011_09_26_drive_0002/image_02/0000000045/depth.png,../../data/moge_dataset/KITTI/2011_09_26_drive_0002/image_02/0000000045/meta.json,KITTI,../../data/depthanything/moge_dataset/KITTI/2011_09_26_drive_0002/image_02/0000000045/image.png
14,14,../../data/moge_dataset/KITTI/2011_09_26_drive_0002/image_02/0000000048/image.jpg,../../data/moge_dataset/KITTI/2011_09_26_drive_0002/image_02/0000000048/depth.png,../../data/moge_dataset/KITTI/2011_09_26_drive_0002/image_02/0000000048/meta.json,KITTI,../../data/depthanything/moge_dataset/KITTI/2011_09_26_drive_0002/image_02/0000000048/image.png
15,15,../../data/moge_dataset/KITTI/2011_09_26_drive_0002/image_02/0000000051/image.jpg,../../data/moge_dataset/KITTI/2011_09_26_drive_0002/image_02/0000000051/depth.png,../../data/moge_dataset/KITTI/2011_09_26_drive_0002/image_02/0000000051/meta.json,KITTI,../../data/depthanything/moge_dataset/KITTI/2011_09_26_drive_0002/image_02/0000000051/image.png
16,16,../../data/moge_dataset/KITTI/2011_09_26_drive_0002/image_02/0000000054/image.jpg,../../data/moge_dataset/KITTI/2011_09_26_drive_0002/image_02/0000000054/depth.png,../../data/moge_dataset/KITTI/2011_09_26_drive_0002/image_02/0000000054/meta.json,KITTI,../../data/depthanything/moge_dataset/KITTI/2011_09_26_drive_0002/image_02/0000000054/image.png
17,17,../../data/moge_dataset/KITTI/2011_09_26_drive_0002/image_02/0000000057/image.jpg,../../data/moge_dataset/KITTI/2011_09_26_drive_0002/image_02/0000000057/depth.png,../../data/moge_dataset/KITTI/2011_09_26_drive_0002/image_02/0000000057/meta.json,KITTI,../../data/depthanything/moge_dataset/KITTI/2011_09_26_drive_0002/image_02/0000000057/image.png
18,18,../../data/moge_dataset/KITTI/2011_09_26_drive_0002/image_02/0000000060/image.jpg,../../data/moge_dataset/KITTI/2011_09_26_drive_0002/image_02/0000000060/depth.png,../../data/moge_dataset/KITTI/2011_09_26_drive_0002/image_02/0000000060/meta.json,KITTI,../../data/depthanything/moge_dataset/KITTI/2011_09_26_drive_0002/image_02/0000000060/image.png
19,19,../../data/moge_dataset/KITTI/2011_09_26_drive_0002/image_02/0000000063/image.jpg,../../data/moge_dataset/KITTI/2011_09_26_drive_0002/image_02/0000000063/depth.png,../../data/moge_dataset/KITTI/2011_09_26_drive_0002/image_02/0000000063/meta.json,KITTI,../../data/depthanything/moge_dataset/KITTI/2011_09_26_drive_0002/image_02/0000000063/image.png
20,20,../../data/moge_dataset/KITTI/2011_09_26_drive_0002/image_02/0000000069/image.jpg,../../data/moge_dataset/KITTI/2011_09_26_drive_0002/image_02/0000000069/depth.png,../../data/moge_dataset/KITTI/2011_09_26_drive_0002/image_02/0000000069/meta.json,KITTI,../../data/depthanything/moge_dataset/KITTI/2011_09_26_drive_0002/image_02/0000000069/image.png
21,21,../../data/moge_dataset/KITTI/2011_09_26_drive_0009/image_02/0000000016/image.jpg,../../data/moge_dataset/KITTI/2011_09_26_drive_0009/image_02/0000000016/depth.png,../../data/moge_dataset/KITTI/2011_09_26_drive_0009/image_02/0000000016/meta.json,KITTI,../../data/depthanything/moge_dataset/KITTI/2011_09_26_drive_0009/image_02/0000000016/image.png
22,22,../../data/moge_dataset/KITTI/2011_09_26_drive_0009/image_02/0000000032/image.jpg,../../data/moge_dataset/KITTI/2011_09_26_drive_0009/image_02/0000000032/depth.png,../../data/moge_dataset/KITTI/2011_09_26_drive_0009/image_02/0000000032/meta.json,KITTI,../../data/depthanything/moge_dataset/KITTI/2011_09_26_drive_0009/image_02/0000000032/image.png
23,23,../../data/moge_dataset/KITTI/2011_09_26_drive_0009/image_02/0000000048/image.jpg,../../data/moge_dataset/KITTI/2011_09_26_drive_0009/image_02/0000000048/depth.png,../../data/moge_dataset/KITTI/2011_09_26_drive_0009/image_02/0000000048/meta.json,KITTI,../../data/depthanything/moge_dataset/KITTI/2011_09_26_drive_0009/image_02/0000000048/image.png
24,24,../../data/moge_dataset/KITTI/2011_09_26_drive_0009/image_02/0000000064/image.jpg,../../data/moge_dataset/KITTI/2011_09_26_drive_0009/image_02/0000000064/depth.png,../../data/moge_dataset/KITTI/2011_09_26_drive_0009/image_02/0000000064/meta.json,KITTI,../../data/depthanything/moge_dataset/KITTI/2011_09_26_drive_0009/image_02/0000000064/image.png
25,25,../../data/moge_dataset/KITTI/2011_09_26_drive_0009/image_02/0000000080/image.jpg,../../data/moge_dataset/KITTI/2011_09_26_drive_0009/image_02/0000000080/depth.png,../../data/moge_dataset/KITTI/2011_09_26_drive_0009/image_02/0000000080/meta.json,KITTI,../../data/depthanything/moge_dataset/KITTI/2011_09_26_drive_0009/image_02/0000000080/image.png
26,26,../../data/moge_dataset/KITTI/2011_09_26_drive_0009/image_02/0000000096/image.jpg,../../data/moge_dataset/KITTI/2011_09_26_drive_0009/image_02/0000000096/depth.png,../../data/moge_dataset/KITTI/2011_09_26_drive_0009/image_02/0000000096/meta.json,KITTI,../../data/depthanything/moge_dataset/KITTI/2011_09_26_drive_0009/image_02/0000000096/image.png
27,27,../../data/moge_dataset/KITTI/2011_09_26_drive_0009/image_02/0000000112/image.jpg,../../data/moge_dataset/KITTI/2011_09_26_drive_0009/image_02/0000000112/depth.png,../../data/moge_dataset/KITTI/2011_09_26_drive_0009/image_02/0000000112/meta.json,KITTI,../../data/depthanything/moge_dataset/KITTI/2011_09_26_drive_0009/image_02/0000000112/image.png
28,28,../../data/moge_dataset/KITTI/2011_09_26_drive_0009/image_02/0000000128/image.jpg,../../data/moge_dataset/KITTI/2011_09_26_drive_0009/image_02/0000000128/depth.png,../../data/moge_dataset/KITTI/2011_09_26_drive_0009/image_02/0000000128/meta.json,KITTI,../../data/depthanything/moge_dataset/KITTI/2011_09_26_drive_0009/image_02/0000000128/image.png
29,29,../../data/moge_dataset/KITTI/2011_09_26_drive_0009/image_02/0000000144/image.jpg,../../data/moge_dataset/KITTI/2011_09_26_drive_0009/image_02/0000000144/depth.png,../../data/moge_dataset/KITTI/2011_09_26_drive_0009/image_02/0000000144/meta.json,KITTI,../../data/depthanything/moge_dataset/KITTI/2011_09_26_drive_0009/image_02/0000000144/image.png
30,30,../../data/moge_dataset/KITTI/2011_09_26_drive_0009/image_02/0000000160/image.jpg,../../data/moge_dataset/KITTI/2011_09_26_drive_0009/image_02/0000000160/depth.png,../../data/moge_dataset/KITTI/2011_09_26_drive_0009/image_02/0000000160/meta.json,KITTI,../../data/depthanything/moge_dataset/KITTI/2011_09_26_drive_0009/image_02/0000000160/image.png
31,31,../../data/moge_dataset/KITTI/2011_09_26_drive_0009/image_02/0000000176/image.jpg,../../data/moge_dataset/KITTI/2011_09_26_drive_0009/image_02/0000000176/depth.png,../../data/moge_dataset/KITTI/2011_09_26_drive_0009/image_02/0000000176/meta.json,KITTI,../../data/depthanything/moge_dataset/KITTI/2011_09_26_drive_0009/image_02/0000000176/image.png
32,32,../../data/moge_dataset/KITTI/2011_09_26_drive_0009/image_02/0000000196/image.jpg,../../data/moge_dataset/KITTI/2011_09_26_drive_0009/image_02/0000000196/depth.png,../../data/moge_dataset/KITTI/2011_09_26_drive_0009/image_02/0000000196/meta.json,KITTI,../../data/depthanything/moge_dataset/KITTI/2011_09_26_drive_0009/image_02/0000000196/image.png
33,33,../../data/moge_dataset/KITTI/2011_09_26_drive_0009/image_02/0000000212/image.jpg,../../data/moge_dataset/KITTI/2011_09_26_drive_0009/image_02/0000000212/depth.png,../../data/moge_dataset/KITTI/2011_09_26_drive_0009/image_02/0000000212/meta.json,KITTI,../../data/depthanything/moge_dataset/KITTI/2011_09_26_drive_0009/image_02/0000000212/image.png
34,34,../../data/moge_dataset/KITTI/2011_09_26_drive_0009/image_02/0000000228/image.jpg,../../data/moge_dataset/KITTI/2011_09_26_drive_0009/image_02/0000000228/depth.png,../../data/moge_dataset/KITTI/2011_09_26_drive_0009/image_02/0000000228/meta.json,KITTI,../../data/depthanything/moge_dataset/KITTI/2011_09_26_drive_0009/image_02/0000000228/image.png
35,35,../../data/moge_dataset/KITTI/2011_09_26_drive_0009/image_02/0000000244/image.jpg,../../data/moge_dataset/KITTI/2011_09_26_drive_0009/image_02/0000000244/depth.png,../../data/moge_dataset/KITTI/2011_09_26_drive_0009/image_02/0000000244/meta.json,KITTI,../../data/depthanything/moge_dataset/KITTI/2011_09_26_drive_0009/image_02/0000000244/image.png
36,36,../../data/moge_dataset/KITTI/2011_09_26_drive_0009/image_02/0000000260/image.jpg,../../data/moge_dataset/KITTI/2011_09_26_drive_0009/image_02/0000000260/depth.png,../../data/moge_dataset/KITTI/2011_09_26_drive_0009/image_02/0000000260/meta.json,KITTI,../../data/depthanything/moge_dataset/KITTI/2011_09_26_drive_0009/image_02/0000000260/image.png
37,37,../../data/moge_dataset/KITTI/2011_09_26_drive_0009/image_02/0000000276/image.jpg,../../data/moge_dataset/KITTI/2011_09_26_drive_0009/image_02/0000000276/depth.png,../../data/moge_dataset/KITTI/2011_09_26_drive_0009/image_02/0000000276/meta.json,KITTI,../../data/depthanything/moge_dataset/KITTI/2011_09_26_drive_0009/image_02/0000000276/image.png
38,38,../../data/moge_dataset/KITTI/2011_09_26_drive_0009/image_02/0000000292/image.jpg,../../data/moge_dataset/KITTI/2011_09_26_drive_0009/image_02/0000000292/depth.png,../../data/moge_dataset/KITTI/2011_09_26_drive_0009/image_02/0000000292/meta.json,KITTI,../../data/depthanything/moge_dataset/KITTI/2011_09_26_drive_0009/image_02/0000000292/image.png
39,39,../../data/moge_dataset/KITTI/2011_09_26_drive_0009/image_02/0000000308/image.jpg,../../data/moge_dataset/KITTI/2011_09_26_drive_0009/image_02/0000000308/depth.png,../../data/moge_dataset/KITTI/2011_09_26_drive_0009/image_02/0000000308/meta.json,KITTI,../../data/depthanything/moge_dataset/KITTI/2011_09_26_drive_0009/image_02/0000000308/image.png
40,40,../../data/moge_dataset/KITTI/2011_09_26_drive_0009/image_02/0000000324/image.jpg,../../data/moge_dataset/KITTI/2011_09_26_drive_0009/image_02/0000000324/depth.png,../../data/moge_dataset/KITTI/2011_09_26_drive_0009/image_02/0000000324/meta.json,KITTI,../../data/depthanything/moge_dataset/KITTI/2011_09_26_drive_0009/image_02/0000000324/image.png
41,41,../../data/moge_dataset/KITTI/2011_09_26_drive_0009/image_02/0000000340/image.jpg,../../data/moge_dataset/KITTI/2011_09_26_drive_0009/image_02/0000000340/depth.png,../../data/moge_dataset/KITTI/2011_09_26_drive_0009/image_02/0000000340/meta.json,KITTI,../../data/depthanything/moge_dataset/KITTI/2011_09_26_drive_0009/image_02/0000000340/image.png
42,42,../../data/moge_dataset/KITTI/2011_09_26_drive_0009/image_02/0000000356/image.jpg,../../data/moge_dataset/KITTI/2011_09_26_drive_0009/image_02/0000000356/depth.png,../../data/moge_dataset/KITTI/2011_09_26_drive_0009/image_02/0000000356/meta.json,KITTI,../../data/depthanything/moge_dataset/KITTI/2011_09_26_drive_0009/image_02/0000000356/image.png
43,43,../../data/moge_dataset/KITTI/2011_09_26_drive_0009/image_02/0000000372/image.jpg,../../data/moge_dataset/KITTI/2011_09_26_drive_0009/image_02/0000000372/depth.png,../../data/moge_dataset/KITTI/2011_09_26_drive_0009/image_02/0000000372/meta.json,KITTI,../../data/depthanything/moge_dataset/KITTI/2011_09_26_drive_0009/image_02/0000000372/image.png
44,44,../../data/moge_dataset/KITTI/2011_09_26_drive_0009/image_02/0000000388/image.jpg,../../data/moge_dataset/KITTI/2011_09_26_drive_0009/image_02/0000000388/depth.png,../../data/moge_dataset/KITTI/2011_09_26_drive_0009/image_02/0000000388/meta.json,KITTI,../../data/depthanything/moge_dataset/KITTI/2011_09_26_drive_0009/image_02/0000000388/image.png
45,45,../../data/moge_dataset/KITTI/2011_09_26_drive_0013/image_02/0000000005/image.jpg,../../data/moge_dataset/KITTI/2011_09_26_drive_0013/image_02/0000000005/depth.png,../../data/moge_dataset/KITTI/2011_09_26_drive_0013/image_02/0000000005/meta.json,KITTI,../../data/depthanything/moge_dataset/KITTI/2011_09_26_drive_0013/image_02/0000000005/image.png
46,46,../../data/moge_dataset/KITTI/2011_09_26_drive_0013/image_02/0000000010/image.jpg,../../data/moge_dataset/KITTI/2011_09_26_drive_0013/image_02/0000000010/depth.png,../../data/moge_dataset/KITTI/2011_09_26_drive_0013/image_02/0000000010/meta.json,KITTI,../../data/depthanything/moge_dataset/KITTI/2011_09_26_drive_0013/image_02/0000000010/image.png
47,47,../../data/moge_dataset/KITTI/2011_09_26_drive_0013/image_02/0000000020/image.jpg,../../data/moge_dataset/KITTI/2011_09_26_drive_0013/image_02/0000000020/depth.png,../../data/moge_dataset/KITTI/2011_09_26_drive_0013/image_02/0000000020/meta.json,KITTI,../../data/depthanything/moge_dataset/KITTI/2011_09_26_drive_0013/image_02/0000000020/image.png
48,48,../../data/moge_dataset/KITTI/2011_09_26_drive_0013/image_02/0000000030/image.jpg,../../data/moge_dataset/KITTI/2011_09_26_drive_0013/image_02/0000000030/depth.png,../../data/moge_dataset/KITTI/2011_09_26_drive_0013/image_02/0000000030/meta.json,KITTI,../../data/depthanything/moge_dataset/KITTI/2011_09_26_drive_0013/image_02/0000000030/image.png
49,49,../../data/moge_dataset/KITTI/2011_09_26_drive_0013/image_02/0000000035/image.jpg,../../data/moge_dataset/KITTI/2011_09_26_drive_0013/image_02/0000000035/depth.png,../../data/moge_dataset/KITTI/2011_09_26_drive_0013/image_02/0000000035/meta.json,KITTI,../../data/depthanything/moge_dataset/KITTI/2011_09_26_drive_0013/image_02/0000000035/image.png
50,50,../../data/moge_dataset/KITTI/2011_09_26_drive_0013/image_02/0000000040/image.jpg,../../data/moge_dataset/KITTI/2011_09_26_drive_0013/image_02/0000000040/depth.png,../../data/moge_dataset/KITTI/2011_09_26_drive_0013/image_02/0000000040/meta.json,KITTI,../../data/depthanything/moge_dataset/KITTI/2011_09_26_drive_0013/image_02/0000000040/image.png
51,51,../../data/moge_dataset/KITTI/2011_09_26_drive_0013/image_02/0000000045/image.jpg,../../data/moge_dataset/KITTI/2011_09_26_drive_0013/image_02/0000000045/depth.png,../../data/moge_dataset/KITTI/2011_09_26_drive_0013/image_02/0000000045/meta.json,KITTI,../../data/depthanything/moge_dataset/KITTI/2011_09_26_drive_0013/image_02/0000000045/image.png
52,52,../../data/moge_dataset/KITTI/2011_09_26_drive_0013/image_02/0000000050/image.jpg,../../data/moge_dataset/KITTI/2011_09_26_drive_0013/image_02/0000000050/depth.png,../../data/moge_dataset/KITTI/2011_09_26_drive_0013/image_02/0000000050/meta.json,KITTI,../../data/depthanything/moge_dataset/KITTI/2011_09_26_drive_0013/image_02/0000000050/image.png
53,53,../../data/moge_dataset/KITTI/2011_09_26_drive_0013/image_02/0000000060/image.jpg,../../data/moge_dataset/KITTI/2011_09_26_drive_0013/image_02/0000000060/depth.png,../../data/moge_dataset/KITTI/2011_09_26_drive_0013/image_02/0000000060/meta.json,KITTI,../../data/depthanything/moge_dataset/KITTI/2011_09_26_drive_0013/image_02/0000000060/image.png
54,54,../../data/moge_dataset/KITTI/2011_09_26_drive_0013/image_02/0000000065/image.jpg,../../data/moge_dataset/KITTI/2011_09_26_drive_0013/image_02/0000000065/depth.png,../../data/moge_dataset/KITTI/2011_09_26_drive_0013/image_02/0000000065/meta.json,KITTI,../../data/depthanything/moge_dataset/KITTI/2011_09_26_drive_0013/image_02/0000000065/image.png
55,55,../../data/moge_dataset/KITTI/2011_09_26_drive_0013/image_02/0000000070/image.jpg,../../data/moge_dataset/KITTI/2011_09_26_drive_0013/image_02/0000000070/depth.png,../../data/moge_dataset/KITTI/2011_09_26_drive_0013/image_02/0000000070/meta.json,KITTI,../../data/depthanything/moge_dataset/KITTI/2011_09_26_drive_0013/image_02/0000000070/image.png
56,56,../../data/moge_dataset/KITTI/2011_09_26_drive_0013/image_02/0000000080/image.jpg,../../data/moge_dataset/KITTI/2011_09_26_drive_0013/image_02/0000000080/depth.png,../../data/moge_dataset/KITTI/2011_09_26_drive_0013/image_02/0000000080/meta.json,KITTI,../../data/depthanything/moge_dataset/KITTI/2011_09_26_drive_0013/image_02/0000000080/image.png
57,57,../../data/moge_dataset/KITTI/2011_09_26_drive_0013/image_02/0000000085/image.jpg,../../data/moge_dataset/KITTI/2011_09_26_drive_0013/image_02/0000000085/depth.png,../../data/moge_dataset/KITTI/2011_09_26_drive_0013/image_02/0000000085/meta.json,KITTI,../../data/depthanything/moge_dataset/KITTI/2011_09_26_drive_0013/image_02/0000000085/image.png
58,58,../../data/moge_dataset/KITTI/2011_09_26_drive_0013/image_02/0000000090/image.jpg,../../data/moge_dataset/KITTI/2011_09_26_drive_0013/image_02/0000000090/depth.png,../../data/moge_dataset/KITTI/2011_09_26_drive_0013/image_02/0000000090/meta.json,KITTI,../../data/depthanything/moge_dataset/KITTI/2011_09_26_drive_0013/image_02/0000000090/image.png
59,59,../../data/moge_dataset/KITTI/2011_09_26_drive_0013/image_02/0000000095/image.jpg,../../data/moge_dataset/KITTI/2011_09_26_drive_0013/image_02/0000000095/depth.png,../../data/moge_dataset/KITTI/2011_09_26_drive_0013/image_02/0000000095/meta.json,KITTI,../../data/depthanything/moge_dataset/KITTI/2011_09_26_drive_0013/image_02/0000000095/image.png
60,60,../../data/moge_dataset/KITTI/2011_09_26_drive_0013/image_02/0000000100/image.jpg,../../data/moge_dataset/KITTI/2011_09_26_drive_0013/image_02/0000000100/depth.png,../../data/moge_dataset/KITTI/2011_09_26_drive_0013/image_02/0000000100/meta.json,KITTI,../../data/depthanything/moge_dataset/KITTI/2011_09_26_drive_0013/image_02/0000000100/image.png
61,61,../../data/moge_dataset/KITTI/2011_09_26_drive_0013/image_02/0000000105/image.jpg,../../data/moge_dataset/KITTI/2011_09_26_drive_0013/image_02/0000000105/depth.png,../../data/moge_dataset/KITTI/2011_09_26_drive_0013/image_02/0000000105/meta.json,KITTI,../../data/depthanything/moge_dataset/KITTI/2011_09_26_drive_0013/image_02/0000000105/image.png
62,62,../../data/moge_dataset/KITTI/2011_09_26_drive_0013/image_02/0000000110/image.jpg,../../data/moge_dataset/KITTI/2011_09_26_drive_0013/image_02/0000000110/depth.png,../../data/moge_dataset/KITTI/2011_09_26_drive_0013/image_02/0000000110/meta.json,KITTI,../../data/depthanything/moge_dataset/KITTI/2011_09_26_drive_0013/image_02/0000000110/image.png
63,63,../../data/moge_dataset/KITTI/2011_09_26_drive_0013/image_02/0000000115/image.jpg,../../data/moge_dataset/KITTI/2011_09_26_drive_0013/image_02/0000000115/depth.png,../../data/moge_dataset/KITTI/2011_09_26_drive_0013/image_02/0000000115/meta.json,KITTI,../../data/depthanything/moge_dataset/KITTI/2011_09_26_drive_0013/image_02/0000000115/image.png
64,64,../../data/moge_dataset/KITTI/2011_09_26_drive_0013/image_02/0000000120/image.jpg,../../data/moge_dataset/KITTI/2011_09_26_drive_0013/image_02/0000000120/depth.png,../../data/moge_dataset/KITTI/2011_09_26_drive_0013/image_02/0000000120/meta.json,KITTI,../../data/depthanything/moge_dataset/KITTI/2011_09_26_drive_0013/image_02/0000000120/image.png
65,65,../../data/moge_dataset/KITTI/2011_09_26_drive_0013/image_02/0000000125/image.jpg,../../data/moge_dataset/KITTI/2011_09_26_drive_0013/image_02/0000000125/depth.png,../../data/moge_dataset/KITTI/2011_09_26_drive_0013/image_02/0000000125/meta.json,KITTI,../../data/depthanything/moge_dataset/KITTI/2011_09_26_drive_0013/image_02/0000000125/image.png
66,66,../../data/moge_dataset/KITTI/2011_09_26_drive_0013/image_02/0000000130/image.jpg,../../data/moge_dataset/KITTI/2011_09_26_drive_0013/image_02/0000000130/depth.png,../../data/moge_dataset/KITTI/2011_09_26_drive_0013/image_02/0000000130/meta.json,KITTI,../../data/depthanything/moge_dataset/KITTI/2011_09_26_drive_0013/image_02/0000000130/image.png
67,67,../../data/moge_dataset/KITTI/2011_09_26_drive_0013/image_02/0000000135/image.jpg,../../data/moge_dataset/KITTI/2011_09_26_drive_0013/image_02/0000000135/depth.png,../../data/moge_dataset/KITTI/2011_09_26_drive_0013/image_02/0000000135/meta.json,KITTI,../../data/depthanything/moge_dataset/KITTI/2011_09_26_drive_0013/image_02/0000000135/image.png
68,68,../../data/moge_dataset/KITTI/2011_09_26_drive_0020/image_02/0000000006/image.jpg,../../data/moge_dataset/KITTI/2011_09_26_drive_0020/image_02/0000000006/depth.png,../../data/moge_dataset/KITTI/2011_09_26_drive_0020/image_02/0000000006/meta.json,KITTI,../../data/depthanything/moge_dataset/KITTI/2011_09_26_drive_0020/image_02/0000000006/image.png
69,69,../../data/moge_dataset/KITTI/2011_09_26_drive_0020/image_02/0000000009/image.jpg,../../data/moge_dataset/KITTI/2011_09_26_drive_0020/image_02/0000000009/depth.png,../../data/moge_dataset/KITTI/2011_09_26_drive_0020/image_02/0000000009/meta.json,KITTI,../../data/depthanything/moge_dataset/KITTI/2011_09_26_drive_0020/image_02/0000000009/image.png
70,70,../../data/moge_dataset/KITTI/2011_09_26_drive_0020/image_02/0000000012/image.jpg,../../data/moge_dataset/KITTI/2011_09_26_drive_0020/image_02/0000000012/depth.png,../../data/moge_dataset/KITTI/2011_09_26_drive_0020/image_02/0000000012/meta.json,KITTI,../../data/depthanything/moge_dataset/KITTI/2011_09_26_drive_0020/image_02/0000000012/image.png
71,71,../../data/moge_dataset/KITTI/2011_09_26_drive_0020/image_02/0000000015/image.jpg,../../data/moge_dataset/KITTI/2011_09_26_drive_0020/image_02/0000000015/depth.png,../../data/moge_dataset/KITTI/2011_09_26_drive_0020/image_02/0000000015/meta.json,KITTI,../../data/depthanything/moge_dataset/KITTI/2011_09_26_drive_0020/image_02/0000000015/image.png
72,72,../../data/moge_dataset/KITTI/2011_09_26_drive_0020/image_02/0000000018/image.jpg,../../data/moge_dataset/KITTI/2011_09_26_drive_0020/image_02/0000000018/depth.png,../../data/moge_dataset/KITTI/2011_09_26_drive_0020/image_02/0000000018/meta.json,KITTI,../../data/depthanything/moge_dataset/KITTI/2011_09_26_drive_0020/image_02/0000000018/image.png
73,73,../../data/moge_dataset/KITTI/2011_09_26_drive_0020/image_02/0000000021/image.jpg,../../data/moge_dataset/KITTI/2011_09_26_drive_0020/image_02/0000000021/depth.png,../../data/moge_dataset/KITTI/2011_09_26_drive_0020/image_02/0000000021/meta.json,KITTI,../../data/depthanything/moge_dataset/KITTI/2011_09_26_drive_0020/image_02/0000000021/image.png
74,74,../../data/moge_dataset/KITTI/2011_09_26_drive_0020/image_02/0000000027/image.jpg,../../data/moge_dataset/KITTI/2011_09_26_drive_0020/image_02/0000000027/depth.png,../../data/moge_dataset/KITTI/2011_09_26_drive_0020/image_02/0000000027/meta.json,KITTI,../../data/depthanything/moge_dataset/KITTI/2011_09_26_drive_0020/image_02/0000000027/image.png
75,75,../../data/moge_dataset/KITTI/2011_09_26_drive_0020/image_02/0000000033/image.jpg,../../data/moge_dataset/KITTI/2011_09_26_drive_0020/image_02/0000000033/depth.png,../../data/moge_dataset/KITTI/2011_09_26_drive_0020/image_02/0000000033/meta.json,KITTI,../../data/depthanything/moge_dataset/KITTI/2011_09_26_drive_0020/image_02/0000000033/image.png
76,76,../../data/moge_dataset/KITTI/2011_09_26_drive_0020/image_02/0000000036/image.jpg,../../data/moge_dataset/KITTI/2011_09_26_drive_0020/image_02/0000000036/depth.png,../../data/moge_dataset/KITTI/2011_09_26_drive_0020/image_02/0000000036/meta.json,KITTI,../../data/depthanything/moge_dataset/KITTI/2011_09_26_drive_0020/image_02/0000000036/image.png
77,77,../../data/moge_dataset/KITTI/2011_09_26_drive_0020/image_02/0000000042/image.jpg,../../data/moge_dataset/KITTI/2011_09_26_drive_0020/image_02/0000000042/depth.png,../../data/moge_dataset/KITTI/2011_09_26_drive_0020/image_02/0000000042/meta.json,KITTI,../../data/depthanything/moge_dataset/KITTI/2011_09_26_drive_0020/image_02/0000000042/image.png
78,78,../../data/moge_dataset/KITTI/2011_09_26_drive_0020/image_02/0000000045/image.jpg,../../data/moge_dataset/KITTI/2011_09_26_drive_0020/image_02/0000000045/depth.png,../../data/moge_dataset/KITTI/2011_09_26_drive_0020/image_02/0000000045/meta.json,KITTI,../../data/depthanything/moge_dataset/KITTI/2011_09_26_drive_0020/image_02/0000000045/image.png
79,79,../../data/moge_dataset/KITTI/2011_09_26_drive_0020/image_02/0000000048/image.jpg,../../data/moge_dataset/KITTI/2011_09_26_drive_0020/image_02/0000000048/depth.png,../../data/moge_dataset/KITTI/2011_09_26_drive_0020/image_02/0000000048/meta.json,KITTI,../../data/depthanything/moge_dataset/KITTI/2011_09_26_drive_0020/image_02/0000000048/image.png
80,80,../../data/moge_dataset/KITTI/2011_09_26_drive_0020/image_02/0000000051/image.jpg,../../data/moge_dataset/KITTI/2011_09_26_drive_0020/image_02/0000000051/depth.png,../../data/moge_dataset/KITTI/2011_09_26_drive_0020/image_02/0000000051/meta.json,KITTI,../../data/depthanything/moge_dataset/KITTI/2011_09_26_drive_0020/image_02/0000000051/image.png
81,81,../../data/moge_dataset/KITTI/2011_09_26_drive_0020/image_02/0000000054/image.jpg,../../data/moge_dataset/KITTI/2011_09_26_drive_0020/image_02/0000000054/depth.png,../../data/moge_dataset/KITTI/2011_09_26_drive_0020/image_02/0000000054/meta.json,KITTI,../../data/depthanything/moge_dataset/KITTI/2011_09_26_drive_0020/image_02/0000000054/image.png
82,82,../../data/moge_dataset/KITTI/2011_09_26_drive_0020/image_02/0000000057/image.jpg,../../data/moge_dataset/KITTI/2011_09_26_drive_0020/image_02/0000000057/depth.png,../../data/moge_dataset/KITTI/2011_09_26_drive_0020/image_02/0000000057/meta.json,KITTI,../../data/depthanything/moge_dataset/KITTI/2011_09_26_drive_0020/image_02/0000000057/image.png
83,83,../../data/moge_dataset/KITTI/2011_09_26_drive_0020/image_02/0000000060/image.jpg,../../data/moge_dataset/KITTI/2011_09_26_drive_0020/image_02/0000000060/depth.png,../../data/moge_dataset/KITTI/2011_09_26_drive_0020/image_02/0000000060/meta.json,KITTI,../../data/depthanything/moge_dataset/KITTI/2011_09_26_drive_0020/image_02/0000000060/image.png
84,84,../../data/moge_dataset/KITTI/2011_09_26_drive_0020/image_02/0000000063/image.jpg,../../data/moge_dataset/KITTI/2011_09_26_drive_0020/image_02/0000000063/depth.png,../../data/moge_dataset/KITTI/2011_09_26_drive_0020/image_02/0000000063/meta.json,KITTI,../../data/depthanything/moge_dataset/KITTI/2011_09_26_drive_0020/image_02/0000000063/image.png
85,85,../../data/moge_dataset/KITTI/2011_09_26_drive_0020/image_02/0000000066/image.jpg,../../data/moge_dataset/KITTI/2011_09_26_drive_0020/image_02/0000000066/depth.png,../../data/moge_dataset/KITTI/2011_09_26_drive_0020/image_02/0000000066/meta.json,KITTI,../../data/depthanything/moge_dataset/KITTI/2011_09_26_drive_0020/image_02/0000000066/image.png
86,86,../../data/moge_dataset/KITTI/2011_09_26_drive_0020/image_02/0000000069/image.jpg,../../data/moge_dataset/KITTI/2011_09_26_drive_0020/image_02/0000000069/depth.png,../../data/moge_dataset/KITTI/2011_09_26_drive_0020/image_02/0000000069/meta.json,KITTI,../../data/depthanything/moge_dataset/KITTI/2011_09_26_drive_0020/image_02/0000000069/image.png
87,87,../../data/moge_dataset/KITTI/2011_09_26_drive_0020/image_02/0000000072/image.jpg,../../data/moge_dataset/KITTI/2011_09_26_drive_0020/image_02/0000000072/depth.png,../../data/moge_dataset/KITTI/2011_09_26_drive_0020/image_02/0000000072/meta.json,KITTI,../../data/depthanything/moge_dataset/KITTI/2011_09_26_drive_0020/image_02/0000000072/image.png
88,88,../../data/moge_dataset/KITTI/2011_09_26_drive_0020/image_02/0000000075/image.jpg,../../data/moge_dataset/KITTI/2011_09_26_drive_0020/image_02/0000000075/depth.png,../../data/moge_dataset/KITTI/2011_09_26_drive_0020/image_02/0000000075/meta.json,KITTI,../../data/depthanything/moge_dataset/KITTI/2011_09_26_drive_0020/image_02/0000000075/image.png
89,89,../../data/moge_dataset/KITTI/2011_09_26_drive_0020/image_02/0000000078/image.jpg,../../data/moge_dataset/KITTI/2011_09_26_drive_0020/image_02/0000000078/depth.png,../../data/moge_dataset/KITTI/2011_09_26_drive_0020/image_02/0000000078/meta.json,KITTI,../../data/depthanything/moge_dataset/KITTI/2011_09_26_drive_0020/image_02/0000000078/image.png
90,90,../../data/moge_dataset/KITTI/2011_09_26_drive_0023/image_02/0000000018/image.jpg,../../data/moge_dataset/KITTI/2011_09_26_drive_0023/image_02/0000000018/depth.png,../../data/moge_dataset/KITTI/2011_09_26_drive_0023/image_02/0000000018/meta.json,KITTI,../../data/depthanything/moge_dataset/KITTI/2011_09_26_drive_0023/image_02/0000000018/image.png
91,91,../../data/moge_dataset/KITTI/2011_09_26_drive_0023/image_02/0000000036/image.jpg,../../data/moge_dataset/KITTI/2011_09_26_drive_0023/image_02/0000000036/depth.png,../../data/moge_dataset/KITTI/2011_09_26_drive_0023/image_02/0000000036/meta.json,KITTI,../../data/depthanything/moge_dataset/KITTI/2011_09_26_drive_0023/image_02/0000000036/image.png
92,92,../../data/moge_dataset/KITTI/2011_09_26_drive_0023/image_02/0000000054/image.jpg,../../data/moge_dataset/KITTI/2011_09_26_drive_0023/image_02/0000000054/depth.png,../../data/moge_dataset/KITTI/2011_09_26_drive_0023/image_02/0000000054/meta.json,KITTI,../../data/depthanything/moge_dataset/KITTI/2011_09_26_drive_0023/image_02/0000000054/image.png
93,93,../../data/moge_dataset/KITTI/2011_09_26_drive_0023/image_02/0000000072/image.jpg,../../data/moge_dataset/KITTI/2011_09_26_drive_0023/image_02/0000000072/depth.png,../../data/moge_dataset/KITTI/2011_09_26_drive_0023/image_02/0000000072/meta.json,KITTI,../../data/depthanything/moge_dataset/KITTI/2011_09_26_drive_0023/image_02/0000000072/image.png
94,94,../../data/moge_dataset/KITTI/2011_09_26_drive_0023/image_02/0000000090/image.jpg,../../data/moge_dataset/KITTI/2011_09_26_drive_0023/image_02/0000000090/depth.png,../../data/moge_dataset/KITTI/2011_09_26_drive_0023/image_02/0000000090/meta.json,KITTI,../../data/depthanything/moge_dataset/KITTI/2011_09_26_drive_0023/image_02/0000000090/image.png
95,95,../../data/moge_dataset/KITTI/2011_09_26_drive_0023/image_02/0000000108/image.jpg,../../data/moge_dataset/KITTI/2011_09_26_drive_0023/image_02/0000000108/depth.png,../../data/moge_dataset/KITTI/2011_09_26_drive_0023/image_02/0000000108/meta.json,KITTI,../../data/depthanything/moge_dataset/KITTI/2011_09_26_drive_0023/image_02/0000000108/image.png
96,96,../../data/moge_dataset/KITTI/2011_09_26_drive_0023/image_02/0000000126/image.jpg,../../data/moge_dataset/KITTI/2011_09_26_drive_0023/image_02/0000000126/depth.png,../../data/moge_dataset/KITTI/2011_09_26_drive_0023/image_02/0000000126/meta.json,KITTI,../../data/depthanything/moge_dataset/KITTI/2011_09_26_drive_0023/image_02/0000000126/image.png
97,97,../../data/moge_dataset/KITTI/2011_09_26_drive_0023/image_02/0000000144/image.jpg,../../data/moge_dataset/KITTI/2011_09_26_drive_0023/image_02/0000000144/depth.png,../../data/moge_dataset/KITTI/2011_09_26_drive_0023/image_02/0000000144/meta.json,KITTI,../../data/depthanything/moge_dataset/KITTI/2011_09_26_drive_0023/image_02/0000000144/image.png
98,98,../../data/moge_dataset/KITTI/2011_09_26_drive_0023/image_02/0000000162/image.jpg,../../data/moge_dataset/KITTI/2011_09_26_drive_0023/image_02/0000000162/depth.png,../../data/moge_dataset/KITTI/2011_09_26_drive_0023/image_02/0000000162/meta.json,KITTI,../../data/depthanything/moge_dataset/KITTI/2011_09_26_drive_0023/image_02/0000000162/image.png
99,99,../../data/moge_dataset/KITTI/2011_09_26_drive_0023/image_02/0000000180/image.jpg,../../data/moge_dataset/KITTI/2011_09_26_drive_0023/image_02/0000000180/depth.png,../../data/moge_dataset/KITTI/2011_09_26_drive_0023/image_02/0000000180/meta.json,KITTI,../../data/depthanything/moge_dataset/KITTI/2011_09_26_drive_0023/image_02/0000000180/image.png
100,100,../../data/moge_dataset/KITTI/2011_09_26_drive_0023/image_02/0000000198/image.jpg,../../data/moge_dataset/KITTI/2011_09_26_drive_0023/image_02/0000000198/depth.png,../../data/moge_dataset/KITTI/2011_09_26_drive_0023/image_02/0000000198/meta.json,KITTI,../../data/depthanything/moge_dataset/KITTI/2011_09_26_drive_0023/image_02/0000000198/image.png
101,101,../../data/moge_dataset/KITTI/2011_09_26_drive_0023/image_02/0000000216/image.jpg,../../data/moge_dataset/KITTI/2011_09_26_drive_0023/image_02/0000000216/depth.png,../../data/moge_dataset/KITTI/2011_09_26_drive_0023/image_02/0000000216/meta.json,KITTI,../../data/depthanything/moge_dataset/KITTI/2011_09_26_drive_0023/image_02/0000000216/image.png
102,102,../../data/moge_dataset/KITTI/2011_09_26_drive_0023/image_02/0000000252/image.jpg,../../data/moge_dataset/KITTI/2011_09_26_drive_0023/image_02/0000000252/depth.png,../../data/moge_dataset/KITTI/2011_09_26_drive_0023/image_02/0000000252/meta.json,KITTI,../../data/depthanything/moge_dataset/KITTI/2011_09_26_drive_0023/image_02/0000000252/image.png
103,103,../../data/moge_dataset/KITTI/2011_09_26_drive_0023/image_02/0000000270/image.jpg,../../data/moge_dataset/KITTI/2011_09_26_drive_0023/image_02/0000000270/depth.png,../../data/moge_dataset/KITTI/2011_09_26_drive_0023/image_02/0000000270/meta.json,KITTI,../../data/depthanything/moge_dataset/KITTI/2011_09_26_drive_0023/image_02/0000000270/image.png
104,104,../../data/moge_dataset/KITTI/2011_09_26_drive_0023/image_02/0000000288/image.jpg,../../data/moge_dataset/KITTI/2011_09_26_drive_0023/image_02/0000000288/depth.png,../../data/moge_dataset/KITTI/2011_09_26_drive_0023/image_02/0000000288/meta.json,KITTI,../../data/depthanything/moge_dataset/KITTI/2011_09_26_drive_0023/image_02/0000000288/image.png
105,105,../../data/moge_dataset/KITTI/2011_09_26_drive_0023/image_02/0000000306/image.jpg,../../data/moge_dataset/KITTI/2011_09_26_drive_0023/image_02/0000000306/depth.png,../../data/moge_dataset/KITTI/2011_09_26_drive_0023/image_02/0000000306/meta.json,KITTI,../../data/depthanything/moge_dataset/KITTI/2011_09_26_drive_0023/image_02/0000000306/image.png
106,106,../../data/moge_dataset/KITTI/2011_09_26_drive_0023/image_02/0000000324/image.jpg,../../data/moge_dataset/KITTI/2011_09_26_drive_0023/image_02/0000000324/depth.png,../../data/moge_dataset/KITTI/2011_09_26_drive_0023/image_02/0000000324/meta.json,KITTI,../../data/depthanything/moge_dataset/KITTI/2011_09_26_drive_0023/image_02/0000000324/image.png
107,107,../../data/moge_dataset/KITTI/2011_09_26_drive_0023/image_02/0000000342/image.jpg,../../data/moge_dataset/KITTI/2011_09_26_drive_0023/image_02/0000000342/depth.png,../../data/moge_dataset/KITTI/2011_09_26_drive_0023/image_02/0000000342/meta.json,KITTI,../../data/depthanything/moge_dataset/KITTI/2011_09_26_drive_0023/image_02/0000000342/image.png
108,108,../../data/moge_dataset/KITTI/2011_09_26_drive_0023/image_02/0000000360/image.jpg,../../data/moge_dataset/KITTI/2011_09_26_drive_0023/image_02/0000000360/depth.png,../../data/moge_dataset/KITTI/2011_09_26_drive_0023/image_02/0000000360/meta.json,KITTI,../../data/depthanything/moge_dataset/KITTI/2011_09_26_drive_0023/image_02/0000000360/image.png
109,109,../../data/moge_dataset/KITTI/2011_09_26_drive_0023/image_02/0000000378/image.jpg,../../data/moge_dataset/KITTI/2011_09_26_drive_0023/image_02/0000000378/depth.png,../../data/moge_dataset/KITTI/2011_09_26_drive_0023/image_02/0000000378/meta.json,KITTI,../../data/depthanything/moge_dataset/KITTI/2011_09_26_drive_0023/image_02/0000000378/image.png
110,110,../../data/moge_dataset/KITTI/2011_09_26_drive_0023/image_02/0000000396/image.jpg,../../data/moge_dataset/KITTI/2011_09_26_drive_0023/image_02/0000000396/depth.png,../../data/moge_dataset/KITTI/2011_09_26_drive_0023/image_02/0000000396/meta.json,KITTI,../../data/depthanything/moge_dataset/KITTI/2011_09_26_drive_0023/image_02/0000000396/image.png
111,111,../../data/moge_dataset/KITTI/2011_09_26_drive_0023/image_02/0000000414/image.jpg,../../data/moge_dataset/KITTI/2011_09_26_drive_0023/image_02/0000000414/depth.png,../../data/moge_dataset/KITTI/2011_09_26_drive_0023/image_02/0000000414/meta.json,KITTI,../../data/depthanything/moge_dataset/KITTI/2011_09_26_drive_0023/image_02/0000000414/image.png
112,112,../../data/moge_dataset/KITTI/2011_09_26_drive_0023/image_02/0000000432/image.jpg,../../data/moge_dataset/KITTI/2011_09_26_drive_0023/image_02/0000000432/depth.png,../../data/moge_dataset/KITTI/2011_09_26_drive_0023/image_02/0000000432/meta.json,KITTI,../../data/depthanything/moge_dataset/KITTI/2011_09_26_drive_0023/image_02/0000000432/image.png
113,113,../../data/moge_dataset/KITTI/2011_09_26_drive_0023/image_02/0000000450/image.jpg,../../data/moge_dataset/KITTI/2011_09_26_drive_0023/image_02/0000000450/depth.png,../../data/moge_dataset/KITTI/2011_09_26_drive_0023/image_02/0000000450/meta.json,KITTI,../../data/depthanything/moge_dataset/KITTI/2011_09_26_drive_0023/image_02/0000000450/image.png
114,114,../../data/moge_dataset/KITTI/2011_09_26_drive_0023/image_02/0000000468/image.jpg,../../data/moge_dataset/KITTI/2011_09_26_drive_0023/image_02/0000000468/depth.png,../../data/moge_dataset/KITTI/2011_09_26_drive_0023/image_02/0000000468/meta.json,KITTI,../../data/depthanything/moge_dataset/KITTI/2011_09_26_drive_0023/image_02/0000000468/image.png
115,115,../../data/moge_dataset/KITTI/2011_09_26_drive_0027/image_02/0000000007/image.jpg,../../data/moge_dataset/KITTI/2011_09_26_drive_0027/image_02/0000000007/depth.png,../../data/moge_dataset/KITTI/2011_09_26_drive_0027/image_02/0000000007/meta.json,KITTI,../../data/depthanything/moge_dataset/KITTI/2011_09_26_drive_0027/image_02/0000000007/image.png
116,116,../../data/moge_dataset/KITTI/2011_09_26_drive_0027/image_02/0000000014/image.jpg,../../data/moge_dataset/KITTI/2011_09_26_drive_0027/image_02/0000000014/depth.png,../../data/moge_dataset/KITTI/2011_09_26_drive_0027/image_02/0000000014/meta.json,KITTI,../../data/depthanything/moge_dataset/KITTI/2011_09_26_drive_0027/image_02/0000000014/image.png
117,117,../../data/moge_dataset/KITTI/2011_09_26_drive_0027/image_02/0000000021/image.jpg,../../data/moge_dataset/KITTI/2011_09_26_drive_0027/image_02/0000000021/depth.png,../../data/moge_dataset/KITTI/2011_09_26_drive_0027/image_02/0000000021/meta.json,KITTI,../../data/depthanything/moge_dataset/KITTI/2011_09_26_drive_0027/image_02/0000000021/image.png
118,118,../../data/moge_dataset/KITTI/2011_09_26_drive_0027/image_02/0000000028/image.jpg,../../data/moge_dataset/KITTI/2011_09_26_drive_0027/image_02/0000000028/depth.png,../../data/moge_dataset/KITTI/2011_09_26_drive_0027/image_02/0000000028/meta.json,KITTI,../../data/depthanything/moge_dataset/KITTI/2011_09_26_drive_0027/image_02/0000000028/image.png
119,119,../../data/moge_dataset/KITTI/2011_09_26_drive_0027/image_02/0000000035/image.jpg,../../data/moge_dataset/KITTI/2011_09_26_drive_0027/image_02/0000000035/depth.png,../../data/moge_dataset/KITTI/2011_09_26_drive_0027/image_02/0000000035/meta.json,KITTI,../../data/depthanything/moge_dataset/KITTI/2011_09_26_drive_0027/image_02/0000000035/image.png
120,120,../../data/moge_dataset/KITTI/2011_09_26_drive_0027/image_02/0000000042/image.jpg,../../data/moge_dataset/KITTI/2011_09_26_drive_0027/image_02/0000000042/depth.png,../../data/moge_dataset/KITTI/2011_09_26_drive_0027/image_02/0000000042/meta.json,KITTI,../../data/depthanything/moge_dataset/KITTI/2011_09_26_drive_0027/image_02/0000000042/image.png
121,121,../../data/moge_dataset/KITTI/2011_09_26_drive_0027/image_02/0000000049/image.jpg,../../data/moge_dataset/KITTI/2011_09_26_drive_0027/image_02/0000000049/depth.png,../../data/moge_dataset/KITTI/2011_09_26_drive_0027/image_02/0000000049/meta.json,KITTI,../../data/depthanything/moge_dataset/KITTI/2011_09_26_drive_0027/image_02/0000000049/image.png
122,122,../../data/moge_dataset/KITTI/2011_09_26_drive_0027/image_02/0000000056/image.jpg,../../data/moge_dataset/KITTI/2011_09_26_drive_0027/image_02/0000000056/depth.png,../../data/moge_dataset/KITTI/2011_09_26_drive_0027/image_02/0000000056/meta.json,KITTI,../../data/depthanything/moge_dataset/KITTI/2011_09_26_drive_0027/image_02/0000000056/image.png
123,123,../../data/moge_dataset/KITTI/2011_09_26_drive_0027/image_02/0000000063/image.jpg,../../data/moge_dataset/KITTI/2011_09_26_drive_0027/image_02/0000000063/depth.png,../../data/moge_dataset/KITTI/2011_09_26_drive_0027/image_02/0000000063/meta.json,KITTI,../../data/depthanything/moge_dataset/KITTI/2011_09_26_drive_0027/image_02/0000000063/image.png
124,124,../../data/moge_dataset/KITTI/2011_09_26_drive_0027/image_02/0000000070/image.jpg,../../data/moge_dataset/KITTI/2011_09_26_drive_0027/image_02/0000000070/depth.png,../../data/moge_dataset/KITTI/2011_09_26_drive_0027/image_02/0000000070/meta.json,KITTI,../../data/depthanything/moge_dataset/KITTI/2011_09_26_drive_0027/image_02/0000000070/image.png
125,125,../../data/moge_dataset/KITTI/2011_09_26_drive_0027/image_02/0000000077/image.jpg,../../data/moge_dataset/KITTI/2011_09_26_drive_0027/image_02/0000000077/depth.png,../../data/moge_dataset/KITTI/2011_09_26_drive_0027/image_02/0000000077/meta.json,KITTI,../../data/depthanything/moge_dataset/KITTI/2011_09_26_drive_0027/image_02/0000000077/image.png
126,126,../../data/moge_dataset/KITTI/2011_09_26_drive_0027/image_02/0000000084/image.jpg,../../data/moge_dataset/KITTI/2011_09_26_drive_0027/image_02/0000000084/depth.png,../../data/moge_dataset/KITTI/2011_09_26_drive_0027/image_02/0000000084/meta.json,KITTI,../../data/depthanything/moge_dataset/KITTI/2011_09_26_drive_0027/image_02/0000000084/image.png
127,127,../../data/moge_dataset/KITTI/2011_09_26_drive_0027/image_02/0000000091/image.jpg,../../data/moge_dataset/KITTI/2011_09_26_drive_0027/image_02/0000000091/depth.png,../../data/moge_dataset/KITTI/2011_09_26_drive_0027/image_02/0000000091/meta.json,KITTI,../../data/depthanything/moge_dataset/KITTI/2011_09_26_drive_0027/image_02/0000000091/image.png
128,128,../../data/moge_dataset/KITTI/2011_09_26_drive_0027/image_02/0000000098/image.jpg,../../data/moge_dataset/KITTI/2011_09_26_drive_0027/image_02/0000000098/depth.png,../../data/moge_dataset/KITTI/2011_09_26_drive_0027/image_02/0000000098/meta.json,KITTI,../../data/depthanything/moge_dataset/KITTI/2011_09_26_drive_0027/image_02/0000000098/image.png
129,129,../../data/moge_dataset/KITTI/2011_09_26_drive_0027/image_02/0000000112/image.jpg,../../data/moge_dataset/KITTI/2011_09_26_drive_0027/image_02/0000000112/depth.png,../../data/moge_dataset/KITTI/2011_09_26_drive_0027/image_02/0000000112/meta.json,KITTI,../../data/depthanything/moge_dataset/KITTI/2011_09_26_drive_0027/image_02/0000000112/image.png
130,130,../../data/moge_dataset/KITTI/2011_09_26_drive_0027/image_02/0000000119/image.jpg,../../data/moge_dataset/KITTI/2011_09_26_drive_0027/image_02/0000000119/depth.png,../../data/moge_dataset/KITTI/2011_09_26_drive_0027/image_02/0000000119/meta.json,KITTI,../../data/depthanything/moge_dataset/KITTI/2011_09_26_drive_0027/image_02/0000000119/image.png
131,131,../../data/moge_dataset/KITTI/2011_09_26_drive_0027/image_02/0000000126/image.jpg,../../data/moge_dataset/KITTI/2011_09_26_drive_0027/image_02/0000000126/depth.png,../../data/moge_dataset/KITTI/2011_09_26_drive_0027/image_02/0000000126/meta.json,KITTI,../../data/depthanything/moge_dataset/KITTI/2011_09_26_drive_0027/image_02/0000000126/image.png
132,132,../../data/moge_dataset/KITTI/2011_09_26_drive_0027/image_02/0000000133/image.jpg,../../data/moge_dataset/KITTI/2011_09_26_drive_0027/image_02/0000000133/depth.png,../../data/moge_dataset/KITTI/2011_09_26_drive_0027/image_02/0000000133/meta.json,KITTI,../../data/depthanything/moge_dataset/KITTI/2011_09_26_drive_0027/image_02/0000000133/image.png
133,133,../../data/moge_dataset/KITTI/2011_09_26_drive_0027/image_02/0000000140/image.jpg,../../data/moge_dataset/KITTI/2011_09_26_drive_0027/image_02/0000000140/depth.png,../../data/moge_dataset/KITTI/2011_09_26_drive_0027/image_02/0000000140/meta.json,KITTI,../../data/depthanything/moge_dataset/KITTI/2011_09_26_drive_0027/image_02/0000000140/image.png
134,134,../../data/moge_dataset/KITTI/2011_09_26_drive_0027/image_02/0000000147/image.jpg,../../data/moge_dataset/KITTI/2011_09_26_drive_0027/image_02/0000000147/depth.png,../../data/moge_dataset/KITTI/2011_09_26_drive_0027/image_02/0000000147/meta.json,KITTI,../../data/depthanything/moge_dataset/KITTI/2011_09_26_drive_0027/image_02/0000000147/image.png
135,135,../../data/moge_dataset/KITTI/2011_09_26_drive_0027/image_02/0000000161/image.jpg,../../data/moge_dataset/KITTI/2011_09_26_drive_0027/image_02/0000000161/depth.png,../../data/moge_dataset/KITTI/2011_09_26_drive_0027/image_02/0000000161/meta.json,KITTI,../../data/depthanything/moge_dataset/KITTI/2011_09_26_drive_0027/image_02/0000000161/image.png
136,136,../../data/moge_dataset/KITTI/2011_09_26_drive_0027/image_02/0000000168/image.jpg,../../data/moge_dataset/KITTI/2011_09_26_drive_0027/image_02/0000000168/depth.png,../../data/moge_dataset/KITTI/2011_09_26_drive_0027/image_02/0000000168/meta.json,KITTI,../../data/depthanything/moge_dataset/KITTI/2011_09_26_drive_0027/image_02/0000000168/image.png
137,137,../../data/moge_dataset/KITTI/2011_09_26_drive_0027/image_02/0000000175/image.jpg,../../data/moge_dataset/KITTI/2011_09_26_drive_0027/image_02/0000000175/depth.png,../../data/moge_dataset/KITTI/2011_09_26_drive_0027/image_02/0000000175/meta.json,KITTI,../../data/depthanything/moge_dataset/KITTI/2011_09_26_drive_0027/image_02/0000000175/image.png
138,138,../../data/moge_dataset/KITTI/2011_09_26_drive_0027/image_02/0000000182/image.jpg,../../data/moge_dataset/KITTI/2011_09_26_drive_0027/image_02/0000000182/depth.png,../../data/moge_dataset/KITTI/2011_09_26_drive_0027/image_02/0000000182/meta.json,KITTI,../../data/depthanything/moge_dataset/KITTI/2011_09_26_drive_0027/image_02/0000000182/image.png
139,139,../../data/moge_dataset/KITTI/2011_09_26_drive_0029/image_02/0000000014/image.jpg,../../data/moge_dataset/KITTI/2011_09_26_drive_0029/image_02/0000000014/depth.png,../../data/moge_dataset/KITTI/2011_09_26_drive_0029/image_02/0000000014/meta.json,KITTI,../../data/depthanything/moge_dataset/KITTI/2011_09_26_drive_0029/image_02/0000000014/image.png
140,140,../../data/moge_dataset/KITTI/2011_09_26_drive_0029/image_02/0000000028/image.jpg,../../data/moge_dataset/KITTI/2011_09_26_drive_0029/image_02/0000000028/depth.png,../../data/moge_dataset/KITTI/2011_09_26_drive_0029/image_02/0000000028/meta.json,KITTI,../../data/depthanything/moge_dataset/KITTI/2011_09_26_drive_0029/image_02/0000000028/image.png
141,141,../../data/moge_dataset/KITTI/2011_09_26_drive_0029/image_02/0000000042/image.jpg,../../data/moge_dataset/KITTI/2011_09_26_drive_0029/image_02/0000000042/depth.png,../../data/moge_dataset/KITTI/2011_09_26_drive_0029/image_02/0000000042/meta.json,KITTI,../../data/depthanything/moge_dataset/KITTI/2011_09_26_drive_0029/image_02/0000000042/image.png
142,142,../../data/moge_dataset/KITTI/2011_09_26_drive_0029/image_02/0000000056/image.jpg,../../data/moge_dataset/KITTI/2011_09_26_drive_0029/image_02/0000000056/depth.png,../../data/moge_dataset/KITTI/2011_09_26_drive_0029/image_02/0000000056/meta.json,KITTI,../../data/depthanything/moge_dataset/KITTI/2011_09_26_drive_0029/image_02/0000000056/image.png
143,143,../../data/moge_dataset/KITTI/2011_09_26_drive_0029/image_02/0000000070/image.jpg,../../data/moge_dataset/KITTI/2011_09_26_drive_0029/image_02/0000000070/depth.png,../../data/moge_dataset/KITTI/2011_09_26_drive_0029/image_02/0000000070/meta.json,KITTI,../../data/depthanything/moge_dataset/KITTI/2011_09_26_drive_0029/image_02/0000000070/image.png
144,144,../../data/moge_dataset/KITTI/2011_09_26_drive_0029/image_02/0000000084/image.jpg,../../data/moge_dataset/KITTI/2011_09_26_drive_0029/image_02/0000000084/depth.png,../../data/moge_dataset/KITTI/2011_09_26_drive_0029/image_02/0000000084/meta.json,KITTI,../../data/depthanything/moge_dataset/KITTI/2011_09_26_drive_0029/image_02/0000000084/image.png
145,145,../../data/moge_dataset/KITTI/2011_09_26_drive_0029/image_02/0000000098/image.jpg,../../data/moge_dataset/KITTI/2011_09_26_drive_0029/image_02/0000000098/depth.png,../../data/moge_dataset/KITTI/2011_09_26_drive_0029/image_02/0000000098/meta.json,KITTI,../../data/depthanything/moge_dataset/KITTI/2011_09_26_drive_0029/image_02/0000000098/image.png
146,146,../../data/moge_dataset/KITTI/2011_09_26_drive_0029/image_02/0000000112/image.jpg,../../data/moge_dataset/KITTI/2011_09_26_drive_0029/image_02/0000000112/depth.png,../../data/moge_dataset/KITTI/2011_09_26_drive_0029/image_02/0000000112/meta.json,KITTI,../../data/depthanything/moge_dataset/KITTI/2011_09_26_drive_0029/image_02/0000000112/image.png
147,147,../../data/moge_dataset/KITTI/2011_09_26_drive_0029/image_02/0000000126/image.jpg,../../data/moge_dataset/KITTI/2011_09_26_drive_0029/image_02/0000000126/depth.png,../../data/moge_dataset/KITTI/2011_09_26_drive_0029/image_02/0000000126/meta.json,KITTI,../../data/depthanything/moge_dataset/KITTI/2011_09_26_drive_0029/image_02/0000000126/image.png
148,148,../../data/moge_dataset/KITTI/2011_09_26_drive_0029/image_02/0000000140/image.jpg,../../data/moge_dataset/KITTI/2011_09_26_drive_0029/image_02/0000000140/depth.png,../../data/moge_dataset/KITTI/2011_09_26_drive_0029/image_02/0000000140/meta.json,KITTI,../../data/depthanything/moge_dataset/KITTI/2011_09_26_drive_0029/image_02/0000000140/image.png
149,149,../../data/moge_dataset/KITTI/2011_09_26_drive_0029/image_02/0000000154/image.jpg,../../data/moge_dataset/KITTI/2011_09_26_drive_0029/image_02/0000000154/depth.png,../../data/moge_dataset/KITTI/2011_09_26_drive_0029/image_02/0000000154/meta.json,KITTI,../../data/depthanything/moge_dataset/KITTI/2011_09_26_drive_0029/image_02/0000000154/image.png
150,150,../../data/moge_dataset/KITTI/2011_09_26_drive_0029/image_02/0000000168/image.jpg,../../data/moge_dataset/KITTI/2011_09_26_drive_0029/image_02/0000000168/depth.png,../../data/moge_dataset/KITTI/2011_09_26_drive_0029/image_02/0000000168/meta.json,KITTI,../../data/depthanything/moge_dataset/KITTI/2011_09_26_drive_0029/image_02/0000000168/image.png
151,151,../../data/moge_dataset/KITTI/2011_09_26_drive_0029/image_02/0000000182/image.jpg,../../data/moge_dataset/KITTI/2011_09_26_drive_0029/image_02/0000000182/depth.png,../../data/moge_dataset/KITTI/2011_09_26_drive_0029/image_02/0000000182/meta.json,KITTI,../../data/depthanything/moge_dataset/KITTI/2011_09_26_drive_0029/image_02/0000000182/image.png
152,152,../../data/moge_dataset/KITTI/2011_09_26_drive_0029/image_02/0000000196/image.jpg,../../data/moge_dataset/KITTI/2011_09_26_drive_0029/image_02/0000000196/depth.png,../../data/moge_dataset/KITTI/2011_09_26_drive_0029/image_02/0000000196/meta.json,KITTI,../../data/depthanything/moge_dataset/KITTI/2011_09_26_drive_0029/image_02/0000000196/image.png
153,153,../../data/moge_dataset/KITTI/2011_09_26_drive_0029/image_02/0000000268/image.jpg,../../data/moge_dataset/KITTI/2011_09_26_drive_0029/image_02/0000000268/depth.png,../../data/moge_dataset/KITTI/2011_09_26_drive_0029/image_02/0000000268/meta.json,KITTI,../../data/depthanything/moge_dataset/KITTI/2011_09_26_drive_0029/image_02/0000000268/image.png
154,154,../../data/moge_dataset/KITTI/2011_09_26_drive_0029/image_02/0000000296/image.jpg,../../data/moge_dataset/KITTI/2011_09_26_drive_0029/image_02/0000000296/depth.png,../../data/moge_dataset/KITTI/2011_09_26_drive_0029/image_02/0000000296/meta.json,KITTI,../../data/depthanything/moge_dataset/KITTI/2011_09_26_drive_0029/image_02/0000000296/image.png
155,155,../../data/moge_dataset/KITTI/2011_09_26_drive_0029/image_02/0000000310/image.jpg,../../data/moge_dataset/KITTI/2011_09_26_drive_0029/image_02/0000000310/depth.png,../../data/moge_dataset/KITTI/2011_09_26_drive_0029/image_02/0000000310/meta.json,KITTI,../../data/depthanything/moge_dataset/KITTI/2011_09_26_drive_0029/image_02/0000000310/image.png
156,156,../../data/moge_dataset/KITTI/2011_09_26_drive_0029/image_02/0000000324/image.jpg,../../data/moge_dataset/KITTI/2011_09_26_drive_0029/image_02/0000000324/depth.png,../../data/moge_dataset/KITTI/2011_09_26_drive_0029/image_02/0000000324/meta.json,KITTI,../../data/depthanything/moge_dataset/KITTI/2011_09_26_drive_0029/image_02/0000000324/image.png
157,157,../../data/moge_dataset/KITTI/2011_09_26_drive_0029/image_02/0000000338/image.jpg,../../data/moge_dataset/KITTI/2011_09_26_drive_0029/image_02/0000000338/depth.png,../../data/moge_dataset/KITTI/2011_09_26_drive_0029/image_02/0000000338/meta.json,KITTI,../../data/depthanything/moge_dataset/KITTI/2011_09_26_drive_0029/image_02/0000000338/image.png
158,158,../../data/moge_dataset/KITTI/2011_09_26_drive_0029/image_02/0000000352/image.jpg,../../data/moge_dataset/KITTI/2011_09_26_drive_0029/image_02/0000000352/depth.png,../../data/moge_dataset/KITTI/2011_09_26_drive_0029/image_02/0000000352/meta.json,KITTI,../../data/depthanything/moge_dataset/KITTI/2011_09_26_drive_0029/image_02/0000000352/image.png
159,159,../../data/moge_dataset/KITTI/2011_09_26_drive_0029/image_02/0000000366/image.jpg,../../data/moge_dataset/KITTI/2011_09_26_drive_0029/image_02/0000000366/depth.png,../../data/moge_dataset/KITTI/2011_09_26_drive_0029/image_02/0000000366/meta.json,KITTI,../../data/depthanything/moge_dataset/KITTI/2011_09_26_drive_0029/image_02/0000000366/image.png
160,160,../../data/moge_dataset/KITTI/2011_09_26_drive_0029/image_02/0000000380/image.jpg,../../data/moge_dataset/KITTI/2011_09_26_drive_0029/image_02/0000000380/depth.png,../../data/moge_dataset/KITTI/2011_09_26_drive_0029/image_02/0000000380/meta.json,KITTI,../../data/depthanything/moge_dataset/KITTI/2011_09_26_drive_0029/image_02/0000000380/image.png
161,161,../../data/moge_dataset/KITTI/2011_09_26_drive_0029/image_02/0000000394/image.jpg,../../data/moge_dataset/KITTI/2011_09_26_drive_0029/image_02/0000000394/depth.png,../../data/moge_dataset/KITTI/2011_09_26_drive_0029/image_02/0000000394/meta.json,KITTI,../../data/depthanything/moge_dataset/KITTI/2011_09_26_drive_0029/image_02/0000000394/image.png
162,162,../../data/moge_dataset/KITTI/2011_09_26_drive_0029/image_02/0000000408/image.jpg,../../data/moge_dataset/KITTI/2011_09_26_drive_0029/image_02/0000000408/depth.png,../../data/moge_dataset/KITTI/2011_09_26_drive_0029/image_02/0000000408/meta.json,KITTI,../../data/depthanything/moge_dataset/KITTI/2011_09_26_drive_0029/image_02/0000000408/image.png
163,163,../../data/moge_dataset/KITTI/2011_09_26_drive_0036/image_02/0000000032/image.jpg,../../data/moge_dataset/KITTI/2011_09_26_drive_0036/image_02/0000000032/depth.png,../../data/moge_dataset/KITTI/2011_09_26_drive_0036/image_02/0000000032/meta.json,KITTI,../../data/depthanything/moge_dataset/KITTI/2011_09_26_drive_0036/image_02/0000000032/image.png
164,164,../../data/moge_dataset/KITTI/2011_09_26_drive_0036/image_02/0000000064/image.jpg,../../data/moge_dataset/KITTI/2011_09_26_drive_0036/image_02/0000000064/depth.png,../../data/moge_dataset/KITTI/2011_09_26_drive_0036/image_02/0000000064/meta.json,KITTI,../../data/depthanything/moge_dataset/KITTI/2011_09_26_drive_0036/image_02/0000000064/image.png
165,165,../../data/moge_dataset/KITTI/2011_09_26_drive_0036/image_02/0000000096/image.jpg,../../data/moge_dataset/KITTI/2011_09_26_drive_0036/image_02/0000000096/depth.png,../../data/moge_dataset/KITTI/2011_09_26_drive_0036/image_02/0000000096/meta.json,KITTI,../../data/depthanything/moge_dataset/KITTI/2011_09_26_drive_0036/image_02/0000000096/image.png
166,166,../../data/moge_dataset/KITTI/2011_09_26_drive_0036/image_02/0000000128/image.jpg,../../data/moge_dataset/KITTI/2011_09_26_drive_0036/image_02/0000000128/depth.png,../../data/moge_dataset/KITTI/2011_09_26_drive_0036/image_02/0000000128/meta.json,KITTI,../../data/depthanything/moge_dataset/KITTI/2011_09_26_drive_0036/image_02/0000000128/image.png
167,167,../../data/moge_dataset/KITTI/2011_09_26_drive_0036/image_02/0000000160/image.jpg,../../data/moge_dataset/KITTI/2011_09_26_drive_0036/image_02/0000000160/depth.png,../../data/moge_dataset/KITTI/2011_09_26_drive_0036/image_02/0000000160/meta.json,KITTI,../../data/depthanything/moge_dataset/KITTI/2011_09_26_drive_0036/image_02/0000000160/image.png
168,168,../../data/moge_dataset/KITTI/2011_09_26_drive_0036/image_02/0000000192/image.jpg,../../data/moge_dataset/KITTI/2011_09_26_drive_0036/image_02/0000000192/depth.png,../../data/moge_dataset/KITTI/2011_09_26_drive_0036/image_02/0000000192/meta.json,KITTI,../../data/depthanything/moge_dataset/KITTI/2011_09_26_drive_0036/image_02/0000000192/image.png
169,169,../../data/moge_dataset/KITTI/2011_09_26_drive_0036/image_02/0000000224/image.jpg,../../data/moge_dataset/KITTI/2011_09_26_drive_0036/image_02/0000000224/depth.png,../../data/moge_dataset/KITTI/2011_09_26_drive_0036/image_02/0000000224/meta.json,KITTI,../../data/depthanything/moge_dataset/KITTI/2011_09_26_drive_0036/image_02/0000000224/image.png
170,170,../../data/moge_dataset/KITTI/2011_09_26_drive_0036/image_02/0000000256/image.jpg,../../data/moge_dataset/KITTI/2011_09_26_drive_0036/image_02/0000000256/depth.png,../../data/moge_dataset/KITTI/2011_09_26_drive_0036/image_02/0000000256/meta.json,KITTI,../../data/depthanything/moge_dataset/KITTI/2011_09_26_drive_0036/image_02/0000000256/image.png
171,171,../../data/moge_dataset/KITTI/2011_09_26_drive_0036/image_02/0000000288/image.jpg,../../data/moge_dataset/KITTI/2011_09_26_drive_0036/image_02/0000000288/depth.png,../../data/moge_dataset/KITTI/2011_09_26_drive_0036/image_02/0000000288/meta.json,KITTI,../../data/depthanything/moge_dataset/KITTI/2011_09_26_drive_0036/image_02/0000000288/image.png
172,172,../../data/moge_dataset/KITTI/2011_09_26_drive_0036/image_02/0000000320/image.jpg,../../data/moge_dataset/KITTI/2011_09_26_drive_0036/image_02/0000000320/depth.png,../../data/moge_dataset/KITTI/2011_09_26_drive_0036/image_02/0000000320/meta.json,KITTI,../../data/depthanything/moge_dataset/KITTI/2011_09_26_drive_0036/image_02/0000000320/image.png
173,173,../../data/moge_dataset/KITTI/2011_09_26_drive_0036/image_02/0000000352/image.jpg,../../data/moge_dataset/KITTI/2011_09_26_drive_0036/image_02/0000000352/depth.png,../../data/moge_dataset/KITTI/2011_09_26_drive_0036/image_02/0000000352/meta.json,KITTI,../../data/depthanything/moge_dataset/KITTI/2011_09_26_drive_0036/image_02/0000000352/image.png
174,174,../../data/moge_dataset/KITTI/2011_09_26_drive_0036/image_02/0000000384/image.jpg,../../data/moge_dataset/KITTI/2011_09_26_drive_0036/image_02/0000000384/depth.png,../../data/moge_dataset/KITTI/2011_09_26_drive_0036/image_02/0000000384/meta.json,KITTI,../../data/depthanything/moge_dataset/KITTI/2011_09_26_drive_0036/image_02/0000000384/image.png
175,175,../../data/moge_dataset/KITTI/2011_09_26_drive_0036/image_02/0000000416/image.jpg,../../data/moge_dataset/KITTI/2011_09_26_drive_0036/image_02/0000000416/depth.png,../../data/moge_dataset/KITTI/2011_09_26_drive_0036/image_02/0000000416/meta.json,KITTI,../../data/depthanything/moge_dataset/KITTI/2011_09_26_drive_0036/image_02/0000000416/image.png
176,176,../../data/moge_dataset/KITTI/2011_09_26_drive_0036/image_02/0000000448/image.jpg,../../data/moge_dataset/KITTI/2011_09_26_drive_0036/image_02/0000000448/depth.png,../../data/moge_dataset/KITTI/2011_09_26_drive_0036/image_02/0000000448/meta.json,KITTI,../../data/depthanything/moge_dataset/KITTI/2011_09_26_drive_0036/image_02/0000000448/image.png
177,177,../../data/moge_dataset/KITTI/2011_09_26_drive_0036/image_02/0000000480/image.jpg,../../data/moge_dataset/KITTI/2011_09_26_drive_0036/image_02/0000000480/depth.png,../../data/moge_dataset/KITTI/2011_09_26_drive_0036/image_02/0000000480/meta.json,KITTI,../../data/depthanything/moge_dataset/KITTI/2011_09_26_drive_0036/image_02/0000000480/image.png
178,178,../../data/moge_dataset/KITTI/2011_09_26_drive_0036/image_02/0000000512/image.jpg,../../data/moge_dataset/KITTI/2011_09_26_drive_0036/image_02/0000000512/depth.png,../../data/moge_dataset/KITTI/2011_09_26_drive_0036/image_02/0000000512/meta.json,KITTI,../../data/depthanything/moge_dataset/KITTI/2011_09_26_drive_0036/image_02/0000000512/image.png
179,179,../../data/moge_dataset/KITTI/2011_09_26_drive_0036/image_02/0000000544/image.jpg,../../data/moge_dataset/KITTI/2011_09_26_drive_0036/image_02/0000000544/depth.png,../../data/moge_dataset/KITTI/2011_09_26_drive_0036/image_02/0000000544/meta.json,KITTI,../../data/depthanything/moge_dataset/KITTI/2011_09_26_drive_0036/image_02/0000000544/image.png
180,180,../../data/moge_dataset/KITTI/2011_09_26_drive_0036/image_02/0000000576/image.jpg,../../data/moge_dataset/KITTI/2011_09_26_drive_0036/image_02/0000000576/depth.png,../../data/moge_dataset/KITTI/2011_09_26_drive_0036/image_02/0000000576/meta.json,KITTI,../../data/depthanything/moge_dataset/KITTI/2011_09_26_drive_0036/image_02/0000000576/image.png
181,181,../../data/moge_dataset/KITTI/2011_09_26_drive_0036/image_02/0000000608/image.jpg,../../data/moge_dataset/KITTI/2011_09_26_drive_0036/image_02/0000000608/depth.png,../../data/moge_dataset/KITTI/2011_09_26_drive_0036/image_02/0000000608/meta.json,KITTI,../../data/depthanything/moge_dataset/KITTI/2011_09_26_drive_0036/image_02/0000000608/image.png
182,182,../../data/moge_dataset/KITTI/2011_09_26_drive_0036/image_02/0000000640/image.jpg,../../data/moge_dataset/KITTI/2011_09_26_drive_0036/image_02/0000000640/depth.png,../../data/moge_dataset/KITTI/2011_09_26_drive_0036/image_02/0000000640/meta.json,KITTI,../../data/depthanything/moge_dataset/KITTI/2011_09_26_drive_0036/image_02/0000000640/image.png
183,183,../../data/moge_dataset/KITTI/2011_09_26_drive_0036/image_02/0000000672/image.jpg,../../data/moge_dataset/KITTI/2011_09_26_drive_0036/image_02/0000000672/depth.png,../../data/moge_dataset/KITTI/2011_09_26_drive_0036/image_02/0000000672/meta.json,KITTI,../../data/depthanything/moge_dataset/KITTI/2011_09_26_drive_0036/image_02/0000000672/image.png
184,184,../../data/moge_dataset/KITTI/2011_09_26_drive_0036/image_02/0000000704/image.jpg,../../data/moge_dataset/KITTI/2011_09_26_drive_0036/image_02/0000000704/depth.png,../../data/moge_dataset/KITTI/2011_09_26_drive_0036/image_02/0000000704/meta.json,KITTI,../../data/depthanything/moge_dataset/KITTI/2011_09_26_drive_0036/image_02/0000000704/image.png
185,185,../../data/moge_dataset/KITTI/2011_09_26_drive_0036/image_02/0000000768/image.jpg,../../data/moge_dataset/KITTI/2011_09_26_drive_0036/image_02/0000000768/depth.png,../../data/moge_dataset/KITTI/2011_09_26_drive_0036/image_02/0000000768/meta.json,KITTI,../../data/depthanything/moge_dataset/KITTI/2011_09_26_drive_0036/image_02/0000000768/image.png
186,186,../../data/moge_dataset/KITTI/2011_09_26_drive_0046/image_02/0000000005/image.jpg,../../data/moge_dataset/KITTI/2011_09_26_drive_0046/image_02/0000000005/depth.png,../../data/moge_dataset/KITTI/2011_09_26_drive_0046/image_02/0000000005/meta.json,KITTI,../../data/depthanything/moge_dataset/KITTI/2011_09_26_drive_0046/image_02/0000000005/image.png
187,187,../../data/moge_dataset/KITTI/2011_09_26_drive_0046/image_02/0000000010/image.jpg,../../data/moge_dataset/KITTI/2011_09_26_drive_0046/image_02/0000000010/depth.png,../../data/moge_dataset/KITTI/2011_09_26_drive_0046/image_02/0000000010/meta.json,KITTI,../../data/depthanything/moge_dataset/KITTI/2011_09_26_drive_0046/image_02/0000000010/image.png
188,188,../../data/moge_dataset/KITTI/2011_09_26_drive_0046/image_02/0000000015/image.jpg,../../data/moge_dataset/KITTI/2011_09_26_drive_0046/image_02/0000000015/depth.png,../../data/moge_dataset/KITTI/2011_09_26_drive_0046/image_02/0000000015/meta.json,KITTI,../../data/depthanything/moge_dataset/KITTI/2011_09_26_drive_0046/image_02/0000000015/image.png
189,189,../../data/moge_dataset/KITTI/2011_09_26_drive_0046/image_02/0000000020/image.jpg,../../data/moge_dataset/KITTI/2011_09_26_drive_0046/image_02/0000000020/depth.png,../../data/moge_dataset/KITTI/2011_09_26_drive_0046/image_02/0000000020/meta.json,KITTI,../../data/depthanything/moge_dataset/KITTI/2011_09_26_drive_0046/image_02/0000000020/image.png
190,190,../../data/moge_dataset/KITTI/2011_09_26_drive_0046/image_02/0000000025/image.jpg,../../data/moge_dataset/KITTI/2011_09_26_drive_0046/image_02/0000000025/depth.png,../../data/moge_dataset/KITTI/2011_09_26_drive_0046/image_02/0000000025/meta.json,KITTI,../../data/depthanything/moge_dataset/KITTI/2011_09_26_drive_0046/image_02/0000000025/image.png
191,191,../../data/moge_dataset/KITTI/2011_09_26_drive_0046/image_02/0000000030/image.jpg,../../data/moge_dataset/KITTI/2011_09_26_drive_0046/image_02/0000000030/depth.png,../../data/moge_dataset/KITTI/2011_09_26_drive_0046/image_02/0000000030/meta.json,KITTI,../../data/depthanything/moge_dataset/KITTI/2011_09_26_drive_0046/image_02/0000000030/image.png
192,192,../../data/moge_dataset/KITTI/2011_09_26_drive_0046/image_02/0000000035/image.jpg,../../data/moge_dataset/KITTI/2011_09_26_drive_0046/image_02/0000000035/depth.png,../../data/moge_dataset/KITTI/2011_09_26_drive_0046/image_02/0000000035/meta.json,KITTI,../../data/depthanything/moge_dataset/KITTI/2011_09_26_drive_0046/image_02/0000000035/image.png
193,193,../../data/moge_dataset/KITTI/2011_09_26_drive_0046/image_02/0000000040/image.jpg,../../data/moge_dataset/KITTI/2011_09_26_drive_0046/image_02/0000000040/depth.png,../../data/moge_dataset/KITTI/2011_09_26_drive_0046/image_02/0000000040/meta.json,KITTI,../../data/depthanything/moge_dataset/KITTI/2011_09_26_drive_0046/image_02/0000000040/image.png
194,194,../../data/moge_dataset/KITTI/2011_09_26_drive_0046/image_02/0000000045/image.jpg,../../data/moge_dataset/KITTI/2011_09_26_drive_0046/image_02/0000000045/depth.png,../../data/moge_dataset/KITTI/2011_09_26_drive_0046/image_02/0000000045/meta.json,KITTI,../../data/depthanything/moge_dataset/KITTI/2011_09_26_drive_0046/image_02/0000000045/image.png
195,195,../../data/moge_dataset/KITTI/2011_09_26_drive_0046/image_02/0000000050/image.jpg,../../data/moge_dataset/KITTI/2011_09_26_drive_0046/image_02/0000000050/depth.png,../../data/moge_dataset/KITTI/2011_09_26_drive_0046/image_02/0000000050/meta.json,KITTI,../../data/depthanything/moge_dataset/KITTI/2011_09_26_drive_0046/image_02/0000000050/image.png
196,196,../../data/moge_dataset/KITTI/2011_09_26_drive_0046/image_02/0000000055/image.jpg,../../data/moge_dataset/KITTI/2011_09_26_drive_0046/image_02/0000000055/depth.png,../../data/moge_dataset/KITTI/2011_09_26_drive_0046/image_02/0000000055/meta.json,KITTI,../../data/depthanything/moge_dataset/KITTI/2011_09_26_drive_0046/image_02/0000000055/image.png
197,197,../../data/moge_dataset/KITTI/2011_09_26_drive_0046/image_02/0000000060/image.jpg,../../data/moge_dataset/KITTI/2011_09_26_drive_0046/image_02/0000000060/depth.png,../../data/moge_dataset/KITTI/2011_09_26_drive_0046/image_02/0000000060/meta.json,KITTI,../../data/depthanything/moge_dataset/KITTI/2011_09_26_drive_0046/image_02/0000000060/image.png
198,198,../../data/moge_dataset/KITTI/2011_09_26_drive_0046/image_02/0000000065/image.jpg,../../data/moge_dataset/KITTI/2011_09_26_drive_0046/image_02/0000000065/depth.png,../../data/moge_dataset/KITTI/2011_09_26_drive_0046/image_02/0000000065/meta.json,KITTI,../../data/depthanything/moge_dataset/KITTI/2011_09_26_drive_0046/image_02/0000000065/image.png
199,199,../../data/moge_dataset/KITTI/2011_09_26_drive_0046/image_02/0000000070/image.jpg,../../data/moge_dataset/KITTI/2011_09_26_drive_0046/image_02/0000000070/depth.png,../../data/moge_dataset/KITTI/2011_09_26_drive_0046/image_02/0000000070/meta.json,KITTI,../../data/depthanything/moge_dataset/KITTI/2011_09_26_drive_0046/image_02/0000000070/image.png
200,200,../../data/moge_dataset/KITTI/2011_09_26_drive_0046/image_02/0000000075/image.jpg,../../data/moge_dataset/KITTI/2011_09_26_drive_0046/image_02/0000000075/depth.png,../../data/moge_dataset/KITTI/2011_09_26_drive_0046/image_02/0000000075/meta.json,KITTI,../../data/depthanything/moge_dataset/KITTI/2011_09_26_drive_0046/image_02/0000000075/image.png
201,201,../../data/moge_dataset/KITTI/2011_09_26_drive_0046/image_02/0000000080/image.jpg,../../data/moge_dataset/KITTI/2011_09_26_drive_0046/image_02/0000000080/depth.png,../../data/moge_dataset/KITTI/2011_09_26_drive_0046/image_02/0000000080/meta.json,KITTI,../../data/depthanything/moge_dataset/KITTI/2011_09_26_drive_0046/image_02/0000000080/image.png
202,202,../../data/moge_dataset/KITTI/2011_09_26_drive_0046/image_02/0000000085/image.jpg,../../data/moge_dataset/KITTI/2011_09_26_drive_0046/image_02/0000000085/depth.png,../../data/moge_dataset/KITTI/2011_09_26_drive_0046/image_02/0000000085/meta.json,KITTI,../../data/depthanything/moge_dataset/KITTI/2011_09_26_drive_0046/image_02/0000000085/image.png
203,203,../../data/moge_dataset/KITTI/2011_09_26_drive_0046/image_02/0000000090/image.jpg,../../data/moge_dataset/KITTI/2011_09_26_drive_0046/image_02/0000000090/depth.png,../../data/moge_dataset/KITTI/2011_09_26_drive_0046/image_02/0000000090/meta.json,KITTI,../../data/depthanything/moge_dataset/KITTI/2011_09_26_drive_0046/image_02/0000000090/image.png
204,204,../../data/moge_dataset/KITTI/2011_09_26_drive_0046/image_02/0000000095/image.jpg,../../data/moge_dataset/KITTI/2011_09_26_drive_0046/image_02/0000000095/depth.png,../../data/moge_dataset/KITTI/2011_09_26_drive_0046/image_02/0000000095/meta.json,KITTI,../../data/depthanything/moge_dataset/KITTI/2011_09_26_drive_0046/image_02/0000000095/image.png
205,205,../../data/moge_dataset/KITTI/2011_09_26_drive_0046/image_02/0000000100/image.jpg,../../data/moge_dataset/KITTI/2011_09_26_drive_0046/image_02/0000000100/depth.png,../../data/moge_dataset/KITTI/2011_09_26_drive_0046/image_02/0000000100/meta.json,KITTI,../../data/depthanything/moge_dataset/KITTI/2011_09_26_drive_0046/image_02/0000000100/image.png
206,206,../../data/moge_dataset/KITTI/2011_09_26_drive_0046/image_02/0000000105/image.jpg,../../data/moge_dataset/KITTI/2011_09_26_drive_0046/image_02/0000000105/depth.png,../../data/moge_dataset/KITTI/2011_09_26_drive_0046/image_02/0000000105/meta.json,KITTI,../../data/depthanything/moge_dataset/KITTI/2011_09_26_drive_0046/image_02/0000000105/image.png
207,207,../../data/moge_dataset/KITTI/2011_09_26_drive_0046/image_02/0000000110/image.jpg,../../data/moge_dataset/KITTI/2011_09_26_drive_0046/image_02/0000000110/depth.png,../../data/moge_dataset/KITTI/2011_09_26_drive_0046/image_02/0000000110/meta.json,KITTI,../../data/depthanything/moge_dataset/KITTI/2011_09_26_drive_0046/image_02/0000000110/image.png
208,208,../../data/moge_dataset/KITTI/2011_09_26_drive_0046/image_02/0000000115/image.jpg,../../data/moge_dataset/KITTI/2011_09_26_drive_0046/image_02/0000000115/depth.png,../../data/moge_dataset/KITTI/2011_09_26_drive_0046/image_02/0000000115/meta.json,KITTI,../../data/depthanything/moge_dataset/KITTI/2011_09_26_drive_0046/image_02/0000000115/image.png
209,209,../../data/moge_dataset/KITTI/2011_09_26_drive_0048/image_02/0000000005/image.jpg,../../data/moge_dataset/KITTI/2011_09_26_drive_0048/image_02/0000000005/depth.png,../../data/moge_dataset/KITTI/2011_09_26_drive_0048/image_02/0000000005/meta.json,KITTI,../../data/depthanything/moge_dataset/KITTI/2011_09_26_drive_0048/image_02/0000000005/image.png
210,210,../../data/moge_dataset/KITTI/2011_09_26_drive_0048/image_02/0000000006/image.jpg,../../data/moge_dataset/KITTI/2011_09_26_drive_0048/image_02/0000000006/depth.png,../../data/moge_dataset/KITTI/2011_09_26_drive_0048/image_02/0000000006/meta.json,KITTI,../../data/depthanything/moge_dataset/KITTI/2011_09_26_drive_0048/image_02/0000000006/image.png
211,211,../../data/moge_dataset/KITTI/2011_09_26_drive_0048/image_02/0000000007/image.jpg,../../data/moge_dataset/KITTI/2011_09_26_drive_0048/image_02/0000000007/depth.png,../../data/moge_dataset/KITTI/2011_09_26_drive_0048/image_02/0000000007/meta.json,KITTI,../../data/depthanything/moge_dataset/KITTI/2011_09_26_drive_0048/image_02/0000000007/image.png
212,212,../../data/moge_dataset/KITTI/2011_09_26_drive_0048/image_02/0000000008/image.jpg,../../data/moge_dataset/KITTI/2011_09_26_drive_0048/image_02/0000000008/depth.png,../../data/moge_dataset/KITTI/2011_09_26_drive_0048/image_02/0000000008/meta.json,KITTI,../../data/depthanything/moge_dataset/KITTI/2011_09_26_drive_0048/image_02/0000000008/image.png
213,213,../../data/moge_dataset/KITTI/2011_09_26_drive_0048/image_02/0000000009/image.jpg,../../data/moge_dataset/KITTI/2011_09_26_drive_0048/image_02/0000000009/depth.png,../../data/moge_dataset/KITTI/2011_09_26_drive_0048/image_02/0000000009/meta.json,KITTI,../../data/depthanything/moge_dataset/KITTI/2011_09_26_drive_0048/image_02/0000000009/image.png
214,214,../../data/moge_dataset/KITTI/2011_09_26_drive_0048/image_02/0000000010/image.jpg,../../data/moge_dataset/KITTI/2011_09_26_drive_0048/image_02/0000000010/depth.png,../../data/moge_dataset/KITTI/2011_09_26_drive_0048/image_02/0000000010/meta.json,KITTI,../../data/depthanything/moge_dataset/KITTI/2011_09_26_drive_0048/image_02/0000000010/image.png
215,215,../../data/moge_dataset/KITTI/2011_09_26_drive_0048/image_02/0000000011/image.jpg,../../data/moge_dataset/KITTI/2011_09_26_drive_0048/image_02/0000000011/depth.png,../../data/moge_dataset/KITTI/2011_09_26_drive_0048/image_02/0000000011/meta.json,KITTI,../../data/depthanything/moge_dataset/KITTI/2011_09_26_drive_0048/image_02/0000000011/image.png
216,216,../../data/moge_dataset/KITTI/2011_09_26_drive_0048/image_02/0000000012/image.jpg,../../data/moge_dataset/KITTI/2011_09_26_drive_0048/image_02/0000000012/depth.png,../../data/moge_dataset/KITTI/2011_09_26_drive_0048/image_02/0000000012/meta.json,KITTI,../../data/depthanything/moge_dataset/KITTI/2011_09_26_drive_0048/image_02/0000000012/image.png
217,217,../../data/moge_dataset/KITTI/2011_09_26_drive_0048/image_02/0000000013/image.jpg,../../data/moge_dataset/KITTI/2011_09_26_drive_0048/image_02/0000000013/depth.png,../../data/moge_dataset/KITTI/2011_09_26_drive_0048/image_02/0000000013/meta.json,KITTI,../../data/depthanything/moge_dataset/KITTI/2011_09_26_drive_0048/image_02/0000000013/image.png
218,218,../../data/moge_dataset/KITTI/2011_09_26_drive_0048/image_02/0000000014/image.jpg,../../data/moge_dataset/KITTI/2011_09_26_drive_0048/image_02/0000000014/depth.png,../../data/moge_dataset/KITTI/2011_09_26_drive_0048/image_02/0000000014/meta.json,KITTI,../../data/depthanything/moge_dataset/KITTI/2011_09_26_drive_0048/image_02/0000000014/image.png
219,219,../../data/moge_dataset/KITTI/2011_09_26_drive_0048/image_02/0000000015/image.jpg,../../data/moge_dataset/KITTI/2011_09_26_drive_0048/image_02/0000000015/depth.png,../../data/moge_dataset/KITTI/2011_09_26_drive_0048/image_02/0000000015/meta.json,KITTI,../../data/depthanything/moge_dataset/KITTI/2011_09_26_drive_0048/image_02/0000000015/image.png
220,220,../../data/moge_dataset/KITTI/2011_09_26_drive_0048/image_02/0000000016/image.jpg,../../data/moge_dataset/KITTI/2011_09_26_drive_0048/image_02/0000000016/depth.png,../../data/moge_dataset/KITTI/2011_09_26_drive_0048/image_02/0000000016/meta.json,KITTI,../../data/depthanything/moge_dataset/KITTI/2011_09_26_drive_0048/image_02/0000000016/image.png
221,221,../../data/moge_dataset/KITTI/2011_09_26_drive_0052/image_02/0000000006/image.jpg,../../data/moge_dataset/KITTI/2011_09_26_drive_0052/image_02/0000000006/depth.png,../../data/moge_dataset/KITTI/2011_09_26_drive_0052/image_02/0000000006/meta.json,KITTI,../../data/depthanything/moge_dataset/KITTI/2011_09_26_drive_0052/image_02/0000000006/image.png
222,222,../../data/moge_dataset/KITTI/2011_09_26_drive_0052/image_02/0000000008/image.jpg,../../data/moge_dataset/KITTI/2011_09_26_drive_0052/image_02/0000000008/depth.png,../../data/moge_dataset/KITTI/2011_09_26_drive_0052/image_02/0000000008/meta.json,KITTI,../../data/depthanything/moge_dataset/KITTI/2011_09_26_drive_0052/image_02/0000000008/image.png
223,223,../../data/moge_dataset/KITTI/2011_09_26_drive_0052/image_02/0000000010/image.jpg,../../data/moge_dataset/KITTI/2011_09_26_drive_0052/image_02/0000000010/depth.png,../../data/moge_dataset/KITTI/2011_09_26_drive_0052/image_02/0000000010/meta.json,KITTI,../../data/depthanything/moge_dataset/KITTI/2011_09_26_drive_0052/image_02/0000000010/image.png
224,224,../../data/moge_dataset/KITTI/2011_09_26_drive_0052/image_02/0000000012/image.jpg,../../data/moge_dataset/KITTI/2011_09_26_drive_0052/image_02/0000000012/depth.png,../../data/moge_dataset/KITTI/2011_09_26_drive_0052/image_02/0000000012/meta.json,KITTI,../../data/depthanything/moge_dataset/KITTI/2011_09_26_drive_0052/image_02/0000000012/image.png
225,225,../../data/moge_dataset/KITTI/2011_09_26_drive_0052/image_02/0000000014/image.jpg,../../data/moge_dataset/KITTI/2011_09_26_drive_0052/image_02/0000000014/depth.png,../../data/moge_dataset/KITTI/2011_09_26_drive_0052/image_02/0000000014/meta.json,KITTI,../../data/depthanything/moge_dataset/KITTI/2011_09_26_drive_0052/image_02/0000000014/image.png
226,226,../../data/moge_dataset/KITTI/2011_09_26_drive_0052/image_02/0000000016/image.jpg,../../data/moge_dataset/KITTI/2011_09_26_drive_0052/image_02/0000000016/depth.png,../../data/moge_dataset/KITTI/2011_09_26_drive_0052/image_02/0000000016/meta.json,KITTI,../../data/depthanything/moge_dataset/KITTI/2011_09_26_drive_0052/image_02/0000000016/image.png
227,227,../../data/moge_dataset/KITTI/2011_09_26_drive_0052/image_02/0000000018/image.jpg,../../data/moge_dataset/KITTI/2011_09_26_drive_0052/image_02/0000000018/depth.png,../../data/moge_dataset/KITTI/2011_09_26_drive_0052/image_02/0000000018/meta.json,KITTI,../../data/depthanything/moge_dataset/KITTI/2011_09_26_drive_0052/image_02/0000000018/image.png
228,228,../../data/moge_dataset/KITTI/2011_09_26_drive_0052/image_02/0000000020/image.jpg,../../data/moge_dataset/KITTI/2011_09_26_drive_0052/image_02/0000000020/depth.png,../../data/moge_dataset/KITTI/2011_09_26_drive_0052/image_02/0000000020/meta.json,KITTI,../../data/depthanything/moge_dataset/KITTI/2011_09_26_drive_0052/image_02/0000000020/image.png
229,229,../../data/moge_dataset/KITTI/2011_09_26_drive_0052/image_02/0000000022/image.jpg,../../data/moge_dataset/KITTI/2011_09_26_drive_0052/image_02/0000000022/depth.png,../../data/moge_dataset/KITTI/2011_09_26_drive_0052/image_02/0000000022/meta.json,KITTI,../../data/depthanything/moge_dataset/KITTI/2011_09_26_drive_0052/image_02/0000000022/image.png
230,230,../../data/moge_dataset/KITTI/2011_09_26_drive_0052/image_02/0000000026/image.jpg,../../data/moge_dataset/KITTI/2011_09_26_drive_0052/image_02/0000000026/depth.png,../../data/moge_dataset/KITTI/2011_09_26_drive_0052/image_02/0000000026/meta.json,KITTI,../../data/depthanything/moge_dataset/KITTI/2011_09_26_drive_0052/image_02/0000000026/image.png
231,231,../../data/moge_dataset/KITTI/2011_09_26_drive_0052/image_02/0000000028/image.jpg,../../data/moge_dataset/KITTI/2011_09_26_drive_0052/image_02/0000000028/depth.png,../../data/moge_dataset/KITTI/2011_09_26_drive_0052/image_02/0000000028/meta.json,KITTI,../../data/depthanything/moge_dataset/KITTI/2011_09_26_drive_0052/image_02/0000000028/image.png
232,232,../../data/moge_dataset/KITTI/2011_09_26_drive_0052/image_02/0000000030/image.jpg,../../data/moge_dataset/KITTI/2011_09_26_drive_0052/image_02/0000000030/depth.png,../../data/moge_dataset/KITTI/2011_09_26_drive_0052/image_02/0000000030/meta.json,KITTI,../../data/depthanything/moge_dataset/KITTI/2011_09_26_drive_0052/image_02/0000000030/image.png
233,233,../../data/moge_dataset/KITTI/2011_09_26_drive_0052/image_02/0000000032/image.jpg,../../data/moge_dataset/KITTI/2011_09_26_drive_0052/image_02/0000000032/depth.png,../../data/moge_dataset/KITTI/2011_09_26_drive_0052/image_02/0000000032/meta.json,KITTI,../../data/depthanything/moge_dataset/KITTI/2011_09_26_drive_0052/image_02/0000000032/image.png
234,234,../../data/moge_dataset/KITTI/2011_09_26_drive_0052/image_02/0000000036/image.jpg,../../data/moge_dataset/KITTI/2011_09_26_drive_0052/image_02/0000000036/depth.png,../../data/moge_dataset/KITTI/2011_09_26_drive_0052/image_02/0000000036/meta.json,KITTI,../../data/depthanything/moge_dataset/KITTI/2011_09_26_drive_0052/image_02/0000000036/image.png
235,235,../../data/moge_dataset/KITTI/2011_09_26_drive_0052/image_02/0000000038/image.jpg,../../data/moge_dataset/KITTI/2011_09_26_drive_0052/image_02/0000000038/depth.png,../../data/moge_dataset/KITTI/2011_09_26_drive_0052/image_02/0000000038/meta.json,KITTI,../../data/depthanything/moge_dataset/KITTI/2011_09_26_drive_0052/image_02/0000000038/image.png
236,236,../../data/moge_dataset/KITTI/2011_09_26_drive_0052/image_02/0000000040/image.jpg,../../data/moge_dataset/KITTI/2011_09_26_drive_0052/image_02/0000000040/depth.png,../../data/moge_dataset/KITTI/2011_09_26_drive_0052/image_02/0000000040/meta.json,KITTI,../../data/depthanything/moge_dataset/KITTI/2011_09_26_drive_0052/image_02/0000000040/image.png
237,237,../../data/moge_dataset/KITTI/2011_09_26_drive_0052/image_02/0000000042/image.jpg,../../data/moge_dataset/KITTI/2011_09_26_drive_0052/image_02/0000000042/depth.png,../../data/moge_dataset/KITTI/2011_09_26_drive_0052/image_02/0000000042/meta.json,KITTI,../../data/depthanything/moge_dataset/KITTI/2011_09_26_drive_0052/image_02/0000000042/image.png
238,238,../../data/moge_dataset/KITTI/2011_09_26_drive_0052/image_02/0000000044/image.jpg,../../data/moge_dataset/KITTI/2011_09_26_drive_0052/image_02/0000000044/depth.png,../../data/moge_dataset/KITTI/2011_09_26_drive_0052/image_02/0000000044/meta.json,KITTI,../../data/depthanything/moge_dataset/KITTI/2011_09_26_drive_0052/image_02/0000000044/image.png
239,239,../../data/moge_dataset/KITTI/2011_09_26_drive_0052/image_02/0000000046/image.jpg,../../data/moge_dataset/KITTI/2011_09_26_drive_0052/image_02/0000000046/depth.png,../../data/moge_dataset/KITTI/2011_09_26_drive_0052/image_02/0000000046/meta.json,KITTI,../../data/depthanything/moge_dataset/KITTI/2011_09_26_drive_0052/image_02/0000000046/image.png
240,240,../../data/moge_dataset/KITTI/2011_09_26_drive_0052/image_02/0000000048/image.jpg,../../data/moge_dataset/KITTI/2011_09_26_drive_0052/image_02/0000000048/depth.png,../../data/moge_dataset/KITTI/2011_09_26_drive_0052/image_02/0000000048/meta.json,KITTI,../../data/depthanything/moge_dataset/KITTI/2011_09_26_drive_0052/image_02/0000000048/image.png
241,241,../../data/moge_dataset/KITTI/2011_09_26_drive_0052/image_02/0000000050/image.jpg,../../data/moge_dataset/KITTI/2011_09_26_drive_0052/image_02/0000000050/depth.png,../../data/moge_dataset/KITTI/2011_09_26_drive_0052/image_02/0000000050/meta.json,KITTI,../../data/depthanything/moge_dataset/KITTI/2011_09_26_drive_0052/image_02/0000000050/image.png
242,242,../../data/moge_dataset/KITTI/2011_09_26_drive_0052/image_02/0000000052/image.jpg,../../data/moge_dataset/KITTI/2011_09_26_drive_0052/image_02/0000000052/depth.png,../../data/moge_dataset/KITTI/2011_09_26_drive_0052/image_02/0000000052/meta.json,KITTI,../../data/depthanything/moge_dataset/KITTI/2011_09_26_drive_0052/image_02/0000000052/image.png
243,243,../../data/moge_dataset/KITTI/2011_09_26_drive_0056/image_02/0000000011/image.jpg,../../data/moge_dataset/KITTI/2011_09_26_drive_0056/image_02/0000000011/depth.png,../../data/moge_dataset/KITTI/2011_09_26_drive_0056/image_02/0000000011/meta.json,KITTI,../../data/depthanything/moge_dataset/KITTI/2011_09_26_drive_0056/image_02/0000000011/image.png
244,244,../../data/moge_dataset/KITTI/2011_09_26_drive_0056/image_02/0000000022/image.jpg,../../data/moge_dataset/KITTI/2011_09_26_drive_0056/image_02/0000000022/depth.png,../../data/moge_dataset/KITTI/2011_09_26_drive_0056/image_02/0000000022/meta.json,KITTI,../../data/depthanything/moge_dataset/KITTI/2011_09_26_drive_0056/image_02/0000000022/image.png
245,245,../../data/moge_dataset/KITTI/2011_09_26_drive_0056/image_02/0000000033/image.jpg,../../data/moge_dataset/KITTI/2011_09_26_drive_0056/image_02/0000000033/depth.png,../../data/moge_dataset/KITTI/2011_09_26_drive_0056/image_02/0000000033/meta.json,KITTI,../../data/depthanything/moge_dataset/KITTI/2011_09_26_drive_0056/image_02/0000000033/image.png
246,246,../../data/moge_dataset/KITTI/2011_09_26_drive_0056/image_02/0000000044/image.jpg,../../data/moge_dataset/KITTI/2011_09_26_drive_0056/image_02/0000000044/depth.png,../../data/moge_dataset/KITTI/2011_09_26_drive_0056/image_02/0000000044/meta.json,KITTI,../../data/depthanything/moge_dataset/KITTI/2011_09_26_drive_0056/image_02/0000000044/image.png
247,247,../../data/moge_dataset/KITTI/2011_09_26_drive_0056/image_02/0000000055/image.jpg,../../data/moge_dataset/KITTI/2011_09_26_drive_0056/image_02/0000000055/depth.png,../../data/moge_dataset/KITTI/2011_09_26_drive_0056/image_02/0000000055/meta.json,KITTI,../../data/depthanything/moge_dataset/KITTI/2011_09_26_drive_0056/image_02/0000000055/image.png
248,248,../../data/moge_dataset/KITTI/2011_09_26_drive_0056/image_02/0000000066/image.jpg,../../data/moge_dataset/KITTI/2011_09_26_drive_0056/image_02/0000000066/depth.png,../../data/moge_dataset/KITTI/2011_09_26_drive_0056/image_02/0000000066/meta.json,KITTI,../../data/depthanything/moge_dataset/KITTI/2011_09_26_drive_0056/image_02/0000000066/image.png
249,249,../../data/moge_dataset/KITTI/2011_09_26_drive_0056/image_02/0000000077/image.jpg,../../data/moge_dataset/KITTI/2011_09_26_drive_0056/image_02/0000000077/depth.png,../../data/moge_dataset/KITTI/2011_09_26_drive_0056/image_02/0000000077/meta.json,KITTI,../../data/depthanything/moge_dataset/KITTI/2011_09_26_drive_0056/image_02/0000000077/image.png
250,250,../../data/moge_dataset/KITTI/2011_09_26_drive_0056/image_02/0000000088/image.jpg,../../data/moge_dataset/KITTI/2011_09_26_drive_0056/image_02/0000000088/depth.png,../../data/moge_dataset/KITTI/2011_09_26_drive_0056/image_02/0000000088/meta.json,KITTI,../../data/depthanything/moge_dataset/KITTI/2011_09_26_drive_0056/image_02/0000000088/image.png
251,251,../../data/moge_dataset/KITTI/2011_09_26_drive_0056/image_02/0000000099/image.jpg,../../data/moge_dataset/KITTI/2011_09_26_drive_0056/image_02/0000000099/depth.png,../../data/moge_dataset/KITTI/2011_09_26_drive_0056/image_02/0000000099/meta.json,KITTI,../../data/depthanything/moge_dataset/KITTI/2011_09_26_drive_0056/image_02/0000000099/image.png
252,252,../../data/moge_dataset/KITTI/2011_09_26_drive_0056/image_02/0000000110/image.jpg,../../data/moge_dataset/KITTI/2011_09_26_drive_0056/image_02/0000000110/depth.png,../../data/moge_dataset/KITTI/2011_09_26_drive_0056/image_02/0000000110/meta.json,KITTI,../../data/depthanything/moge_dataset/KITTI/2011_09_26_drive_0056/image_02/0000000110/image.png
253,253,../../data/moge_dataset/KITTI/2011_09_26_drive_0056/image_02/0000000121/image.jpg,../../data/moge_dataset/KITTI/2011_09_26_drive_0056/image_02/0000000121/depth.png,../../data/moge_dataset/KITTI/2011_09_26_drive_0056/image_02/0000000121/meta.json,KITTI,../../data/depthanything/moge_dataset/KITTI/2011_09_26_drive_0056/image_02/0000000121/image.png
254,254,../../data/moge_dataset/KITTI/2011_09_26_drive_0056/image_02/0000000143/image.jpg,../../data/moge_dataset/KITTI/2011_09_26_drive_0056/image_02/0000000143/depth.png,../../data/moge_dataset/KITTI/2011_09_26_drive_0056/image_02/0000000143/meta.json,KITTI,../../data/depthanything/moge_dataset/KITTI/2011_09_26_drive_0056/image_02/0000000143/image.png
255,255,../../data/moge_dataset/KITTI/2011_09_26_drive_0056/image_02/0000000154/image.jpg,../../data/moge_dataset/KITTI/2011_09_26_drive_0056/image_02/0000000154/depth.png,../../data/moge_dataset/KITTI/2011_09_26_drive_0056/image_02/0000000154/meta.json,KITTI,../../data/depthanything/moge_dataset/KITTI/2011_09_26_drive_0056/image_02/0000000154/image.png
256,256,../../data/moge_dataset/KITTI/2011_09_26_drive_0056/image_02/0000000165/image.jpg,../../data/moge_dataset/KITTI/2011_09_26_drive_0056/image_02/0000000165/depth.png,../../data/moge_dataset/KITTI/2011_09_26_drive_0056/image_02/0000000165/meta.json,KITTI,../../data/depthanything/moge_dataset/KITTI/2011_09_26_drive_0056/image_02/0000000165/image.png
257,257,../../data/moge_dataset/KITTI/2011_09_26_drive_0056/image_02/0000000176/image.jpg,../../data/moge_dataset/KITTI/2011_09_26_drive_0056/image_02/0000000176/depth.png,../../data/moge_dataset/KITTI/2011_09_26_drive_0056/image_02/0000000176/meta.json,KITTI,../../data/depthanything/moge_dataset/KITTI/2011_09_26_drive_0056/image_02/0000000176/image.png
258,258,../../data/moge_dataset/KITTI/2011_09_26_drive_0056/image_02/0000000187/image.jpg,../../data/moge_dataset/KITTI/2011_09_26_drive_0056/image_02/0000000187/depth.png,../../data/moge_dataset/KITTI/2011_09_26_drive_0056/image_02/0000000187/meta.json,KITTI,../../data/depthanything/moge_dataset/KITTI/2011_09_26_drive_0056/image_02/0000000187/image.png
259,259,../../data/moge_dataset/KITTI/2011_09_26_drive_0056/image_02/0000000198/image.jpg,../../data/moge_dataset/KITTI/2011_09_26_drive_0056/image_02/0000000198/depth.png,../../data/moge_dataset/KITTI/2011_09_26_drive_0056/image_02/0000000198/meta.json,KITTI,../../data/depthanything/moge_dataset/KITTI/2011_09_26_drive_0056/image_02/0000000198/image.png
260,260,../../data/moge_dataset/KITTI/2011_09_26_drive_0056/image_02/0000000209/image.jpg,../../data/moge_dataset/KITTI/2011_09_26_drive_0056/image_02/0000000209/depth.png,../../data/moge_dataset/KITTI/2011_09_26_drive_0056/image_02/0000000209/meta.json,KITTI,../../data/depthanything/moge_dataset/KITTI/2011_09_26_drive_0056/image_02/0000000209/image.png
261,261,../../data/moge_dataset/KITTI/2011_09_26_drive_0056/image_02/0000000220/image.jpg,../../data/moge_dataset/KITTI/2011_09_26_drive_0056/image_02/0000000220/depth.png,../../data/moge_dataset/KITTI/2011_09_26_drive_0056/image_02/0000000220/meta.json,KITTI,../../data/depthanything/moge_dataset/KITTI/2011_09_26_drive_0056/image_02/0000000220/image.png
262,262,../../data/moge_dataset/KITTI/2011_09_26_drive_0056/image_02/0000000231/image.jpg,../../data/moge_dataset/KITTI/2011_09_26_drive_0056/image_02/0000000231/depth.png,../../data/moge_dataset/KITTI/2011_09_26_drive_0056/image_02/0000000231/meta.json,KITTI,../../data/depthanything/moge_dataset/KITTI/2011_09_26_drive_0056/image_02/0000000231/image.png
263,263,../../data/moge_dataset/KITTI/2011_09_26_drive_0056/image_02/0000000242/image.jpg,../../data/moge_dataset/KITTI/2011_09_26_drive_0056/image_02/0000000242/depth.png,../../data/moge_dataset/KITTI/2011_09_26_drive_0056/image_02/0000000242/meta.json,KITTI,../../data/depthanything/moge_dataset/KITTI/2011_09_26_drive_0056/image_02/0000000242/image.png
264,264,../../data/moge_dataset/KITTI/2011_09_26_drive_0056/image_02/0000000253/image.jpg,../../data/moge_dataset/KITTI/2011_09_26_drive_0056/image_02/0000000253/depth.png,../../data/moge_dataset/KITTI/2011_09_26_drive_0056/image_02/0000000253/meta.json,KITTI,../../data/depthanything/moge_dataset/KITTI/2011_09_26_drive_0056/image_02/0000000253/image.png
265,265,../../data/moge_dataset/KITTI/2011_09_26_drive_0056/image_02/0000000264/image.jpg,../../data/moge_dataset/KITTI/2011_09_26_drive_0056/image_02/0000000264/depth.png,../../data/moge_dataset/KITTI/2011_09_26_drive_0056/image_02/0000000264/meta.json,KITTI,../../data/depthanything/moge_dataset/KITTI/2011_09_26_drive_0056/image_02/0000000264/image.png
266,266,../../data/moge_dataset/KITTI/2011_09_26_drive_0056/image_02/0000000275/image.jpg,../../data/moge_dataset/KITTI/2011_09_26_drive_0056/image_02/0000000275/depth.png,../../data/moge_dataset/KITTI/2011_09_26_drive_0056/image_02/0000000275/meta.json,KITTI,../../data/depthanything/moge_dataset/KITTI/2011_09_26_drive_0056/image_02/0000000275/image.png
267,267,../../data/moge_dataset/KITTI/2011_09_26_drive_0056/image_02/0000000286/image.jpg,../../data/moge_dataset/KITTI/2011_09_26_drive_0056/image_02/0000000286/depth.png,../../data/moge_dataset/KITTI/2011_09_26_drive_0056/image_02/0000000286/meta.json,KITTI,../../data/depthanything/moge_dataset/KITTI/2011_09_26_drive_0056/image_02/0000000286/image.png
268,268,../../data/moge_dataset/KITTI/2011_09_26_drive_0059/image_02/0000000014/image.jpg,../../data/moge_dataset/KITTI/2011_09_26_drive_0059/image_02/0000000014/depth.png,../../data/moge_dataset/KITTI/2011_09_26_drive_0059/image_02/0000000014/meta.json,KITTI,../../data/depthanything/moge_dataset/KITTI/2011_09_26_drive_0059/image_02/0000000014/image.png
269,269,../../data/moge_dataset/KITTI/2011_09_26_drive_0059/image_02/0000000028/image.jpg,../../data/moge_dataset/KITTI/2011_09_26_drive_0059/image_02/0000000028/depth.png,../../data/moge_dataset/KITTI/2011_09_26_drive_0059/image_02/0000000028/meta.json,KITTI,../../data/depthanything/moge_dataset/KITTI/2011_09_26_drive_0059/image_02/0000000028/image.png
270,270,../../data/moge_dataset/KITTI/2011_09_26_drive_0059/image_02/0000000042/image.jpg,../../data/moge_dataset/KITTI/2011_09_26_drive_0059/image_02/0000000042/depth.png,../../data/moge_dataset/KITTI/2011_09_26_drive_0059/image_02/0000000042/meta.json,KITTI,../../data/depthanything/moge_dataset/KITTI/2011_09_26_drive_0059/image_02/0000000042/image.png
271,271,../../data/moge_dataset/KITTI/2011_09_26_drive_0059/image_02/0000000056/image.jpg,../../data/moge_dataset/KITTI/2011_09_26_drive_0059/image_02/0000000056/depth.png,../../data/moge_dataset/KITTI/2011_09_26_drive_0059/image_02/0000000056/meta.json,KITTI,../../data/depthanything/moge_dataset/KITTI/2011_09_26_drive_0059/image_02/0000000056/image.png
272,272,../../data/moge_dataset/KITTI/2011_09_26_drive_0059/image_02/0000000070/image.jpg,../../data/moge_dataset/KITTI/2011_09_26_drive_0059/image_02/0000000070/depth.png,../../data/moge_dataset/KITTI/2011_09_26_drive_0059/image_02/0000000070/meta.json,KITTI,../../data/depthanything/moge_dataset/KITTI/2011_09_26_drive_0059/image_02/0000000070/image.png
273,273,../../data/moge_dataset/KITTI/2011_09_26_drive_0059/image_02/0000000084/image.jpg,../../data/moge_dataset/KITTI/2011_09_26_drive_0059/image_02/0000000084/depth.png,../../data/moge_dataset/KITTI/2011_09_26_drive_0059/image_02/0000000084/meta.json,KITTI,../../data/depthanything/moge_dataset/KITTI/2011_09_26_drive_0059/image_02/0000000084/image.png
274,274,../../data/moge_dataset/KITTI/2011_09_26_drive_0059/image_02/0000000098/image.jpg,../../data/moge_dataset/KITTI/2011_09_26_drive_0059/image_02/0000000098/depth.png,../../data/moge_dataset/KITTI/2011_09_26_drive_0059/image_02/0000000098/meta.json,KITTI,../../data/depthanything/moge_dataset/KITTI/2011_09_26_drive_0059/image_02/0000000098/image.png
275,275,../../data/moge_dataset/KITTI/2011_09_26_drive_0059/image_02/0000000112/image.jpg,../../data/moge_dataset/KITTI/2011_09_26_drive_0059/image_02/0000000112/depth.png,../../data/moge_dataset/KITTI/2011_09_26_drive_0059/image_02/0000000112/meta.json,KITTI,../../data/depthanything/moge_dataset/KITTI/2011_09_26_drive_0059/image_02/0000000112/image.png
276,276,../../data/moge_dataset/KITTI/2011_09_26_drive_0059/image_02/0000000126/image.jpg,../../data/moge_dataset/KITTI/2011_09_26_drive_0059/image_02/0000000126/depth.png,../../data/moge_dataset/KITTI/2011_09_26_drive_0059/image_02/0000000126/meta.json,KITTI,../../data/depthanything/moge_dataset/KITTI/2011_09_26_drive_0059/image_02/0000000126/image.png
277,277,../../data/moge_dataset/KITTI/2011_09_26_drive_0059/image_02/0000000140/image.jpg,../../data/moge_dataset/KITTI/2011_09_26_drive_0059/image_02/0000000140/depth.png,../../data/moge_dataset/KITTI/2011_09_26_drive_0059/image_02/0000000140/meta.json,KITTI,../../data/depthanything/moge_dataset/KITTI/2011_09_26_drive_0059/image_02/0000000140/image.png
278,278,../../data/moge_dataset/KITTI/2011_09_26_drive_0059/image_02/0000000154/image.jpg,../../data/moge_dataset/KITTI/2011_09_26_drive_0059/image_02/0000000154/depth.png,../../data/moge_dataset/KITTI/2011_09_26_drive_0059/image_02/0000000154/meta.json,KITTI,../../data/depthanything/moge_dataset/KITTI/2011_09_26_drive_0059/image_02/0000000154/image.png
279,279,../../data/moge_dataset/KITTI/2011_09_26_drive_0059/image_02/0000000182/image.jpg,../../data/moge_dataset/KITTI/2011_09_26_drive_0059/image_02/0000000182/depth.png,../../data/moge_dataset/KITTI/2011_09_26_drive_0059/image_02/0000000182/meta.json,KITTI,../../data/depthanything/moge_dataset/KITTI/2011_09_26_drive_0059/image_02/0000000182/image.png
280,280,../../data/moge_dataset/KITTI/2011_09_26_drive_0059/image_02/0000000196/image.jpg,../../data/moge_dataset/KITTI/2011_09_26_drive_0059/image_02/0000000196/depth.png,../../data/moge_dataset/KITTI/2011_09_26_drive_0059/image_02/0000000196/meta.json,KITTI,../../data/depthanything/moge_dataset/KITTI/2011_09_26_drive_0059/image_02/0000000196/image.png
281,281,../../data/moge_dataset/KITTI/2011_09_26_drive_0059/image_02/0000000210/image.jpg,../../data/moge_dataset/KITTI/2011_09_26_drive_0059/image_02/0000000210/depth.png,../../data/moge_dataset/KITTI/2011_09_26_drive_0059/image_02/0000000210/meta.json,KITTI,../../data/depthanything/moge_dataset/KITTI/2011_09_26_drive_0059/image_02/0000000210/image.png
282,282,../../data/moge_dataset/KITTI/2011_09_26_drive_0059/image_02/0000000224/image.jpg,../../data/moge_dataset/KITTI/2011_09_26_drive_0059/image_02/0000000224/depth.png,../../data/moge_dataset/KITTI/2011_09_26_drive_0059/image_02/0000000224/meta.json,KITTI,../../data/depthanything/moge_dataset/KITTI/2011_09_26_drive_0059/image_02/0000000224/image.png
283,283,../../data/moge_dataset/KITTI/2011_09_26_drive_0059/image_02/0000000238/image.jpg,../../data/moge_dataset/KITTI/2011_09_26_drive_0059/image_02/0000000238/depth.png,../../data/moge_dataset/KITTI/2011_09_26_drive_0059/image_02/0000000238/meta.json,KITTI,../../data/depthanything/moge_dataset/KITTI/2011_09_26_drive_0059/image_02/0000000238/image.png
284,284,../../data/moge_dataset/KITTI/2011_09_26_drive_0059/image_02/0000000274/image.jpg,../../data/moge_dataset/KITTI/2011_09_26_drive_0059/image_02/0000000274/depth.png,../../data/moge_dataset/KITTI/2011_09_26_drive_0059/image_02/0000000274/meta.json,KITTI,../../data/depthanything/moge_dataset/KITTI/2011_09_26_drive_0059/image_02/0000000274/image.png
285,285,../../data/moge_dataset/KITTI/2011_09_26_drive_0059/image_02/0000000288/image.jpg,../../data/moge_dataset/KITTI/2011_09_26_drive_0059/image_02/0000000288/depth.png,../../data/moge_dataset/KITTI/2011_09_26_drive_0059/image_02/0000000288/meta.json,KITTI,../../data/depthanything/moge_dataset/KITTI/2011_09_26_drive_0059/image_02/0000000288/image.png
286,286,../../data/moge_dataset/KITTI/2011_09_26_drive_0059/image_02/0000000302/image.jpg,../../data/moge_dataset/KITTI/2011_09_26_drive_0059/image_02/0000000302/depth.png,../../data/moge_dataset/KITTI/2011_09_26_drive_0059/image_02/0000000302/meta.json,KITTI,../../data/depthanything/moge_dataset/KITTI/2011_09_26_drive_0059/image_02/0000000302/image.png
287,287,../../data/moge_dataset/KITTI/2011_09_26_drive_0059/image_02/0000000316/image.jpg,../../data/moge_dataset/KITTI/2011_09_26_drive_0059/image_02/0000000316/depth.png,../../data/moge_dataset/KITTI/2011_09_26_drive_0059/image_02/0000000316/meta.json,KITTI,../../data/depthanything/moge_dataset/KITTI/2011_09_26_drive_0059/image_02/0000000316/image.png
288,288,../../data/moge_dataset/KITTI/2011_09_26_drive_0059/image_02/0000000330/image.jpg,../../data/moge_dataset/KITTI/2011_09_26_drive_0059/image_02/0000000330/depth.png,../../data/moge_dataset/KITTI/2011_09_26_drive_0059/image_02/0000000330/meta.json,KITTI,../../data/depthanything/moge_dataset/KITTI/2011_09_26_drive_0059/image_02/0000000330/image.png
289,289,../../data/moge_dataset/KITTI/2011_09_26_drive_0059/image_02/0000000344/image.jpg,../../data/moge_dataset/KITTI/2011_09_26_drive_0059/image_02/0000000344/depth.png,../../data/moge_dataset/KITTI/2011_09_26_drive_0059/image_02/0000000344/meta.json,KITTI,../../data/depthanything/moge_dataset/KITTI/2011_09_26_drive_0059/image_02/0000000344/image.png
290,290,../../data/moge_dataset/KITTI/2011_09_26_drive_0059/image_02/0000000358/image.jpg,../../data/moge_dataset/KITTI/2011_09_26_drive_0059/image_02/0000000358/depth.png,../../data/moge_dataset/KITTI/2011_09_26_drive_0059/image_02/0000000358/meta.json,KITTI,../../data/depthanything/moge_dataset/KITTI/2011_09_26_drive_0059/image_02/0000000358/image.png
291,291,../../data/moge_dataset/KITTI/2011_09_26_drive_0064/image_02/0000000022/image.jpg,../../data/moge_dataset/KITTI/2011_09_26_drive_0064/image_02/0000000022/depth.png,../../data/moge_dataset/KITTI/2011_09_26_drive_0064/image_02/0000000022/meta.json,KITTI,../../data/depthanything/moge_dataset/KITTI/2011_09_26_drive_0064/image_02/0000000022/image.png
292,292,../../data/moge_dataset/KITTI/2011_09_26_drive_0064/image_02/0000000044/image.jpg,../../data/moge_dataset/KITTI/2011_09_26_drive_0064/image_02/0000000044/depth.png,../../data/moge_dataset/KITTI/2011_09_26_drive_0064/image_02/0000000044/meta.json,KITTI,../../data/depthanything/moge_dataset/KITTI/2011_09_26_drive_0064/image_02/0000000044/image.png
293,293,../../data/moge_dataset/KITTI/2011_09_26_drive_0064/image_02/0000000066/image.jpg,../../data/moge_dataset/KITTI/2011_09_26_drive_0064/image_02/0000000066/depth.png,../../data/moge_dataset/KITTI/2011_09_26_drive_0064/image_02/0000000066/meta.json,KITTI,../../data/depthanything/moge_dataset/KITTI/2011_09_26_drive_0064/image_02/0000000066/image.png
294,294,../../data/moge_dataset/KITTI/2011_09_26_drive_0064/image_02/0000000088/image.jpg,../../data/moge_dataset/KITTI/2011_09_26_drive_0064/image_02/0000000088/depth.png,../../data/moge_dataset/KITTI/2011_09_26_drive_0064/image_02/0000000088/meta.json,KITTI,../../data/depthanything/moge_dataset/KITTI/2011_09_26_drive_0064/image_02/0000000088/image.png
295,295,../../data/moge_dataset/KITTI/2011_09_26_drive_0064/image_02/0000000110/image.jpg,../../data/moge_dataset/KITTI/2011_09_26_drive_0064/image_02/0000000110/depth.png,../../data/moge_dataset/KITTI/2011_09_26_drive_0064/image_02/0000000110/meta.json,KITTI,../../data/depthanything/moge_dataset/KITTI/2011_09_26_drive_0064/image_02/0000000110/image.png
296,296,../../data/moge_dataset/KITTI/2011_09_26_drive_0064/image_02/0000000154/image.jpg,../../data/moge_dataset/KITTI/2011_09_26_drive_0064/image_02/0000000154/depth.png,../../data/moge_dataset/KITTI/2011_09_26_drive_0064/image_02/0000000154/meta.json,KITTI,../../data/depthanything/moge_dataset/KITTI/2011_09_26_drive_0064/image_02/0000000154/image.png
297,297,../../data/moge_dataset/KITTI/2011_09_26_drive_0064/image_02/0000000176/image.jpg,../../data/moge_dataset/KITTI/2011_09_26_drive_0064/image_02/0000000176/depth.png,../../data/moge_dataset/KITTI/2011_09_26_drive_0064/image_02/0000000176/meta.json,KITTI,../../data/depthanything/moge_dataset/KITTI/2011_09_26_drive_0064/image_02/0000000176/image.png
298,298,../../data/moge_dataset/KITTI/2011_09_26_drive_0064/image_02/0000000198/image.jpg,../../data/moge_dataset/KITTI/2011_09_26_drive_0064/image_02/0000000198/depth.png,../../data/moge_dataset/KITTI/2011_09_26_drive_0064/image_02/0000000198/meta.json,KITTI,../../data/depthanything/moge_dataset/KITTI/2011_09_26_drive_0064/image_02/0000000198/image.png
299,299,../../data/moge_dataset/KITTI/2011_09_26_drive_0064/image_02/0000000220/image.jpg,../../data/moge_dataset/KITTI/2011_09_26_drive_0064/image_02/0000000220/depth.png,../../data/moge_dataset/KITTI/2011_09_26_drive_0064/image_02/0000000220/meta.json,KITTI,../../data/depthanything/moge_dataset/KITTI/2011_09_26_drive_0064/image_02/0000000220/image.png
300,300,../../data/moge_dataset/KITTI/2011_09_26_drive_0064/image_02/0000000242/image.jpg,../../data/moge_dataset/KITTI/2011_09_26_drive_0064/image_02/0000000242/depth.png,../../data/moge_dataset/KITTI/2011_09_26_drive_0064/image_02/0000000242/meta.json,KITTI,../../data/depthanything/moge_dataset/KITTI/2011_09_26_drive_0064/image_02/0000000242/image.png
301,301,../../data/moge_dataset/KITTI/2011_09_26_drive_0064/image_02/0000000264/image.jpg,../../data/moge_dataset/KITTI/2011_09_26_drive_0064/image_02/0000000264/depth.png,../../data/moge_dataset/KITTI/2011_09_26_drive_0064/image_02/0000000264/meta.json,KITTI,../../data/depthanything/moge_dataset/KITTI/2011_09_26_drive_0064/image_02/0000000264/image.png
302,302,../../data/moge_dataset/KITTI/2011_09_26_drive_0064/image_02/0000000286/image.jpg,../../data/moge_dataset/KITTI/2011_09_26_drive_0064/image_02/0000000286/depth.png,../../data/moge_dataset/KITTI/2011_09_26_drive_0064/image_02/0000000286/meta.json,KITTI,../../data/depthanything/moge_dataset/KITTI/2011_09_26_drive_0064/image_02/0000000286/image.png
303,303,../../data/moge_dataset/KITTI/2011_09_26_drive_0064/image_02/0000000308/image.jpg,../../data/moge_dataset/KITTI/2011_09_26_drive_0064/image_02/0000000308/depth.png,../../data/moge_dataset/KITTI/2011_09_26_drive_0064/image_02/0000000308/meta.json,KITTI,../../data/depthanything/moge_dataset/KITTI/2011_09_26_drive_0064/image_02/0000000308/image.png
304,304,../../data/moge_dataset/KITTI/2011_09_26_drive_0064/image_02/0000000330/image.jpg,../../data/moge_dataset/KITTI/2011_09_26_drive_0064/image_02/0000000330/depth.png,../../data/moge_dataset/KITTI/2011_09_26_drive_0064/image_02/0000000330/meta.json,KITTI,../../data/depthanything/moge_dataset/KITTI/2011_09_26_drive_0064/image_02/0000000330/image.png
305,305,../../data/moge_dataset/KITTI/2011_09_26_drive_0064/image_02/0000000352/image.jpg,../../data/moge_dataset/KITTI/2011_09_26_drive_0064/image_02/0000000352/depth.png,../../data/moge_dataset/KITTI/2011_09_26_drive_0064/image_02/0000000352/meta.json,KITTI,../../data/depthanything/moge_dataset/KITTI/2011_09_26_drive_0064/image_02/0000000352/image.png
306,306,../../data/moge_dataset/KITTI/2011_09_26_drive_0064/image_02/0000000374/image.jpg,../../data/moge_dataset/KITTI/2011_09_26_drive_0064/image_02/0000000374/depth.png,../../data/moge_dataset/KITTI/2011_09_26_drive_0064/image_02/0000000374/meta.json,KITTI,../../data/depthanything/moge_dataset/KITTI/2011_09_26_drive_0064/image_02/0000000374/image.png
307,307,../../data/moge_dataset/KITTI/2011_09_26_drive_0064/image_02/0000000396/image.jpg,../../data/moge_dataset/KITTI/2011_09_26_drive_0064/image_02/0000000396/depth.png,../../data/moge_dataset/KITTI/2011_09_26_drive_0064/image_02/0000000396/meta.json,KITTI,../../data/depthanything/moge_dataset/KITTI/2011_09_26_drive_0064/image_02/0000000396/image.png
308,308,../../data/moge_dataset/KITTI/2011_09_26_drive_0064/image_02/0000000418/image.jpg,../../data/moge_dataset/KITTI/2011_09_26_drive_0064/image_02/0000000418/depth.png,../../data/moge_dataset/KITTI/2011_09_26_drive_0064/image_02/0000000418/meta.json,KITTI,../../data/depthanything/moge_dataset/KITTI/2011_09_26_drive_0064/image_02/0000000418/image.png
309,309,../../data/moge_dataset/KITTI/2011_09_26_drive_0064/image_02/0000000440/image.jpg,../../data/moge_dataset/KITTI/2011_09_26_drive_0064/image_02/0000000440/depth.png,../../data/moge_dataset/KITTI/2011_09_26_drive_0064/image_02/0000000440/meta.json,KITTI,../../data/depthanything/moge_dataset/KITTI/2011_09_26_drive_0064/image_02/0000000440/image.png
310,310,../../data/moge_dataset/KITTI/2011_09_26_drive_0064/image_02/0000000462/image.jpg,../../data/moge_dataset/KITTI/2011_09_26_drive_0064/image_02/0000000462/depth.png,../../data/moge_dataset/KITTI/2011_09_26_drive_0064/image_02/0000000462/meta.json,KITTI,../../data/depthanything/moge_dataset/KITTI/2011_09_26_drive_0064/image_02/0000000462/image.png
311,311,../../data/moge_dataset/KITTI/2011_09_26_drive_0064/image_02/0000000484/image.jpg,../../data/moge_dataset/KITTI/2011_09_26_drive_0064/image_02/0000000484/depth.png,../../data/moge_dataset/KITTI/2011_09_26_drive_0064/image_02/0000000484/meta.json,KITTI,../../data/depthanything/moge_dataset/KITTI/2011_09_26_drive_0064/image_02/0000000484/image.png
312,312,../../data/moge_dataset/KITTI/2011_09_26_drive_0064/image_02/0000000506/image.jpg,../../data/moge_dataset/KITTI/2011_09_26_drive_0064/image_02/0000000506/depth.png,../../data/moge_dataset/KITTI/2011_09_26_drive_0064/image_02/0000000506/meta.json,KITTI,../../data/depthanything/moge_dataset/KITTI/2011_09_26_drive_0064/image_02/0000000506/image.png
313,313,../../data/moge_dataset/KITTI/2011_09_26_drive_0064/image_02/0000000528/image.jpg,../../data/moge_dataset/KITTI/2011_09_26_drive_0064/image_02/0000000528/depth.png,../../data/moge_dataset/KITTI/2011_09_26_drive_0064/image_02/0000000528/meta.json,KITTI,../../data/depthanything/moge_dataset/KITTI/2011_09_26_drive_0064/image_02/0000000528/image.png
314,314,../../data/moge_dataset/KITTI/2011_09_26_drive_0064/image_02/0000000550/image.jpg,../../data/moge_dataset/KITTI/2011_09_26_drive_0064/image_02/0000000550/depth.png,../../data/moge_dataset/KITTI/2011_09_26_drive_0064/image_02/0000000550/meta.json,KITTI,../../data/depthanything/moge_dataset/KITTI/2011_09_26_drive_0064/image_02/0000000550/image.png
315,315,../../data/moge_dataset/KITTI/2011_09_26_drive_0084/image_02/0000000049/image.jpg,../../data/moge_dataset/KITTI/2011_09_26_drive_0084/image_02/0000000049/depth.png,../../data/moge_dataset/KITTI/2011_09_26_drive_0084/image_02/0000000049/meta.json,KITTI,../../data/depthanything/moge_dataset/KITTI/2011_09_26_drive_0084/image_02/0000000049/image.png
316,316,../../data/moge_dataset/KITTI/2011_09_26_drive_0084/image_02/0000000062/image.jpg,../../data/moge_dataset/KITTI/2011_09_26_drive_0084/image_02/0000000062/depth.png,../../data/moge_dataset/KITTI/2011_09_26_drive_0084/image_02/0000000062/meta.json,KITTI,../../data/depthanything/moge_dataset/KITTI/2011_09_26_drive_0084/image_02/0000000062/image.png
317,317,../../data/moge_dataset/KITTI/2011_09_26_drive_0084/image_02/0000000075/image.jpg,../../data/moge_dataset/KITTI/2011_09_26_drive_0084/image_02/0000000075/depth.png,../../data/moge_dataset/KITTI/2011_09_26_drive_0084/image_02/0000000075/meta.json,KITTI,../../data/depthanything/moge_dataset/KITTI/2011_09_26_drive_0084/image_02/0000000075/image.png
318,318,../../data/moge_dataset/KITTI/2011_09_26_drive_0084/image_02/0000000088/image.jpg,../../data/moge_dataset/KITTI/2011_09_26_drive_0084/image_02/0000000088/depth.png,../../data/moge_dataset/KITTI/2011_09_26_drive_0084/image_02/0000000088/meta.json,KITTI,../../data/depthanything/moge_dataset/KITTI/2011_09_26_drive_0084/image_02/0000000088/image.png
319,319,../../data/moge_dataset/KITTI/2011_09_26_drive_0084/image_02/0000000101/image.jpg,../../data/moge_dataset/KITTI/2011_09_26_drive_0084/image_02/0000000101/depth.png,../../data/moge_dataset/KITTI/2011_09_26_drive_0084/image_02/0000000101/meta.json,KITTI,../../data/depthanything/moge_dataset/KITTI/2011_09_26_drive_0084/image_02/0000000101/image.png
320,320,../../data/moge_dataset/KITTI/2011_09_26_drive_0084/image_02/0000000114/image.jpg,../../data/moge_dataset/KITTI/2011_09_26_drive_0084/image_02/0000000114/depth.png,../../data/moge_dataset/KITTI/2011_09_26_drive_0084/image_02/0000000114/meta.json,KITTI,../../data/depthanything/moge_dataset/KITTI/2011_09_26_drive_0084/image_02/0000000114/image.png
321,321,../../data/moge_dataset/KITTI/2011_09_26_drive_0084/image_02/0000000127/image.jpg,../../data/moge_dataset/KITTI/2011_09_26_drive_0084/image_02/0000000127/depth.png,../../data/moge_dataset/KITTI/2011_09_26_drive_0084/image_02/0000000127/meta.json,KITTI,../../data/depthanything/moge_dataset/KITTI/2011_09_26_drive_0084/image_02/0000000127/image.png
322,322,../../data/moge_dataset/KITTI/2011_09_26_drive_0084/image_02/0000000140/image.jpg,../../data/moge_dataset/KITTI/2011_09_26_drive_0084/image_02/0000000140/depth.png,../../data/moge_dataset/KITTI/2011_09_26_drive_0084/image_02/0000000140/meta.json,KITTI,../../data/depthanything/moge_dataset/KITTI/2011_09_26_drive_0084/image_02/0000000140/image.png
323,323,../../data/moge_dataset/KITTI/2011_09_26_drive_0084/image_02/0000000153/image.jpg,../../data/moge_dataset/KITTI/2011_09_26_drive_0084/image_02/0000000153/depth.png,../../data/moge_dataset/KITTI/2011_09_26_drive_0084/image_02/0000000153/meta.json,KITTI,../../data/depthanything/moge_dataset/KITTI/2011_09_26_drive_0084/image_02/0000000153/image.png
324,324,../../data/moge_dataset/KITTI/2011_09_26_drive_0084/image_02/0000000179/image.jpg,../../data/moge_dataset/KITTI/2011_09_26_drive_0084/image_02/0000000179/depth.png,../../data/moge_dataset/KITTI/2011_09_26_drive_0084/image_02/0000000179/meta.json,KITTI,../../data/depthanything/moge_dataset/KITTI/2011_09_26_drive_0084/image_02/0000000179/image.png
325,325,../../data/moge_dataset/KITTI/2011_09_26_drive_0084/image_02/0000000192/image.jpg,../../data/moge_dataset/KITTI/2011_09_26_drive_0084/image_02/0000000192/depth.png,../../data/moge_dataset/KITTI/2011_09_26_drive_0084/image_02/0000000192/meta.json,KITTI,../../data/depthanything/moge_dataset/KITTI/2011_09_26_drive_0084/image_02/0000000192/image.png
326,326,../../data/moge_dataset/KITTI/2011_09_26_drive_0084/image_02/0000000205/image.jpg,../../data/moge_dataset/KITTI/2011_09_26_drive_0084/image_02/0000000205/depth.png,../../data/moge_dataset/KITTI/2011_09_26_drive_0084/image_02/0000000205/meta.json,KITTI,../../data/depthanything/moge_dataset/KITTI/2011_09_26_drive_0084/image_02/0000000205/image.png
327,327,../../data/moge_dataset/KITTI/2011_09_26_drive_0084/image_02/0000000218/image.jpg,../../data/moge_dataset/KITTI/2011_09_26_drive_0084/image_02/0000000218/depth.png,../../data/moge_dataset/KITTI/2011_09_26_drive_0084/image_02/0000000218/meta.json,KITTI,../../data/depthanything/moge_dataset/KITTI/2011_09_26_drive_0084/image_02/0000000218/image.png
328,328,../../data/moge_dataset/KITTI/2011_09_26_drive_0084/image_02/0000000231/image.jpg,../../data/moge_dataset/KITTI/2011_09_26_drive_0084/image_02/0000000231/depth.png,../../data/moge_dataset/KITTI/2011_09_26_drive_0084/image_02/0000000231/meta.json,KITTI,../../data/depthanything/moge_dataset/KITTI/2011_09_26_drive_0084/image_02/0000000231/image.png
329,329,../../data/moge_dataset/KITTI/2011_09_26_drive_0084/image_02/0000000244/image.jpg,../../data/moge_dataset/KITTI/2011_09_26_drive_0084/image_02/0000000244/depth.png,../../data/moge_dataset/KITTI/2011_09_26_drive_0084/image_02/0000000244/meta.json,KITTI,../../data/depthanything/moge_dataset/KITTI/2011_09_26_drive_0084/image_02/0000000244/image.png
330,330,../../data/moge_dataset/KITTI/2011_09_26_drive_0084/image_02/0000000257/image.jpg,../../data/moge_dataset/KITTI/2011_09_26_drive_0084/image_02/0000000257/depth.png,../../data/moge_dataset/KITTI/2011_09_26_drive_0084/image_02/0000000257/meta.json,KITTI,../../data/depthanything/moge_dataset/KITTI/2011_09_26_drive_0084/image_02/0000000257/image.png
331,331,../../data/moge_dataset/KITTI/2011_09_26_drive_0084/image_02/0000000270/image.jpg,../../data/moge_dataset/KITTI/2011_09_26_drive_0084/image_02/0000000270/depth.png,../../data/moge_dataset/KITTI/2011_09_26_drive_0084/image_02/0000000270/meta.json,KITTI,../../data/depthanything/moge_dataset/KITTI/2011_09_26_drive_0084/image_02/0000000270/image.png
332,332,../../data/moge_dataset/KITTI/2011_09_26_drive_0084/image_02/0000000283/image.jpg,../../data/moge_dataset/KITTI/2011_09_26_drive_0084/image_02/0000000283/depth.png,../../data/moge_dataset/KITTI/2011_09_26_drive_0084/image_02/0000000283/meta.json,KITTI,../../data/depthanything/moge_dataset/KITTI/2011_09_26_drive_0084/image_02/0000000283/image.png
333,333,../../data/moge_dataset/KITTI/2011_09_26_drive_0084/image_02/0000000296/image.jpg,../../data/moge_dataset/KITTI/2011_09_26_drive_0084/image_02/0000000296/depth.png,../../data/moge_dataset/KITTI/2011_09_26_drive_0084/image_02/0000000296/meta.json,KITTI,../../data/depthanything/moge_dataset/KITTI/2011_09_26_drive_0084/image_02/0000000296/image.png
334,334,../../data/moge_dataset/KITTI/2011_09_26_drive_0084/image_02/0000000309/image.jpg,../../data/moge_dataset/KITTI/2011_09_26_drive_0084/image_02/0000000309/depth.png,../../data/moge_dataset/KITTI/2011_09_26_drive_0084/image_02/0000000309/meta.json,KITTI,../../data/depthanything/moge_dataset/KITTI/2011_09_26_drive_0084/image_02/0000000309/image.png
335,335,../../data/moge_dataset/KITTI/2011_09_26_drive_0084/image_02/0000000322/image.jpg,../../data/moge_dataset/KITTI/2011_09_26_drive_0084/image_02/0000000322/depth.png,../../data/moge_dataset/KITTI/2011_09_26_drive_0084/image_02/0000000322/meta.json,KITTI,../../data/depthanything/moge_dataset/KITTI/2011_09_26_drive_0084/image_02/0000000322/image.png
336,336,../../data/moge_dataset/KITTI/2011_09_26_drive_0084/image_02/0000000335/image.jpg,../../data/moge_dataset/KITTI/2011_09_26_drive_0084/image_02/0000000335/depth.png,../../data/moge_dataset/KITTI/2011_09_26_drive_0084/image_02/0000000335/meta.json,KITTI,../../data/depthanything/moge_dataset/KITTI/2011_09_26_drive_0084/image_02/0000000335/image.png
337,337,../../data/moge_dataset/KITTI/2011_09_26_drive_0084/image_02/0000000348/image.jpg,../../data/moge_dataset/KITTI/2011_09_26_drive_0084/image_02/0000000348/depth.png,../../data/moge_dataset/KITTI/2011_09_26_drive_0084/image_02/0000000348/meta.json,KITTI,../../data/depthanything/moge_dataset/KITTI/2011_09_26_drive_0084/image_02/0000000348/image.png
338,338,../../data/moge_dataset/KITTI/2011_09_26_drive_0084/image_02/0000000361/image.jpg,../../data/moge_dataset/KITTI/2011_09_26_drive_0084/image_02/0000000361/depth.png,../../data/moge_dataset/KITTI/2011_09_26_drive_0084/image_02/0000000361/meta.json,KITTI,../../data/depthanything/moge_dataset/KITTI/2011_09_26_drive_0084/image_02/0000000361/image.png
339,339,../../data/moge_dataset/KITTI/2011_09_26_drive_0084/image_02/0000000374/image.jpg,../../data/moge_dataset/KITTI/2011_09_26_drive_0084/image_02/0000000374/depth.png,../../data/moge_dataset/KITTI/2011_09_26_drive_0084/image_02/0000000374/meta.json,KITTI,../../data/depthanything/moge_dataset/KITTI/2011_09_26_drive_0084/image_02/0000000374/image.png
340,340,../../data/moge_dataset/KITTI/2011_09_26_drive_0086/image_02/0000000007/image.jpg,../../data/moge_dataset/KITTI/2011_09_26_drive_0086/image_02/0000000007/depth.png,../../data/moge_dataset/KITTI/2011_09_26_drive_0086/image_02/0000000007/meta.json,KITTI,../../data/depthanything/moge_dataset/KITTI/2011_09_26_drive_0086/image_02/0000000007/image.png
341,341,../../data/moge_dataset/KITTI/2011_09_26_drive_0086/image_02/0000000034/image.jpg,../../data/moge_dataset/KITTI/2011_09_26_drive_0086/image_02/0000000034/depth.png,../../data/moge_dataset/KITTI/2011_09_26_drive_0086/image_02/0000000034/meta.json,KITTI,../../data/depthanything/moge_dataset/KITTI/2011_09_26_drive_0086/image_02/0000000034/image.png
342,342,../../data/moge_dataset/KITTI/2011_09_26_drive_0086/image_02/0000000061/image.jpg,../../data/moge_dataset/KITTI/2011_09_26_drive_0086/image_02/0000000061/depth.png,../../data/moge_dataset/KITTI/2011_09_26_drive_0086/image_02/0000000061/meta.json,KITTI,../../data/depthanything/moge_dataset/KITTI/2011_09_26_drive_0086/image_02/0000000061/image.png
343,343,../../data/moge_dataset/KITTI/2011_09_26_drive_0086/image_02/0000000088/image.jpg,../../data/moge_dataset/KITTI/2011_09_26_drive_0086/image_02/0000000088/depth.png,../../data/moge_dataset/KITTI/2011_09_26_drive_0086/image_02/0000000088/meta.json,KITTI,../../data/depthanything/moge_dataset/KITTI/2011_09_26_drive_0086/image_02/0000000088/image.png
344,344,../../data/moge_dataset/KITTI/2011_09_26_drive_0086/image_02/0000000115/image.jpg,../../data/moge_dataset/KITTI/2011_09_26_drive_0086/image_02/0000000115/depth.png,../../data/moge_dataset/KITTI/2011_09_26_drive_0086/image_02/0000000115/meta.json,KITTI,../../data/depthanything/moge_dataset/KITTI/2011_09_26_drive_0086/image_02/0000000115/image.png
345,345,../../data/moge_dataset/KITTI/2011_09_26_drive_0086/image_02/0000000142/image.jpg,../../data/moge_dataset/KITTI/2011_09_26_drive_0086/image_02/0000000142/depth.png,../../data/moge_dataset/KITTI/2011_09_26_drive_0086/image_02/0000000142/meta.json,KITTI,../../data/depthanything/moge_dataset/KITTI/2011_09_26_drive_0086/image_02/0000000142/image.png
346,346,../../data/moge_dataset/KITTI/2011_09_26_drive_0086/image_02/0000000169/image.jpg,../../data/moge_dataset/KITTI/2011_09_26_drive_0086/image_02/0000000169/depth.png,../../data/moge_dataset/KITTI/2011_09_26_drive_0086/image_02/0000000169/meta.json,KITTI,../../data/depthanything/moge_dataset/KITTI/2011_09_26_drive_0086/image_02/0000000169/image.png
347,347,../../data/moge_dataset/KITTI/2011_09_26_drive_0086/image_02/0000000196/image.jpg,../../data/moge_dataset/KITTI/2011_09_26_drive_0086/image_02/0000000196/depth.png,../../data/moge_dataset/KITTI/2011_09_26_drive_0086/image_02/0000000196/meta.json,KITTI,../../data/depthanything/moge_dataset/KITTI/2011_09_26_drive_0086/image_02/0000000196/image.png
348,348,../../data/moge_dataset/KITTI/2011_09_26_drive_0086/image_02/0000000223/image.jpg,../../data/moge_dataset/KITTI/2011_09_26_drive_0086/image_02/0000000223/depth.png,../../data/moge_dataset/KITTI/2011_09_26_drive_0086/image_02/0000000223/meta.json,KITTI,../../data/depthanything/moge_dataset/KITTI/2011_09_26_drive_0086/image_02/0000000223/image.png
349,349,../../data/moge_dataset/KITTI/2011_09_26_drive_0086/image_02/0000000250/image.jpg,../../data/moge_dataset/KITTI/2011_09_26_drive_0086/image_02/0000000250/depth.png,../../data/moge_dataset/KITTI/2011_09_26_drive_0086/image_02/0000000250/meta.json,KITTI,../../data/depthanything/moge_dataset/KITTI/2011_09_26_drive_0086/image_02/0000000250/image.png
350,350,../../data/moge_dataset/KITTI/2011_09_26_drive_0086/image_02/0000000277/image.jpg,../../data/moge_dataset/KITTI/2011_09_26_drive_0086/image_02/0000000277/depth.png,../../data/moge_dataset/KITTI/2011_09_26_drive_0086/image_02/0000000277/meta.json,KITTI,../../data/depthanything/moge_dataset/KITTI/2011_09_26_drive_0086/image_02/0000000277/image.png
351,351,../../data/moge_dataset/KITTI/2011_09_26_drive_0086/image_02/0000000304/image.jpg,../../data/moge_dataset/KITTI/2011_09_26_drive_0086/image_02/0000000304/depth.png,../../data/moge_dataset/KITTI/2011_09_26_drive_0086/image_02/0000000304/meta.json,KITTI,../../data/depthanything/moge_dataset/KITTI/2011_09_26_drive_0086/image_02/0000000304/image.png
352,352,../../data/moge_dataset/KITTI/2011_09_26_drive_0086/image_02/0000000331/image.jpg,../../data/moge_dataset/KITTI/2011_09_26_drive_0086/image_02/0000000331/depth.png,../../data/moge_dataset/KITTI/2011_09_26_drive_0086/image_02/0000000331/meta.json,KITTI,../../data/depthanything/moge_dataset/KITTI/2011_09_26_drive_0086/image_02/0000000331/image.png
353,353,../../data/moge_dataset/KITTI/2011_09_26_drive_0086/image_02/0000000358/image.jpg,../../data/moge_dataset/KITTI/2011_09_26_drive_0086/image_02/0000000358/depth.png,../../data/moge_dataset/KITTI/2011_09_26_drive_0086/image_02/0000000358/meta.json,KITTI,../../data/depthanything/moge_dataset/KITTI/2011_09_26_drive_0086/image_02/0000000358/image.png
354,354,../../data/moge_dataset/KITTI/2011_09_26_drive_0086/image_02/0000000385/image.jpg,../../data/moge_dataset/KITTI/2011_09_26_drive_0086/image_02/0000000385/depth.png,../../data/moge_dataset/KITTI/2011_09_26_drive_0086/image_02/0000000385/meta.json,KITTI,../../data/depthanything/moge_dataset/KITTI/2011_09_26_drive_0086/image_02/0000000385/image.png
355,355,../../data/moge_dataset/KITTI/2011_09_26_drive_0086/image_02/0000000412/image.jpg,../../data/moge_dataset/KITTI/2011_09_26_drive_0086/image_02/0000000412/depth.png,../../data/moge_dataset/KITTI/2011_09_26_drive_0086/image_02/0000000412/meta.json,KITTI,../../data/depthanything/moge_dataset/KITTI/2011_09_26_drive_0086/image_02/0000000412/image.png
356,356,../../data/moge_dataset/KITTI/2011_09_26_drive_0086/image_02/0000000439/image.jpg,../../data/moge_dataset/KITTI/2011_09_26_drive_0086/image_02/0000000439/depth.png,../../data/moge_dataset/KITTI/2011_09_26_drive_0086/image_02/0000000439/meta.json,KITTI,../../data/depthanything/moge_dataset/KITTI/2011_09_26_drive_0086/image_02/0000000439/image.png
357,357,../../data/moge_dataset/KITTI/2011_09_26_drive_0086/image_02/0000000466/image.jpg,../../data/moge_dataset/KITTI/2011_09_26_drive_0086/image_02/0000000466/depth.png,../../data/moge_dataset/KITTI/2011_09_26_drive_0086/image_02/0000000466/meta.json,KITTI,../../data/depthanything/moge_dataset/KITTI/2011_09_26_drive_0086/image_02/0000000466/image.png
358,358,../../data/moge_dataset/KITTI/2011_09_26_drive_0086/image_02/0000000493/image.jpg,../../data/moge_dataset/KITTI/2011_09_26_drive_0086/image_02/0000000493/depth.png,../../data/moge_dataset/KITTI/2011_09_26_drive_0086/image_02/0000000493/meta.json,KITTI,../../data/depthanything/moge_dataset/KITTI/2011_09_26_drive_0086/image_02/0000000493/image.png
359,359,../../data/moge_dataset/KITTI/2011_09_26_drive_0086/image_02/0000000520/image.jpg,../../data/moge_dataset/KITTI/2011_09_26_drive_0086/image_02/0000000520/depth.png,../../data/moge_dataset/KITTI/2011_09_26_drive_0086/image_02/0000000520/meta.json,KITTI,../../data/depthanything/moge_dataset/KITTI/2011_09_26_drive_0086/image_02/0000000520/image.png
360,360,../../data/moge_dataset/KITTI/2011_09_26_drive_0086/image_02/0000000574/image.jpg,../../data/moge_dataset/KITTI/2011_09_26_drive_0086/image_02/0000000574/depth.png,../../data/moge_dataset/KITTI/2011_09_26_drive_0086/image_02/0000000574/meta.json,KITTI,../../data/depthanything/moge_dataset/KITTI/2011_09_26_drive_0086/image_02/0000000574/image.png
361,361,../../data/moge_dataset/KITTI/2011_09_26_drive_0086/image_02/0000000601/image.jpg,../../data/moge_dataset/KITTI/2011_09_26_drive_0086/image_02/0000000601/depth.png,../../data/moge_dataset/KITTI/2011_09_26_drive_0086/image_02/0000000601/meta.json,KITTI,../../data/depthanything/moge_dataset/KITTI/2011_09_26_drive_0086/image_02/0000000601/image.png
362,362,../../data/moge_dataset/KITTI/2011_09_26_drive_0086/image_02/0000000628/image.jpg,../../data/moge_dataset/KITTI/2011_09_26_drive_0086/image_02/0000000628/depth.png,../../data/moge_dataset/KITTI/2011_09_26_drive_0086/image_02/0000000628/meta.json,KITTI,../../data/depthanything/moge_dataset/KITTI/2011_09_26_drive_0086/image_02/0000000628/image.png
363,363,../../data/moge_dataset/KITTI/2011_09_26_drive_0086/image_02/0000000655/image.jpg,../../data/moge_dataset/KITTI/2011_09_26_drive_0086/image_02/0000000655/depth.png,../../data/moge_dataset/KITTI/2011_09_26_drive_0086/image_02/0000000655/meta.json,KITTI,../../data/depthanything/moge_dataset/KITTI/2011_09_26_drive_0086/image_02/0000000655/image.png
364,364,../../data/moge_dataset/KITTI/2011_09_26_drive_0086/image_02/0000000682/image.jpg,../../data/moge_dataset/KITTI/2011_09_26_drive_0086/image_02/0000000682/depth.png,../../data/moge_dataset/KITTI/2011_09_26_drive_0086/image_02/0000000682/meta.json,KITTI,../../data/depthanything/moge_dataset/KITTI/2011_09_26_drive_0086/image_02/0000000682/image.png
365,365,../../data/moge_dataset/KITTI/2011_09_26_drive_0093/image_02/0000000016/image.jpg,../../data/moge_dataset/KITTI/2011_09_26_drive_0093/image_02/0000000016/depth.png,../../data/moge_dataset/KITTI/2011_09_26_drive_0093/image_02/0000000016/meta.json,KITTI,../../data/depthanything/moge_dataset/KITTI/2011_09_26_drive_0093/image_02/0000000016/image.png
366,366,../../data/moge_dataset/KITTI/2011_09_26_drive_0093/image_02/0000000032/image.jpg,../../data/moge_dataset/KITTI/2011_09_26_drive_0093/image_02/0000000032/depth.png,../../data/moge_dataset/KITTI/2011_09_26_drive_0093/image_02/0000000032/meta.json,KITTI,../../data/depthanything/moge_dataset/KITTI/2011_09_26_drive_0093/image_02/0000000032/image.png
367,367,../../data/moge_dataset/KITTI/2011_09_26_drive_0093/image_02/0000000048/image.jpg,../../data/moge_dataset/KITTI/2011_09_26_drive_0093/image_02/0000000048/depth.png,../../data/moge_dataset/KITTI/2011_09_26_drive_0093/image_02/0000000048/meta.json,KITTI,../../data/depthanything/moge_dataset/KITTI/2011_09_26_drive_0093/image_02/0000000048/image.png
368,368,../../data/moge_dataset/KITTI/2011_09_26_drive_0093/image_02/0000000064/image.jpg,../../data/moge_dataset/KITTI/2011_09_26_drive_0093/image_02/0000000064/depth.png,../../data/moge_dataset/KITTI/2011_09_26_drive_0093/image_02/0000000064/meta.json,KITTI,../../data/depthanything/moge_dataset/KITTI/2011_09_26_drive_0093/image_02/0000000064/image.png
369,369,../../data/moge_dataset/KITTI/2011_09_26_drive_0093/image_02/0000000080/image.jpg,../../data/moge_dataset/KITTI/2011_09_26_drive_0093/image_02/0000000080/depth.png,../../data/moge_dataset/KITTI/2011_09_26_drive_0093/image_02/0000000080/meta.json,KITTI,../../data/depthanything/moge_dataset/KITTI/2011_09_26_drive_0093/image_02/0000000080/image.png
370,370,../../data/moge_dataset/KITTI/2011_09_26_drive_0093/image_02/0000000096/image.jpg,../../data/moge_dataset/KITTI/2011_09_26_drive_0093/image_02/0000000096/depth.png,../../data/moge_dataset/KITTI/2011_09_26_drive_0093/image_02/0000000096/meta.json,KITTI,../../data/depthanything/moge_dataset/KITTI/2011_09_26_drive_0093/image_02/0000000096/image.png
371,371,../../data/moge_dataset/KITTI/2011_09_26_drive_0093/image_02/0000000112/image.jpg,../../data/moge_dataset/KITTI/2011_09_26_drive_0093/image_02/0000000112/depth.png,../../data/moge_dataset/KITTI/2011_09_26_drive_0093/image_02/0000000112/meta.json,KITTI,../../data/depthanything/moge_dataset/KITTI/2011_09_26_drive_0093/image_02/0000000112/image.png
372,372,../../data/moge_dataset/KITTI/2011_09_26_drive_0093/image_02/0000000128/image.jpg,../../data/moge_dataset/KITTI/2011_09_26_drive_0093/image_02/0000000128/depth.png,../../data/moge_dataset/KITTI/2011_09_26_drive_0093/image_02/0000000128/meta.json,KITTI,../../data/depthanything/moge_dataset/KITTI/2011_09_26_drive_0093/image_02/0000000128/image.png
373,373,../../data/moge_dataset/KITTI/2011_09_26_drive_0093/image_02/0000000144/image.jpg,../../data/moge_dataset/KITTI/2011_09_26_drive_0093/image_02/0000000144/depth.png,../../data/moge_dataset/KITTI/2011_09_26_drive_0093/image_02/0000000144/meta.json,KITTI,../../data/depthanything/moge_dataset/KITTI/2011_09_26_drive_0093/image_02/0000000144/image.png
374,374,../../data/moge_dataset/KITTI/2011_09_26_drive_0093/image_02/0000000160/image.jpg,../../data/moge_dataset/KITTI/2011_09_26_drive_0093/image_02/0000000160/depth.png,../../data/moge_dataset/KITTI/2011_09_26_drive_0093/image_02/0000000160/meta.json,KITTI,../../data/depthanything/moge_dataset/KITTI/2011_09_26_drive_0093/image_02/0000000160/image.png
375,375,../../data/moge_dataset/KITTI/2011_09_26_drive_0093/image_02/0000000176/image.jpg,../../data/moge_dataset/KITTI/2011_09_26_drive_0093/image_02/0000000176/depth.png,../../data/moge_dataset/KITTI/2011_09_26_drive_0093/image_02/0000000176/meta.json,KITTI,../../data/depthanything/moge_dataset/KITTI/2011_09_26_drive_0093/image_02/0000000176/image.png
376,376,../../data/moge_dataset/KITTI/2011_09_26_drive_0093/image_02/0000000192/image.jpg,../../data/moge_dataset/KITTI/2011_09_26_drive_0093/image_02/0000000192/depth.png,../../data/moge_dataset/KITTI/2011_09_26_drive_0093/image_02/0000000192/meta.json,KITTI,../../data/depthanything/moge_dataset/KITTI/2011_09_26_drive_0093/image_02/0000000192/image.png
377,377,../../data/moge_dataset/KITTI/2011_09_26_drive_0093/image_02/0000000208/image.jpg,../../data/moge_dataset/KITTI/2011_09_26_drive_0093/image_02/0000000208/depth.png,../../data/moge_dataset/KITTI/2011_09_26_drive_0093/image_02/0000000208/meta.json,KITTI,../../data/depthanything/moge_dataset/KITTI/2011_09_26_drive_0093/image_02/0000000208/image.png
378,378,../../data/moge_dataset/KITTI/2011_09_26_drive_0093/image_02/0000000224/image.jpg,../../data/moge_dataset/KITTI/2011_09_26_drive_0093/image_02/0000000224/depth.png,../../data/moge_dataset/KITTI/2011_09_26_drive_0093/image_02/0000000224/meta.json,KITTI,../../data/depthanything/moge_dataset/KITTI/2011_09_26_drive_0093/image_02/0000000224/image.png
379,379,../../data/moge_dataset/KITTI/2011_09_26_drive_0093/image_02/0000000240/image.jpg,../../data/moge_dataset/KITTI/2011_09_26_drive_0093/image_02/0000000240/depth.png,../../data/moge_dataset/KITTI/2011_09_26_drive_0093/image_02/0000000240/meta.json,KITTI,../../data/depthanything/moge_dataset/KITTI/2011_09_26_drive_0093/image_02/0000000240/image.png
380,380,../../data/moge_dataset/KITTI/2011_09_26_drive_0093/image_02/0000000256/image.jpg,../../data/moge_dataset/KITTI/2011_09_26_drive_0093/image_02/0000000256/depth.png,../../data/moge_dataset/KITTI/2011_09_26_drive_0093/image_02/0000000256/meta.json,KITTI,../../data/depthanything/moge_dataset/KITTI/2011_09_26_drive_0093/image_02/0000000256/image.png
381,381,../../data/moge_dataset/KITTI/2011_09_26_drive_0093/image_02/0000000305/image.jpg,../../data/moge_dataset/KITTI/2011_09_26_drive_0093/image_02/0000000305/depth.png,../../data/moge_dataset/KITTI/2011_09_26_drive_0093/image_02/0000000305/meta.json,KITTI,../../data/depthanything/moge_dataset/KITTI/2011_09_26_drive_0093/image_02/0000000305/image.png
382,382,../../data/moge_dataset/KITTI/2011_09_26_drive_0093/image_02/0000000321/image.jpg,../../data/moge_dataset/KITTI/2011_09_26_drive_0093/image_02/0000000321/depth.png,../../data/moge_dataset/KITTI/2011_09_26_drive_0093/image_02/0000000321/meta.json,KITTI,../../data/depthanything/moge_dataset/KITTI/2011_09_26_drive_0093/image_02/0000000321/image.png
383,383,../../data/moge_dataset/KITTI/2011_09_26_drive_0093/image_02/0000000337/image.jpg,../../data/moge_dataset/KITTI/2011_09_26_drive_0093/image_02/0000000337/depth.png,../../data/moge_dataset/KITTI/2011_09_26_drive_0093/image_02/0000000337/meta.json,KITTI,../../data/depthanything/moge_dataset/KITTI/2011_09_26_drive_0093/image_02/0000000337/image.png
384,384,../../data/moge_dataset/KITTI/2011_09_26_drive_0093/image_02/0000000353/image.jpg,../../data/moge_dataset/KITTI/2011_09_26_drive_0093/image_02/0000000353/depth.png,../../data/moge_dataset/KITTI/2011_09_26_drive_0093/image_02/0000000353/meta.json,KITTI,../../data/depthanything/moge_dataset/KITTI/2011_09_26_drive_0093/image_02/0000000353/image.png
385,385,../../data/moge_dataset/KITTI/2011_09_26_drive_0093/image_02/0000000369/image.jpg,../../data/moge_dataset/KITTI/2011_09_26_drive_0093/image_02/0000000369/depth.png,../../data/moge_dataset/KITTI/2011_09_26_drive_0093/image_02/0000000369/meta.json,KITTI,../../data/depthanything/moge_dataset/KITTI/2011_09_26_drive_0093/image_02/0000000369/image.png
386,386,../../data/moge_dataset/KITTI/2011_09_26_drive_0093/image_02/0000000385/image.jpg,../../data/moge_dataset/KITTI/2011_09_26_drive_0093/image_02/0000000385/depth.png,../../data/moge_dataset/KITTI/2011_09_26_drive_0093/image_02/0000000385/meta.json,KITTI,../../data/depthanything/moge_dataset/KITTI/2011_09_26_drive_0093/image_02/0000000385/image.png
387,387,../../data/moge_dataset/KITTI/2011_09_26_drive_0093/image_02/0000000401/image.jpg,../../data/moge_dataset/KITTI/2011_09_26_drive_0093/image_02/0000000401/depth.png,../../data/moge_dataset/KITTI/2011_09_26_drive_0093/image_02/0000000401/meta.json,KITTI,../../data/depthanything/moge_dataset/KITTI/2011_09_26_drive_0093/image_02/0000000401/image.png
388,388,../../data/moge_dataset/KITTI/2011_09_26_drive_0093/image_02/0000000417/image.jpg,../../data/moge_dataset/KITTI/2011_09_26_drive_0093/image_02/0000000417/depth.png,../../data/moge_dataset/KITTI/2011_09_26_drive_0093/image_02/0000000417/meta.json,KITTI,../../data/depthanything/moge_dataset/KITTI/2011_09_26_drive_0093/image_02/0000000417/image.png
389,389,../../data/moge_dataset/KITTI/2011_09_26_drive_0096/image_02/0000000019/image.jpg,../../data/moge_dataset/KITTI/2011_09_26_drive_0096/image_02/0000000019/depth.png,../../data/moge_dataset/KITTI/2011_09_26_drive_0096/image_02/0000000019/meta.json,KITTI,../../data/depthanything/moge_dataset/KITTI/2011_09_26_drive_0096/image_02/0000000019/image.png
390,390,../../data/moge_dataset/KITTI/2011_09_26_drive_0096/image_02/0000000038/image.jpg,../../data/moge_dataset/KITTI/2011_09_26_drive_0096/image_02/0000000038/depth.png,../../data/moge_dataset/KITTI/2011_09_26_drive_0096/image_02/0000000038/meta.json,KITTI,../../data/depthanything/moge_dataset/KITTI/2011_09_26_drive_0096/image_02/0000000038/image.png
391,391,../../data/moge_dataset/KITTI/2011_09_26_drive_0096/image_02/0000000057/image.jpg,../../data/moge_dataset/KITTI/2011_09_26_drive_0096/image_02/0000000057/depth.png,../../data/moge_dataset/KITTI/2011_09_26_drive_0096/image_02/0000000057/meta.json,KITTI,../../data/depthanything/moge_dataset/KITTI/2011_09_26_drive_0096/image_02/0000000057/image.png
392,392,../../data/moge_dataset/KITTI/2011_09_26_drive_0096/image_02/0000000076/image.jpg,../../data/moge_dataset/KITTI/2011_09_26_drive_0096/image_02/0000000076/depth.png,../../data/moge_dataset/KITTI/2011_09_26_drive_0096/image_02/0000000076/meta.json,KITTI,../../data/depthanything/moge_dataset/KITTI/2011_09_26_drive_0096/image_02/0000000076/image.png
393,393,../../data/moge_dataset/KITTI/2011_09_26_drive_0096/image_02/0000000095/image.jpg,../../data/moge_dataset/KITTI/2011_09_26_drive_0096/image_02/0000000095/depth.png,../../data/moge_dataset/KITTI/2011_09_26_drive_0096/image_02/0000000095/meta.json,KITTI,../../data/depthanything/moge_dataset/KITTI/2011_09_26_drive_0096/image_02/0000000095/image.png
394,394,../../data/moge_dataset/KITTI/2011_09_26_drive_0096/image_02/0000000114/image.jpg,../../data/moge_dataset/KITTI/2011_09_26_drive_0096/image_02/0000000114/depth.png,../../data/moge_dataset/KITTI/2011_09_26_drive_0096/image_02/0000000114/meta.json,KITTI,../../data/depthanything/moge_dataset/KITTI/2011_09_26_drive_0096/image_02/0000000114/image.png
395,395,../../data/moge_dataset/KITTI/2011_09_26_drive_0096/image_02/0000000133/image.jpg,../../data/moge_dataset/KITTI/2011_09_26_drive_0096/image_02/0000000133/depth.png,../../data/moge_dataset/KITTI/2011_09_26_drive_0096/image_02/0000000133/meta.json,KITTI,../../data/depthanything/moge_dataset/KITTI/2011_09_26_drive_0096/image_02/0000000133/image.png
396,396,../../data/moge_dataset/KITTI/2011_09_26_drive_0096/image_02/0000000152/image.jpg,../../data/moge_dataset/KITTI/2011_09_26_drive_0096/image_02/0000000152/depth.png,../../data/moge_dataset/KITTI/2011_09_26_drive_0096/image_02/0000000152/meta.json,KITTI,../../data/depthanything/moge_dataset/KITTI/2011_09_26_drive_0096/image_02/0000000152/image.png
397,397,../../data/moge_dataset/KITTI/2011_09_26_drive_0096/image_02/0000000171/image.jpg,../../data/moge_dataset/KITTI/2011_09_26_drive_0096/image_02/0000000171/depth.png,../../data/moge_dataset/KITTI/2011_09_26_drive_0096/image_02/0000000171/meta.json,KITTI,../../data/depthanything/moge_dataset/KITTI/2011_09_26_drive_0096/image_02/0000000171/image.png
398,398,../../data/moge_dataset/KITTI/2011_09_26_drive_0096/image_02/0000000190/image.jpg,../../data/moge_dataset/KITTI/2011_09_26_drive_0096/image_02/0000000190/depth.png,../../data/moge_dataset/KITTI/2011_09_26_drive_0096/image_02/0000000190/meta.json,KITTI,../../data/depthanything/moge_dataset/KITTI/2011_09_26_drive_0096/image_02/0000000190/image.png
399,399,../../data/moge_dataset/KITTI/2011_09_26_drive_0096/image_02/0000000209/image.jpg,../../data/moge_dataset/KITTI/2011_09_26_drive_0096/image_02/0000000209/depth.png,../../data/moge_dataset/KITTI/2011_09_26_drive_0096/image_02/0000000209/meta.json,KITTI,../../data/depthanything/moge_dataset/KITTI/2011_09_26_drive_0096/image_02/0000000209/image.png
400,400,../../data/moge_dataset/KITTI/2011_09_26_drive_0096/image_02/0000000228/image.jpg,../../data/moge_dataset/KITTI/2011_09_26_drive_0096/image_02/0000000228/depth.png,../../data/moge_dataset/KITTI/2011_09_26_drive_0096/image_02/0000000228/meta.json,KITTI,../../data/depthanything/moge_dataset/KITTI/2011_09_26_drive_0096/image_02/0000000228/image.png
401,401,../../data/moge_dataset/KITTI/2011_09_26_drive_0096/image_02/0000000247/image.jpg,../../data/moge_dataset/KITTI/2011_09_26_drive_0096/image_02/0000000247/depth.png,../../data/moge_dataset/KITTI/2011_09_26_drive_0096/image_02/0000000247/meta.json,KITTI,../../data/depthanything/moge_dataset/KITTI/2011_09_26_drive_0096/image_02/0000000247/image.png
402,402,../../data/moge_dataset/KITTI/2011_09_26_drive_0096/image_02/0000000266/image.jpg,../../data/moge_dataset/KITTI/2011_09_26_drive_0096/image_02/0000000266/depth.png,../../data/moge_dataset/KITTI/2011_09_26_drive_0096/image_02/0000000266/meta.json,KITTI,../../data/depthanything/moge_dataset/KITTI/2011_09_26_drive_0096/image_02/0000000266/image.png
403,403,../../data/moge_dataset/KITTI/2011_09_26_drive_0096/image_02/0000000285/image.jpg,../../data/moge_dataset/KITTI/2011_09_26_drive_0096/image_02/0000000285/depth.png,../../data/moge_dataset/KITTI/2011_09_26_drive_0096/image_02/0000000285/meta.json,KITTI,../../data/depthanything/moge_dataset/KITTI/2011_09_26_drive_0096/image_02/0000000285/image.png
404,404,../../data/moge_dataset/KITTI/2011_09_26_drive_0096/image_02/0000000304/image.jpg,../../data/moge_dataset/KITTI/2011_09_26_drive_0096/image_02/0000000304/depth.png,../../data/moge_dataset/KITTI/2011_09_26_drive_0096/image_02/0000000304/meta.json,KITTI,../../data/depthanything/moge_dataset/KITTI/2011_09_26_drive_0096/image_02/0000000304/image.png
405,405,../../data/moge_dataset/KITTI/2011_09_26_drive_0096/image_02/0000000323/image.jpg,../../data/moge_dataset/KITTI/2011_09_26_drive_0096/image_02/0000000323/depth.png,../../data/moge_dataset/KITTI/2011_09_26_drive_0096/image_02/0000000323/meta.json,KITTI,../../data/depthanything/moge_dataset/KITTI/2011_09_26_drive_0096/image_02/0000000323/image.png
406,406,../../data/moge_dataset/KITTI/2011_09_26_drive_0096/image_02/0000000342/image.jpg,../../data/moge_dataset/KITTI/2011_09_26_drive_0096/image_02/0000000342/depth.png,../../data/moge_dataset/KITTI/2011_09_26_drive_0096/image_02/0000000342/meta.json,KITTI,../../data/depthanything/moge_dataset/KITTI/2011_09_26_drive_0096/image_02/0000000342/image.png
407,407,../../data/moge_dataset/KITTI/2011_09_26_drive_0096/image_02/0000000361/image.jpg,../../data/moge_dataset/KITTI/2011_09_26_drive_0096/image_02/0000000361/depth.png,../../data/moge_dataset/KITTI/2011_09_26_drive_0096/image_02/0000000361/meta.json,KITTI,../../data/depthanything/moge_dataset/KITTI/2011_09_26_drive_0096/image_02/0000000361/image.png
408,408,../../data/moge_dataset/KITTI/2011_09_26_drive_0096/image_02/0000000380/image.jpg,../../data/moge_dataset/KITTI/2011_09_26_drive_0096/image_02/0000000380/depth.png,../../data/moge_dataset/KITTI/2011_09_26_drive_0096/image_02/0000000380/meta.json,KITTI,../../data/depthanything/moge_dataset/KITTI/2011_09_26_drive_0096/image_02/0000000380/image.png
409,409,../../data/moge_dataset/KITTI/2011_09_26_drive_0096/image_02/0000000399/image.jpg,../../data/moge_dataset/KITTI/2011_09_26_drive_0096/image_02/0000000399/depth.png,../../data/moge_dataset/KITTI/2011_09_26_drive_0096/image_02/0000000399/meta.json,KITTI,../../data/depthanything/moge_dataset/KITTI/2011_09_26_drive_0096/image_02/0000000399/image.png
410,410,../../data/moge_dataset/KITTI/2011_09_26_drive_0096/image_02/0000000418/image.jpg,../../data/moge_dataset/KITTI/2011_09_26_drive_0096/image_02/0000000418/depth.png,../../data/moge_dataset/KITTI/2011_09_26_drive_0096/image_02/0000000418/meta.json,KITTI,../../data/depthanything/moge_dataset/KITTI/2011_09_26_drive_0096/image_02/0000000418/image.png
411,411,../../data/moge_dataset/KITTI/2011_09_26_drive_0096/image_02/0000000437/image.jpg,../../data/moge_dataset/KITTI/2011_09_26_drive_0096/image_02/0000000437/depth.png,../../data/moge_dataset/KITTI/2011_09_26_drive_0096/image_02/0000000437/meta.json,KITTI,../../data/depthanything/moge_dataset/KITTI/2011_09_26_drive_0096/image_02/0000000437/image.png
412,412,../../data/moge_dataset/KITTI/2011_09_26_drive_0096/image_02/0000000456/image.jpg,../../data/moge_dataset/KITTI/2011_09_26_drive_0096/image_02/0000000456/depth.png,../../data/moge_dataset/KITTI/2011_09_26_drive_0096/image_02/0000000456/meta.json,KITTI,../../data/depthanything/moge_dataset/KITTI/2011_09_26_drive_0096/image_02/0000000456/image.png
413,413,../../data/moge_dataset/KITTI/2011_09_26_drive_0101/image_02/0000000080/image.jpg,../../data/moge_dataset/KITTI/2011_09_26_drive_0101/image_02/0000000080/depth.png,../../data/moge_dataset/KITTI/2011_09_26_drive_0101/image_02/0000000080/meta.json,KITTI,../../data/depthanything/moge_dataset/KITTI/2011_09_26_drive_0101/image_02/0000000080/image.png
414,414,../../data/moge_dataset/KITTI/2011_09_26_drive_0101/image_02/0000000114/image.jpg,../../data/moge_dataset/KITTI/2011_09_26_drive_0101/image_02/0000000114/depth.png,../../data/moge_dataset/KITTI/2011_09_26_drive_0101/image_02/0000000114/meta.json,KITTI,../../data/depthanything/moge_dataset/KITTI/2011_09_26_drive_0101/image_02/0000000114/image.png
415,415,../../data/moge_dataset/KITTI/2011_09_26_drive_0101/image_02/0000000148/image.jpg,../../data/moge_dataset/KITTI/2011_09_26_drive_0101/image_02/0000000148/depth.png,../../data/moge_dataset/KITTI/2011_09_26_drive_0101/image_02/0000000148/meta.json,KITTI,../../data/depthanything/moge_dataset/KITTI/2011_09_26_drive_0101/image_02/0000000148/image.png
416,416,../../data/moge_dataset/KITTI/2011_09_26_drive_0101/image_02/0000000182/image.jpg,../../data/moge_dataset/KITTI/2011_09_26_drive_0101/image_02/0000000182/depth.png,../../data/moge_dataset/KITTI/2011_09_26_drive_0101/image_02/0000000182/meta.json,KITTI,../../data/depthanything/moge_dataset/KITTI/2011_09_26_drive_0101/image_02/0000000182/image.png
417,417,../../data/moge_dataset/KITTI/2011_09_26_drive_0101/image_02/0000000216/image.jpg,../../data/moge_dataset/KITTI/2011_09_26_drive_0101/image_02/0000000216/depth.png,../../data/moge_dataset/KITTI/2011_09_26_drive_0101/image_02/0000000216/meta.json,KITTI,../../data/depthanything/moge_dataset/KITTI/2011_09_26_drive_0101/image_02/0000000216/image.png
418,418,../../data/moge_dataset/KITTI/2011_09_26_drive_0101/image_02/0000000284/image.jpg,../../data/moge_dataset/KITTI/2011_09_26_drive_0101/image_02/0000000284/depth.png,../../data/moge_dataset/KITTI/2011_09_26_drive_0101/image_02/0000000284/meta.json,KITTI,../../data/depthanything/moge_dataset/KITTI/2011_09_26_drive_0101/image_02/0000000284/image.png
419,419,../../data/moge_dataset/KITTI/2011_09_26_drive_0101/image_02/0000000318/image.jpg,../../data/moge_dataset/KITTI/2011_09_26_drive_0101/image_02/0000000318/depth.png,../../data/moge_dataset/KITTI/2011_09_26_drive_0101/image_02/0000000318/meta.json,KITTI,../../data/depthanything/moge_dataset/KITTI/2011_09_26_drive_0101/image_02/0000000318/image.png
420,420,../../data/moge_dataset/KITTI/2011_09_26_drive_0101/image_02/0000000352/image.jpg,../../data/moge_dataset/KITTI/2011_09_26_drive_0101/image_02/0000000352/depth.png,../../data/moge_dataset/KITTI/2011_09_26_drive_0101/image_02/0000000352/meta.json,KITTI,../../data/depthanything/moge_dataset/KITTI/2011_09_26_drive_0101/image_02/0000000352/image.png
421,421,../../data/moge_dataset/KITTI/2011_09_26_drive_0101/image_02/0000000386/image.jpg,../../data/moge_dataset/KITTI/2011_09_26_drive_0101/image_02/0000000386/depth.png,../../data/moge_dataset/KITTI/2011_09_26_drive_0101/image_02/0000000386/meta.json,KITTI,../../data/depthanything/moge_dataset/KITTI/2011_09_26_drive_0101/image_02/0000000386/image.png
422,422,../../data/moge_dataset/KITTI/2011_09_26_drive_0101/image_02/0000000420/image.jpg,../../data/moge_dataset/KITTI/2011_09_26_drive_0101/image_02/0000000420/depth.png,../../data/moge_dataset/KITTI/2011_09_26_drive_0101/image_02/0000000420/meta.json,KITTI,../../data/depthanything/moge_dataset/KITTI/2011_09_26_drive_0101/image_02/0000000420/image.png
423,423,../../data/moge_dataset/KITTI/2011_09_26_drive_0101/image_02/0000000454/image.jpg,../../data/moge_dataset/KITTI/2011_09_26_drive_0101/image_02/0000000454/depth.png,../../data/moge_dataset/KITTI/2011_09_26_drive_0101/image_02/0000000454/meta.json,KITTI,../../data/depthanything/moge_dataset/KITTI/2011_09_26_drive_0101/image_02/0000000454/image.png
424,424,../../data/moge_dataset/KITTI/2011_09_26_drive_0101/image_02/0000000488/image.jpg,../../data/moge_dataset/KITTI/2011_09_26_drive_0101/image_02/0000000488/depth.png,../../data/moge_dataset/KITTI/2011_09_26_drive_0101/image_02/0000000488/meta.json,KITTI,../../data/depthanything/moge_dataset/KITTI/2011_09_26_drive_0101/image_02/0000000488/image.png
425,425,../../data/moge_dataset/KITTI/2011_09_26_drive_0101/image_02/0000000522/image.jpg,../../data/moge_dataset/KITTI/2011_09_26_drive_0101/image_02/0000000522/depth.png,../../data/moge_dataset/KITTI/2011_09_26_drive_0101/image_02/0000000522/meta.json,KITTI,../../data/depthanything/moge_dataset/KITTI/2011_09_26_drive_0101/image_02/0000000522/image.png
426,426,../../data/moge_dataset/KITTI/2011_09_26_drive_0101/image_02/0000000556/image.jpg,../../data/moge_dataset/KITTI/2011_09_26_drive_0101/image_02/0000000556/depth.png,../../data/moge_dataset/KITTI/2011_09_26_drive_0101/image_02/0000000556/meta.json,KITTI,../../data/depthanything/moge_dataset/KITTI/2011_09_26_drive_0101/image_02/0000000556/image.png
427,427,../../data/moge_dataset/KITTI/2011_09_26_drive_0101/image_02/0000000590/image.jpg,../../data/moge_dataset/KITTI/2011_09_26_drive_0101/image_02/0000000590/depth.png,../../data/moge_dataset/KITTI/2011_09_26_drive_0101/image_02/0000000590/meta.json,KITTI,../../data/depthanything/moge_dataset/KITTI/2011_09_26_drive_0101/image_02/0000000590/image.png
428,428,../../data/moge_dataset/KITTI/2011_09_26_drive_0101/image_02/0000000624/image.jpg,../../data/moge_dataset/KITTI/2011_09_26_drive_0101/image_02/0000000624/depth.png,../../data/moge_dataset/KITTI/2011_09_26_drive_0101/image_02/0000000624/meta.json,KITTI,../../data/depthanything/moge_dataset/KITTI/2011_09_26_drive_0101/image_02/0000000624/image.png
429,429,../../data/moge_dataset/KITTI/2011_09_26_drive_0101/image_02/0000000658/image.jpg,../../data/moge_dataset/KITTI/2011_09_26_drive_0101/image_02/0000000658/depth.png,../../data/moge_dataset/KITTI/2011_09_26_drive_0101/image_02/0000000658/meta.json,KITTI,../../data/depthanything/moge_dataset/KITTI/2011_09_26_drive_0101/image_02/0000000658/image.png
430,430,../../data/moge_dataset/KITTI/2011_09_26_drive_0101/image_02/0000000692/image.jpg,../../data/moge_dataset/KITTI/2011_09_26_drive_0101/image_02/0000000692/depth.png,../../data/moge_dataset/KITTI/2011_09_26_drive_0101/image_02/0000000692/meta.json,KITTI,../../data/depthanything/moge_dataset/KITTI/2011_09_26_drive_0101/image_02/0000000692/image.png
431,431,../../data/moge_dataset/KITTI/2011_09_26_drive_0101/image_02/0000000726/image.jpg,../../data/moge_dataset/KITTI/2011_09_26_drive_0101/image_02/0000000726/depth.png,../../data/moge_dataset/KITTI/2011_09_26_drive_0101/image_02/0000000726/meta.json,KITTI,../../data/depthanything/moge_dataset/KITTI/2011_09_26_drive_0101/image_02/0000000726/image.png
432,432,../../data/moge_dataset/KITTI/2011_09_26_drive_0101/image_02/0000000760/image.jpg,../../data/moge_dataset/KITTI/2011_09_26_drive_0101/image_02/0000000760/depth.png,../../data/moge_dataset/KITTI/2011_09_26_drive_0101/image_02/0000000760/meta.json,KITTI,../../data/depthanything/moge_dataset/KITTI/2011_09_26_drive_0101/image_02/0000000760/image.png
433,433,../../data/moge_dataset/KITTI/2011_09_26_drive_0101/image_02/0000000794/image.jpg,../../data/moge_dataset/KITTI/2011_09_26_drive_0101/image_02/0000000794/depth.png,../../data/moge_dataset/KITTI/2011_09_26_drive_0101/image_02/0000000794/meta.json,KITTI,../../data/depthanything/moge_dataset/KITTI/2011_09_26_drive_0101/image_02/0000000794/image.png
434,434,../../data/moge_dataset/KITTI/2011_09_26_drive_0101/image_02/0000000828/image.jpg,../../data/moge_dataset/KITTI/2011_09_26_drive_0101/image_02/0000000828/depth.png,../../data/moge_dataset/KITTI/2011_09_26_drive_0101/image_02/0000000828/meta.json,KITTI,../../data/depthanything/moge_dataset/KITTI/2011_09_26_drive_0101/image_02/0000000828/image.png
435,435,../../data/moge_dataset/KITTI/2011_09_26_drive_0101/image_02/0000000862/image.jpg,../../data/moge_dataset/KITTI/2011_09_26_drive_0101/image_02/0000000862/depth.png,../../data/moge_dataset/KITTI/2011_09_26_drive_0101/image_02/0000000862/meta.json,KITTI,../../data/depthanything/moge_dataset/KITTI/2011_09_26_drive_0101/image_02/0000000862/image.png
436,436,../../data/moge_dataset/KITTI/2011_09_26_drive_0101/image_02/0000000896/image.jpg,../../data/moge_dataset/KITTI/2011_09_26_drive_0101/image_02/0000000896/depth.png,../../data/moge_dataset/KITTI/2011_09_26_drive_0101/image_02/0000000896/meta.json,KITTI,../../data/depthanything/moge_dataset/KITTI/2011_09_26_drive_0101/image_02/0000000896/image.png
437,437,../../data/moge_dataset/KITTI/2011_09_26_drive_0101/image_02/0000000930/image.jpg,../../data/moge_dataset/KITTI/2011_09_26_drive_0101/image_02/0000000930/depth.png,../../data/moge_dataset/KITTI/2011_09_26_drive_0101/image_02/0000000930/meta.json,KITTI,../../data/depthanything/moge_dataset/KITTI/2011_09_26_drive_0101/image_02/0000000930/image.png
438,438,../../data/moge_dataset/KITTI/2011_09_26_drive_0106/image_02/0000000015/image.jpg,../../data/moge_dataset/KITTI/2011_09_26_drive_0106/image_02/0000000015/depth.png,../../data/moge_dataset/KITTI/2011_09_26_drive_0106/image_02/0000000015/meta.json,KITTI,../../data/depthanything/moge_dataset/KITTI/2011_09_26_drive_0106/image_02/0000000015/image.png
439,439,../../data/moge_dataset/KITTI/2011_09_26_drive_0106/image_02/0000000035/image.jpg,../../data/moge_dataset/KITTI/2011_09_26_drive_0106/image_02/0000000035/depth.png,../../data/moge_dataset/KITTI/2011_09_26_drive_0106/image_02/0000000035/meta.json,KITTI,../../data/depthanything/moge_dataset/KITTI/2011_09_26_drive_0106/image_02/0000000035/image.png
440,440,../../data/moge_dataset/KITTI/2011_09_26_drive_0106/image_02/0000000043/image.jpg,../../data/moge_dataset/KITTI/2011_09_26_drive_0106/image_02/0000000043/depth.png,../../data/moge_dataset/KITTI/2011_09_26_drive_0106/image_02/0000000043/meta.json,KITTI,../../data/depthanything/moge_dataset/KITTI/2011_09_26_drive_0106/image_02/0000000043/image.png
441,441,../../data/moge_dataset/KITTI/2011_09_26_drive_0106/image_02/0000000051/image.jpg,../../data/moge_dataset/KITTI/2011_09_26_drive_0106/image_02/0000000051/depth.png,../../data/moge_dataset/KITTI/2011_09_26_drive_0106/image_02/0000000051/meta.json,KITTI,../../data/depthanything/moge_dataset/KITTI/2011_09_26_drive_0106/image_02/0000000051/image.png
442,442,../../data/moge_dataset/KITTI/2011_09_26_drive_0106/image_02/0000000059/image.jpg,../../data/moge_dataset/KITTI/2011_09_26_drive_0106/image_02/0000000059/depth.png,../../data/moge_dataset/KITTI/2011_09_26_drive_0106/image_02/0000000059/meta.json,KITTI,../../data/depthanything/moge_dataset/KITTI/2011_09_26_drive_0106/image_02/0000000059/image.png
443,443,../../data/moge_dataset/KITTI/2011_09_26_drive_0106/image_02/0000000067/image.jpg,../../data/moge_dataset/KITTI/2011_09_26_drive_0106/image_02/0000000067/depth.png,../../data/moge_dataset/KITTI/2011_09_26_drive_0106/image_02/0000000067/meta.json,KITTI,../../data/depthanything/moge_dataset/KITTI/2011_09_26_drive_0106/image_02/0000000067/image.png
444,444,../../data/moge_dataset/KITTI/2011_09_26_drive_0106/image_02/0000000075/image.jpg,../../data/moge_dataset/KITTI/2011_09_26_drive_0106/image_02/0000000075/depth.png,../../data/moge_dataset/KITTI/2011_09_26_drive_0106/image_02/0000000075/meta.json,KITTI,../../data/depthanything/moge_dataset/KITTI/2011_09_26_drive_0106/image_02/0000000075/image.png
445,445,../../data/moge_dataset/KITTI/2011_09_26_drive_0106/image_02/0000000083/image.jpg,../../data/moge_dataset/KITTI/2011_09_26_drive_0106/image_02/0000000083/depth.png,../../data/moge_dataset/KITTI/2011_09_26_drive_0106/image_02/0000000083/meta.json,KITTI,../../data/depthanything/moge_dataset/KITTI/2011_09_26_drive_0106/image_02/0000000083/image.png
446,446,../../data/moge_dataset/KITTI/2011_09_26_drive_0106/image_02/0000000091/image.jpg,../../data/moge_dataset/KITTI/2011_09_26_drive_0106/image_02/0000000091/depth.png,../../data/moge_dataset/KITTI/2011_09_26_drive_0106/image_02/0000000091/meta.json,KITTI,../../data/depthanything/moge_dataset/KITTI/2011_09_26_drive_0106/image_02/0000000091/image.png
447,447,../../data/moge_dataset/KITTI/2011_09_26_drive_0106/image_02/0000000099/image.jpg,../../data/moge_dataset/KITTI/2011_09_26_drive_0106/image_02/0000000099/depth.png,../../data/moge_dataset/KITTI/2011_09_26_drive_0106/image_02/0000000099/meta.json,KITTI,../../data/depthanything/moge_dataset/KITTI/2011_09_26_drive_0106/image_02/0000000099/image.png
448,448,../../data/moge_dataset/KITTI/2011_09_26_drive_0106/image_02/0000000107/image.jpg,../../data/moge_dataset/KITTI/2011_09_26_drive_0106/image_02/0000000107/depth.png,../../data/moge_dataset/KITTI/2011_09_26_drive_0106/image_02/0000000107/meta.json,KITTI,../../data/depthanything/moge_dataset/KITTI/2011_09_26_drive_0106/image_02/0000000107/image.png
449,449,../../data/moge_dataset/KITTI/2011_09_26_drive_0106/image_02/0000000115/image.jpg,../../data/moge_dataset/KITTI/2011_09_26_drive_0106/image_02/0000000115/depth.png,../../data/moge_dataset/KITTI/2011_09_26_drive_0106/image_02/0000000115/meta.json,KITTI,../../data/depthanything/moge_dataset/KITTI/2011_09_26_drive_0106/image_02/0000000115/image.png
450,450,../../data/moge_dataset/KITTI/2011_09_26_drive_0106/image_02/0000000123/image.jpg,../../data/moge_dataset/KITTI/2011_09_26_drive_0106/image_02/0000000123/depth.png,../../data/moge_dataset/KITTI/2011_09_26_drive_0106/image_02/0000000123/meta.json,KITTI,../../data/depthanything/moge_dataset/KITTI/2011_09_26_drive_0106/image_02/0000000123/image.png
451,451,../../data/moge_dataset/KITTI/2011_09_26_drive_0106/image_02/0000000131/image.jpg,../../data/moge_dataset/KITTI/2011_09_26_drive_0106/image_02/0000000131/depth.png,../../data/moge_dataset/KITTI/2011_09_26_drive_0106/image_02/0000000131/meta.json,KITTI,../../data/depthanything/moge_dataset/KITTI/2011_09_26_drive_0106/image_02/0000000131/image.png
452,452,../../data/moge_dataset/KITTI/2011_09_26_drive_0106/image_02/0000000139/image.jpg,../../data/moge_dataset/KITTI/2011_09_26_drive_0106/image_02/0000000139/depth.png,../../data/moge_dataset/KITTI/2011_09_26_drive_0106/image_02/0000000139/meta.json,KITTI,../../data/depthanything/moge_dataset/KITTI/2011_09_26_drive_0106/image_02/0000000139/image.png
453,453,../../data/moge_dataset/KITTI/2011_09_26_drive_0106/image_02/0000000147/image.jpg,../../data/moge_dataset/KITTI/2011_09_26_drive_0106/image_02/0000000147/depth.png,../../data/moge_dataset/KITTI/2011_09_26_drive_0106/image_02/0000000147/meta.json,KITTI,../../data/depthanything/moge_dataset/KITTI/2011_09_26_drive_0106/image_02/0000000147/image.png
454,454,../../data/moge_dataset/KITTI/2011_09_26_drive_0106/image_02/0000000155/image.jpg,../../data/moge_dataset/KITTI/2011_09_26_drive_0106/image_02/0000000155/depth.png,../../data/moge_dataset/KITTI/2011_09_26_drive_0106/image_02/0000000155/meta.json,KITTI,../../data/depthanything/moge_dataset/KITTI/2011_09_26_drive_0106/image_02/0000000155/image.png
455,455,../../data/moge_dataset/KITTI/2011_09_26_drive_0106/image_02/0000000163/image.jpg,../../data/moge_dataset/KITTI/2011_09_26_drive_0106/image_02/0000000163/depth.png,../../data/moge_dataset/KITTI/2011_09_26_drive_0106/image_02/0000000163/meta.json,KITTI,../../data/depthanything/moge_dataset/KITTI/2011_09_26_drive_0106/image_02/0000000163/image.png
456,456,../../data/moge_dataset/KITTI/2011_09_26_drive_0106/image_02/0000000171/image.jpg,../../data/moge_dataset/KITTI/2011_09_26_drive_0106/image_02/0000000171/depth.png,../../data/moge_dataset/KITTI/2011_09_26_drive_0106/image_02/0000000171/meta.json,KITTI,../../data/depthanything/moge_dataset/KITTI/2011_09_26_drive_0106/image_02/0000000171/image.png
457,457,../../data/moge_dataset/KITTI/2011_09_26_drive_0106/image_02/0000000179/image.jpg,../../data/moge_dataset/KITTI/2011_09_26_drive_0106/image_02/0000000179/depth.png,../../data/moge_dataset/KITTI/2011_09_26_drive_0106/image_02/0000000179/meta.json,KITTI,../../data/depthanything/moge_dataset/KITTI/2011_09_26_drive_0106/image_02/0000000179/image.png
458,458,../../data/moge_dataset/KITTI/2011_09_26_drive_0106/image_02/0000000187/image.jpg,../../data/moge_dataset/KITTI/2011_09_26_drive_0106/image_02/0000000187/depth.png,../../data/moge_dataset/KITTI/2011_09_26_drive_0106/image_02/0000000187/meta.json,KITTI,../../data/depthanything/moge_dataset/KITTI/2011_09_26_drive_0106/image_02/0000000187/image.png
459,459,../../data/moge_dataset/KITTI/2011_09_26_drive_0106/image_02/0000000195/image.jpg,../../data/moge_dataset/KITTI/2011_09_26_drive_0106/image_02/0000000195/depth.png,../../data/moge_dataset/KITTI/2011_09_26_drive_0106/image_02/0000000195/meta.json,KITTI,../../data/depthanything/moge_dataset/KITTI/2011_09_26_drive_0106/image_02/0000000195/image.png
460,460,../../data/moge_dataset/KITTI/2011_09_26_drive_0106/image_02/0000000203/image.jpg,../../data/moge_dataset/KITTI/2011_09_26_drive_0106/image_02/0000000203/depth.png,../../data/moge_dataset/KITTI/2011_09_26_drive_0106/image_02/0000000203/meta.json,KITTI,../../data/depthanything/moge_dataset/KITTI/2011_09_26_drive_0106/image_02/0000000203/image.png
461,461,../../data/moge_dataset/KITTI/2011_09_26_drive_0106/image_02/0000000211/image.jpg,../../data/moge_dataset/KITTI/2011_09_26_drive_0106/image_02/0000000211/depth.png,../../data/moge_dataset/KITTI/2011_09_26_drive_0106/image_02/0000000211/meta.json,KITTI,../../data/depthanything/moge_dataset/KITTI/2011_09_26_drive_0106/image_02/0000000211/image.png
462,462,../../data/moge_dataset/KITTI/2011_09_26_drive_0106/image_02/0000000219/image.jpg,../../data/moge_dataset/KITTI/2011_09_26_drive_0106/image_02/0000000219/depth.png,../../data/moge_dataset/KITTI/2011_09_26_drive_0106/image_02/0000000219/meta.json,KITTI,../../data/depthanything/moge_dataset/KITTI/2011_09_26_drive_0106/image_02/0000000219/image.png
463,463,../../data/moge_dataset/KITTI/2011_09_26_drive_0117/image_02/0000000026/image.jpg,../../data/moge_dataset/KITTI/2011_09_26_drive_0117/image_02/0000000026/depth.png,../../data/moge_dataset/KITTI/2011_09_26_drive_0117/image_02/0000000026/meta.json,KITTI,../../data/depthanything/moge_dataset/KITTI/2011_09_26_drive_0117/image_02/0000000026/image.png
464,464,../../data/moge_dataset/KITTI/2011_09_26_drive_0117/image_02/0000000052/image.jpg,../../data/moge_dataset/KITTI/2011_09_26_drive_0117/image_02/0000000052/depth.png,../../data/moge_dataset/KITTI/2011_09_26_drive_0117/image_02/0000000052/meta.json,KITTI,../../data/depthanything/moge_dataset/KITTI/2011_09_26_drive_0117/image_02/0000000052/image.png
465,465,../../data/moge_dataset/KITTI/2011_09_26_drive_0117/image_02/0000000078/image.jpg,../../data/moge_dataset/KITTI/2011_09_26_drive_0117/image_02/0000000078/depth.png,../../data/moge_dataset/KITTI/2011_09_26_drive_0117/image_02/0000000078/meta.json,KITTI,../../data/depthanything/moge_dataset/KITTI/2011_09_26_drive_0117/image_02/0000000078/image.png
466,466,../../data/moge_dataset/KITTI/2011_09_26_drive_0117/image_02/0000000104/image.jpg,../../data/moge_dataset/KITTI/2011_09_26_drive_0117/image_02/0000000104/depth.png,../../data/moge_dataset/KITTI/2011_09_26_drive_0117/image_02/0000000104/meta.json,KITTI,../../data/depthanything/moge_dataset/KITTI/2011_09_26_drive_0117/image_02/0000000104/image.png
467,467,../../data/moge_dataset/KITTI/2011_09_26_drive_0117/image_02/0000000130/image.jpg,../../data/moge_dataset/KITTI/2011_09_26_drive_0117/image_02/0000000130/depth.png,../../data/moge_dataset/KITTI/2011_09_26_drive_0117/image_02/0000000130/meta.json,KITTI,../../data/depthanything/moge_dataset/KITTI/2011_09_26_drive_0117/image_02/0000000130/image.png
468,468,../../data/moge_dataset/KITTI/2011_09_26_drive_0117/image_02/0000000156/image.jpg,../../data/moge_dataset/KITTI/2011_09_26_drive_0117/image_02/0000000156/depth.png,../../data/moge_dataset/KITTI/2011_09_26_drive_0117/image_02/0000000156/meta.json,KITTI,../../data/depthanything/moge_dataset/KITTI/2011_09_26_drive_0117/image_02/0000000156/image.png
469,469,../../data/moge_dataset/KITTI/2011_09_26_drive_0117/image_02/0000000182/image.jpg,../../data/moge_dataset/KITTI/2011_09_26_drive_0117/image_02/0000000182/depth.png,../../data/moge_dataset/KITTI/2011_09_26_drive_0117/image_02/0000000182/meta.json,KITTI,../../data/depthanything/moge_dataset/KITTI/2011_09_26_drive_0117/image_02/0000000182/image.png
470,470,../../data/moge_dataset/KITTI/2011_09_26_drive_0117/image_02/0000000208/image.jpg,../../data/moge_dataset/KITTI/2011_09_26_drive_0117/image_02/0000000208/depth.png,../../data/moge_dataset/KITTI/2011_09_26_drive_0117/image_02/0000000208/meta.json,KITTI,../../data/depthanything/moge_dataset/KITTI/2011_09_26_drive_0117/image_02/0000000208/image.png
471,471,../../data/moge_dataset/KITTI/2011_09_26_drive_0117/image_02/0000000234/image.jpg,../../data/moge_dataset/KITTI/2011_09_26_drive_0117/image_02/0000000234/depth.png,../../data/moge_dataset/KITTI/2011_09_26_drive_0117/image_02/0000000234/meta.json,KITTI,../../data/depthanything/moge_dataset/KITTI/2011_09_26_drive_0117/image_02/0000000234/image.png
472,472,../../data/moge_dataset/KITTI/2011_09_26_drive_0117/image_02/0000000260/image.jpg,../../data/moge_dataset/KITTI/2011_09_26_drive_0117/image_02/0000000260/depth.png,../../data/moge_dataset/KITTI/2011_09_26_drive_0117/image_02/0000000260/meta.json,KITTI,../../data/depthanything/moge_dataset/KITTI/2011_09_26_drive_0117/image_02/0000000260/image.png
473,473,../../data/moge_dataset/KITTI/2011_09_26_drive_0117/image_02/0000000286/image.jpg,../../data/moge_dataset/KITTI/2011_09_26_drive_0117/image_02/0000000286/depth.png,../../data/moge_dataset/KITTI/2011_09_26_drive_0117/image_02/0000000286/meta.json,KITTI,../../data/depthanything/moge_dataset/KITTI/2011_09_26_drive_0117/image_02/0000000286/image.png
474,474,../../data/moge_dataset/KITTI/2011_09_26_drive_0117/image_02/0000000312/image.jpg,../../data/moge_dataset/KITTI/2011_09_26_drive_0117/image_02/0000000312/depth.png,../../data/moge_dataset/KITTI/2011_09_26_drive_0117/image_02/0000000312/meta.json,KITTI,../../data/depthanything/moge_dataset/KITTI/2011_09_26_drive_0117/image_02/0000000312/image.png
475,475,../../data/moge_dataset/KITTI/2011_09_26_drive_0117/image_02/0000000338/image.jpg,../../data/moge_dataset/KITTI/2011_09_26_drive_0117/image_02/0000000338/depth.png,../../data/moge_dataset/KITTI/2011_09_26_drive_0117/image_02/0000000338/meta.json,KITTI,../../data/depthanything/moge_dataset/KITTI/2011_09_26_drive_0117/image_02/0000000338/image.png
476,476,../../data/moge_dataset/KITTI/2011_09_26_drive_0117/image_02/0000000364/image.jpg,../../data/moge_dataset/KITTI/2011_09_26_drive_0117/image_02/0000000364/depth.png,../../data/moge_dataset/KITTI/2011_09_26_drive_0117/image_02/0000000364/meta.json,KITTI,../../data/depthanything/moge_dataset/KITTI/2011_09_26_drive_0117/image_02/0000000364/image.png
477,477,../../data/moge_dataset/KITTI/2011_09_26_drive_0117/image_02/0000000390/image.jpg,../../data/moge_dataset/KITTI/2011_09_26_drive_0117/image_02/0000000390/depth.png,../../data/moge_dataset/KITTI/2011_09_26_drive_0117/image_02/0000000390/meta.json,KITTI,../../data/depthanything/moge_dataset/KITTI/2011_09_26_drive_0117/image_02/0000000390/image.png
478,478,../../data/moge_dataset/KITTI/2011_09_26_drive_0117/image_02/0000000416/image.jpg,../../data/moge_dataset/KITTI/2011_09_26_drive_0117/image_02/0000000416/depth.png,../../data/moge_dataset/KITTI/2011_09_26_drive_0117/image_02/0000000416/meta.json,KITTI,../../data/depthanything/moge_dataset/KITTI/2011_09_26_drive_0117/image_02/0000000416/image.png
479,479,../../data/moge_dataset/KITTI/2011_09_26_drive_0117/image_02/0000000442/image.jpg,../../data/moge_dataset/KITTI/2011_09_26_drive_0117/image_02/0000000442/depth.png,../../data/moge_dataset/KITTI/2011_09_26_drive_0117/image_02/0000000442/meta.json,KITTI,../../data/depthanything/moge_dataset/KITTI/2011_09_26_drive_0117/image_02/0000000442/image.png
480,480,../../data/moge_dataset/KITTI/2011_09_26_drive_0117/image_02/0000000468/image.jpg,../../data/moge_dataset/KITTI/2011_09_26_drive_0117/image_02/0000000468/depth.png,../../data/moge_dataset/KITTI/2011_09_26_drive_0117/image_02/0000000468/meta.json,KITTI,../../data/depthanything/moge_dataset/KITTI/2011_09_26_drive_0117/image_02/0000000468/image.png
481,481,../../data/moge_dataset/KITTI/2011_09_26_drive_0117/image_02/0000000494/image.jpg,../../data/moge_dataset/KITTI/2011_09_26_drive_0117/image_02/0000000494/depth.png,../../data/moge_dataset/KITTI/2011_09_26_drive_0117/image_02/0000000494/meta.json,KITTI,../../data/depthanything/moge_dataset/KITTI/2011_09_26_drive_0117/image_02/0000000494/image.png
482,482,../../data/moge_dataset/KITTI/2011_09_26_drive_0117/image_02/0000000546/image.jpg,../../data/moge_dataset/KITTI/2011_09_26_drive_0117/image_02/0000000546/depth.png,../../data/moge_dataset/KITTI/2011_09_26_drive_0117/image_02/0000000546/meta.json,KITTI,../../data/depthanything/moge_dataset/KITTI/2011_09_26_drive_0117/image_02/0000000546/image.png
483,483,../../data/moge_dataset/KITTI/2011_09_26_drive_0117/image_02/0000000572/image.jpg,../../data/moge_dataset/KITTI/2011_09_26_drive_0117/image_02/0000000572/depth.png,../../data/moge_dataset/KITTI/2011_09_26_drive_0117/image_02/0000000572/meta.json,KITTI,../../data/depthanything/moge_dataset/KITTI/2011_09_26_drive_0117/image_02/0000000572/image.png
484,484,../../data/moge_dataset/KITTI/2011_09_26_drive_0117/image_02/0000000598/image.jpg,../../data/moge_dataset/KITTI/2011_09_26_drive_0117/image_02/0000000598/depth.png,../../data/moge_dataset/KITTI/2011_09_26_drive_0117/image_02/0000000598/meta.json,KITTI,../../data/depthanything/moge_dataset/KITTI/2011_09_26_drive_0117/image_02/0000000598/image.png
485,485,../../data/moge_dataset/KITTI/2011_09_26_drive_0117/image_02/0000000624/image.jpg,../../data/moge_dataset/KITTI/2011_09_26_drive_0117/image_02/0000000624/depth.png,../../data/moge_dataset/KITTI/2011_09_26_drive_0117/image_02/0000000624/meta.json,KITTI,../../data/depthanything/moge_dataset/KITTI/2011_09_26_drive_0117/image_02/0000000624/image.png
486,486,../../data/moge_dataset/KITTI/2011_09_26_drive_0117/image_02/0000000650/image.jpg,../../data/moge_dataset/KITTI/2011_09_26_drive_0117/image_02/0000000650/depth.png,../../data/moge_dataset/KITTI/2011_09_26_drive_0117/image_02/0000000650/meta.json,KITTI,../../data/depthanything/moge_dataset/KITTI/2011_09_26_drive_0117/image_02/0000000650/image.png
487,487,../../data/moge_dataset/KITTI/2011_09_28_drive_0002/image_02/0000000006/image.jpg,../../data/moge_dataset/KITTI/2011_09_28_drive_0002/image_02/0000000006/depth.png,../../data/moge_dataset/KITTI/2011_09_28_drive_0002/image_02/0000000006/meta.json,KITTI,../../data/depthanything/moge_dataset/KITTI/2011_09_28_drive_0002/image_02/0000000006/image.png
488,488,../../data/moge_dataset/KITTI/2011_09_28_drive_0002/image_02/0000000009/image.jpg,../../data/moge_dataset/KITTI/2011_09_28_drive_0002/image_02/0000000009/depth.png,../../data/moge_dataset/KITTI/2011_09_28_drive_0002/image_02/0000000009/meta.json,KITTI,../../data/depthanything/moge_dataset/KITTI/2011_09_28_drive_0002/image_02/0000000009/image.png
489,489,../../data/moge_dataset/KITTI/2011_09_28_drive_0002/image_02/0000000012/image.jpg,../../data/moge_dataset/KITTI/2011_09_28_drive_0002/image_02/0000000012/depth.png,../../data/moge_dataset/KITTI/2011_09_28_drive_0002/image_02/0000000012/meta.json,KITTI,../../data/depthanything/moge_dataset/KITTI/2011_09_28_drive_0002/image_02/0000000012/image.png
490,490,../../data/moge_dataset/KITTI/2011_09_28_drive_0002/image_02/0000000018/image.jpg,../../data/moge_dataset/KITTI/2011_09_28_drive_0002/image_02/0000000018/depth.png,../../data/moge_dataset/KITTI/2011_09_28_drive_0002/image_02/0000000018/meta.json,KITTI,../../data/depthanything/moge_dataset/KITTI/2011_09_28_drive_0002/image_02/0000000018/image.png
491,491,../../data/moge_dataset/KITTI/2011_09_28_drive_0002/image_02/0000000021/image.jpg,../../data/moge_dataset/KITTI/2011_09_28_drive_0002/image_02/0000000021/depth.png,../../data/moge_dataset/KITTI/2011_09_28_drive_0002/image_02/0000000021/meta.json,KITTI,../../data/depthanything/moge_dataset/KITTI/2011_09_28_drive_0002/image_02/0000000021/image.png
492,492,../../data/moge_dataset/KITTI/2011_09_28_drive_0002/image_02/0000000024/image.jpg,../../data/moge_dataset/KITTI/2011_09_28_drive_0002/image_02/0000000024/depth.png,../../data/moge_dataset/KITTI/2011_09_28_drive_0002/image_02/0000000024/meta.json,KITTI,../../data/depthanything/moge_dataset/KITTI/2011_09_28_drive_0002/image_02/0000000024/image.png
493,493,../../data/moge_dataset/KITTI/2011_09_28_drive_0002/image_02/0000000030/image.jpg,../../data/moge_dataset/KITTI/2011_09_28_drive_0002/image_02/0000000030/depth.png,../../data/moge_dataset/KITTI/2011_09_28_drive_0002/image_02/0000000030/meta.json,KITTI,../../data/depthanything/moge_dataset/KITTI/2011_09_28_drive_0002/image_02/0000000030/image.png
494,494,../../data/moge_dataset/KITTI/2011_09_28_drive_0002/image_02/0000000033/image.jpg,../../data/moge_dataset/KITTI/2011_09_28_drive_0002/image_02/0000000033/depth.png,../../data/moge_dataset/KITTI/2011_09_28_drive_0002/image_02/0000000033/meta.json,KITTI,../../data/depthanything/moge_dataset/KITTI/2011_09_28_drive_0002/image_02/0000000033/image.png
495,495,../../data/moge_dataset/KITTI/2011_09_28_drive_0002/image_02/0000000036/image.jpg,../../data/moge_dataset/KITTI/2011_09_28_drive_0002/image_02/0000000036/depth.png,../../data/moge_dataset/KITTI/2011_09_28_drive_0002/image_02/0000000036/meta.json,KITTI,../../data/depthanything/moge_dataset/KITTI/2011_09_28_drive_0002/image_02/0000000036/image.png
496,496,../../data/moge_dataset/KITTI/2011_09_28_drive_0002/image_02/0000000039/image.jpg,../../data/moge_dataset/KITTI/2011_09_28_drive_0002/image_02/0000000039/depth.png,../../data/moge_dataset/KITTI/2011_09_28_drive_0002/image_02/0000000039/meta.json,KITTI,../../data/depthanything/moge_dataset/KITTI/2011_09_28_drive_0002/image_02/0000000039/image.png
497,497,../../data/moge_dataset/KITTI/2011_09_28_drive_0002/image_02/0000000045/image.jpg,../../data/moge_dataset/KITTI/2011_09_28_drive_0002/image_02/0000000045/depth.png,../../data/moge_dataset/KITTI/2011_09_28_drive_0002/image_02/0000000045/meta.json,KITTI,../../data/depthanything/moge_dataset/KITTI/2011_09_28_drive_0002/image_02/0000000045/image.png
498,498,../../data/moge_dataset/KITTI/2011_09_28_drive_0002/image_02/0000000048/image.jpg,../../data/moge_dataset/KITTI/2011_09_28_drive_0002/image_02/0000000048/depth.png,../../data/moge_dataset/KITTI/2011_09_28_drive_0002/image_02/0000000048/meta.json,KITTI,../../data/depthanything/moge_dataset/KITTI/2011_09_28_drive_0002/image_02/0000000048/image.png
499,499,../../data/moge_dataset/KITTI/2011_09_28_drive_0002/image_02/0000000051/image.jpg,../../data/moge_dataset/KITTI/2011_09_28_drive_0002/image_02/0000000051/depth.png,../../data/moge_dataset/KITTI/2011_09_28_drive_0002/image_02/0000000051/meta.json,KITTI,../../data/depthanything/moge_dataset/KITTI/2011_09_28_drive_0002/image_02/0000000051/image.png
500,500,../../data/moge_dataset/KITTI/2011_09_28_drive_0002/image_02/0000000054/image.jpg,../../data/moge_dataset/KITTI/2011_09_28_drive_0002/image_02/0000000054/depth.png,../../data/moge_dataset/KITTI/2011_09_28_drive_0002/image_02/0000000054/meta.json,KITTI,../../data/depthanything/moge_dataset/KITTI/2011_09_28_drive_0002/image_02/0000000054/image.png
501,501,../../data/moge_dataset/KITTI/2011_09_28_drive_0002/image_02/0000000057/image.jpg,../../data/moge_dataset/KITTI/2011_09_28_drive_0002/image_02/0000000057/depth.png,../../data/moge_dataset/KITTI/2011_09_28_drive_0002/image_02/0000000057/meta.json,KITTI,../../data/depthanything/moge_dataset/KITTI/2011_09_28_drive_0002/image_02/0000000057/image.png
502,502,../../data/moge_dataset/KITTI/2011_09_28_drive_0002/image_02/0000000060/image.jpg,../../data/moge_dataset/KITTI/2011_09_28_drive_0002/image_02/0000000060/depth.png,../../data/moge_dataset/KITTI/2011_09_28_drive_0002/image_02/0000000060/meta.json,KITTI,../../data/depthanything/moge_dataset/KITTI/2011_09_28_drive_0002/image_02/0000000060/image.png
503,503,../../data/moge_dataset/KITTI/2011_09_28_drive_0002/image_02/0000000063/image.jpg,../../data/moge_dataset/KITTI/2011_09_28_drive_0002/image_02/0000000063/depth.png,../../data/moge_dataset/KITTI/2011_09_28_drive_0002/image_02/0000000063/meta.json,KITTI,../../data/depthanything/moge_dataset/KITTI/2011_09_28_drive_0002/image_02/0000000063/image.png
504,504,../../data/moge_dataset/KITTI/2011_09_28_drive_0002/image_02/0000000072/image.jpg,../../data/moge_dataset/KITTI/2011_09_28_drive_0002/image_02/0000000072/depth.png,../../data/moge_dataset/KITTI/2011_09_28_drive_0002/image_02/0000000072/meta.json,KITTI,../../data/depthanything/moge_dataset/KITTI/2011_09_28_drive_0002/image_02/0000000072/image.png
505,505,../../data/moge_dataset/KITTI/2011_09_28_drive_0002/image_02/0000000078/image.jpg,../../data/moge_dataset/KITTI/2011_09_28_drive_0002/image_02/0000000078/depth.png,../../data/moge_dataset/KITTI/2011_09_28_drive_0002/image_02/0000000078/meta.json,KITTI,../../data/depthanything/moge_dataset/KITTI/2011_09_28_drive_0002/image_02/0000000078/image.png
506,506,../../data/moge_dataset/KITTI/2011_09_28_drive_0002/image_02/0000000081/image.jpg,../../data/moge_dataset/KITTI/2011_09_28_drive_0002/image_02/0000000081/depth.png,../../data/moge_dataset/KITTI/2011_09_28_drive_0002/image_02/0000000081/meta.json,KITTI,../../data/depthanything/moge_dataset/KITTI/2011_09_28_drive_0002/image_02/0000000081/image.png
507,507,../../data/moge_dataset/KITTI/2011_09_28_drive_0002/image_02/0000000084/image.jpg,../../data/moge_dataset/KITTI/2011_09_28_drive_0002/image_02/0000000084/depth.png,../../data/moge_dataset/KITTI/2011_09_28_drive_0002/image_02/0000000084/meta.json,KITTI,../../data/depthanything/moge_dataset/KITTI/2011_09_28_drive_0002/image_02/0000000084/image.png
508,508,../../data/moge_dataset/KITTI/2011_09_28_drive_0002/image_02/0000000087/image.jpg,../../data/moge_dataset/KITTI/2011_09_28_drive_0002/image_02/0000000087/depth.png,../../data/moge_dataset/KITTI/2011_09_28_drive_0002/image_02/0000000087/meta.json,KITTI,../../data/depthanything/moge_dataset/KITTI/2011_09_28_drive_0002/image_02/0000000087/image.png
509,509,../../data/moge_dataset/KITTI/2011_09_28_drive_0002/image_02/0000000090/image.jpg,../../data/moge_dataset/KITTI/2011_09_28_drive_0002/image_02/0000000090/depth.png,../../data/moge_dataset/KITTI/2011_09_28_drive_0002/image_02/0000000090/meta.json,KITTI,../../data/depthanything/moge_dataset/KITTI/2011_09_28_drive_0002/image_02/0000000090/image.png
510,510,../../data/moge_dataset/KITTI/2011_09_29_drive_0071/image_02/0000000036/image.jpg,../../data/moge_dataset/KITTI/2011_09_29_drive_0071/image_02/0000000036/depth.png,../../data/moge_dataset/KITTI/2011_09_29_drive_0071/image_02/0000000036/meta.json,KITTI,../../data/depthanything/moge_dataset/KITTI/2011_09_29_drive_0071/image_02/0000000036/image.png
511,511,../../data/moge_dataset/KITTI/2011_09_29_drive_0071/image_02/0000000072/image.jpg,../../data/moge_dataset/KITTI/2011_09_29_drive_0071/image_02/0000000072/depth.png,../../data/moge_dataset/KITTI/2011_09_29_drive_0071/image_02/0000000072/meta.json,KITTI,../../data/depthanything/moge_dataset/KITTI/2011_09_29_drive_0071/image_02/0000000072/image.png
512,512,../../data/moge_dataset/KITTI/2011_09_29_drive_0071/image_02/0000000108/image.jpg,../../data/moge_dataset/KITTI/2011_09_29_drive_0071/image_02/0000000108/depth.png,../../data/moge_dataset/KITTI/2011_09_29_drive_0071/image_02/0000000108/meta.json,KITTI,../../data/depthanything/moge_dataset/KITTI/2011_09_29_drive_0071/image_02/0000000108/image.png
513,513,../../data/moge_dataset/KITTI/2011_09_29_drive_0071/image_02/0000000144/image.jpg,../../data/moge_dataset/KITTI/2011_09_29_drive_0071/image_02/0000000144/depth.png,../../data/moge_dataset/KITTI/2011_09_29_drive_0071/image_02/0000000144/meta.json,KITTI,../../data/depthanything/moge_dataset/KITTI/2011_09_29_drive_0071/image_02/0000000144/image.png
514,514,../../data/moge_dataset/KITTI/2011_09_29_drive_0071/image_02/0000000180/image.jpg,../../data/moge_dataset/KITTI/2011_09_29_drive_0071/image_02/0000000180/depth.png,../../data/moge_dataset/KITTI/2011_09_29_drive_0071/image_02/0000000180/meta.json,KITTI,../../data/depthanything/moge_dataset/KITTI/2011_09_29_drive_0071/image_02/0000000180/image.png
515,515,../../data/moge_dataset/KITTI/2011_09_29_drive_0071/image_02/0000000216/image.jpg,../../data/moge_dataset/KITTI/2011_09_29_drive_0071/image_02/0000000216/depth.png,../../data/moge_dataset/KITTI/2011_09_29_drive_0071/image_02/0000000216/meta.json,KITTI,../../data/depthanything/moge_dataset/KITTI/2011_09_29_drive_0071/image_02/0000000216/image.png
516,516,../../data/moge_dataset/KITTI/2011_09_29_drive_0071/image_02/0000000252/image.jpg,../../data/moge_dataset/KITTI/2011_09_29_drive_0071/image_02/0000000252/depth.png,../../data/moge_dataset/KITTI/2011_09_29_drive_0071/image_02/0000000252/meta.json,KITTI,../../data/depthanything/moge_dataset/KITTI/2011_09_29_drive_0071/image_02/0000000252/image.png
517,517,../../data/moge_dataset/KITTI/2011_09_29_drive_0071/image_02/0000000288/image.jpg,../../data/moge_dataset/KITTI/2011_09_29_drive_0071/image_02/0000000288/depth.png,../../data/moge_dataset/KITTI/2011_09_29_drive_0071/image_02/0000000288/meta.json,KITTI,../../data/depthanything/moge_dataset/KITTI/2011_09_29_drive_0071/image_02/0000000288/image.png
518,518,../../data/moge_dataset/KITTI/2011_09_29_drive_0071/image_02/0000000324/image.jpg,../../data/moge_dataset/KITTI/2011_09_29_drive_0071/image_02/0000000324/depth.png,../../data/moge_dataset/KITTI/2011_09_29_drive_0071/image_02/0000000324/meta.json,KITTI,../../data/depthanything/moge_dataset/KITTI/2011_09_29_drive_0071/image_02/0000000324/image.png
519,519,../../data/moge_dataset/KITTI/2011_09_29_drive_0071/image_02/0000000360/image.jpg,../../data/moge_dataset/KITTI/2011_09_29_drive_0071/image_02/0000000360/depth.png,../../data/moge_dataset/KITTI/2011_09_29_drive_0071/image_02/0000000360/meta.json,KITTI,../../data/depthanything/moge_dataset/KITTI/2011_09_29_drive_0071/image_02/0000000360/image.png
520,520,../../data/moge_dataset/KITTI/2011_09_29_drive_0071/image_02/0000000396/image.jpg,../../data/moge_dataset/KITTI/2011_09_29_drive_0071/image_02/0000000396/depth.png,../../data/moge_dataset/KITTI/2011_09_29_drive_0071/image_02/0000000396/meta.json,KITTI,../../data/depthanything/moge_dataset/KITTI/2011_09_29_drive_0071/image_02/0000000396/image.png
521,521,../../data/moge_dataset/KITTI/2011_09_29_drive_0071/image_02/0000000432/image.jpg,../../data/moge_dataset/KITTI/2011_09_29_drive_0071/image_02/0000000432/depth.png,../../data/moge_dataset/KITTI/2011_09_29_drive_0071/image_02/0000000432/meta.json,KITTI,../../data/depthanything/moge_dataset/KITTI/2011_09_29_drive_0071/image_02/0000000432/image.png
522,522,../../data/moge_dataset/KITTI/2011_09_29_drive_0071/image_02/0000000468/image.jpg,../../data/moge_dataset/KITTI/2011_09_29_drive_0071/image_02/0000000468/depth.png,../../data/moge_dataset/KITTI/2011_09_29_drive_0071/image_02/0000000468/meta.json,KITTI,../../data/depthanything/moge_dataset/KITTI/2011_09_29_drive_0071/image_02/0000000468/image.png
523,523,../../data/moge_dataset/KITTI/2011_09_29_drive_0071/image_02/0000000504/image.jpg,../../data/moge_dataset/KITTI/2011_09_29_drive_0071/image_02/0000000504/depth.png,../../data/moge_dataset/KITTI/2011_09_29_drive_0071/image_02/0000000504/meta.json,KITTI,../../data/depthanything/moge_dataset/KITTI/2011_09_29_drive_0071/image_02/0000000504/image.png
524,524,../../data/moge_dataset/KITTI/2011_09_29_drive_0071/image_02/0000000540/image.jpg,../../data/moge_dataset/KITTI/2011_09_29_drive_0071/image_02/0000000540/depth.png,../../data/moge_dataset/KITTI/2011_09_29_drive_0071/image_02/0000000540/meta.json,KITTI,../../data/depthanything/moge_dataset/KITTI/2011_09_29_drive_0071/image_02/0000000540/image.png
525,525,../../data/moge_dataset/KITTI/2011_09_29_drive_0071/image_02/0000000576/image.jpg,../../data/moge_dataset/KITTI/2011_09_29_drive_0071/image_02/0000000576/depth.png,../../data/moge_dataset/KITTI/2011_09_29_drive_0071/image_02/0000000576/meta.json,KITTI,../../data/depthanything/moge_dataset/KITTI/2011_09_29_drive_0071/image_02/0000000576/image.png
526,526,../../data/moge_dataset/KITTI/2011_09_29_drive_0071/image_02/0000000612/image.jpg,../../data/moge_dataset/KITTI/2011_09_29_drive_0071/image_02/0000000612/depth.png,../../data/moge_dataset/KITTI/2011_09_29_drive_0071/image_02/0000000612/meta.json,KITTI,../../data/depthanything/moge_dataset/KITTI/2011_09_29_drive_0071/image_02/0000000612/image.png
527,527,../../data/moge_dataset/KITTI/2011_09_29_drive_0071/image_02/0000000735/image.jpg,../../data/moge_dataset/KITTI/2011_09_29_drive_0071/image_02/0000000735/depth.png,../../data/moge_dataset/KITTI/2011_09_29_drive_0071/image_02/0000000735/meta.json,KITTI,../../data/depthanything/moge_dataset/KITTI/2011_09_29_drive_0071/image_02/0000000735/image.png
528,528,../../data/moge_dataset/KITTI/2011_09_29_drive_0071/image_02/0000000771/image.jpg,../../data/moge_dataset/KITTI/2011_09_29_drive_0071/image_02/0000000771/depth.png,../../data/moge_dataset/KITTI/2011_09_29_drive_0071/image_02/0000000771/meta.json,KITTI,../../data/depthanything/moge_dataset/KITTI/2011_09_29_drive_0071/image_02/0000000771/image.png
529,529,../../data/moge_dataset/KITTI/2011_09_29_drive_0071/image_02/0000000807/image.jpg,../../data/moge_dataset/KITTI/2011_09_29_drive_0071/image_02/0000000807/depth.png,../../data/moge_dataset/KITTI/2011_09_29_drive_0071/image_02/0000000807/meta.json,KITTI,../../data/depthanything/moge_dataset/KITTI/2011_09_29_drive_0071/image_02/0000000807/image.png
530,530,../../data/moge_dataset/KITTI/2011_09_29_drive_0071/image_02/0000000879/image.jpg,../../data/moge_dataset/KITTI/2011_09_29_drive_0071/image_02/0000000879/depth.png,../../data/moge_dataset/KITTI/2011_09_29_drive_0071/image_02/0000000879/meta.json,KITTI,../../data/depthanything/moge_dataset/KITTI/2011_09_29_drive_0071/image_02/0000000879/image.png
531,531,../../data/moge_dataset/KITTI/2011_09_29_drive_0071/image_02/0000000915/image.jpg,../../data/moge_dataset/KITTI/2011_09_29_drive_0071/image_02/0000000915/depth.png,../../data/moge_dataset/KITTI/2011_09_29_drive_0071/image_02/0000000915/meta.json,KITTI,../../data/depthanything/moge_dataset/KITTI/2011_09_29_drive_0071/image_02/0000000915/image.png
532,532,../../data/moge_dataset/KITTI/2011_09_29_drive_0071/image_02/0000000951/image.jpg,../../data/moge_dataset/KITTI/2011_09_29_drive_0071/image_02/0000000951/depth.png,../../data/moge_dataset/KITTI/2011_09_29_drive_0071/image_02/0000000951/meta.json,KITTI,../../data/depthanything/moge_dataset/KITTI/2011_09_29_drive_0071/image_02/0000000951/image.png
533,533,../../data/moge_dataset/KITTI/2011_09_30_drive_0016/image_02/0000000011/image.jpg,../../data/moge_dataset/KITTI/2011_09_30_drive_0016/image_02/0000000011/depth.png,../../data/moge_dataset/KITTI/2011_09_30_drive_0016/image_02/0000000011/meta.json,KITTI,../../data/depthanything/moge_dataset/KITTI/2011_09_30_drive_0016/image_02/0000000011/image.png
534,534,../../data/moge_dataset/KITTI/2011_09_30_drive_0016/image_02/0000000022/image.jpg,../../data/moge_dataset/KITTI/2011_09_30_drive_0016/image_02/0000000022/depth.png,../../data/moge_dataset/KITTI/2011_09_30_drive_0016/image_02/0000000022/meta.json,KITTI,../../data/depthanything/moge_dataset/KITTI/2011_09_30_drive_0016/image_02/0000000022/image.png
535,535,../../data/moge_dataset/KITTI/2011_09_30_drive_0016/image_02/0000000033/image.jpg,../../data/moge_dataset/KITTI/2011_09_30_drive_0016/image_02/0000000033/depth.png,../../data/moge_dataset/KITTI/2011_09_30_drive_0016/image_02/0000000033/meta.json,KITTI,../../data/depthanything/moge_dataset/KITTI/2011_09_30_drive_0016/image_02/0000000033/image.png
536,536,../../data/moge_dataset/KITTI/2011_09_30_drive_0016/image_02/0000000044/image.jpg,../../data/moge_dataset/KITTI/2011_09_30_drive_0016/image_02/0000000044/depth.png,../../data/moge_dataset/KITTI/2011_09_30_drive_0016/image_02/0000000044/meta.json,KITTI,../../data/depthanything/moge_dataset/KITTI/2011_09_30_drive_0016/image_02/0000000044/image.png
537,537,../../data/moge_dataset/KITTI/2011_09_30_drive_0016/image_02/0000000055/image.jpg,../../data/moge_dataset/KITTI/2011_09_30_drive_0016/image_02/0000000055/depth.png,../../data/moge_dataset/KITTI/2011_09_30_drive_0016/image_02/0000000055/meta.json,KITTI,../../data/depthanything/moge_dataset/KITTI/2011_09_30_drive_0016/image_02/0000000055/image.png
538,538,../../data/moge_dataset/KITTI/2011_09_30_drive_0016/image_02/0000000066/image.jpg,../../data/moge_dataset/KITTI/2011_09_30_drive_0016/image_02/0000000066/depth.png,../../data/moge_dataset/KITTI/2011_09_30_drive_0016/image_02/0000000066/meta.json,KITTI,../../data/depthanything/moge_dataset/KITTI/2011_09_30_drive_0016/image_02/0000000066/image.png
539,539,../../data/moge_dataset/KITTI/2011_09_30_drive_0016/image_02/0000000077/image.jpg,../../data/moge_dataset/KITTI/2011_09_30_drive_0016/image_02/0000000077/depth.png,../../data/moge_dataset/KITTI/2011_09_30_drive_0016/image_02/0000000077/meta.json,KITTI,../../data/depthanything/moge_dataset/KITTI/2011_09_30_drive_0016/image_02/0000000077/image.png
540,540,../../data/moge_dataset/KITTI/2011_09_30_drive_0016/image_02/0000000088/image.jpg,../../data/moge_dataset/KITTI/2011_09_30_drive_0016/image_02/0000000088/depth.png,../../data/moge_dataset/KITTI/2011_09_30_drive_0016/image_02/0000000088/meta.json,KITTI,../../data/depthanything/moge_dataset/KITTI/2011_09_30_drive_0016/image_02/0000000088/image.png
541,541,../../data/moge_dataset/KITTI/2011_09_30_drive_0016/image_02/0000000110/image.jpg,../../data/moge_dataset/KITTI/2011_09_30_drive_0016/image_02/0000000110/depth.png,../../data/moge_dataset/KITTI/2011_09_30_drive_0016/image_02/0000000110/meta.json,KITTI,../../data/depthanything/moge_dataset/KITTI/2011_09_30_drive_0016/image_02/0000000110/image.png
542,542,../../data/moge_dataset/KITTI/2011_09_30_drive_0016/image_02/0000000121/image.jpg,../../data/moge_dataset/KITTI/2011_09_30_drive_0016/image_02/0000000121/depth.png,../../data/moge_dataset/KITTI/2011_09_30_drive_0016/image_02/0000000121/meta.json,KITTI,../../data/depthanything/moge_dataset/KITTI/2011_09_30_drive_0016/image_02/0000000121/image.png
543,543,../../data/moge_dataset/KITTI/2011_09_30_drive_0016/image_02/0000000132/image.jpg,../../data/moge_dataset/KITTI/2011_09_30_drive_0016/image_02/0000000132/depth.png,../../data/moge_dataset/KITTI/2011_09_30_drive_0016/image_02/0000000132/meta.json,KITTI,../../data/depthanything/moge_dataset/KITTI/2011_09_30_drive_0016/image_02/0000000132/image.png
544,544,../../data/moge_dataset/KITTI/2011_09_30_drive_0016/image_02/0000000143/image.jpg,../../data/moge_dataset/KITTI/2011_09_30_drive_0016/image_02/0000000143/depth.png,../../data/moge_dataset/KITTI/2011_09_30_drive_0016/image_02/0000000143/meta.json,KITTI,../../data/depthanything/moge_dataset/KITTI/2011_09_30_drive_0016/image_02/0000000143/image.png
545,545,../../data/moge_dataset/KITTI/2011_09_30_drive_0016/image_02/0000000154/image.jpg,../../data/moge_dataset/KITTI/2011_09_30_drive_0016/image_02/0000000154/depth.png,../../data/moge_dataset/KITTI/2011_09_30_drive_0016/image_02/0000000154/meta.json,KITTI,../../data/depthanything/moge_dataset/KITTI/2011_09_30_drive_0016/image_02/0000000154/image.png
546,546,../../data/moge_dataset/KITTI/2011_09_30_drive_0016/image_02/0000000165/image.jpg,../../data/moge_dataset/KITTI/2011_09_30_drive_0016/image_02/0000000165/depth.png,../../data/moge_dataset/KITTI/2011_09_30_drive_0016/image_02/0000000165/meta.json,KITTI,../../data/depthanything/moge_dataset/KITTI/2011_09_30_drive_0016/image_02/0000000165/image.png
547,547,../../data/moge_dataset/KITTI/2011_09_30_drive_0016/image_02/0000000176/image.jpg,../../data/moge_dataset/KITTI/2011_09_30_drive_0016/image_02/0000000176/depth.png,../../data/moge_dataset/KITTI/2011_09_30_drive_0016/image_02/0000000176/meta.json,KITTI,../../data/depthanything/moge_dataset/KITTI/2011_09_30_drive_0016/image_02/0000000176/image.png
548,548,../../data/moge_dataset/KITTI/2011_09_30_drive_0016/image_02/0000000187/image.jpg,../../data/moge_dataset/KITTI/2011_09_30_drive_0016/image_02/0000000187/depth.png,../../data/moge_dataset/KITTI/2011_09_30_drive_0016/image_02/0000000187/meta.json,KITTI,../../data/depthanything/moge_dataset/KITTI/2011_09_30_drive_0016/image_02/0000000187/image.png
549,549,../../data/moge_dataset/KITTI/2011_09_30_drive_0016/image_02/0000000198/image.jpg,../../data/moge_dataset/KITTI/2011_09_30_drive_0016/image_02/0000000198/depth.png,../../data/moge_dataset/KITTI/2011_09_30_drive_0016/image_02/0000000198/meta.json,KITTI,../../data/depthanything/moge_dataset/KITTI/2011_09_30_drive_0016/image_02/0000000198/image.png
550,550,../../data/moge_dataset/KITTI/2011_09_30_drive_0016/image_02/0000000209/image.jpg,../../data/moge_dataset/KITTI/2011_09_30_drive_0016/image_02/0000000209/depth.png,../../data/moge_dataset/KITTI/2011_09_30_drive_0016/image_02/0000000209/meta.json,KITTI,../../data/depthanything/moge_dataset/KITTI/2011_09_30_drive_0016/image_02/0000000209/image.png
551,551,../../data/moge_dataset/KITTI/2011_09_30_drive_0016/image_02/0000000220/image.jpg,../../data/moge_dataset/KITTI/2011_09_30_drive_0016/image_02/0000000220/depth.png,../../data/moge_dataset/KITTI/2011_09_30_drive_0016/image_02/0000000220/meta.json,KITTI,../../data/depthanything/moge_dataset/KITTI/2011_09_30_drive_0016/image_02/0000000220/image.png
552,552,../../data/moge_dataset/KITTI/2011_09_30_drive_0016/image_02/0000000231/image.jpg,../../data/moge_dataset/KITTI/2011_09_30_drive_0016/image_02/0000000231/depth.png,../../data/moge_dataset/KITTI/2011_09_30_drive_0016/image_02/0000000231/meta.json,KITTI,../../data/depthanything/moge_dataset/KITTI/2011_09_30_drive_0016/image_02/0000000231/image.png
553,553,../../data/moge_dataset/KITTI/2011_09_30_drive_0016/image_02/0000000242/image.jpg,../../data/moge_dataset/KITTI/2011_09_30_drive_0016/image_02/0000000242/depth.png,../../data/moge_dataset/KITTI/2011_09_30_drive_0016/image_02/0000000242/meta.json,KITTI,../../data/depthanything/moge_dataset/KITTI/2011_09_30_drive_0016/image_02/0000000242/image.png
554,554,../../data/moge_dataset/KITTI/2011_09_30_drive_0016/image_02/0000000253/image.jpg,../../data/moge_dataset/KITTI/2011_09_30_drive_0016/image_02/0000000253/depth.png,../../data/moge_dataset/KITTI/2011_09_30_drive_0016/image_02/0000000253/meta.json,KITTI,../../data/depthanything/moge_dataset/KITTI/2011_09_30_drive_0016/image_02/0000000253/image.png
555,555,../../data/moge_dataset/KITTI/2011_09_30_drive_0016/image_02/0000000264/image.jpg,../../data/moge_dataset/KITTI/2011_09_30_drive_0016/image_02/0000000264/depth.png,../../data/moge_dataset/KITTI/2011_09_30_drive_0016/image_02/0000000264/meta.json,KITTI,../../data/depthanything/moge_dataset/KITTI/2011_09_30_drive_0016/image_02/0000000264/image.png
556,556,../../data/moge_dataset/KITTI/2011_09_30_drive_0018/image_02/0000000107/image.jpg,../../data/moge_dataset/KITTI/2011_09_30_drive_0018/image_02/0000000107/depth.png,../../data/moge_dataset/KITTI/2011_09_30_drive_0018/image_02/0000000107/meta.json,KITTI,../../data/depthanything/moge_dataset/KITTI/2011_09_30_drive_0018/image_02/0000000107/image.png
557,557,../../data/moge_dataset/KITTI/2011_09_30_drive_0018/image_02/0000000214/image.jpg,../../data/moge_dataset/KITTI/2011_09_30_drive_0018/image_02/0000000214/depth.png,../../data/moge_dataset/KITTI/2011_09_30_drive_0018/image_02/0000000214/meta.json,KITTI,../../data/depthanything/moge_dataset/KITTI/2011_09_30_drive_0018/image_02/0000000214/image.png
558,558,../../data/moge_dataset/KITTI/2011_09_30_drive_0018/image_02/0000000428/image.jpg,../../data/moge_dataset/KITTI/2011_09_30_drive_0018/image_02/0000000428/depth.png,../../data/moge_dataset/KITTI/2011_09_30_drive_0018/image_02/0000000428/meta.json,KITTI,../../data/depthanything/moge_dataset/KITTI/2011_09_30_drive_0018/image_02/0000000428/image.png
559,559,../../data/moge_dataset/KITTI/2011_09_30_drive_0018/image_02/0000000535/image.jpg,../../data/moge_dataset/KITTI/2011_09_30_drive_0018/image_02/0000000535/depth.png,../../data/moge_dataset/KITTI/2011_09_30_drive_0018/image_02/0000000535/meta.json,KITTI,../../data/depthanything/moge_dataset/KITTI/2011_09_30_drive_0018/image_02/0000000535/image.png
560,560,../../data/moge_dataset/KITTI/2011_09_30_drive_0018/image_02/0000000642/image.jpg,../../data/moge_dataset/KITTI/2011_09_30_drive_0018/image_02/0000000642/depth.png,../../data/moge_dataset/KITTI/2011_09_30_drive_0018/image_02/0000000642/meta.json,KITTI,../../data/depthanything/moge_dataset/KITTI/2011_09_30_drive_0018/image_02/0000000642/image.png
561,561,../../data/moge_dataset/KITTI/2011_09_30_drive_0018/image_02/0000000749/image.jpg,../../data/moge_dataset/KITTI/2011_09_30_drive_0018/image_02/0000000749/depth.png,../../data/moge_dataset/KITTI/2011_09_30_drive_0018/image_02/0000000749/meta.json,KITTI,../../data/depthanything/moge_dataset/KITTI/2011_09_30_drive_0018/image_02/0000000749/image.png
562,562,../../data/moge_dataset/KITTI/2011_09_30_drive_0018/image_02/0000000856/image.jpg,../../data/moge_dataset/KITTI/2011_09_30_drive_0018/image_02/0000000856/depth.png,../../data/moge_dataset/KITTI/2011_09_30_drive_0018/image_02/0000000856/meta.json,KITTI,../../data/depthanything/moge_dataset/KITTI/2011_09_30_drive_0018/image_02/0000000856/image.png
563,563,../../data/moge_dataset/KITTI/2011_09_30_drive_0018/image_02/0000000963/image.jpg,../../data/moge_dataset/KITTI/2011_09_30_drive_0018/image_02/0000000963/depth.png,../../data/moge_dataset/KITTI/2011_09_30_drive_0018/image_02/0000000963/meta.json,KITTI,../../data/depthanything/moge_dataset/KITTI/2011_09_30_drive_0018/image_02/0000000963/image.png
564,564,../../data/moge_dataset/KITTI/2011_09_30_drive_0018/image_02/0000001070/image.jpg,../../data/moge_dataset/KITTI/2011_09_30_drive_0018/image_02/0000001070/depth.png,../../data/moge_dataset/KITTI/2011_09_30_drive_0018/image_02/0000001070/meta.json,KITTI,../../data/depthanything/moge_dataset/KITTI/2011_09_30_drive_0018/image_02/0000001070/image.png
565,565,../../data/moge_dataset/KITTI/2011_09_30_drive_0018/image_02/0000001177/image.jpg,../../data/moge_dataset/KITTI/2011_09_30_drive_0018/image_02/0000001177/depth.png,../../data/moge_dataset/KITTI/2011_09_30_drive_0018/image_02/0000001177/meta.json,KITTI,../../data/depthanything/moge_dataset/KITTI/2011_09_30_drive_0018/image_02/0000001177/image.png
566,566,../../data/moge_dataset/KITTI/2011_09_30_drive_0018/image_02/0000001284/image.jpg,../../data/moge_dataset/KITTI/2011_09_30_drive_0018/image_02/0000001284/depth.png,../../data/moge_dataset/KITTI/2011_09_30_drive_0018/image_02/0000001284/meta.json,KITTI,../../data/depthanything/moge_dataset/KITTI/2011_09_30_drive_0018/image_02/0000001284/image.png
567,567,../../data/moge_dataset/KITTI/2011_09_30_drive_0018/image_02/0000001391/image.jpg,../../data/moge_dataset/KITTI/2011_09_30_drive_0018/image_02/0000001391/depth.png,../../data/moge_dataset/KITTI/2011_09_30_drive_0018/image_02/0000001391/meta.json,KITTI,../../data/depthanything/moge_dataset/KITTI/2011_09_30_drive_0018/image_02/0000001391/image.png
568,568,../../data/moge_dataset/KITTI/2011_09_30_drive_0018/image_02/0000001498/image.jpg,../../data/moge_dataset/KITTI/2011_09_30_drive_0018/image_02/0000001498/depth.png,../../data/moge_dataset/KITTI/2011_09_30_drive_0018/image_02/0000001498/meta.json,KITTI,../../data/depthanything/moge_dataset/KITTI/2011_09_30_drive_0018/image_02/0000001498/image.png
569,569,../../data/moge_dataset/KITTI/2011_09_30_drive_0018/image_02/0000001605/image.jpg,../../data/moge_dataset/KITTI/2011_09_30_drive_0018/image_02/0000001605/depth.png,../../data/moge_dataset/KITTI/2011_09_30_drive_0018/image_02/0000001605/meta.json,KITTI,../../data/depthanything/moge_dataset/KITTI/2011_09_30_drive_0018/image_02/0000001605/image.png
570,570,../../data/moge_dataset/KITTI/2011_09_30_drive_0018/image_02/0000001712/image.jpg,../../data/moge_dataset/KITTI/2011_09_30_drive_0018/image_02/0000001712/depth.png,../../data/moge_dataset/KITTI/2011_09_30_drive_0018/image_02/0000001712/meta.json,KITTI,../../data/depthanything/moge_dataset/KITTI/2011_09_30_drive_0018/image_02/0000001712/image.png
571,571,../../data/moge_dataset/KITTI/2011_09_30_drive_0018/image_02/0000001819/image.jpg,../../data/moge_dataset/KITTI/2011_09_30_drive_0018/image_02/0000001819/depth.png,../../data/moge_dataset/KITTI/2011_09_30_drive_0018/image_02/0000001819/meta.json,KITTI,../../data/depthanything/moge_dataset/KITTI/2011_09_30_drive_0018/image_02/0000001819/image.png
572,572,../../data/moge_dataset/KITTI/2011_09_30_drive_0018/image_02/0000001926/image.jpg,../../data/moge_dataset/KITTI/2011_09_30_drive_0018/image_02/0000001926/depth.png,../../data/moge_dataset/KITTI/2011_09_30_drive_0018/image_02/0000001926/meta.json,KITTI,../../data/depthanything/moge_dataset/KITTI/2011_09_30_drive_0018/image_02/0000001926/image.png
573,573,../../data/moge_dataset/KITTI/2011_09_30_drive_0018/image_02/0000002033/image.jpg,../../data/moge_dataset/KITTI/2011_09_30_drive_0018/image_02/0000002033/depth.png,../../data/moge_dataset/KITTI/2011_09_30_drive_0018/image_02/0000002033/meta.json,KITTI,../../data/depthanything/moge_dataset/KITTI/2011_09_30_drive_0018/image_02/0000002033/image.png
574,574,../../data/moge_dataset/KITTI/2011_09_30_drive_0018/image_02/0000002140/image.jpg,../../data/moge_dataset/KITTI/2011_09_30_drive_0018/image_02/0000002140/depth.png,../../data/moge_dataset/KITTI/2011_09_30_drive_0018/image_02/0000002140/meta.json,KITTI,../../data/depthanything/moge_dataset/KITTI/2011_09_30_drive_0018/image_02/0000002140/image.png
575,575,../../data/moge_dataset/KITTI/2011_09_30_drive_0018/image_02/0000002247/image.jpg,../../data/moge_dataset/KITTI/2011_09_30_drive_0018/image_02/0000002247/depth.png,../../data/moge_dataset/KITTI/2011_09_30_drive_0018/image_02/0000002247/meta.json,KITTI,../../data/depthanything/moge_dataset/KITTI/2011_09_30_drive_0018/image_02/0000002247/image.png
576,576,../../data/moge_dataset/KITTI/2011_09_30_drive_0018/image_02/0000002419/image.jpg,../../data/moge_dataset/KITTI/2011_09_30_drive_0018/image_02/0000002419/depth.png,../../data/moge_dataset/KITTI/2011_09_30_drive_0018/image_02/0000002419/meta.json,KITTI,../../data/depthanything/moge_dataset/KITTI/2011_09_30_drive_0018/image_02/0000002419/image.png
577,577,../../data/moge_dataset/KITTI/2011_09_30_drive_0018/image_02/0000002526/image.jpg,../../data/moge_dataset/KITTI/2011_09_30_drive_0018/image_02/0000002526/depth.png,../../data/moge_dataset/KITTI/2011_09_30_drive_0018/image_02/0000002526/meta.json,KITTI,../../data/depthanything/moge_dataset/KITTI/2011_09_30_drive_0018/image_02/0000002526/image.png
578,578,../../data/moge_dataset/KITTI/2011_09_30_drive_0018/image_02/0000002633/image.jpg,../../data/moge_dataset/KITTI/2011_09_30_drive_0018/image_02/0000002633/depth.png,../../data/moge_dataset/KITTI/2011_09_30_drive_0018/image_02/0000002633/meta.json,KITTI,../../data/depthanything/moge_dataset/KITTI/2011_09_30_drive_0018/image_02/0000002633/image.png
579,579,../../data/moge_dataset/KITTI/2011_09_30_drive_0018/image_02/0000002740/image.jpg,../../data/moge_dataset/KITTI/2011_09_30_drive_0018/image_02/0000002740/depth.png,../../data/moge_dataset/KITTI/2011_09_30_drive_0018/image_02/0000002740/meta.json,KITTI,../../data/depthanything/moge_dataset/KITTI/2011_09_30_drive_0018/image_02/0000002740/image.png
580,580,../../data/moge_dataset/KITTI/2011_09_30_drive_0027/image_02/0000000041/image.jpg,../../data/moge_dataset/KITTI/2011_09_30_drive_0027/image_02/0000000041/depth.png,../../data/moge_dataset/KITTI/2011_09_30_drive_0027/image_02/0000000041/meta.json,KITTI,../../data/depthanything/moge_dataset/KITTI/2011_09_30_drive_0027/image_02/0000000041/image.png
581,581,../../data/moge_dataset/KITTI/2011_09_30_drive_0027/image_02/0000000082/image.jpg,../../data/moge_dataset/KITTI/2011_09_30_drive_0027/image_02/0000000082/depth.png,../../data/moge_dataset/KITTI/2011_09_30_drive_0027/image_02/0000000082/meta.json,KITTI,../../data/depthanything/moge_dataset/KITTI/2011_09_30_drive_0027/image_02/0000000082/image.png
582,582,../../data/moge_dataset/KITTI/2011_09_30_drive_0027/image_02/0000000123/image.jpg,../../data/moge_dataset/KITTI/2011_09_30_drive_0027/image_02/0000000123/depth.png,../../data/moge_dataset/KITTI/2011_09_30_drive_0027/image_02/0000000123/meta.json,KITTI,../../data/depthanything/moge_dataset/KITTI/2011_09_30_drive_0027/image_02/0000000123/image.png
583,583,../../data/moge_dataset/KITTI/2011_09_30_drive_0027/image_02/0000000164/image.jpg,../../data/moge_dataset/KITTI/2011_09_30_drive_0027/image_02/0000000164/depth.png,../../data/moge_dataset/KITTI/2011_09_30_drive_0027/image_02/0000000164/meta.json,KITTI,../../data/depthanything/moge_dataset/KITTI/2011_09_30_drive_0027/image_02/0000000164/image.png
584,584,../../data/moge_dataset/KITTI/2011_09_30_drive_0027/image_02/0000000205/image.jpg,../../data/moge_dataset/KITTI/2011_09_30_drive_0027/image_02/0000000205/depth.png,../../data/moge_dataset/KITTI/2011_09_30_drive_0027/image_02/0000000205/meta.json,KITTI,../../data/depthanything/moge_dataset/KITTI/2011_09_30_drive_0027/image_02/0000000205/image.png
585,585,../../data/moge_dataset/KITTI/2011_09_30_drive_0027/image_02/0000000246/image.jpg,../../data/moge_dataset/KITTI/2011_09_30_drive_0027/image_02/0000000246/depth.png,../../data/moge_dataset/KITTI/2011_09_30_drive_0027/image_02/0000000246/meta.json,KITTI,../../data/depthanything/moge_dataset/KITTI/2011_09_30_drive_0027/image_02/0000000246/image.png
586,586,../../data/moge_dataset/KITTI/2011_09_30_drive_0027/image_02/0000000287/image.jpg,../../data/moge_dataset/KITTI/2011_09_30_drive_0027/image_02/0000000287/depth.png,../../data/moge_dataset/KITTI/2011_09_30_drive_0027/image_02/0000000287/meta.json,KITTI,../../data/depthanything/moge_dataset/KITTI/2011_09_30_drive_0027/image_02/0000000287/image.png
587,587,../../data/moge_dataset/KITTI/2011_09_30_drive_0027/image_02/0000000328/image.jpg,../../data/moge_dataset/KITTI/2011_09_30_drive_0027/image_02/0000000328/depth.png,../../data/moge_dataset/KITTI/2011_09_30_drive_0027/image_02/0000000328/meta.json,KITTI,../../data/depthanything/moge_dataset/KITTI/2011_09_30_drive_0027/image_02/0000000328/image.png
588,588,../../data/moge_dataset/KITTI/2011_09_30_drive_0027/image_02/0000000369/image.jpg,../../data/moge_dataset/KITTI/2011_09_30_drive_0027/image_02/0000000369/depth.png,../../data/moge_dataset/KITTI/2011_09_30_drive_0027/image_02/0000000369/meta.json,KITTI,../../data/depthanything/moge_dataset/KITTI/2011_09_30_drive_0027/image_02/0000000369/image.png
589,589,../../data/moge_dataset/KITTI/2011_09_30_drive_0027/image_02/0000000410/image.jpg,../../data/moge_dataset/KITTI/2011_09_30_drive_0027/image_02/0000000410/depth.png,../../data/moge_dataset/KITTI/2011_09_30_drive_0027/image_02/0000000410/meta.json,KITTI,../../data/depthanything/moge_dataset/KITTI/2011_09_30_drive_0027/image_02/0000000410/image.png
590,590,../../data/moge_dataset/KITTI/2011_09_30_drive_0027/image_02/0000000451/image.jpg,../../data/moge_dataset/KITTI/2011_09_30_drive_0027/image_02/0000000451/depth.png,../../data/moge_dataset/KITTI/2011_09_30_drive_0027/image_02/0000000451/meta.json,KITTI,../../data/depthanything/moge_dataset/KITTI/2011_09_30_drive_0027/image_02/0000000451/image.png
591,591,../../data/moge_dataset/KITTI/2011_09_30_drive_0027/image_02/0000000492/image.jpg,../../data/moge_dataset/KITTI/2011_09_30_drive_0027/image_02/0000000492/depth.png,../../data/moge_dataset/KITTI/2011_09_30_drive_0027/image_02/0000000492/meta.json,KITTI,../../data/depthanything/moge_dataset/KITTI/2011_09_30_drive_0027/image_02/0000000492/image.png
592,592,../../data/moge_dataset/KITTI/2011_09_30_drive_0027/image_02/0000000533/image.jpg,../../data/moge_dataset/KITTI/2011_09_30_drive_0027/image_02/0000000533/depth.png,../../data/moge_dataset/KITTI/2011_09_30_drive_0027/image_02/0000000533/meta.json,KITTI,../../data/depthanything/moge_dataset/KITTI/2011_09_30_drive_0027/image_02/0000000533/image.png
593,593,../../data/moge_dataset/KITTI/2011_09_30_drive_0027/image_02/0000000574/image.jpg,../../data/moge_dataset/KITTI/2011_09_30_drive_0027/image_02/0000000574/depth.png,../../data/moge_dataset/KITTI/2011_09_30_drive_0027/image_02/0000000574/meta.json,KITTI,../../data/depthanything/moge_dataset/KITTI/2011_09_30_drive_0027/image_02/0000000574/image.png
594,594,../../data/moge_dataset/KITTI/2011_09_30_drive_0027/image_02/0000000615/image.jpg,../../data/moge_dataset/KITTI/2011_09_30_drive_0027/image_02/0000000615/depth.png,../../data/moge_dataset/KITTI/2011_09_30_drive_0027/image_02/0000000615/meta.json,KITTI,../../data/depthanything/moge_dataset/KITTI/2011_09_30_drive_0027/image_02/0000000615/image.png
595,595,../../data/moge_dataset/KITTI/2011_09_30_drive_0027/image_02/0000000656/image.jpg,../../data/moge_dataset/KITTI/2011_09_30_drive_0027/image_02/0000000656/depth.png,../../data/moge_dataset/KITTI/2011_09_30_drive_0027/image_02/0000000656/meta.json,KITTI,../../data/depthanything/moge_dataset/KITTI/2011_09_30_drive_0027/image_02/0000000656/image.png
596,596,../../data/moge_dataset/KITTI/2011_09_30_drive_0027/image_02/0000000753/image.jpg,../../data/moge_dataset/KITTI/2011_09_30_drive_0027/image_02/0000000753/depth.png,../../data/moge_dataset/KITTI/2011_09_30_drive_0027/image_02/0000000753/meta.json,KITTI,../../data/depthanything/moge_dataset/KITTI/2011_09_30_drive_0027/image_02/0000000753/image.png
597,597,../../data/moge_dataset/KITTI/2011_09_30_drive_0027/image_02/0000000794/image.jpg,../../data/moge_dataset/KITTI/2011_09_30_drive_0027/image_02/0000000794/depth.png,../../data/moge_dataset/KITTI/2011_09_30_drive_0027/image_02/0000000794/meta.json,KITTI,../../data/depthanything/moge_dataset/KITTI/2011_09_30_drive_0027/image_02/0000000794/image.png
598,598,../../data/moge_dataset/KITTI/2011_09_30_drive_0027/image_02/0000000835/image.jpg,../../data/moge_dataset/KITTI/2011_09_30_drive_0027/image_02/0000000835/depth.png,../../data/moge_dataset/KITTI/2011_09_30_drive_0027/image_02/0000000835/meta.json,KITTI,../../data/depthanything/moge_dataset/KITTI/2011_09_30_drive_0027/image_02/0000000835/image.png
599,599,../../data/moge_dataset/KITTI/2011_09_30_drive_0027/image_02/0000000876/image.jpg,../../data/moge_dataset/KITTI/2011_09_30_drive_0027/image_02/0000000876/depth.png,../../data/moge_dataset/KITTI/2011_09_30_drive_0027/image_02/0000000876/meta.json,KITTI,../../data/depthanything/moge_dataset/KITTI/2011_09_30_drive_0027/image_02/0000000876/image.png
600,600,../../data/moge_dataset/KITTI/2011_09_30_drive_0027/image_02/0000000917/image.jpg,../../data/moge_dataset/KITTI/2011_09_30_drive_0027/image_02/0000000917/depth.png,../../data/moge_dataset/KITTI/2011_09_30_drive_0027/image_02/0000000917/meta.json,KITTI,../../data/depthanything/moge_dataset/KITTI/2011_09_30_drive_0027/image_02/0000000917/image.png
601,601,../../data/moge_dataset/KITTI/2011_09_30_drive_0027/image_02/0000000958/image.jpg,../../data/moge_dataset/KITTI/2011_09_30_drive_0027/image_02/0000000958/depth.png,../../data/moge_dataset/KITTI/2011_09_30_drive_0027/image_02/0000000958/meta.json,KITTI,../../data/depthanything/moge_dataset/KITTI/2011_09_30_drive_0027/image_02/0000000958/image.png
602,602,../../data/moge_dataset/KITTI/2011_09_30_drive_0027/image_02/0000001040/image.jpg,../../data/moge_dataset/KITTI/2011_09_30_drive_0027/image_02/0000001040/depth.png,../../data/moge_dataset/KITTI/2011_09_30_drive_0027/image_02/0000001040/meta.json,KITTI,../../data/depthanything/moge_dataset/KITTI/2011_09_30_drive_0027/image_02/0000001040/image.png
603,603,../../data/moge_dataset/KITTI/2011_09_30_drive_0027/image_02/0000001081/image.jpg,../../data/moge_dataset/KITTI/2011_09_30_drive_0027/image_02/0000001081/depth.png,../../data/moge_dataset/KITTI/2011_09_30_drive_0027/image_02/0000001081/meta.json,KITTI,../../data/depthanything/moge_dataset/KITTI/2011_09_30_drive_0027/image_02/0000001081/image.png
604,604,../../data/moge_dataset/KITTI/2011_10_03_drive_0027/image_02/0000000181/image.jpg,../../data/moge_dataset/KITTI/2011_10_03_drive_0027/image_02/0000000181/depth.png,../../data/moge_dataset/KITTI/2011_10_03_drive_0027/image_02/0000000181/meta.json,KITTI,../../data/depthanything/moge_dataset/KITTI/2011_10_03_drive_0027/image_02/0000000181/image.png
605,605,../../data/moge_dataset/KITTI/2011_10_03_drive_0027/image_02/0000000362/image.jpg,../../data/moge_dataset/KITTI/2011_10_03_drive_0027/image_02/0000000362/depth.png,../../data/moge_dataset/KITTI/2011_10_03_drive_0027/image_02/0000000362/meta.json,KITTI,../../data/depthanything/moge_dataset/KITTI/2011_10_03_drive_0027/image_02/0000000362/image.png
606,606,../../data/moge_dataset/KITTI/2011_10_03_drive_0027/image_02/0000000543/image.jpg,../../data/moge_dataset/KITTI/2011_10_03_drive_0027/image_02/0000000543/depth.png,../../data/moge_dataset/KITTI/2011_10_03_drive_0027/image_02/0000000543/meta.json,KITTI,../../data/depthanything/moge_dataset/KITTI/2011_10_03_drive_0027/image_02/0000000543/image.png
607,607,../../data/moge_dataset/KITTI/2011_10_03_drive_0027/image_02/0000000734/image.jpg,../../data/moge_dataset/KITTI/2011_10_03_drive_0027/image_02/0000000734/depth.png,../../data/moge_dataset/KITTI/2011_10_03_drive_0027/image_02/0000000734/meta.json,KITTI,../../data/depthanything/moge_dataset/KITTI/2011_10_03_drive_0027/image_02/0000000734/image.png
608,608,../../data/moge_dataset/KITTI/2011_10_03_drive_0027/image_02/0000000915/image.jpg,../../data/moge_dataset/KITTI/2011_10_03_drive_0027/image_02/0000000915/depth.png,../../data/moge_dataset/KITTI/2011_10_03_drive_0027/image_02/0000000915/meta.json,KITTI,../../data/depthanything/moge_dataset/KITTI/2011_10_03_drive_0027/image_02/0000000915/image.png
609,609,../../data/moge_dataset/KITTI/2011_10_03_drive_0027/image_02/0000001096/image.jpg,../../data/moge_dataset/KITTI/2011_10_03_drive_0027/image_02/0000001096/depth.png,../../data/moge_dataset/KITTI/2011_10_03_drive_0027/image_02/0000001096/meta.json,KITTI,../../data/depthanything/moge_dataset/KITTI/2011_10_03_drive_0027/image_02/0000001096/image.png
610,610,../../data/moge_dataset/KITTI/2011_10_03_drive_0027/image_02/0000001277/image.jpg,../../data/moge_dataset/KITTI/2011_10_03_drive_0027/image_02/0000001277/depth.png,../../data/moge_dataset/KITTI/2011_10_03_drive_0027/image_02/0000001277/meta.json,KITTI,../../data/depthanything/moge_dataset/KITTI/2011_10_03_drive_0027/image_02/0000001277/image.png
611,611,../../data/moge_dataset/KITTI/2011_10_03_drive_0027/image_02/0000001458/image.jpg,../../data/moge_dataset/KITTI/2011_10_03_drive_0027/image_02/0000001458/depth.png,../../data/moge_dataset/KITTI/2011_10_03_drive_0027/image_02/0000001458/meta.json,KITTI,../../data/depthanything/moge_dataset/KITTI/2011_10_03_drive_0027/image_02/0000001458/image.png
612,612,../../data/moge_dataset/KITTI/2011_10_03_drive_0027/image_02/0000001639/image.jpg,../../data/moge_dataset/KITTI/2011_10_03_drive_0027/image_02/0000001639/depth.png,../../data/moge_dataset/KITTI/2011_10_03_drive_0027/image_02/0000001639/meta.json,KITTI,../../data/depthanything/moge_dataset/KITTI/2011_10_03_drive_0027/image_02/0000001639/image.png
613,613,../../data/moge_dataset/KITTI/2011_10_03_drive_0027/image_02/0000001820/image.jpg,../../data/moge_dataset/KITTI/2011_10_03_drive_0027/image_02/0000001820/depth.png,../../data/moge_dataset/KITTI/2011_10_03_drive_0027/image_02/0000001820/meta.json,KITTI,../../data/depthanything/moge_dataset/KITTI/2011_10_03_drive_0027/image_02/0000001820/image.png
614,614,../../data/moge_dataset/KITTI/2011_10_03_drive_0027/image_02/0000002001/image.jpg,../../data/moge_dataset/KITTI/2011_10_03_drive_0027/image_02/0000002001/depth.png,../../data/moge_dataset/KITTI/2011_10_03_drive_0027/image_02/0000002001/meta.json,KITTI,../../data/depthanything/moge_dataset/KITTI/2011_10_03_drive_0027/image_02/0000002001/image.png
615,615,../../data/moge_dataset/KITTI/2011_10_03_drive_0027/image_02/0000002363/image.jpg,../../data/moge_dataset/KITTI/2011_10_03_drive_0027/image_02/0000002363/depth.png,../../data/moge_dataset/KITTI/2011_10_03_drive_0027/image_02/0000002363/meta.json,KITTI,../../data/depthanything/moge_dataset/KITTI/2011_10_03_drive_0027/image_02/0000002363/image.png
616,616,../../data/moge_dataset/KITTI/2011_10_03_drive_0027/image_02/0000002544/image.jpg,../../data/moge_dataset/KITTI/2011_10_03_drive_0027/image_02/0000002544/depth.png,../../data/moge_dataset/KITTI/2011_10_03_drive_0027/image_02/0000002544/meta.json,KITTI,../../data/depthanything/moge_dataset/KITTI/2011_10_03_drive_0027/image_02/0000002544/image.png
617,617,../../data/moge_dataset/KITTI/2011_10_03_drive_0027/image_02/0000002725/image.jpg,../../data/moge_dataset/KITTI/2011_10_03_drive_0027/image_02/0000002725/depth.png,../../data/moge_dataset/KITTI/2011_10_03_drive_0027/image_02/0000002725/meta.json,KITTI,../../data/depthanything/moge_dataset/KITTI/2011_10_03_drive_0027/image_02/0000002725/image.png
618,618,../../data/moge_dataset/KITTI/2011_10_03_drive_0027/image_02/0000002906/image.jpg,../../data/moge_dataset/KITTI/2011_10_03_drive_0027/image_02/0000002906/depth.png,../../data/moge_dataset/KITTI/2011_10_03_drive_0027/image_02/0000002906/meta.json,KITTI,../../data/depthanything/moge_dataset/KITTI/2011_10_03_drive_0027/image_02/0000002906/image.png
619,619,../../data/moge_dataset/KITTI/2011_10_03_drive_0027/image_02/0000003087/image.jpg,../../data/moge_dataset/KITTI/2011_10_03_drive_0027/image_02/0000003087/depth.png,../../data/moge_dataset/KITTI/2011_10_03_drive_0027/image_02/0000003087/meta.json,KITTI,../../data/depthanything/moge_dataset/KITTI/2011_10_03_drive_0027/image_02/0000003087/image.png
620,620,../../data/moge_dataset/KITTI/2011_10_03_drive_0027/image_02/0000003268/image.jpg,../../data/moge_dataset/KITTI/2011_10_03_drive_0027/image_02/0000003268/depth.png,../../data/moge_dataset/KITTI/2011_10_03_drive_0027/image_02/0000003268/meta.json,KITTI,../../data/depthanything/moge_dataset/KITTI/2011_10_03_drive_0027/image_02/0000003268/image.png
621,621,../../data/moge_dataset/KITTI/2011_10_03_drive_0027/image_02/0000003449/image.jpg,../../data/moge_dataset/KITTI/2011_10_03_drive_0027/image_02/0000003449/depth.png,../../data/moge_dataset/KITTI/2011_10_03_drive_0027/image_02/0000003449/meta.json,KITTI,../../data/depthanything/moge_dataset/KITTI/2011_10_03_drive_0027/image_02/0000003449/image.png
622,622,../../data/moge_dataset/KITTI/2011_10_03_drive_0027/image_02/0000003630/image.jpg,../../data/moge_dataset/KITTI/2011_10_03_drive_0027/image_02/0000003630/depth.png,../../data/moge_dataset/KITTI/2011_10_03_drive_0027/image_02/0000003630/meta.json,KITTI,../../data/depthanything/moge_dataset/KITTI/2011_10_03_drive_0027/image_02/0000003630/image.png
623,623,../../data/moge_dataset/KITTI/2011_10_03_drive_0027/image_02/0000003811/image.jpg,../../data/moge_dataset/KITTI/2011_10_03_drive_0027/image_02/0000003811/depth.png,../../data/moge_dataset/KITTI/2011_10_03_drive_0027/image_02/0000003811/meta.json,KITTI,../../data/depthanything/moge_dataset/KITTI/2011_10_03_drive_0027/image_02/0000003811/image.png
624,624,../../data/moge_dataset/KITTI/2011_10_03_drive_0027/image_02/0000003992/image.jpg,../../data/moge_dataset/KITTI/2011_10_03_drive_0027/image_02/0000003992/depth.png,../../data/moge_dataset/KITTI/2011_10_03_drive_0027/image_02/0000003992/meta.json,KITTI,../../data/depthanything/moge_dataset/KITTI/2011_10_03_drive_0027/image_02/0000003992/image.png
625,625,../../data/moge_dataset/KITTI/2011_10_03_drive_0027/image_02/0000004173/image.jpg,../../data/moge_dataset/KITTI/2011_10_03_drive_0027/image_02/0000004173/depth.png,../../data/moge_dataset/KITTI/2011_10_03_drive_0027/image_02/0000004173/meta.json,KITTI,../../data/depthanything/moge_dataset/KITTI/2011_10_03_drive_0027/image_02/0000004173/image.png
626,626,../../data/moge_dataset/KITTI/2011_10_03_drive_0027/image_02/0000004354/image.jpg,../../data/moge_dataset/KITTI/2011_10_03_drive_0027/image_02/0000004354/depth.png,../../data/moge_dataset/KITTI/2011_10_03_drive_0027/image_02/0000004354/meta.json,KITTI,../../data/depthanything/moge_dataset/KITTI/2011_10_03_drive_0027/image_02/0000004354/image.png
627,627,../../data/moge_dataset/KITTI/2011_10_03_drive_0027/image_02/0000004535/image.jpg,../../data/moge_dataset/KITTI/2011_10_03_drive_0027/image_02/0000004535/depth.png,../../data/moge_dataset/KITTI/2011_10_03_drive_0027/image_02/0000004535/meta.json,KITTI,../../data/depthanything/moge_dataset/KITTI/2011_10_03_drive_0027/image_02/0000004535/image.png
628,628,../../data/moge_dataset/KITTI/2011_10_03_drive_0047/image_02/0000000032/image.jpg,../../data/moge_dataset/KITTI/2011_10_03_drive_0047/image_02/0000000032/depth.png,../../data/moge_dataset/KITTI/2011_10_03_drive_0047/image_02/0000000032/meta.json,KITTI,../../data/depthanything/moge_dataset/KITTI/2011_10_03_drive_0047/image_02/0000000032/image.png
629,629,../../data/moge_dataset/KITTI/2011_10_03_drive_0047/image_02/0000000064/image.jpg,../../data/moge_dataset/KITTI/2011_10_03_drive_0047/image_02/0000000064/depth.png,../../data/moge_dataset/KITTI/2011_10_03_drive_0047/image_02/0000000064/meta.json,KITTI,../../data/depthanything/moge_dataset/KITTI/2011_10_03_drive_0047/image_02/0000000064/image.png
630,630,../../data/moge_dataset/KITTI/2011_10_03_drive_0047/image_02/0000000096/image.jpg,../../data/moge_dataset/KITTI/2011_10_03_drive_0047/image_02/0000000096/depth.png,../../data/moge_dataset/KITTI/2011_10_03_drive_0047/image_02/0000000096/meta.json,KITTI,../../data/depthanything/moge_dataset/KITTI/2011_10_03_drive_0047/image_02/0000000096/image.png
631,631,../../data/moge_dataset/KITTI/2011_10_03_drive_0047/image_02/0000000128/image.jpg,../../data/moge_dataset/KITTI/2011_10_03_drive_0047/image_02/0000000128/depth.png,../../data/moge_dataset/KITTI/2011_10_03_drive_0047/image_02/0000000128/meta.json,KITTI,../../data/depthanything/moge_dataset/KITTI/2011_10_03_drive_0047/image_02/0000000128/image.png
632,632,../../data/moge_dataset/KITTI/2011_10_03_drive_0047/image_02/0000000160/image.jpg,../../data/moge_dataset/KITTI/2011_10_03_drive_0047/image_02/0000000160/depth.png,../../data/moge_dataset/KITTI/2011_10_03_drive_0047/image_02/0000000160/meta.json,KITTI,../../data/depthanything/moge_dataset/KITTI/2011_10_03_drive_0047/image_02/0000000160/image.png
633,633,../../data/moge_dataset/KITTI/2011_10_03_drive_0047/image_02/0000000192/image.jpg,../../data/moge_dataset/KITTI/2011_10_03_drive_0047/image_02/0000000192/depth.png,../../data/moge_dataset/KITTI/2011_10_03_drive_0047/image_02/0000000192/meta.json,KITTI,../../data/depthanything/moge_dataset/KITTI/2011_10_03_drive_0047/image_02/0000000192/image.png
634,634,../../data/moge_dataset/KITTI/2011_10_03_drive_0047/image_02/0000000224/image.jpg,../../data/moge_dataset/KITTI/2011_10_03_drive_0047/image_02/0000000224/depth.png,../../data/moge_dataset/KITTI/2011_10_03_drive_0047/image_02/0000000224/meta.json,KITTI,../../data/depthanything/moge_dataset/KITTI/2011_10_03_drive_0047/image_02/0000000224/image.png
635,635,../../data/moge_dataset/KITTI/2011_10_03_drive_0047/image_02/0000000288/image.jpg,../../data/moge_dataset/KITTI/2011_10_03_drive_0047/image_02/0000000288/depth.png,../../data/moge_dataset/KITTI/2011_10_03_drive_0047/image_02/0000000288/meta.json,KITTI,../../data/depthanything/moge_dataset/KITTI/2011_10_03_drive_0047/image_02/0000000288/image.png
636,636,../../data/moge_dataset/KITTI/2011_10_03_drive_0047/image_02/0000000320/image.jpg,../../data/moge_dataset/KITTI/2011_10_03_drive_0047/image_02/0000000320/depth.png,../../data/moge_dataset/KITTI/2011_10_03_drive_0047/image_02/0000000320/meta.json,KITTI,../../data/depthanything/moge_dataset/KITTI/2011_10_03_drive_0047/image_02/0000000320/image.png
637,637,../../data/moge_dataset/KITTI/2011_10_03_drive_0047/image_02/0000000352/image.jpg,../../data/moge_dataset/KITTI/2011_10_03_drive_0047/image_02/0000000352/depth.png,../../data/moge_dataset/KITTI/2011_10_03_drive_0047/image_02/0000000352/meta.json,KITTI,../../data/depthanything/moge_dataset/KITTI/2011_10_03_drive_0047/image_02/0000000352/image.png
638,638,../../data/moge_dataset/KITTI/2011_10_03_drive_0047/image_02/0000000384/image.jpg,../../data/moge_dataset/KITTI/2011_10_03_drive_0047/image_02/0000000384/depth.png,../../data/moge_dataset/KITTI/2011_10_03_drive_0047/image_02/0000000384/meta.json,KITTI,../../data/depthanything/moge_dataset/KITTI/2011_10_03_drive_0047/image_02/0000000384/image.png
639,639,../../data/moge_dataset/KITTI/2011_10_03_drive_0047/image_02/0000000416/image.jpg,../../data/moge_dataset/KITTI/2011_10_03_drive_0047/image_02/0000000416/depth.png,../../data/moge_dataset/KITTI/2011_10_03_drive_0047/image_02/0000000416/meta.json,KITTI,../../data/depthanything/moge_dataset/KITTI/2011_10_03_drive_0047/image_02/0000000416/image.png
640,640,../../data/moge_dataset/KITTI/2011_10_03_drive_0047/image_02/0000000448/image.jpg,../../data/moge_dataset/KITTI/2011_10_03_drive_0047/image_02/0000000448/depth.png,../../data/moge_dataset/KITTI/2011_10_03_drive_0047/image_02/0000000448/meta.json,KITTI,../../data/depthanything/moge_dataset/KITTI/2011_10_03_drive_0047/image_02/0000000448/image.png
641,641,../../data/moge_dataset/KITTI/2011_10_03_drive_0047/image_02/0000000480/image.jpg,../../data/moge_dataset/KITTI/2011_10_03_drive_0047/image_02/0000000480/depth.png,../../data/moge_dataset/KITTI/2011_10_03_drive_0047/image_02/0000000480/meta.json,KITTI,../../data/depthanything/moge_dataset/KITTI/2011_10_03_drive_0047/image_02/0000000480/image.png
642,642,../../data/moge_dataset/KITTI/2011_10_03_drive_0047/image_02/0000000512/image.jpg,../../data/moge_dataset/KITTI/2011_10_03_drive_0047/image_02/0000000512/depth.png,../../data/moge_dataset/KITTI/2011_10_03_drive_0047/image_02/0000000512/meta.json,KITTI,../../data/depthanything/moge_dataset/KITTI/2011_10_03_drive_0047/image_02/0000000512/image.png
643,643,../../data/moge_dataset/KITTI/2011_10_03_drive_0047/image_02/0000000544/image.jpg,../../data/moge_dataset/KITTI/2011_10_03_drive_0047/image_02/0000000544/depth.png,../../data/moge_dataset/KITTI/2011_10_03_drive_0047/image_02/0000000544/meta.json,KITTI,../../data/depthanything/moge_dataset/KITTI/2011_10_03_drive_0047/image_02/0000000544/image.png
644,644,../../data/moge_dataset/KITTI/2011_10_03_drive_0047/image_02/0000000576/image.jpg,../../data/moge_dataset/KITTI/2011_10_03_drive_0047/image_02/0000000576/depth.png,../../data/moge_dataset/KITTI/2011_10_03_drive_0047/image_02/0000000576/meta.json,KITTI,../../data/depthanything/moge_dataset/KITTI/2011_10_03_drive_0047/image_02/0000000576/image.png
645,645,../../data/moge_dataset/KITTI/2011_10_03_drive_0047/image_02/0000000608/image.jpg,../../data/moge_dataset/KITTI/2011_10_03_drive_0047/image_02/0000000608/depth.png,../../data/moge_dataset/KITTI/2011_10_03_drive_0047/image_02/0000000608/meta.json,KITTI,../../data/depthanything/moge_dataset/KITTI/2011_10_03_drive_0047/image_02/0000000608/image.png
646,646,../../data/moge_dataset/KITTI/2011_10_03_drive_0047/image_02/0000000640/image.jpg,../../data/moge_dataset/KITTI/2011_10_03_drive_0047/image_02/0000000640/depth.png,../../data/moge_dataset/KITTI/2011_10_03_drive_0047/image_02/0000000640/meta.json,KITTI,../../data/depthanything/moge_dataset/KITTI/2011_10_03_drive_0047/image_02/0000000640/image.png
647,647,../../data/moge_dataset/KITTI/2011_10_03_drive_0047/image_02/0000000672/image.jpg,../../data/moge_dataset/KITTI/2011_10_03_drive_0047/image_02/0000000672/depth.png,../../data/moge_dataset/KITTI/2011_10_03_drive_0047/image_02/0000000672/meta.json,KITTI,../../data/depthanything/moge_dataset/KITTI/2011_10_03_drive_0047/image_02/0000000672/image.png
648,648,../../data/moge_dataset/KITTI/2011_10_03_drive_0047/image_02/0000000704/image.jpg,../../data/moge_dataset/KITTI/2011_10_03_drive_0047/image_02/0000000704/depth.png,../../data/moge_dataset/KITTI/2011_10_03_drive_0047/image_02/0000000704/meta.json,KITTI,../../data/depthanything/moge_dataset/KITTI/2011_10_03_drive_0047/image_02/0000000704/image.png
649,649,../../data/moge_dataset/KITTI/2011_10_03_drive_0047/image_02/0000000736/image.jpg,../../data/moge_dataset/KITTI/2011_10_03_drive_0047/image_02/0000000736/depth.png,../../data/moge_dataset/KITTI/2011_10_03_drive_0047/image_02/0000000736/meta.json,KITTI,../../data/depthanything/moge_dataset/KITTI/2011_10_03_drive_0047/image_02/0000000736/image.png
650,650,../../data/moge_dataset/KITTI/2011_10_03_drive_0047/image_02/0000000768/image.jpg,../../data/moge_dataset/KITTI/2011_10_03_drive_0047/image_02/0000000768/depth.png,../../data/moge_dataset/KITTI/2011_10_03_drive_0047/image_02/0000000768/meta.json,KITTI,../../data/depthanything/moge_dataset/KITTI/2011_10_03_drive_0047/image_02/0000000768/image.png
651,651,../../data/moge_dataset/KITTI/2011_10_03_drive_0047/image_02/0000000800/image.jpg,../../data/moge_dataset/KITTI/2011_10_03_drive_0047/image_02/0000000800/depth.png,../../data/moge_dataset/KITTI/2011_10_03_drive_0047/image_02/0000000800/meta.json,KITTI,../../data/depthanything/moge_dataset/KITTI/2011_10_03_drive_0047/image_02/0000000800/image.png
