,Unnamed: 0,image,depth,meta,dataset,control_geo
0,0,../../data/moge_dataset/NYUv2/00000/image.jpg,../../data/moge_dataset/NYUv2/00000/depth.png,../../data/moge_dataset/NYUv2/00000/meta.json,NYUv2,../../data/depthanything/moge_dataset/NYUv2/00000/image.png
1,1,../../data/moge_dataset/NYUv2/00001/image.jpg,../../data/moge_dataset/NYUv2/00001/depth.png,../../data/moge_dataset/NYUv2/00001/meta.json,NYUv2,../../data/depthanything/moge_dataset/NYUv2/00001/image.png
2,2,../../data/moge_dataset/NYUv2/00008/image.jpg,../../data/moge_dataset/NYUv2/00008/depth.png,../../data/moge_dataset/NYUv2/00008/meta.json,NYUv2,../../data/depthanything/moge_dataset/NYUv2/00008/image.png
3,3,../../data/moge_dataset/NYUv2/00013/image.jpg,../../data/moge_dataset/NYUv2/00013/depth.png,../../data/moge_dataset/NYUv2/00013/meta.json,NYUv2,../../data/depthanything/moge_dataset/NYUv2/00013/image.png
4,4,../../data/moge_dataset/NYUv2/00014/image.jpg,../../data/moge_dataset/NYUv2/00014/depth.png,../../data/moge_dataset/NYUv2/00014/meta.json,NYUv2,../../data/depthanything/moge_dataset/NYUv2/00014/image.png
5,5,../../data/moge_dataset/NYUv2/00015/image.jpg,../../data/moge_dataset/NYUv2/00015/depth.png,../../data/moge_dataset/NYUv2/00015/meta.json,NYUv2,../../data/depthanything/moge_dataset/NYUv2/00015/image.png
6,6,../../data/moge_dataset/NYUv2/00016/image.jpg,../../data/moge_dataset/NYUv2/00016/depth.png,../../data/moge_dataset/NYUv2/00016/meta.json,NYUv2,../../data/depthanything/moge_dataset/NYUv2/00016/image.png
7,7,../../data/moge_dataset/NYUv2/00017/image.jpg,../../data/moge_dataset/NYUv2/00017/depth.png,../../data/moge_dataset/NYUv2/00017/meta.json,NYUv2,../../data/depthanything/moge_dataset/NYUv2/00017/image.png
8,8,../../data/moge_dataset/NYUv2/00020/image.jpg,../../data/moge_dataset/NYUv2/00020/depth.png,../../data/moge_dataset/NYUv2/00020/meta.json,NYUv2,../../data/depthanything/moge_dataset/NYUv2/00020/image.png
9,9,../../data/moge_dataset/NYUv2/00027/image.jpg,../../data/moge_dataset/NYUv2/00027/depth.png,../../data/moge_dataset/NYUv2/00027/meta.json,NYUv2,../../data/depthanything/moge_dataset/NYUv2/00027/image.png
10,10,../../data/moge_dataset/NYUv2/00028/image.jpg,../../data/moge_dataset/NYUv2/00028/depth.png,../../data/moge_dataset/NYUv2/00028/meta.json,NYUv2,../../data/depthanything/moge_dataset/NYUv2/00028/image.png
11,11,../../data/moge_dataset/NYUv2/00029/image.jpg,../../data/moge_dataset/NYUv2/00029/depth.png,../../data/moge_dataset/NYUv2/00029/meta.json,NYUv2,../../data/depthanything/moge_dataset/NYUv2/00029/image.png
12,12,../../data/moge_dataset/NYUv2/00030/image.jpg,../../data/moge_dataset/NYUv2/00030/depth.png,../../data/moge_dataset/NYUv2/00030/meta.json,NYUv2,../../data/depthanything/moge_dataset/NYUv2/00030/image.png
13,13,../../data/moge_dataset/NYUv2/00031/image.jpg,../../data/moge_dataset/NYUv2/00031/depth.png,../../data/moge_dataset/NYUv2/00031/meta.json,NYUv2,../../data/depthanything/moge_dataset/NYUv2/00031/image.png
14,14,../../data/moge_dataset/NYUv2/00032/image.jpg,../../data/moge_dataset/NYUv2/00032/depth.png,../../data/moge_dataset/NYUv2/00032/meta.json,NYUv2,../../data/depthanything/moge_dataset/NYUv2/00032/image.png
15,15,../../data/moge_dataset/NYUv2/00033/image.jpg,../../data/moge_dataset/NYUv2/00033/depth.png,../../data/moge_dataset/NYUv2/00033/meta.json,NYUv2,../../data/depthanything/moge_dataset/NYUv2/00033/image.png
16,16,../../data/moge_dataset/NYUv2/00034/image.jpg,../../data/moge_dataset/NYUv2/00034/depth.png,../../data/moge_dataset/NYUv2/00034/meta.json,NYUv2,../../data/depthanything/moge_dataset/NYUv2/00034/image.png
17,17,../../data/moge_dataset/NYUv2/00035/image.jpg,../../data/moge_dataset/NYUv2/00035/depth.png,../../data/moge_dataset/NYUv2/00035/meta.json,NYUv2,../../data/depthanything/moge_dataset/NYUv2/00035/image.png
18,18,../../data/moge_dataset/NYUv2/00036/image.jpg,../../data/moge_dataset/NYUv2/00036/depth.png,../../data/moge_dataset/NYUv2/00036/meta.json,NYUv2,../../data/depthanything/moge_dataset/NYUv2/00036/image.png
19,19,../../data/moge_dataset/NYUv2/00037/image.jpg,../../data/moge_dataset/NYUv2/00037/depth.png,../../data/moge_dataset/NYUv2/00037/meta.json,NYUv2,../../data/depthanything/moge_dataset/NYUv2/00037/image.png
20,20,../../data/moge_dataset/NYUv2/00038/image.jpg,../../data/moge_dataset/NYUv2/00038/depth.png,../../data/moge_dataset/NYUv2/00038/meta.json,NYUv2,../../data/depthanything/moge_dataset/NYUv2/00038/image.png
21,21,../../data/moge_dataset/NYUv2/00039/image.jpg,../../data/moge_dataset/NYUv2/00039/depth.png,../../data/moge_dataset/NYUv2/00039/meta.json,NYUv2,../../data/depthanything/moge_dataset/NYUv2/00039/image.png
22,22,../../data/moge_dataset/NYUv2/00040/image.jpg,../../data/moge_dataset/NYUv2/00040/depth.png,../../data/moge_dataset/NYUv2/00040/meta.json,NYUv2,../../data/depthanything/moge_dataset/NYUv2/00040/image.png
23,23,../../data/moge_dataset/NYUv2/00041/image.jpg,../../data/moge_dataset/NYUv2/00041/depth.png,../../data/moge_dataset/NYUv2/00041/meta.json,NYUv2,../../data/depthanything/moge_dataset/NYUv2/00041/image.png
24,24,../../data/moge_dataset/NYUv2/00042/image.jpg,../../data/moge_dataset/NYUv2/00042/depth.png,../../data/moge_dataset/NYUv2/00042/meta.json,NYUv2,../../data/depthanything/moge_dataset/NYUv2/00042/image.png
25,25,../../data/moge_dataset/NYUv2/00045/image.jpg,../../data/moge_dataset/NYUv2/00045/depth.png,../../data/moge_dataset/NYUv2/00045/meta.json,NYUv2,../../data/depthanything/moge_dataset/NYUv2/00045/image.png
26,26,../../data/moge_dataset/NYUv2/00046/image.jpg,../../data/moge_dataset/NYUv2/00046/depth.png,../../data/moge_dataset/NYUv2/00046/meta.json,NYUv2,../../data/depthanything/moge_dataset/NYUv2/00046/image.png
27,27,../../data/moge_dataset/NYUv2/00055/image.jpg,../../data/moge_dataset/NYUv2/00055/depth.png,../../data/moge_dataset/NYUv2/00055/meta.json,NYUv2,../../data/depthanything/moge_dataset/NYUv2/00055/image.png
28,28,../../data/moge_dataset/NYUv2/00056/image.jpg,../../data/moge_dataset/NYUv2/00056/depth.png,../../data/moge_dataset/NYUv2/00056/meta.json,NYUv2,../../data/depthanything/moge_dataset/NYUv2/00056/image.png
29,29,../../data/moge_dataset/NYUv2/00058/image.jpg,../../data/moge_dataset/NYUv2/00058/depth.png,../../data/moge_dataset/NYUv2/00058/meta.json,NYUv2,../../data/depthanything/moge_dataset/NYUv2/00058/image.png
30,30,../../data/moge_dataset/NYUv2/00059/image.jpg,../../data/moge_dataset/NYUv2/00059/depth.png,../../data/moge_dataset/NYUv2/00059/meta.json,NYUv2,../../data/depthanything/moge_dataset/NYUv2/00059/image.png
31,31,../../data/moge_dataset/NYUv2/00060/image.jpg,../../data/moge_dataset/NYUv2/00060/depth.png,../../data/moge_dataset/NYUv2/00060/meta.json,NYUv2,../../data/depthanything/moge_dataset/NYUv2/00060/image.png
32,32,../../data/moge_dataset/NYUv2/00061/image.jpg,../../data/moge_dataset/NYUv2/00061/depth.png,../../data/moge_dataset/NYUv2/00061/meta.json,NYUv2,../../data/depthanything/moge_dataset/NYUv2/00061/image.png
33,33,../../data/moge_dataset/NYUv2/00062/image.jpg,../../data/moge_dataset/NYUv2/00062/depth.png,../../data/moge_dataset/NYUv2/00062/meta.json,NYUv2,../../data/depthanything/moge_dataset/NYUv2/00062/image.png
34,34,../../data/moge_dataset/NYUv2/00075/image.jpg,../../data/moge_dataset/NYUv2/00075/depth.png,../../data/moge_dataset/NYUv2/00075/meta.json,NYUv2,../../data/depthanything/moge_dataset/NYUv2/00075/image.png
35,35,../../data/moge_dataset/NYUv2/00076/image.jpg,../../data/moge_dataset/NYUv2/00076/depth.png,../../data/moge_dataset/NYUv2/00076/meta.json,NYUv2,../../data/depthanything/moge_dataset/NYUv2/00076/image.png
36,36,../../data/moge_dataset/NYUv2/00077/image.jpg,../../data/moge_dataset/NYUv2/00077/depth.png,../../data/moge_dataset/NYUv2/00077/meta.json,NYUv2,../../data/depthanything/moge_dataset/NYUv2/00077/image.png
37,37,../../data/moge_dataset/NYUv2/00078/image.jpg,../../data/moge_dataset/NYUv2/00078/depth.png,../../data/moge_dataset/NYUv2/00078/meta.json,NYUv2,../../data/depthanything/moge_dataset/NYUv2/00078/image.png
38,38,../../data/moge_dataset/NYUv2/00083/image.jpg,../../data/moge_dataset/NYUv2/00083/depth.png,../../data/moge_dataset/NYUv2/00083/meta.json,NYUv2,../../data/depthanything/moge_dataset/NYUv2/00083/image.png
39,39,../../data/moge_dataset/NYUv2/00084/image.jpg,../../data/moge_dataset/NYUv2/00084/depth.png,../../data/moge_dataset/NYUv2/00084/meta.json,NYUv2,../../data/depthanything/moge_dataset/NYUv2/00084/image.png
40,40,../../data/moge_dataset/NYUv2/00085/image.jpg,../../data/moge_dataset/NYUv2/00085/depth.png,../../data/moge_dataset/NYUv2/00085/meta.json,NYUv2,../../data/depthanything/moge_dataset/NYUv2/00085/image.png
41,41,../../data/moge_dataset/NYUv2/00086/image.jpg,../../data/moge_dataset/NYUv2/00086/depth.png,../../data/moge_dataset/NYUv2/00086/meta.json,NYUv2,../../data/depthanything/moge_dataset/NYUv2/00086/image.png
42,42,../../data/moge_dataset/NYUv2/00087/image.jpg,../../data/moge_dataset/NYUv2/00087/depth.png,../../data/moge_dataset/NYUv2/00087/meta.json,NYUv2,../../data/depthanything/moge_dataset/NYUv2/00087/image.png
43,43,../../data/moge_dataset/NYUv2/00088/image.jpg,../../data/moge_dataset/NYUv2/00088/depth.png,../../data/moge_dataset/NYUv2/00088/meta.json,NYUv2,../../data/depthanything/moge_dataset/NYUv2/00088/image.png
44,44,../../data/moge_dataset/NYUv2/00089/image.jpg,../../data/moge_dataset/NYUv2/00089/depth.png,../../data/moge_dataset/NYUv2/00089/meta.json,NYUv2,../../data/depthanything/moge_dataset/NYUv2/00089/image.png
45,45,../../data/moge_dataset/NYUv2/00090/image.jpg,../../data/moge_dataset/NYUv2/00090/depth.png,../../data/moge_dataset/NYUv2/00090/meta.json,NYUv2,../../data/depthanything/moge_dataset/NYUv2/00090/image.png
46,46,../../data/moge_dataset/NYUv2/00116/image.jpg,../../data/moge_dataset/NYUv2/00116/depth.png,../../data/moge_dataset/NYUv2/00116/meta.json,NYUv2,../../data/depthanything/moge_dataset/NYUv2/00116/image.png
47,47,../../data/moge_dataset/NYUv2/00117/image.jpg,../../data/moge_dataset/NYUv2/00117/depth.png,../../data/moge_dataset/NYUv2/00117/meta.json,NYUv2,../../data/depthanything/moge_dataset/NYUv2/00117/image.png
48,48,../../data/moge_dataset/NYUv2/00118/image.jpg,../../data/moge_dataset/NYUv2/00118/depth.png,../../data/moge_dataset/NYUv2/00118/meta.json,NYUv2,../../data/depthanything/moge_dataset/NYUv2/00118/image.png
49,49,../../data/moge_dataset/NYUv2/00124/image.jpg,../../data/moge_dataset/NYUv2/00124/depth.png,../../data/moge_dataset/NYUv2/00124/meta.json,NYUv2,../../data/depthanything/moge_dataset/NYUv2/00124/image.png
50,50,../../data/moge_dataset/NYUv2/00125/image.jpg,../../data/moge_dataset/NYUv2/00125/depth.png,../../data/moge_dataset/NYUv2/00125/meta.json,NYUv2,../../data/depthanything/moge_dataset/NYUv2/00125/image.png
51,51,../../data/moge_dataset/NYUv2/00126/image.jpg,../../data/moge_dataset/NYUv2/00126/depth.png,../../data/moge_dataset/NYUv2/00126/meta.json,NYUv2,../../data/depthanything/moge_dataset/NYUv2/00126/image.png
52,52,../../data/moge_dataset/NYUv2/00127/image.jpg,../../data/moge_dataset/NYUv2/00127/depth.png,../../data/moge_dataset/NYUv2/00127/meta.json,NYUv2,../../data/depthanything/moge_dataset/NYUv2/00127/image.png
53,53,../../data/moge_dataset/NYUv2/00128/image.jpg,../../data/moge_dataset/NYUv2/00128/depth.png,../../data/moge_dataset/NYUv2/00128/meta.json,NYUv2,../../data/depthanything/moge_dataset/NYUv2/00128/image.png
54,54,../../data/moge_dataset/NYUv2/00130/image.jpg,../../data/moge_dataset/NYUv2/00130/depth.png,../../data/moge_dataset/NYUv2/00130/meta.json,NYUv2,../../data/depthanything/moge_dataset/NYUv2/00130/image.png
55,55,../../data/moge_dataset/NYUv2/00131/image.jpg,../../data/moge_dataset/NYUv2/00131/depth.png,../../data/moge_dataset/NYUv2/00131/meta.json,NYUv2,../../data/depthanything/moge_dataset/NYUv2/00131/image.png
56,56,../../data/moge_dataset/NYUv2/00132/image.jpg,../../data/moge_dataset/NYUv2/00132/depth.png,../../data/moge_dataset/NYUv2/00132/meta.json,NYUv2,../../data/depthanything/moge_dataset/NYUv2/00132/image.png
57,57,../../data/moge_dataset/NYUv2/00133/image.jpg,../../data/moge_dataset/NYUv2/00133/depth.png,../../data/moge_dataset/NYUv2/00133/meta.json,NYUv2,../../data/depthanything/moge_dataset/NYUv2/00133/image.png
58,58,../../data/moge_dataset/NYUv2/00136/image.jpg,../../data/moge_dataset/NYUv2/00136/depth.png,../../data/moge_dataset/NYUv2/00136/meta.json,NYUv2,../../data/depthanything/moge_dataset/NYUv2/00136/image.png
59,59,../../data/moge_dataset/NYUv2/00152/image.jpg,../../data/moge_dataset/NYUv2/00152/depth.png,../../data/moge_dataset/NYUv2/00152/meta.json,NYUv2,../../data/depthanything/moge_dataset/NYUv2/00152/image.png
60,60,../../data/moge_dataset/NYUv2/00153/image.jpg,../../data/moge_dataset/NYUv2/00153/depth.png,../../data/moge_dataset/NYUv2/00153/meta.json,NYUv2,../../data/depthanything/moge_dataset/NYUv2/00153/image.png
61,61,../../data/moge_dataset/NYUv2/00154/image.jpg,../../data/moge_dataset/NYUv2/00154/depth.png,../../data/moge_dataset/NYUv2/00154/meta.json,NYUv2,../../data/depthanything/moge_dataset/NYUv2/00154/image.png
62,62,../../data/moge_dataset/NYUv2/00166/image.jpg,../../data/moge_dataset/NYUv2/00166/depth.png,../../data/moge_dataset/NYUv2/00166/meta.json,NYUv2,../../data/depthanything/moge_dataset/NYUv2/00166/image.png
63,63,../../data/moge_dataset/NYUv2/00167/image.jpg,../../data/moge_dataset/NYUv2/00167/depth.png,../../data/moge_dataset/NYUv2/00167/meta.json,NYUv2,../../data/depthanything/moge_dataset/NYUv2/00167/image.png
64,64,../../data/moge_dataset/NYUv2/00168/image.jpg,../../data/moge_dataset/NYUv2/00168/depth.png,../../data/moge_dataset/NYUv2/00168/meta.json,NYUv2,../../data/depthanything/moge_dataset/NYUv2/00168/image.png
65,65,../../data/moge_dataset/NYUv2/00170/image.jpg,../../data/moge_dataset/NYUv2/00170/depth.png,../../data/moge_dataset/NYUv2/00170/meta.json,NYUv2,../../data/depthanything/moge_dataset/NYUv2/00170/image.png
66,66,../../data/moge_dataset/NYUv2/00171/image.jpg,../../data/moge_dataset/NYUv2/00171/depth.png,../../data/moge_dataset/NYUv2/00171/meta.json,NYUv2,../../data/depthanything/moge_dataset/NYUv2/00171/image.png
67,67,../../data/moge_dataset/NYUv2/00172/image.jpg,../../data/moge_dataset/NYUv2/00172/depth.png,../../data/moge_dataset/NYUv2/00172/meta.json,NYUv2,../../data/depthanything/moge_dataset/NYUv2/00172/image.png
68,68,../../data/moge_dataset/NYUv2/00173/image.jpg,../../data/moge_dataset/NYUv2/00173/depth.png,../../data/moge_dataset/NYUv2/00173/meta.json,NYUv2,../../data/depthanything/moge_dataset/NYUv2/00173/image.png
69,69,../../data/moge_dataset/NYUv2/00174/image.jpg,../../data/moge_dataset/NYUv2/00174/depth.png,../../data/moge_dataset/NYUv2/00174/meta.json,NYUv2,../../data/depthanything/moge_dataset/NYUv2/00174/image.png
70,70,../../data/moge_dataset/NYUv2/00175/image.jpg,../../data/moge_dataset/NYUv2/00175/depth.png,../../data/moge_dataset/NYUv2/00175/meta.json,NYUv2,../../data/depthanything/moge_dataset/NYUv2/00175/image.png
71,71,../../data/moge_dataset/NYUv2/00179/image.jpg,../../data/moge_dataset/NYUv2/00179/depth.png,../../data/moge_dataset/NYUv2/00179/meta.json,NYUv2,../../data/depthanything/moge_dataset/NYUv2/00179/image.png
72,72,../../data/moge_dataset/NYUv2/00180/image.jpg,../../data/moge_dataset/NYUv2/00180/depth.png,../../data/moge_dataset/NYUv2/00180/meta.json,NYUv2,../../data/depthanything/moge_dataset/NYUv2/00180/image.png
73,73,../../data/moge_dataset/NYUv2/00181/image.jpg,../../data/moge_dataset/NYUv2/00181/depth.png,../../data/moge_dataset/NYUv2/00181/meta.json,NYUv2,../../data/depthanything/moge_dataset/NYUv2/00181/image.png
74,74,../../data/moge_dataset/NYUv2/00182/image.jpg,../../data/moge_dataset/NYUv2/00182/depth.png,../../data/moge_dataset/NYUv2/00182/meta.json,NYUv2,../../data/depthanything/moge_dataset/NYUv2/00182/image.png
75,75,../../data/moge_dataset/NYUv2/00183/image.jpg,../../data/moge_dataset/NYUv2/00183/depth.png,../../data/moge_dataset/NYUv2/00183/meta.json,NYUv2,../../data/depthanything/moge_dataset/NYUv2/00183/image.png
76,76,../../data/moge_dataset/NYUv2/00184/image.jpg,../../data/moge_dataset/NYUv2/00184/depth.png,../../data/moge_dataset/NYUv2/00184/meta.json,NYUv2,../../data/depthanything/moge_dataset/NYUv2/00184/image.png
77,77,../../data/moge_dataset/NYUv2/00185/image.jpg,../../data/moge_dataset/NYUv2/00185/depth.png,../../data/moge_dataset/NYUv2/00185/meta.json,NYUv2,../../data/depthanything/moge_dataset/NYUv2/00185/image.png
78,78,../../data/moge_dataset/NYUv2/00186/image.jpg,../../data/moge_dataset/NYUv2/00186/depth.png,../../data/moge_dataset/NYUv2/00186/meta.json,NYUv2,../../data/depthanything/moge_dataset/NYUv2/00186/image.png
79,79,../../data/moge_dataset/NYUv2/00187/image.jpg,../../data/moge_dataset/NYUv2/00187/depth.png,../../data/moge_dataset/NYUv2/00187/meta.json,NYUv2,../../data/depthanything/moge_dataset/NYUv2/00187/image.png
80,80,../../data/moge_dataset/NYUv2/00188/image.jpg,../../data/moge_dataset/NYUv2/00188/depth.png,../../data/moge_dataset/NYUv2/00188/meta.json,NYUv2,../../data/depthanything/moge_dataset/NYUv2/00188/image.png
81,81,../../data/moge_dataset/NYUv2/00189/image.jpg,../../data/moge_dataset/NYUv2/00189/depth.png,../../data/moge_dataset/NYUv2/00189/meta.json,NYUv2,../../data/depthanything/moge_dataset/NYUv2/00189/image.png
82,82,../../data/moge_dataset/NYUv2/00190/image.jpg,../../data/moge_dataset/NYUv2/00190/depth.png,../../data/moge_dataset/NYUv2/00190/meta.json,NYUv2,../../data/depthanything/moge_dataset/NYUv2/00190/image.png
83,83,../../data/moge_dataset/NYUv2/00191/image.jpg,../../data/moge_dataset/NYUv2/00191/depth.png,../../data/moge_dataset/NYUv2/00191/meta.json,NYUv2,../../data/depthanything/moge_dataset/NYUv2/00191/image.png
84,84,../../data/moge_dataset/NYUv2/00192/image.jpg,../../data/moge_dataset/NYUv2/00192/depth.png,../../data/moge_dataset/NYUv2/00192/meta.json,NYUv2,../../data/depthanything/moge_dataset/NYUv2/00192/image.png
85,85,../../data/moge_dataset/NYUv2/00193/image.jpg,../../data/moge_dataset/NYUv2/00193/depth.png,../../data/moge_dataset/NYUv2/00193/meta.json,NYUv2,../../data/depthanything/moge_dataset/NYUv2/00193/image.png
86,86,../../data/moge_dataset/NYUv2/00194/image.jpg,../../data/moge_dataset/NYUv2/00194/depth.png,../../data/moge_dataset/NYUv2/00194/meta.json,NYUv2,../../data/depthanything/moge_dataset/NYUv2/00194/image.png
87,87,../../data/moge_dataset/NYUv2/00195/image.jpg,../../data/moge_dataset/NYUv2/00195/depth.png,../../data/moge_dataset/NYUv2/00195/meta.json,NYUv2,../../data/depthanything/moge_dataset/NYUv2/00195/image.png
88,88,../../data/moge_dataset/NYUv2/00196/image.jpg,../../data/moge_dataset/NYUv2/00196/depth.png,../../data/moge_dataset/NYUv2/00196/meta.json,NYUv2,../../data/depthanything/moge_dataset/NYUv2/00196/image.png
89,89,../../data/moge_dataset/NYUv2/00197/image.jpg,../../data/moge_dataset/NYUv2/00197/depth.png,../../data/moge_dataset/NYUv2/00197/meta.json,NYUv2,../../data/depthanything/moge_dataset/NYUv2/00197/image.png
90,90,../../data/moge_dataset/NYUv2/00198/image.jpg,../../data/moge_dataset/NYUv2/00198/depth.png,../../data/moge_dataset/NYUv2/00198/meta.json,NYUv2,../../data/depthanything/moge_dataset/NYUv2/00198/image.png
91,91,../../data/moge_dataset/NYUv2/00199/image.jpg,../../data/moge_dataset/NYUv2/00199/depth.png,../../data/moge_dataset/NYUv2/00199/meta.json,NYUv2,../../data/depthanything/moge_dataset/NYUv2/00199/image.png
92,92,../../data/moge_dataset/NYUv2/00200/image.jpg,../../data/moge_dataset/NYUv2/00200/depth.png,../../data/moge_dataset/NYUv2/00200/meta.json,NYUv2,../../data/depthanything/moge_dataset/NYUv2/00200/image.png
93,93,../../data/moge_dataset/NYUv2/00201/image.jpg,../../data/moge_dataset/NYUv2/00201/depth.png,../../data/moge_dataset/NYUv2/00201/meta.json,NYUv2,../../data/depthanything/moge_dataset/NYUv2/00201/image.png
94,94,../../data/moge_dataset/NYUv2/00206/image.jpg,../../data/moge_dataset/NYUv2/00206/depth.png,../../data/moge_dataset/NYUv2/00206/meta.json,NYUv2,../../data/depthanything/moge_dataset/NYUv2/00206/image.png
95,95,../../data/moge_dataset/NYUv2/00207/image.jpg,../../data/moge_dataset/NYUv2/00207/depth.png,../../data/moge_dataset/NYUv2/00207/meta.json,NYUv2,../../data/depthanything/moge_dataset/NYUv2/00207/image.png
96,96,../../data/moge_dataset/NYUv2/00208/image.jpg,../../data/moge_dataset/NYUv2/00208/depth.png,../../data/moge_dataset/NYUv2/00208/meta.json,NYUv2,../../data/depthanything/moge_dataset/NYUv2/00208/image.png
97,97,../../data/moge_dataset/NYUv2/00209/image.jpg,../../data/moge_dataset/NYUv2/00209/depth.png,../../data/moge_dataset/NYUv2/00209/meta.json,NYUv2,../../data/depthanything/moge_dataset/NYUv2/00209/image.png
98,98,../../data/moge_dataset/NYUv2/00210/image.jpg,../../data/moge_dataset/NYUv2/00210/depth.png,../../data/moge_dataset/NYUv2/00210/meta.json,NYUv2,../../data/depthanything/moge_dataset/NYUv2/00210/image.png
99,99,../../data/moge_dataset/NYUv2/00211/image.jpg,../../data/moge_dataset/NYUv2/00211/depth.png,../../data/moge_dataset/NYUv2/00211/meta.json,NYUv2,../../data/depthanything/moge_dataset/NYUv2/00211/image.png
100,100,../../data/moge_dataset/NYUv2/00219/image.jpg,../../data/moge_dataset/NYUv2/00219/depth.png,../../data/moge_dataset/NYUv2/00219/meta.json,NYUv2,../../data/depthanything/moge_dataset/NYUv2/00219/image.png
101,101,../../data/moge_dataset/NYUv2/00220/image.jpg,../../data/moge_dataset/NYUv2/00220/depth.png,../../data/moge_dataset/NYUv2/00220/meta.json,NYUv2,../../data/depthanything/moge_dataset/NYUv2/00220/image.png
102,102,../../data/moge_dataset/NYUv2/00221/image.jpg,../../data/moge_dataset/NYUv2/00221/depth.png,../../data/moge_dataset/NYUv2/00221/meta.json,NYUv2,../../data/depthanything/moge_dataset/NYUv2/00221/image.png
103,103,../../data/moge_dataset/NYUv2/00249/image.jpg,../../data/moge_dataset/NYUv2/00249/depth.png,../../data/moge_dataset/NYUv2/00249/meta.json,NYUv2,../../data/depthanything/moge_dataset/NYUv2/00249/image.png
104,104,../../data/moge_dataset/NYUv2/00263/image.jpg,../../data/moge_dataset/NYUv2/00263/depth.png,../../data/moge_dataset/NYUv2/00263/meta.json,NYUv2,../../data/depthanything/moge_dataset/NYUv2/00263/image.png
105,105,../../data/moge_dataset/NYUv2/00270/image.jpg,../../data/moge_dataset/NYUv2/00270/depth.png,../../data/moge_dataset/NYUv2/00270/meta.json,NYUv2,../../data/depthanything/moge_dataset/NYUv2/00270/image.png
106,106,../../data/moge_dataset/NYUv2/00271/image.jpg,../../data/moge_dataset/NYUv2/00271/depth.png,../../data/moge_dataset/NYUv2/00271/meta.json,NYUv2,../../data/depthanything/moge_dataset/NYUv2/00271/image.png
107,107,../../data/moge_dataset/NYUv2/00272/image.jpg,../../data/moge_dataset/NYUv2/00272/depth.png,../../data/moge_dataset/NYUv2/00272/meta.json,NYUv2,../../data/depthanything/moge_dataset/NYUv2/00272/image.png
108,108,../../data/moge_dataset/NYUv2/00278/image.jpg,../../data/moge_dataset/NYUv2/00278/depth.png,../../data/moge_dataset/NYUv2/00278/meta.json,NYUv2,../../data/depthanything/moge_dataset/NYUv2/00278/image.png
109,109,../../data/moge_dataset/NYUv2/00279/image.jpg,../../data/moge_dataset/NYUv2/00279/depth.png,../../data/moge_dataset/NYUv2/00279/meta.json,NYUv2,../../data/depthanything/moge_dataset/NYUv2/00279/image.png
110,110,../../data/moge_dataset/NYUv2/00280/image.jpg,../../data/moge_dataset/NYUv2/00280/depth.png,../../data/moge_dataset/NYUv2/00280/meta.json,NYUv2,../../data/depthanything/moge_dataset/NYUv2/00280/image.png
111,111,../../data/moge_dataset/NYUv2/00281/image.jpg,../../data/moge_dataset/NYUv2/00281/depth.png,../../data/moge_dataset/NYUv2/00281/meta.json,NYUv2,../../data/depthanything/moge_dataset/NYUv2/00281/image.png
112,112,../../data/moge_dataset/NYUv2/00282/image.jpg,../../data/moge_dataset/NYUv2/00282/depth.png,../../data/moge_dataset/NYUv2/00282/meta.json,NYUv2,../../data/depthanything/moge_dataset/NYUv2/00282/image.png
113,113,../../data/moge_dataset/NYUv2/00283/image.jpg,../../data/moge_dataset/NYUv2/00283/depth.png,../../data/moge_dataset/NYUv2/00283/meta.json,NYUv2,../../data/depthanything/moge_dataset/NYUv2/00283/image.png
114,114,../../data/moge_dataset/NYUv2/00284/image.jpg,../../data/moge_dataset/NYUv2/00284/depth.png,../../data/moge_dataset/NYUv2/00284/meta.json,NYUv2,../../data/depthanything/moge_dataset/NYUv2/00284/image.png
115,115,../../data/moge_dataset/NYUv2/00295/image.jpg,../../data/moge_dataset/NYUv2/00295/depth.png,../../data/moge_dataset/NYUv2/00295/meta.json,NYUv2,../../data/depthanything/moge_dataset/NYUv2/00295/image.png
116,116,../../data/moge_dataset/NYUv2/00296/image.jpg,../../data/moge_dataset/NYUv2/00296/depth.png,../../data/moge_dataset/NYUv2/00296/meta.json,NYUv2,../../data/depthanything/moge_dataset/NYUv2/00296/image.png
117,117,../../data/moge_dataset/NYUv2/00297/image.jpg,../../data/moge_dataset/NYUv2/00297/depth.png,../../data/moge_dataset/NYUv2/00297/meta.json,NYUv2,../../data/depthanything/moge_dataset/NYUv2/00297/image.png
118,118,../../data/moge_dataset/NYUv2/00298/image.jpg,../../data/moge_dataset/NYUv2/00298/depth.png,../../data/moge_dataset/NYUv2/00298/meta.json,NYUv2,../../data/depthanything/moge_dataset/NYUv2/00298/image.png
119,119,../../data/moge_dataset/NYUv2/00299/image.jpg,../../data/moge_dataset/NYUv2/00299/depth.png,../../data/moge_dataset/NYUv2/00299/meta.json,NYUv2,../../data/depthanything/moge_dataset/NYUv2/00299/image.png
120,120,../../data/moge_dataset/NYUv2/00300/image.jpg,../../data/moge_dataset/NYUv2/00300/depth.png,../../data/moge_dataset/NYUv2/00300/meta.json,NYUv2,../../data/depthanything/moge_dataset/NYUv2/00300/image.png
121,121,../../data/moge_dataset/NYUv2/00301/image.jpg,../../data/moge_dataset/NYUv2/00301/depth.png,../../data/moge_dataset/NYUv2/00301/meta.json,NYUv2,../../data/depthanything/moge_dataset/NYUv2/00301/image.png
122,122,../../data/moge_dataset/NYUv2/00309/image.jpg,../../data/moge_dataset/NYUv2/00309/depth.png,../../data/moge_dataset/NYUv2/00309/meta.json,NYUv2,../../data/depthanything/moge_dataset/NYUv2/00309/image.png
123,123,../../data/moge_dataset/NYUv2/00310/image.jpg,../../data/moge_dataset/NYUv2/00310/depth.png,../../data/moge_dataset/NYUv2/00310/meta.json,NYUv2,../../data/depthanything/moge_dataset/NYUv2/00310/image.png
124,124,../../data/moge_dataset/NYUv2/00311/image.jpg,../../data/moge_dataset/NYUv2/00311/depth.png,../../data/moge_dataset/NYUv2/00311/meta.json,NYUv2,../../data/depthanything/moge_dataset/NYUv2/00311/image.png
125,125,../../data/moge_dataset/NYUv2/00314/image.jpg,../../data/moge_dataset/NYUv2/00314/depth.png,../../data/moge_dataset/NYUv2/00314/meta.json,NYUv2,../../data/depthanything/moge_dataset/NYUv2/00314/image.png
126,126,../../data/moge_dataset/NYUv2/00315/image.jpg,../../data/moge_dataset/NYUv2/00315/depth.png,../../data/moge_dataset/NYUv2/00315/meta.json,NYUv2,../../data/depthanything/moge_dataset/NYUv2/00315/image.png
127,127,../../data/moge_dataset/NYUv2/00316/image.jpg,../../data/moge_dataset/NYUv2/00316/depth.png,../../data/moge_dataset/NYUv2/00316/meta.json,NYUv2,../../data/depthanything/moge_dataset/NYUv2/00316/image.png
128,128,../../data/moge_dataset/NYUv2/00324/image.jpg,../../data/moge_dataset/NYUv2/00324/depth.png,../../data/moge_dataset/NYUv2/00324/meta.json,NYUv2,../../data/depthanything/moge_dataset/NYUv2/00324/image.png
129,129,../../data/moge_dataset/NYUv2/00325/image.jpg,../../data/moge_dataset/NYUv2/00325/depth.png,../../data/moge_dataset/NYUv2/00325/meta.json,NYUv2,../../data/depthanything/moge_dataset/NYUv2/00325/image.png
130,130,../../data/moge_dataset/NYUv2/00326/image.jpg,../../data/moge_dataset/NYUv2/00326/depth.png,../../data/moge_dataset/NYUv2/00326/meta.json,NYUv2,../../data/depthanything/moge_dataset/NYUv2/00326/image.png
131,131,../../data/moge_dataset/NYUv2/00327/image.jpg,../../data/moge_dataset/NYUv2/00327/depth.png,../../data/moge_dataset/NYUv2/00327/meta.json,NYUv2,../../data/depthanything/moge_dataset/NYUv2/00327/image.png
132,132,../../data/moge_dataset/NYUv2/00328/image.jpg,../../data/moge_dataset/NYUv2/00328/depth.png,../../data/moge_dataset/NYUv2/00328/meta.json,NYUv2,../../data/depthanything/moge_dataset/NYUv2/00328/image.png
133,133,../../data/moge_dataset/NYUv2/00329/image.jpg,../../data/moge_dataset/NYUv2/00329/depth.png,../../data/moge_dataset/NYUv2/00329/meta.json,NYUv2,../../data/depthanything/moge_dataset/NYUv2/00329/image.png
134,134,../../data/moge_dataset/NYUv2/00330/image.jpg,../../data/moge_dataset/NYUv2/00330/depth.png,../../data/moge_dataset/NYUv2/00330/meta.json,NYUv2,../../data/depthanything/moge_dataset/NYUv2/00330/image.png
135,135,../../data/moge_dataset/NYUv2/00331/image.jpg,../../data/moge_dataset/NYUv2/00331/depth.png,../../data/moge_dataset/NYUv2/00331/meta.json,NYUv2,../../data/depthanything/moge_dataset/NYUv2/00331/image.png
136,136,../../data/moge_dataset/NYUv2/00332/image.jpg,../../data/moge_dataset/NYUv2/00332/depth.png,../../data/moge_dataset/NYUv2/00332/meta.json,NYUv2,../../data/depthanything/moge_dataset/NYUv2/00332/image.png
137,137,../../data/moge_dataset/NYUv2/00333/image.jpg,../../data/moge_dataset/NYUv2/00333/depth.png,../../data/moge_dataset/NYUv2/00333/meta.json,NYUv2,../../data/depthanything/moge_dataset/NYUv2/00333/image.png
138,138,../../data/moge_dataset/NYUv2/00334/image.jpg,../../data/moge_dataset/NYUv2/00334/depth.png,../../data/moge_dataset/NYUv2/00334/meta.json,NYUv2,../../data/depthanything/moge_dataset/NYUv2/00334/image.png
139,139,../../data/moge_dataset/NYUv2/00350/image.jpg,../../data/moge_dataset/NYUv2/00350/depth.png,../../data/moge_dataset/NYUv2/00350/meta.json,NYUv2,../../data/depthanything/moge_dataset/NYUv2/00350/image.png
140,140,../../data/moge_dataset/NYUv2/00351/image.jpg,../../data/moge_dataset/NYUv2/00351/depth.png,../../data/moge_dataset/NYUv2/00351/meta.json,NYUv2,../../data/depthanything/moge_dataset/NYUv2/00351/image.png
141,141,../../data/moge_dataset/NYUv2/00354/image.jpg,../../data/moge_dataset/NYUv2/00354/depth.png,../../data/moge_dataset/NYUv2/00354/meta.json,NYUv2,../../data/depthanything/moge_dataset/NYUv2/00354/image.png
142,142,../../data/moge_dataset/NYUv2/00355/image.jpg,../../data/moge_dataset/NYUv2/00355/depth.png,../../data/moge_dataset/NYUv2/00355/meta.json,NYUv2,../../data/depthanything/moge_dataset/NYUv2/00355/image.png
143,143,../../data/moge_dataset/NYUv2/00356/image.jpg,../../data/moge_dataset/NYUv2/00356/depth.png,../../data/moge_dataset/NYUv2/00356/meta.json,NYUv2,../../data/depthanything/moge_dataset/NYUv2/00356/image.png
144,144,../../data/moge_dataset/NYUv2/00357/image.jpg,../../data/moge_dataset/NYUv2/00357/depth.png,../../data/moge_dataset/NYUv2/00357/meta.json,NYUv2,../../data/depthanything/moge_dataset/NYUv2/00357/image.png
145,145,../../data/moge_dataset/NYUv2/00358/image.jpg,../../data/moge_dataset/NYUv2/00358/depth.png,../../data/moge_dataset/NYUv2/00358/meta.json,NYUv2,../../data/depthanything/moge_dataset/NYUv2/00358/image.png
146,146,../../data/moge_dataset/NYUv2/00359/image.jpg,../../data/moge_dataset/NYUv2/00359/depth.png,../../data/moge_dataset/NYUv2/00359/meta.json,NYUv2,../../data/depthanything/moge_dataset/NYUv2/00359/image.png
147,147,../../data/moge_dataset/NYUv2/00360/image.jpg,../../data/moge_dataset/NYUv2/00360/depth.png,../../data/moge_dataset/NYUv2/00360/meta.json,NYUv2,../../data/depthanything/moge_dataset/NYUv2/00360/image.png
148,148,../../data/moge_dataset/NYUv2/00361/image.jpg,../../data/moge_dataset/NYUv2/00361/depth.png,../../data/moge_dataset/NYUv2/00361/meta.json,NYUv2,../../data/depthanything/moge_dataset/NYUv2/00361/image.png
149,149,../../data/moge_dataset/NYUv2/00362/image.jpg,../../data/moge_dataset/NYUv2/00362/depth.png,../../data/moge_dataset/NYUv2/00362/meta.json,NYUv2,../../data/depthanything/moge_dataset/NYUv2/00362/image.png
150,150,../../data/moge_dataset/NYUv2/00363/image.jpg,../../data/moge_dataset/NYUv2/00363/depth.png,../../data/moge_dataset/NYUv2/00363/meta.json,NYUv2,../../data/depthanything/moge_dataset/NYUv2/00363/image.png
151,151,../../data/moge_dataset/NYUv2/00383/image.jpg,../../data/moge_dataset/NYUv2/00383/depth.png,../../data/moge_dataset/NYUv2/00383/meta.json,NYUv2,../../data/depthanything/moge_dataset/NYUv2/00383/image.png
152,152,../../data/moge_dataset/NYUv2/00384/image.jpg,../../data/moge_dataset/NYUv2/00384/depth.png,../../data/moge_dataset/NYUv2/00384/meta.json,NYUv2,../../data/depthanything/moge_dataset/NYUv2/00384/image.png
153,153,../../data/moge_dataset/NYUv2/00385/image.jpg,../../data/moge_dataset/NYUv2/00385/depth.png,../../data/moge_dataset/NYUv2/00385/meta.json,NYUv2,../../data/depthanything/moge_dataset/NYUv2/00385/image.png
154,154,../../data/moge_dataset/NYUv2/00386/image.jpg,../../data/moge_dataset/NYUv2/00386/depth.png,../../data/moge_dataset/NYUv2/00386/meta.json,NYUv2,../../data/depthanything/moge_dataset/NYUv2/00386/image.png
155,155,../../data/moge_dataset/NYUv2/00387/image.jpg,../../data/moge_dataset/NYUv2/00387/depth.png,../../data/moge_dataset/NYUv2/00387/meta.json,NYUv2,../../data/depthanything/moge_dataset/NYUv2/00387/image.png
156,156,../../data/moge_dataset/NYUv2/00388/image.jpg,../../data/moge_dataset/NYUv2/00388/depth.png,../../data/moge_dataset/NYUv2/00388/meta.json,NYUv2,../../data/depthanything/moge_dataset/NYUv2/00388/image.png
157,157,../../data/moge_dataset/NYUv2/00389/image.jpg,../../data/moge_dataset/NYUv2/00389/depth.png,../../data/moge_dataset/NYUv2/00389/meta.json,NYUv2,../../data/depthanything/moge_dataset/NYUv2/00389/image.png
158,158,../../data/moge_dataset/NYUv2/00394/image.jpg,../../data/moge_dataset/NYUv2/00394/depth.png,../../data/moge_dataset/NYUv2/00394/meta.json,NYUv2,../../data/depthanything/moge_dataset/NYUv2/00394/image.png
159,159,../../data/moge_dataset/NYUv2/00395/image.jpg,../../data/moge_dataset/NYUv2/00395/depth.png,../../data/moge_dataset/NYUv2/00395/meta.json,NYUv2,../../data/depthanything/moge_dataset/NYUv2/00395/image.png
160,160,../../data/moge_dataset/NYUv2/00396/image.jpg,../../data/moge_dataset/NYUv2/00396/depth.png,../../data/moge_dataset/NYUv2/00396/meta.json,NYUv2,../../data/depthanything/moge_dataset/NYUv2/00396/image.png
161,161,../../data/moge_dataset/NYUv2/00410/image.jpg,../../data/moge_dataset/NYUv2/00410/depth.png,../../data/moge_dataset/NYUv2/00410/meta.json,NYUv2,../../data/depthanything/moge_dataset/NYUv2/00410/image.png
162,162,../../data/moge_dataset/NYUv2/00411/image.jpg,../../data/moge_dataset/NYUv2/00411/depth.png,../../data/moge_dataset/NYUv2/00411/meta.json,NYUv2,../../data/depthanything/moge_dataset/NYUv2/00411/image.png
163,163,../../data/moge_dataset/NYUv2/00412/image.jpg,../../data/moge_dataset/NYUv2/00412/depth.png,../../data/moge_dataset/NYUv2/00412/meta.json,NYUv2,../../data/depthanything/moge_dataset/NYUv2/00412/image.png
164,164,../../data/moge_dataset/NYUv2/00413/image.jpg,../../data/moge_dataset/NYUv2/00413/depth.png,../../data/moge_dataset/NYUv2/00413/meta.json,NYUv2,../../data/depthanything/moge_dataset/NYUv2/00413/image.png
165,165,../../data/moge_dataset/NYUv2/00429/image.jpg,../../data/moge_dataset/NYUv2/00429/depth.png,../../data/moge_dataset/NYUv2/00429/meta.json,NYUv2,../../data/depthanything/moge_dataset/NYUv2/00429/image.png
166,166,../../data/moge_dataset/NYUv2/00430/image.jpg,../../data/moge_dataset/NYUv2/00430/depth.png,../../data/moge_dataset/NYUv2/00430/meta.json,NYUv2,../../data/depthanything/moge_dataset/NYUv2/00430/image.png
167,167,../../data/moge_dataset/NYUv2/00431/image.jpg,../../data/moge_dataset/NYUv2/00431/depth.png,../../data/moge_dataset/NYUv2/00431/meta.json,NYUv2,../../data/depthanything/moge_dataset/NYUv2/00431/image.png
168,168,../../data/moge_dataset/NYUv2/00432/image.jpg,../../data/moge_dataset/NYUv2/00432/depth.png,../../data/moge_dataset/NYUv2/00432/meta.json,NYUv2,../../data/depthanything/moge_dataset/NYUv2/00432/image.png
169,169,../../data/moge_dataset/NYUv2/00433/image.jpg,../../data/moge_dataset/NYUv2/00433/depth.png,../../data/moge_dataset/NYUv2/00433/meta.json,NYUv2,../../data/depthanything/moge_dataset/NYUv2/00433/image.png
170,170,../../data/moge_dataset/NYUv2/00434/image.jpg,../../data/moge_dataset/NYUv2/00434/depth.png,../../data/moge_dataset/NYUv2/00434/meta.json,NYUv2,../../data/depthanything/moge_dataset/NYUv2/00434/image.png
171,171,../../data/moge_dataset/NYUv2/00440/image.jpg,../../data/moge_dataset/NYUv2/00440/depth.png,../../data/moge_dataset/NYUv2/00440/meta.json,NYUv2,../../data/depthanything/moge_dataset/NYUv2/00440/image.png
172,172,../../data/moge_dataset/NYUv2/00441/image.jpg,../../data/moge_dataset/NYUv2/00441/depth.png,../../data/moge_dataset/NYUv2/00441/meta.json,NYUv2,../../data/depthanything/moge_dataset/NYUv2/00441/image.png
173,173,../../data/moge_dataset/NYUv2/00442/image.jpg,../../data/moge_dataset/NYUv2/00442/depth.png,../../data/moge_dataset/NYUv2/00442/meta.json,NYUv2,../../data/depthanything/moge_dataset/NYUv2/00442/image.png
174,174,../../data/moge_dataset/NYUv2/00443/image.jpg,../../data/moge_dataset/NYUv2/00443/depth.png,../../data/moge_dataset/NYUv2/00443/meta.json,NYUv2,../../data/depthanything/moge_dataset/NYUv2/00443/image.png
175,175,../../data/moge_dataset/NYUv2/00444/image.jpg,../../data/moge_dataset/NYUv2/00444/depth.png,../../data/moge_dataset/NYUv2/00444/meta.json,NYUv2,../../data/depthanything/moge_dataset/NYUv2/00444/image.png
176,176,../../data/moge_dataset/NYUv2/00445/image.jpg,../../data/moge_dataset/NYUv2/00445/depth.png,../../data/moge_dataset/NYUv2/00445/meta.json,NYUv2,../../data/depthanything/moge_dataset/NYUv2/00445/image.png
177,177,../../data/moge_dataset/NYUv2/00446/image.jpg,../../data/moge_dataset/NYUv2/00446/depth.png,../../data/moge_dataset/NYUv2/00446/meta.json,NYUv2,../../data/depthanything/moge_dataset/NYUv2/00446/image.png
178,178,../../data/moge_dataset/NYUv2/00447/image.jpg,../../data/moge_dataset/NYUv2/00447/depth.png,../../data/moge_dataset/NYUv2/00447/meta.json,NYUv2,../../data/depthanything/moge_dataset/NYUv2/00447/image.png
179,179,../../data/moge_dataset/NYUv2/00461/image.jpg,../../data/moge_dataset/NYUv2/00461/depth.png,../../data/moge_dataset/NYUv2/00461/meta.json,NYUv2,../../data/depthanything/moge_dataset/NYUv2/00461/image.png
180,180,../../data/moge_dataset/NYUv2/00462/image.jpg,../../data/moge_dataset/NYUv2/00462/depth.png,../../data/moge_dataset/NYUv2/00462/meta.json,NYUv2,../../data/depthanything/moge_dataset/NYUv2/00462/image.png
181,181,../../data/moge_dataset/NYUv2/00463/image.jpg,../../data/moge_dataset/NYUv2/00463/depth.png,../../data/moge_dataset/NYUv2/00463/meta.json,NYUv2,../../data/depthanything/moge_dataset/NYUv2/00463/image.png
182,182,../../data/moge_dataset/NYUv2/00464/image.jpg,../../data/moge_dataset/NYUv2/00464/depth.png,../../data/moge_dataset/NYUv2/00464/meta.json,NYUv2,../../data/depthanything/moge_dataset/NYUv2/00464/image.png
183,183,../../data/moge_dataset/NYUv2/00465/image.jpg,../../data/moge_dataset/NYUv2/00465/depth.png,../../data/moge_dataset/NYUv2/00465/meta.json,NYUv2,../../data/depthanything/moge_dataset/NYUv2/00465/image.png
184,184,../../data/moge_dataset/NYUv2/00468/image.jpg,../../data/moge_dataset/NYUv2/00468/depth.png,../../data/moge_dataset/NYUv2/00468/meta.json,NYUv2,../../data/depthanything/moge_dataset/NYUv2/00468/image.png
185,185,../../data/moge_dataset/NYUv2/00469/image.jpg,../../data/moge_dataset/NYUv2/00469/depth.png,../../data/moge_dataset/NYUv2/00469/meta.json,NYUv2,../../data/depthanything/moge_dataset/NYUv2/00469/image.png
186,186,../../data/moge_dataset/NYUv2/00470/image.jpg,../../data/moge_dataset/NYUv2/00470/depth.png,../../data/moge_dataset/NYUv2/00470/meta.json,NYUv2,../../data/depthanything/moge_dataset/NYUv2/00470/image.png
187,187,../../data/moge_dataset/NYUv2/00471/image.jpg,../../data/moge_dataset/NYUv2/00471/depth.png,../../data/moge_dataset/NYUv2/00471/meta.json,NYUv2,../../data/depthanything/moge_dataset/NYUv2/00471/image.png
188,188,../../data/moge_dataset/NYUv2/00472/image.jpg,../../data/moge_dataset/NYUv2/00472/depth.png,../../data/moge_dataset/NYUv2/00472/meta.json,NYUv2,../../data/depthanything/moge_dataset/NYUv2/00472/image.png
189,189,../../data/moge_dataset/NYUv2/00473/image.jpg,../../data/moge_dataset/NYUv2/00473/depth.png,../../data/moge_dataset/NYUv2/00473/meta.json,NYUv2,../../data/depthanything/moge_dataset/NYUv2/00473/image.png
190,190,../../data/moge_dataset/NYUv2/00474/image.jpg,../../data/moge_dataset/NYUv2/00474/depth.png,../../data/moge_dataset/NYUv2/00474/meta.json,NYUv2,../../data/depthanything/moge_dataset/NYUv2/00474/image.png
191,191,../../data/moge_dataset/NYUv2/00475/image.jpg,../../data/moge_dataset/NYUv2/00475/depth.png,../../data/moge_dataset/NYUv2/00475/meta.json,NYUv2,../../data/depthanything/moge_dataset/NYUv2/00475/image.png
192,192,../../data/moge_dataset/NYUv2/00476/image.jpg,../../data/moge_dataset/NYUv2/00476/depth.png,../../data/moge_dataset/NYUv2/00476/meta.json,NYUv2,../../data/depthanything/moge_dataset/NYUv2/00476/image.png
193,193,../../data/moge_dataset/NYUv2/00507/image.jpg,../../data/moge_dataset/NYUv2/00507/depth.png,../../data/moge_dataset/NYUv2/00507/meta.json,NYUv2,../../data/depthanything/moge_dataset/NYUv2/00507/image.png
194,194,../../data/moge_dataset/NYUv2/00508/image.jpg,../../data/moge_dataset/NYUv2/00508/depth.png,../../data/moge_dataset/NYUv2/00508/meta.json,NYUv2,../../data/depthanything/moge_dataset/NYUv2/00508/image.png
195,195,../../data/moge_dataset/NYUv2/00509/image.jpg,../../data/moge_dataset/NYUv2/00509/depth.png,../../data/moge_dataset/NYUv2/00509/meta.json,NYUv2,../../data/depthanything/moge_dataset/NYUv2/00509/image.png
196,196,../../data/moge_dataset/NYUv2/00510/image.jpg,../../data/moge_dataset/NYUv2/00510/depth.png,../../data/moge_dataset/NYUv2/00510/meta.json,NYUv2,../../data/depthanything/moge_dataset/NYUv2/00510/image.png
197,197,../../data/moge_dataset/NYUv2/00511/image.jpg,../../data/moge_dataset/NYUv2/00511/depth.png,../../data/moge_dataset/NYUv2/00511/meta.json,NYUv2,../../data/depthanything/moge_dataset/NYUv2/00511/image.png
198,198,../../data/moge_dataset/NYUv2/00512/image.jpg,../../data/moge_dataset/NYUv2/00512/depth.png,../../data/moge_dataset/NYUv2/00512/meta.json,NYUv2,../../data/depthanything/moge_dataset/NYUv2/00512/image.png
199,199,../../data/moge_dataset/NYUv2/00514/image.jpg,../../data/moge_dataset/NYUv2/00514/depth.png,../../data/moge_dataset/NYUv2/00514/meta.json,NYUv2,../../data/depthanything/moge_dataset/NYUv2/00514/image.png
200,200,../../data/moge_dataset/NYUv2/00515/image.jpg,../../data/moge_dataset/NYUv2/00515/depth.png,../../data/moge_dataset/NYUv2/00515/meta.json,NYUv2,../../data/depthanything/moge_dataset/NYUv2/00515/image.png
201,201,../../data/moge_dataset/NYUv2/00516/image.jpg,../../data/moge_dataset/NYUv2/00516/depth.png,../../data/moge_dataset/NYUv2/00516/meta.json,NYUv2,../../data/depthanything/moge_dataset/NYUv2/00516/image.png
202,202,../../data/moge_dataset/NYUv2/00517/image.jpg,../../data/moge_dataset/NYUv2/00517/depth.png,../../data/moge_dataset/NYUv2/00517/meta.json,NYUv2,../../data/depthanything/moge_dataset/NYUv2/00517/image.png
203,203,../../data/moge_dataset/NYUv2/00518/image.jpg,../../data/moge_dataset/NYUv2/00518/depth.png,../../data/moge_dataset/NYUv2/00518/meta.json,NYUv2,../../data/depthanything/moge_dataset/NYUv2/00518/image.png
204,204,../../data/moge_dataset/NYUv2/00519/image.jpg,../../data/moge_dataset/NYUv2/00519/depth.png,../../data/moge_dataset/NYUv2/00519/meta.json,NYUv2,../../data/depthanything/moge_dataset/NYUv2/00519/image.png
205,205,../../data/moge_dataset/NYUv2/00520/image.jpg,../../data/moge_dataset/NYUv2/00520/depth.png,../../data/moge_dataset/NYUv2/00520/meta.json,NYUv2,../../data/depthanything/moge_dataset/NYUv2/00520/image.png
206,206,../../data/moge_dataset/NYUv2/00521/image.jpg,../../data/moge_dataset/NYUv2/00521/depth.png,../../data/moge_dataset/NYUv2/00521/meta.json,NYUv2,../../data/depthanything/moge_dataset/NYUv2/00521/image.png
207,207,../../data/moge_dataset/NYUv2/00522/image.jpg,../../data/moge_dataset/NYUv2/00522/depth.png,../../data/moge_dataset/NYUv2/00522/meta.json,NYUv2,../../data/depthanything/moge_dataset/NYUv2/00522/image.png
208,208,../../data/moge_dataset/NYUv2/00523/image.jpg,../../data/moge_dataset/NYUv2/00523/depth.png,../../data/moge_dataset/NYUv2/00523/meta.json,NYUv2,../../data/depthanything/moge_dataset/NYUv2/00523/image.png
209,209,../../data/moge_dataset/NYUv2/00524/image.jpg,../../data/moge_dataset/NYUv2/00524/depth.png,../../data/moge_dataset/NYUv2/00524/meta.json,NYUv2,../../data/depthanything/moge_dataset/NYUv2/00524/image.png
210,210,../../data/moge_dataset/NYUv2/00525/image.jpg,../../data/moge_dataset/NYUv2/00525/depth.png,../../data/moge_dataset/NYUv2/00525/meta.json,NYUv2,../../data/depthanything/moge_dataset/NYUv2/00525/image.png
211,211,../../data/moge_dataset/NYUv2/00530/image.jpg,../../data/moge_dataset/NYUv2/00530/depth.png,../../data/moge_dataset/NYUv2/00530/meta.json,NYUv2,../../data/depthanything/moge_dataset/NYUv2/00530/image.png
212,212,../../data/moge_dataset/NYUv2/00531/image.jpg,../../data/moge_dataset/NYUv2/00531/depth.png,../../data/moge_dataset/NYUv2/00531/meta.json,NYUv2,../../data/depthanything/moge_dataset/NYUv2/00531/image.png
213,213,../../data/moge_dataset/NYUv2/00532/image.jpg,../../data/moge_dataset/NYUv2/00532/depth.png,../../data/moge_dataset/NYUv2/00532/meta.json,NYUv2,../../data/depthanything/moge_dataset/NYUv2/00532/image.png
214,214,../../data/moge_dataset/NYUv2/00536/image.jpg,../../data/moge_dataset/NYUv2/00536/depth.png,../../data/moge_dataset/NYUv2/00536/meta.json,NYUv2,../../data/depthanything/moge_dataset/NYUv2/00536/image.png
215,215,../../data/moge_dataset/NYUv2/00537/image.jpg,../../data/moge_dataset/NYUv2/00537/depth.png,../../data/moge_dataset/NYUv2/00537/meta.json,NYUv2,../../data/depthanything/moge_dataset/NYUv2/00537/image.png
216,216,../../data/moge_dataset/NYUv2/00538/image.jpg,../../data/moge_dataset/NYUv2/00538/depth.png,../../data/moge_dataset/NYUv2/00538/meta.json,NYUv2,../../data/depthanything/moge_dataset/NYUv2/00538/image.png
217,217,../../data/moge_dataset/NYUv2/00548/image.jpg,../../data/moge_dataset/NYUv2/00548/depth.png,../../data/moge_dataset/NYUv2/00548/meta.json,NYUv2,../../data/depthanything/moge_dataset/NYUv2/00548/image.png
218,218,../../data/moge_dataset/NYUv2/00549/image.jpg,../../data/moge_dataset/NYUv2/00549/depth.png,../../data/moge_dataset/NYUv2/00549/meta.json,NYUv2,../../data/depthanything/moge_dataset/NYUv2/00549/image.png
219,219,../../data/moge_dataset/NYUv2/00550/image.jpg,../../data/moge_dataset/NYUv2/00550/depth.png,../../data/moge_dataset/NYUv2/00550/meta.json,NYUv2,../../data/depthanything/moge_dataset/NYUv2/00550/image.png
220,220,../../data/moge_dataset/NYUv2/00554/image.jpg,../../data/moge_dataset/NYUv2/00554/depth.png,../../data/moge_dataset/NYUv2/00554/meta.json,NYUv2,../../data/depthanything/moge_dataset/NYUv2/00554/image.png
221,221,../../data/moge_dataset/NYUv2/00555/image.jpg,../../data/moge_dataset/NYUv2/00555/depth.png,../../data/moge_dataset/NYUv2/00555/meta.json,NYUv2,../../data/depthanything/moge_dataset/NYUv2/00555/image.png
222,222,../../data/moge_dataset/NYUv2/00556/image.jpg,../../data/moge_dataset/NYUv2/00556/depth.png,../../data/moge_dataset/NYUv2/00556/meta.json,NYUv2,../../data/depthanything/moge_dataset/NYUv2/00556/image.png
223,223,../../data/moge_dataset/NYUv2/00557/image.jpg,../../data/moge_dataset/NYUv2/00557/depth.png,../../data/moge_dataset/NYUv2/00557/meta.json,NYUv2,../../data/depthanything/moge_dataset/NYUv2/00557/image.png
224,224,../../data/moge_dataset/NYUv2/00558/image.jpg,../../data/moge_dataset/NYUv2/00558/depth.png,../../data/moge_dataset/NYUv2/00558/meta.json,NYUv2,../../data/depthanything/moge_dataset/NYUv2/00558/image.png
225,225,../../data/moge_dataset/NYUv2/00559/image.jpg,../../data/moge_dataset/NYUv2/00559/depth.png,../../data/moge_dataset/NYUv2/00559/meta.json,NYUv2,../../data/depthanything/moge_dataset/NYUv2/00559/image.png
226,226,../../data/moge_dataset/NYUv2/00560/image.jpg,../../data/moge_dataset/NYUv2/00560/depth.png,../../data/moge_dataset/NYUv2/00560/meta.json,NYUv2,../../data/depthanything/moge_dataset/NYUv2/00560/image.png
227,227,../../data/moge_dataset/NYUv2/00561/image.jpg,../../data/moge_dataset/NYUv2/00561/depth.png,../../data/moge_dataset/NYUv2/00561/meta.json,NYUv2,../../data/depthanything/moge_dataset/NYUv2/00561/image.png
228,228,../../data/moge_dataset/NYUv2/00562/image.jpg,../../data/moge_dataset/NYUv2/00562/depth.png,../../data/moge_dataset/NYUv2/00562/meta.json,NYUv2,../../data/depthanything/moge_dataset/NYUv2/00562/image.png
229,229,../../data/moge_dataset/NYUv2/00563/image.jpg,../../data/moge_dataset/NYUv2/00563/depth.png,../../data/moge_dataset/NYUv2/00563/meta.json,NYUv2,../../data/depthanything/moge_dataset/NYUv2/00563/image.png
230,230,../../data/moge_dataset/NYUv2/00564/image.jpg,../../data/moge_dataset/NYUv2/00564/depth.png,../../data/moge_dataset/NYUv2/00564/meta.json,NYUv2,../../data/depthanything/moge_dataset/NYUv2/00564/image.png
231,231,../../data/moge_dataset/NYUv2/00565/image.jpg,../../data/moge_dataset/NYUv2/00565/depth.png,../../data/moge_dataset/NYUv2/00565/meta.json,NYUv2,../../data/depthanything/moge_dataset/NYUv2/00565/image.png
232,232,../../data/moge_dataset/NYUv2/00566/image.jpg,../../data/moge_dataset/NYUv2/00566/depth.png,../../data/moge_dataset/NYUv2/00566/meta.json,NYUv2,../../data/depthanything/moge_dataset/NYUv2/00566/image.png
233,233,../../data/moge_dataset/NYUv2/00567/image.jpg,../../data/moge_dataset/NYUv2/00567/depth.png,../../data/moge_dataset/NYUv2/00567/meta.json,NYUv2,../../data/depthanything/moge_dataset/NYUv2/00567/image.png
234,234,../../data/moge_dataset/NYUv2/00568/image.jpg,../../data/moge_dataset/NYUv2/00568/depth.png,../../data/moge_dataset/NYUv2/00568/meta.json,NYUv2,../../data/depthanything/moge_dataset/NYUv2/00568/image.png
235,235,../../data/moge_dataset/NYUv2/00569/image.jpg,../../data/moge_dataset/NYUv2/00569/depth.png,../../data/moge_dataset/NYUv2/00569/meta.json,NYUv2,../../data/depthanything/moge_dataset/NYUv2/00569/image.png
236,236,../../data/moge_dataset/NYUv2/00570/image.jpg,../../data/moge_dataset/NYUv2/00570/depth.png,../../data/moge_dataset/NYUv2/00570/meta.json,NYUv2,../../data/depthanything/moge_dataset/NYUv2/00570/image.png
237,237,../../data/moge_dataset/NYUv2/00578/image.jpg,../../data/moge_dataset/NYUv2/00578/depth.png,../../data/moge_dataset/NYUv2/00578/meta.json,NYUv2,../../data/depthanything/moge_dataset/NYUv2/00578/image.png
238,238,../../data/moge_dataset/NYUv2/00579/image.jpg,../../data/moge_dataset/NYUv2/00579/depth.png,../../data/moge_dataset/NYUv2/00579/meta.json,NYUv2,../../data/depthanything/moge_dataset/NYUv2/00579/image.png
239,239,../../data/moge_dataset/NYUv2/00580/image.jpg,../../data/moge_dataset/NYUv2/00580/depth.png,../../data/moge_dataset/NYUv2/00580/meta.json,NYUv2,../../data/depthanything/moge_dataset/NYUv2/00580/image.png
240,240,../../data/moge_dataset/NYUv2/00581/image.jpg,../../data/moge_dataset/NYUv2/00581/depth.png,../../data/moge_dataset/NYUv2/00581/meta.json,NYUv2,../../data/depthanything/moge_dataset/NYUv2/00581/image.png
241,241,../../data/moge_dataset/NYUv2/00582/image.jpg,../../data/moge_dataset/NYUv2/00582/depth.png,../../data/moge_dataset/NYUv2/00582/meta.json,NYUv2,../../data/depthanything/moge_dataset/NYUv2/00582/image.png
242,242,../../data/moge_dataset/NYUv2/00590/image.jpg,../../data/moge_dataset/NYUv2/00590/depth.png,../../data/moge_dataset/NYUv2/00590/meta.json,NYUv2,../../data/depthanything/moge_dataset/NYUv2/00590/image.png
243,243,../../data/moge_dataset/NYUv2/00591/image.jpg,../../data/moge_dataset/NYUv2/00591/depth.png,../../data/moge_dataset/NYUv2/00591/meta.json,NYUv2,../../data/depthanything/moge_dataset/NYUv2/00591/image.png
244,244,../../data/moge_dataset/NYUv2/00592/image.jpg,../../data/moge_dataset/NYUv2/00592/depth.png,../../data/moge_dataset/NYUv2/00592/meta.json,NYUv2,../../data/depthanything/moge_dataset/NYUv2/00592/image.png
245,245,../../data/moge_dataset/NYUv2/00593/image.jpg,../../data/moge_dataset/NYUv2/00593/depth.png,../../data/moge_dataset/NYUv2/00593/meta.json,NYUv2,../../data/depthanything/moge_dataset/NYUv2/00593/image.png
246,246,../../data/moge_dataset/NYUv2/00602/image.jpg,../../data/moge_dataset/NYUv2/00602/depth.png,../../data/moge_dataset/NYUv2/00602/meta.json,NYUv2,../../data/depthanything/moge_dataset/NYUv2/00602/image.png
247,247,../../data/moge_dataset/NYUv2/00603/image.jpg,../../data/moge_dataset/NYUv2/00603/depth.png,../../data/moge_dataset/NYUv2/00603/meta.json,NYUv2,../../data/depthanything/moge_dataset/NYUv2/00603/image.png
248,248,../../data/moge_dataset/NYUv2/00604/image.jpg,../../data/moge_dataset/NYUv2/00604/depth.png,../../data/moge_dataset/NYUv2/00604/meta.json,NYUv2,../../data/depthanything/moge_dataset/NYUv2/00604/image.png
249,249,../../data/moge_dataset/NYUv2/00605/image.jpg,../../data/moge_dataset/NYUv2/00605/depth.png,../../data/moge_dataset/NYUv2/00605/meta.json,NYUv2,../../data/depthanything/moge_dataset/NYUv2/00605/image.png
250,250,../../data/moge_dataset/NYUv2/00606/image.jpg,../../data/moge_dataset/NYUv2/00606/depth.png,../../data/moge_dataset/NYUv2/00606/meta.json,NYUv2,../../data/depthanything/moge_dataset/NYUv2/00606/image.png
251,251,../../data/moge_dataset/NYUv2/00611/image.jpg,../../data/moge_dataset/NYUv2/00611/depth.png,../../data/moge_dataset/NYUv2/00611/meta.json,NYUv2,../../data/depthanything/moge_dataset/NYUv2/00611/image.png
252,252,../../data/moge_dataset/NYUv2/00612/image.jpg,../../data/moge_dataset/NYUv2/00612/depth.png,../../data/moge_dataset/NYUv2/00612/meta.json,NYUv2,../../data/depthanything/moge_dataset/NYUv2/00612/image.png
253,253,../../data/moge_dataset/NYUv2/00616/image.jpg,../../data/moge_dataset/NYUv2/00616/depth.png,../../data/moge_dataset/NYUv2/00616/meta.json,NYUv2,../../data/depthanything/moge_dataset/NYUv2/00616/image.png
254,254,../../data/moge_dataset/NYUv2/00617/image.jpg,../../data/moge_dataset/NYUv2/00617/depth.png,../../data/moge_dataset/NYUv2/00617/meta.json,NYUv2,../../data/depthanything/moge_dataset/NYUv2/00617/image.png
255,255,../../data/moge_dataset/NYUv2/00618/image.jpg,../../data/moge_dataset/NYUv2/00618/depth.png,../../data/moge_dataset/NYUv2/00618/meta.json,NYUv2,../../data/depthanything/moge_dataset/NYUv2/00618/image.png
256,256,../../data/moge_dataset/NYUv2/00619/image.jpg,../../data/moge_dataset/NYUv2/00619/depth.png,../../data/moge_dataset/NYUv2/00619/meta.json,NYUv2,../../data/depthanything/moge_dataset/NYUv2/00619/image.png
257,257,../../data/moge_dataset/NYUv2/00620/image.jpg,../../data/moge_dataset/NYUv2/00620/depth.png,../../data/moge_dataset/NYUv2/00620/meta.json,NYUv2,../../data/depthanything/moge_dataset/NYUv2/00620/image.png
258,258,../../data/moge_dataset/NYUv2/00632/image.jpg,../../data/moge_dataset/NYUv2/00632/depth.png,../../data/moge_dataset/NYUv2/00632/meta.json,NYUv2,../../data/depthanything/moge_dataset/NYUv2/00632/image.png
259,259,../../data/moge_dataset/NYUv2/00633/image.jpg,../../data/moge_dataset/NYUv2/00633/depth.png,../../data/moge_dataset/NYUv2/00633/meta.json,NYUv2,../../data/depthanything/moge_dataset/NYUv2/00633/image.png
260,260,../../data/moge_dataset/NYUv2/00634/image.jpg,../../data/moge_dataset/NYUv2/00634/depth.png,../../data/moge_dataset/NYUv2/00634/meta.json,NYUv2,../../data/depthanything/moge_dataset/NYUv2/00634/image.png
261,261,../../data/moge_dataset/NYUv2/00635/image.jpg,../../data/moge_dataset/NYUv2/00635/depth.png,../../data/moge_dataset/NYUv2/00635/meta.json,NYUv2,../../data/depthanything/moge_dataset/NYUv2/00635/image.png
262,262,../../data/moge_dataset/NYUv2/00636/image.jpg,../../data/moge_dataset/NYUv2/00636/depth.png,../../data/moge_dataset/NYUv2/00636/meta.json,NYUv2,../../data/depthanything/moge_dataset/NYUv2/00636/image.png
263,263,../../data/moge_dataset/NYUv2/00637/image.jpg,../../data/moge_dataset/NYUv2/00637/depth.png,../../data/moge_dataset/NYUv2/00637/meta.json,NYUv2,../../data/depthanything/moge_dataset/NYUv2/00637/image.png
264,264,../../data/moge_dataset/NYUv2/00643/image.jpg,../../data/moge_dataset/NYUv2/00643/depth.png,../../data/moge_dataset/NYUv2/00643/meta.json,NYUv2,../../data/depthanything/moge_dataset/NYUv2/00643/image.png
265,265,../../data/moge_dataset/NYUv2/00644/image.jpg,../../data/moge_dataset/NYUv2/00644/depth.png,../../data/moge_dataset/NYUv2/00644/meta.json,NYUv2,../../data/depthanything/moge_dataset/NYUv2/00644/image.png
266,266,../../data/moge_dataset/NYUv2/00649/image.jpg,../../data/moge_dataset/NYUv2/00649/depth.png,../../data/moge_dataset/NYUv2/00649/meta.json,NYUv2,../../data/depthanything/moge_dataset/NYUv2/00649/image.png
267,267,../../data/moge_dataset/NYUv2/00650/image.jpg,../../data/moge_dataset/NYUv2/00650/depth.png,../../data/moge_dataset/NYUv2/00650/meta.json,NYUv2,../../data/depthanything/moge_dataset/NYUv2/00650/image.png
268,268,../../data/moge_dataset/NYUv2/00655/image.jpg,../../data/moge_dataset/NYUv2/00655/depth.png,../../data/moge_dataset/NYUv2/00655/meta.json,NYUv2,../../data/depthanything/moge_dataset/NYUv2/00655/image.png
269,269,../../data/moge_dataset/NYUv2/00656/image.jpg,../../data/moge_dataset/NYUv2/00656/depth.png,../../data/moge_dataset/NYUv2/00656/meta.json,NYUv2,../../data/depthanything/moge_dataset/NYUv2/00656/image.png
270,270,../../data/moge_dataset/NYUv2/00657/image.jpg,../../data/moge_dataset/NYUv2/00657/depth.png,../../data/moge_dataset/NYUv2/00657/meta.json,NYUv2,../../data/depthanything/moge_dataset/NYUv2/00657/image.png
271,271,../../data/moge_dataset/NYUv2/00662/image.jpg,../../data/moge_dataset/NYUv2/00662/depth.png,../../data/moge_dataset/NYUv2/00662/meta.json,NYUv2,../../data/depthanything/moge_dataset/NYUv2/00662/image.png
272,272,../../data/moge_dataset/NYUv2/00663/image.jpg,../../data/moge_dataset/NYUv2/00663/depth.png,../../data/moge_dataset/NYUv2/00663/meta.json,NYUv2,../../data/depthanything/moge_dataset/NYUv2/00663/image.png
273,273,../../data/moge_dataset/NYUv2/00667/image.jpg,../../data/moge_dataset/NYUv2/00667/depth.png,../../data/moge_dataset/NYUv2/00667/meta.json,NYUv2,../../data/depthanything/moge_dataset/NYUv2/00667/image.png
274,274,../../data/moge_dataset/NYUv2/00668/image.jpg,../../data/moge_dataset/NYUv2/00668/depth.png,../../data/moge_dataset/NYUv2/00668/meta.json,NYUv2,../../data/depthanything/moge_dataset/NYUv2/00668/image.png
275,275,../../data/moge_dataset/NYUv2/00669/image.jpg,../../data/moge_dataset/NYUv2/00669/depth.png,../../data/moge_dataset/NYUv2/00669/meta.json,NYUv2,../../data/depthanything/moge_dataset/NYUv2/00669/image.png
276,276,../../data/moge_dataset/NYUv2/00670/image.jpg,../../data/moge_dataset/NYUv2/00670/depth.png,../../data/moge_dataset/NYUv2/00670/meta.json,NYUv2,../../data/depthanything/moge_dataset/NYUv2/00670/image.png
277,277,../../data/moge_dataset/NYUv2/00671/image.jpg,../../data/moge_dataset/NYUv2/00671/depth.png,../../data/moge_dataset/NYUv2/00671/meta.json,NYUv2,../../data/depthanything/moge_dataset/NYUv2/00671/image.png
278,278,../../data/moge_dataset/NYUv2/00672/image.jpg,../../data/moge_dataset/NYUv2/00672/depth.png,../../data/moge_dataset/NYUv2/00672/meta.json,NYUv2,../../data/depthanything/moge_dataset/NYUv2/00672/image.png
279,279,../../data/moge_dataset/NYUv2/00675/image.jpg,../../data/moge_dataset/NYUv2/00675/depth.png,../../data/moge_dataset/NYUv2/00675/meta.json,NYUv2,../../data/depthanything/moge_dataset/NYUv2/00675/image.png
280,280,../../data/moge_dataset/NYUv2/00676/image.jpg,../../data/moge_dataset/NYUv2/00676/depth.png,../../data/moge_dataset/NYUv2/00676/meta.json,NYUv2,../../data/depthanything/moge_dataset/NYUv2/00676/image.png
281,281,../../data/moge_dataset/NYUv2/00677/image.jpg,../../data/moge_dataset/NYUv2/00677/depth.png,../../data/moge_dataset/NYUv2/00677/meta.json,NYUv2,../../data/depthanything/moge_dataset/NYUv2/00677/image.png
282,282,../../data/moge_dataset/NYUv2/00678/image.jpg,../../data/moge_dataset/NYUv2/00678/depth.png,../../data/moge_dataset/NYUv2/00678/meta.json,NYUv2,../../data/depthanything/moge_dataset/NYUv2/00678/image.png
283,283,../../data/moge_dataset/NYUv2/00679/image.jpg,../../data/moge_dataset/NYUv2/00679/depth.png,../../data/moge_dataset/NYUv2/00679/meta.json,NYUv2,../../data/depthanything/moge_dataset/NYUv2/00679/image.png
284,284,../../data/moge_dataset/NYUv2/00680/image.jpg,../../data/moge_dataset/NYUv2/00680/depth.png,../../data/moge_dataset/NYUv2/00680/meta.json,NYUv2,../../data/depthanything/moge_dataset/NYUv2/00680/image.png
285,285,../../data/moge_dataset/NYUv2/00685/image.jpg,../../data/moge_dataset/NYUv2/00685/depth.png,../../data/moge_dataset/NYUv2/00685/meta.json,NYUv2,../../data/depthanything/moge_dataset/NYUv2/00685/image.png
286,286,../../data/moge_dataset/NYUv2/00686/image.jpg,../../data/moge_dataset/NYUv2/00686/depth.png,../../data/moge_dataset/NYUv2/00686/meta.json,NYUv2,../../data/depthanything/moge_dataset/NYUv2/00686/image.png
287,287,../../data/moge_dataset/NYUv2/00687/image.jpg,../../data/moge_dataset/NYUv2/00687/depth.png,../../data/moge_dataset/NYUv2/00687/meta.json,NYUv2,../../data/depthanything/moge_dataset/NYUv2/00687/image.png
288,288,../../data/moge_dataset/NYUv2/00688/image.jpg,../../data/moge_dataset/NYUv2/00688/depth.png,../../data/moge_dataset/NYUv2/00688/meta.json,NYUv2,../../data/depthanything/moge_dataset/NYUv2/00688/image.png
289,289,../../data/moge_dataset/NYUv2/00689/image.jpg,../../data/moge_dataset/NYUv2/00689/depth.png,../../data/moge_dataset/NYUv2/00689/meta.json,NYUv2,../../data/depthanything/moge_dataset/NYUv2/00689/image.png
290,290,../../data/moge_dataset/NYUv2/00692/image.jpg,../../data/moge_dataset/NYUv2/00692/depth.png,../../data/moge_dataset/NYUv2/00692/meta.json,NYUv2,../../data/depthanything/moge_dataset/NYUv2/00692/image.png
291,291,../../data/moge_dataset/NYUv2/00693/image.jpg,../../data/moge_dataset/NYUv2/00693/depth.png,../../data/moge_dataset/NYUv2/00693/meta.json,NYUv2,../../data/depthanything/moge_dataset/NYUv2/00693/image.png
292,292,../../data/moge_dataset/NYUv2/00696/image.jpg,../../data/moge_dataset/NYUv2/00696/depth.png,../../data/moge_dataset/NYUv2/00696/meta.json,NYUv2,../../data/depthanything/moge_dataset/NYUv2/00696/image.png
293,293,../../data/moge_dataset/NYUv2/00697/image.jpg,../../data/moge_dataset/NYUv2/00697/depth.png,../../data/moge_dataset/NYUv2/00697/meta.json,NYUv2,../../data/depthanything/moge_dataset/NYUv2/00697/image.png
294,294,../../data/moge_dataset/NYUv2/00698/image.jpg,../../data/moge_dataset/NYUv2/00698/depth.png,../../data/moge_dataset/NYUv2/00698/meta.json,NYUv2,../../data/depthanything/moge_dataset/NYUv2/00698/image.png
295,295,../../data/moge_dataset/NYUv2/00705/image.jpg,../../data/moge_dataset/NYUv2/00705/depth.png,../../data/moge_dataset/NYUv2/00705/meta.json,NYUv2,../../data/depthanything/moge_dataset/NYUv2/00705/image.png
296,296,../../data/moge_dataset/NYUv2/00706/image.jpg,../../data/moge_dataset/NYUv2/00706/depth.png,../../data/moge_dataset/NYUv2/00706/meta.json,NYUv2,../../data/depthanything/moge_dataset/NYUv2/00706/image.png
297,297,../../data/moge_dataset/NYUv2/00707/image.jpg,../../data/moge_dataset/NYUv2/00707/depth.png,../../data/moge_dataset/NYUv2/00707/meta.json,NYUv2,../../data/depthanything/moge_dataset/NYUv2/00707/image.png
298,298,../../data/moge_dataset/NYUv2/00708/image.jpg,../../data/moge_dataset/NYUv2/00708/depth.png,../../data/moge_dataset/NYUv2/00708/meta.json,NYUv2,../../data/depthanything/moge_dataset/NYUv2/00708/image.png
299,299,../../data/moge_dataset/NYUv2/00709/image.jpg,../../data/moge_dataset/NYUv2/00709/depth.png,../../data/moge_dataset/NYUv2/00709/meta.json,NYUv2,../../data/depthanything/moge_dataset/NYUv2/00709/image.png
300,300,../../data/moge_dataset/NYUv2/00710/image.jpg,../../data/moge_dataset/NYUv2/00710/depth.png,../../data/moge_dataset/NYUv2/00710/meta.json,NYUv2,../../data/depthanything/moge_dataset/NYUv2/00710/image.png
301,301,../../data/moge_dataset/NYUv2/00711/image.jpg,../../data/moge_dataset/NYUv2/00711/depth.png,../../data/moge_dataset/NYUv2/00711/meta.json,NYUv2,../../data/depthanything/moge_dataset/NYUv2/00711/image.png
302,302,../../data/moge_dataset/NYUv2/00712/image.jpg,../../data/moge_dataset/NYUv2/00712/depth.png,../../data/moge_dataset/NYUv2/00712/meta.json,NYUv2,../../data/depthanything/moge_dataset/NYUv2/00712/image.png
303,303,../../data/moge_dataset/NYUv2/00716/image.jpg,../../data/moge_dataset/NYUv2/00716/depth.png,../../data/moge_dataset/NYUv2/00716/meta.json,NYUv2,../../data/depthanything/moge_dataset/NYUv2/00716/image.png
304,304,../../data/moge_dataset/NYUv2/00717/image.jpg,../../data/moge_dataset/NYUv2/00717/depth.png,../../data/moge_dataset/NYUv2/00717/meta.json,NYUv2,../../data/depthanything/moge_dataset/NYUv2/00717/image.png
305,305,../../data/moge_dataset/NYUv2/00723/image.jpg,../../data/moge_dataset/NYUv2/00723/depth.png,../../data/moge_dataset/NYUv2/00723/meta.json,NYUv2,../../data/depthanything/moge_dataset/NYUv2/00723/image.png
306,306,../../data/moge_dataset/NYUv2/00724/image.jpg,../../data/moge_dataset/NYUv2/00724/depth.png,../../data/moge_dataset/NYUv2/00724/meta.json,NYUv2,../../data/depthanything/moge_dataset/NYUv2/00724/image.png
307,307,../../data/moge_dataset/NYUv2/00725/image.jpg,../../data/moge_dataset/NYUv2/00725/depth.png,../../data/moge_dataset/NYUv2/00725/meta.json,NYUv2,../../data/depthanything/moge_dataset/NYUv2/00725/image.png
308,308,../../data/moge_dataset/NYUv2/00726/image.jpg,../../data/moge_dataset/NYUv2/00726/depth.png,../../data/moge_dataset/NYUv2/00726/meta.json,NYUv2,../../data/depthanything/moge_dataset/NYUv2/00726/image.png
309,309,../../data/moge_dataset/NYUv2/00727/image.jpg,../../data/moge_dataset/NYUv2/00727/depth.png,../../data/moge_dataset/NYUv2/00727/meta.json,NYUv2,../../data/depthanything/moge_dataset/NYUv2/00727/image.png
310,310,../../data/moge_dataset/NYUv2/00730/image.jpg,../../data/moge_dataset/NYUv2/00730/depth.png,../../data/moge_dataset/NYUv2/00730/meta.json,NYUv2,../../data/depthanything/moge_dataset/NYUv2/00730/image.png
311,311,../../data/moge_dataset/NYUv2/00731/image.jpg,../../data/moge_dataset/NYUv2/00731/depth.png,../../data/moge_dataset/NYUv2/00731/meta.json,NYUv2,../../data/depthanything/moge_dataset/NYUv2/00731/image.png
312,312,../../data/moge_dataset/NYUv2/00732/image.jpg,../../data/moge_dataset/NYUv2/00732/depth.png,../../data/moge_dataset/NYUv2/00732/meta.json,NYUv2,../../data/depthanything/moge_dataset/NYUv2/00732/image.png
313,313,../../data/moge_dataset/NYUv2/00733/image.jpg,../../data/moge_dataset/NYUv2/00733/depth.png,../../data/moge_dataset/NYUv2/00733/meta.json,NYUv2,../../data/depthanything/moge_dataset/NYUv2/00733/image.png
314,314,../../data/moge_dataset/NYUv2/00742/image.jpg,../../data/moge_dataset/NYUv2/00742/depth.png,../../data/moge_dataset/NYUv2/00742/meta.json,NYUv2,../../data/depthanything/moge_dataset/NYUv2/00742/image.png
315,315,../../data/moge_dataset/NYUv2/00743/image.jpg,../../data/moge_dataset/NYUv2/00743/depth.png,../../data/moge_dataset/NYUv2/00743/meta.json,NYUv2,../../data/depthanything/moge_dataset/NYUv2/00743/image.png
316,316,../../data/moge_dataset/NYUv2/00758/image.jpg,../../data/moge_dataset/NYUv2/00758/depth.png,../../data/moge_dataset/NYUv2/00758/meta.json,NYUv2,../../data/depthanything/moge_dataset/NYUv2/00758/image.png
317,317,../../data/moge_dataset/NYUv2/00759/image.jpg,../../data/moge_dataset/NYUv2/00759/depth.png,../../data/moge_dataset/NYUv2/00759/meta.json,NYUv2,../../data/depthanything/moge_dataset/NYUv2/00759/image.png
318,318,../../data/moge_dataset/NYUv2/00760/image.jpg,../../data/moge_dataset/NYUv2/00760/depth.png,../../data/moge_dataset/NYUv2/00760/meta.json,NYUv2,../../data/depthanything/moge_dataset/NYUv2/00760/image.png
319,319,../../data/moge_dataset/NYUv2/00761/image.jpg,../../data/moge_dataset/NYUv2/00761/depth.png,../../data/moge_dataset/NYUv2/00761/meta.json,NYUv2,../../data/depthanything/moge_dataset/NYUv2/00761/image.png
320,320,../../data/moge_dataset/NYUv2/00762/image.jpg,../../data/moge_dataset/NYUv2/00762/depth.png,../../data/moge_dataset/NYUv2/00762/meta.json,NYUv2,../../data/depthanything/moge_dataset/NYUv2/00762/image.png
321,321,../../data/moge_dataset/NYUv2/00763/image.jpg,../../data/moge_dataset/NYUv2/00763/depth.png,../../data/moge_dataset/NYUv2/00763/meta.json,NYUv2,../../data/depthanything/moge_dataset/NYUv2/00763/image.png
322,322,../../data/moge_dataset/NYUv2/00764/image.jpg,../../data/moge_dataset/NYUv2/00764/depth.png,../../data/moge_dataset/NYUv2/00764/meta.json,NYUv2,../../data/depthanything/moge_dataset/NYUv2/00764/image.png
323,323,../../data/moge_dataset/NYUv2/00765/image.jpg,../../data/moge_dataset/NYUv2/00765/depth.png,../../data/moge_dataset/NYUv2/00765/meta.json,NYUv2,../../data/depthanything/moge_dataset/NYUv2/00765/image.png
324,324,../../data/moge_dataset/NYUv2/00766/image.jpg,../../data/moge_dataset/NYUv2/00766/depth.png,../../data/moge_dataset/NYUv2/00766/meta.json,NYUv2,../../data/depthanything/moge_dataset/NYUv2/00766/image.png
325,325,../../data/moge_dataset/NYUv2/00767/image.jpg,../../data/moge_dataset/NYUv2/00767/depth.png,../../data/moge_dataset/NYUv2/00767/meta.json,NYUv2,../../data/depthanything/moge_dataset/NYUv2/00767/image.png
326,326,../../data/moge_dataset/NYUv2/00768/image.jpg,../../data/moge_dataset/NYUv2/00768/depth.png,../../data/moge_dataset/NYUv2/00768/meta.json,NYUv2,../../data/depthanything/moge_dataset/NYUv2/00768/image.png
327,327,../../data/moge_dataset/NYUv2/00769/image.jpg,../../data/moge_dataset/NYUv2/00769/depth.png,../../data/moge_dataset/NYUv2/00769/meta.json,NYUv2,../../data/depthanything/moge_dataset/NYUv2/00769/image.png
328,328,../../data/moge_dataset/NYUv2/00770/image.jpg,../../data/moge_dataset/NYUv2/00770/depth.png,../../data/moge_dataset/NYUv2/00770/meta.json,NYUv2,../../data/depthanything/moge_dataset/NYUv2/00770/image.png
329,329,../../data/moge_dataset/NYUv2/00771/image.jpg,../../data/moge_dataset/NYUv2/00771/depth.png,../../data/moge_dataset/NYUv2/00771/meta.json,NYUv2,../../data/depthanything/moge_dataset/NYUv2/00771/image.png
330,330,../../data/moge_dataset/NYUv2/00772/image.jpg,../../data/moge_dataset/NYUv2/00772/depth.png,../../data/moge_dataset/NYUv2/00772/meta.json,NYUv2,../../data/depthanything/moge_dataset/NYUv2/00772/image.png
331,331,../../data/moge_dataset/NYUv2/00773/image.jpg,../../data/moge_dataset/NYUv2/00773/depth.png,../../data/moge_dataset/NYUv2/00773/meta.json,NYUv2,../../data/depthanything/moge_dataset/NYUv2/00773/image.png
332,332,../../data/moge_dataset/NYUv2/00774/image.jpg,../../data/moge_dataset/NYUv2/00774/depth.png,../../data/moge_dataset/NYUv2/00774/meta.json,NYUv2,../../data/depthanything/moge_dataset/NYUv2/00774/image.png
333,333,../../data/moge_dataset/NYUv2/00775/image.jpg,../../data/moge_dataset/NYUv2/00775/depth.png,../../data/moge_dataset/NYUv2/00775/meta.json,NYUv2,../../data/depthanything/moge_dataset/NYUv2/00775/image.png
334,334,../../data/moge_dataset/NYUv2/00776/image.jpg,../../data/moge_dataset/NYUv2/00776/depth.png,../../data/moge_dataset/NYUv2/00776/meta.json,NYUv2,../../data/depthanything/moge_dataset/NYUv2/00776/image.png
335,335,../../data/moge_dataset/NYUv2/00777/image.jpg,../../data/moge_dataset/NYUv2/00777/depth.png,../../data/moge_dataset/NYUv2/00777/meta.json,NYUv2,../../data/depthanything/moge_dataset/NYUv2/00777/image.png
336,336,../../data/moge_dataset/NYUv2/00778/image.jpg,../../data/moge_dataset/NYUv2/00778/depth.png,../../data/moge_dataset/NYUv2/00778/meta.json,NYUv2,../../data/depthanything/moge_dataset/NYUv2/00778/image.png
337,337,../../data/moge_dataset/NYUv2/00779/image.jpg,../../data/moge_dataset/NYUv2/00779/depth.png,../../data/moge_dataset/NYUv2/00779/meta.json,NYUv2,../../data/depthanything/moge_dataset/NYUv2/00779/image.png
338,338,../../data/moge_dataset/NYUv2/00780/image.jpg,../../data/moge_dataset/NYUv2/00780/depth.png,../../data/moge_dataset/NYUv2/00780/meta.json,NYUv2,../../data/depthanything/moge_dataset/NYUv2/00780/image.png
339,339,../../data/moge_dataset/NYUv2/00781/image.jpg,../../data/moge_dataset/NYUv2/00781/depth.png,../../data/moge_dataset/NYUv2/00781/meta.json,NYUv2,../../data/depthanything/moge_dataset/NYUv2/00781/image.png
340,340,../../data/moge_dataset/NYUv2/00782/image.jpg,../../data/moge_dataset/NYUv2/00782/depth.png,../../data/moge_dataset/NYUv2/00782/meta.json,NYUv2,../../data/depthanything/moge_dataset/NYUv2/00782/image.png
341,341,../../data/moge_dataset/NYUv2/00783/image.jpg,../../data/moge_dataset/NYUv2/00783/depth.png,../../data/moge_dataset/NYUv2/00783/meta.json,NYUv2,../../data/depthanything/moge_dataset/NYUv2/00783/image.png
342,342,../../data/moge_dataset/NYUv2/00784/image.jpg,../../data/moge_dataset/NYUv2/00784/depth.png,../../data/moge_dataset/NYUv2/00784/meta.json,NYUv2,../../data/depthanything/moge_dataset/NYUv2/00784/image.png
343,343,../../data/moge_dataset/NYUv2/00785/image.jpg,../../data/moge_dataset/NYUv2/00785/depth.png,../../data/moge_dataset/NYUv2/00785/meta.json,NYUv2,../../data/depthanything/moge_dataset/NYUv2/00785/image.png
344,344,../../data/moge_dataset/NYUv2/00786/image.jpg,../../data/moge_dataset/NYUv2/00786/depth.png,../../data/moge_dataset/NYUv2/00786/meta.json,NYUv2,../../data/depthanything/moge_dataset/NYUv2/00786/image.png
345,345,../../data/moge_dataset/NYUv2/00799/image.jpg,../../data/moge_dataset/NYUv2/00799/depth.png,../../data/moge_dataset/NYUv2/00799/meta.json,NYUv2,../../data/depthanything/moge_dataset/NYUv2/00799/image.png
346,346,../../data/moge_dataset/NYUv2/00800/image.jpg,../../data/moge_dataset/NYUv2/00800/depth.png,../../data/moge_dataset/NYUv2/00800/meta.json,NYUv2,../../data/depthanything/moge_dataset/NYUv2/00800/image.png
347,347,../../data/moge_dataset/NYUv2/00801/image.jpg,../../data/moge_dataset/NYUv2/00801/depth.png,../../data/moge_dataset/NYUv2/00801/meta.json,NYUv2,../../data/depthanything/moge_dataset/NYUv2/00801/image.png
348,348,../../data/moge_dataset/NYUv2/00802/image.jpg,../../data/moge_dataset/NYUv2/00802/depth.png,../../data/moge_dataset/NYUv2/00802/meta.json,NYUv2,../../data/depthanything/moge_dataset/NYUv2/00802/image.png
349,349,../../data/moge_dataset/NYUv2/00803/image.jpg,../../data/moge_dataset/NYUv2/00803/depth.png,../../data/moge_dataset/NYUv2/00803/meta.json,NYUv2,../../data/depthanything/moge_dataset/NYUv2/00803/image.png
350,350,../../data/moge_dataset/NYUv2/00809/image.jpg,../../data/moge_dataset/NYUv2/00809/depth.png,../../data/moge_dataset/NYUv2/00809/meta.json,NYUv2,../../data/depthanything/moge_dataset/NYUv2/00809/image.png
351,351,../../data/moge_dataset/NYUv2/00810/image.jpg,../../data/moge_dataset/NYUv2/00810/depth.png,../../data/moge_dataset/NYUv2/00810/meta.json,NYUv2,../../data/depthanything/moge_dataset/NYUv2/00810/image.png
352,352,../../data/moge_dataset/NYUv2/00811/image.jpg,../../data/moge_dataset/NYUv2/00811/depth.png,../../data/moge_dataset/NYUv2/00811/meta.json,NYUv2,../../data/depthanything/moge_dataset/NYUv2/00811/image.png
353,353,../../data/moge_dataset/NYUv2/00812/image.jpg,../../data/moge_dataset/NYUv2/00812/depth.png,../../data/moge_dataset/NYUv2/00812/meta.json,NYUv2,../../data/depthanything/moge_dataset/NYUv2/00812/image.png
354,354,../../data/moge_dataset/NYUv2/00813/image.jpg,../../data/moge_dataset/NYUv2/00813/depth.png,../../data/moge_dataset/NYUv2/00813/meta.json,NYUv2,../../data/depthanything/moge_dataset/NYUv2/00813/image.png
355,355,../../data/moge_dataset/NYUv2/00820/image.jpg,../../data/moge_dataset/NYUv2/00820/depth.png,../../data/moge_dataset/NYUv2/00820/meta.json,NYUv2,../../data/depthanything/moge_dataset/NYUv2/00820/image.png
356,356,../../data/moge_dataset/NYUv2/00821/image.jpg,../../data/moge_dataset/NYUv2/00821/depth.png,../../data/moge_dataset/NYUv2/00821/meta.json,NYUv2,../../data/depthanything/moge_dataset/NYUv2/00821/image.png
357,357,../../data/moge_dataset/NYUv2/00822/image.jpg,../../data/moge_dataset/NYUv2/00822/depth.png,../../data/moge_dataset/NYUv2/00822/meta.json,NYUv2,../../data/depthanything/moge_dataset/NYUv2/00822/image.png
358,358,../../data/moge_dataset/NYUv2/00832/image.jpg,../../data/moge_dataset/NYUv2/00832/depth.png,../../data/moge_dataset/NYUv2/00832/meta.json,NYUv2,../../data/depthanything/moge_dataset/NYUv2/00832/image.png
359,359,../../data/moge_dataset/NYUv2/00833/image.jpg,../../data/moge_dataset/NYUv2/00833/depth.png,../../data/moge_dataset/NYUv2/00833/meta.json,NYUv2,../../data/depthanything/moge_dataset/NYUv2/00833/image.png
360,360,../../data/moge_dataset/NYUv2/00834/image.jpg,../../data/moge_dataset/NYUv2/00834/depth.png,../../data/moge_dataset/NYUv2/00834/meta.json,NYUv2,../../data/depthanything/moge_dataset/NYUv2/00834/image.png
361,361,../../data/moge_dataset/NYUv2/00835/image.jpg,../../data/moge_dataset/NYUv2/00835/depth.png,../../data/moge_dataset/NYUv2/00835/meta.json,NYUv2,../../data/depthanything/moge_dataset/NYUv2/00835/image.png
362,362,../../data/moge_dataset/NYUv2/00836/image.jpg,../../data/moge_dataset/NYUv2/00836/depth.png,../../data/moge_dataset/NYUv2/00836/meta.json,NYUv2,../../data/depthanything/moge_dataset/NYUv2/00836/image.png
363,363,../../data/moge_dataset/NYUv2/00837/image.jpg,../../data/moge_dataset/NYUv2/00837/depth.png,../../data/moge_dataset/NYUv2/00837/meta.json,NYUv2,../../data/depthanything/moge_dataset/NYUv2/00837/image.png
364,364,../../data/moge_dataset/NYUv2/00838/image.jpg,../../data/moge_dataset/NYUv2/00838/depth.png,../../data/moge_dataset/NYUv2/00838/meta.json,NYUv2,../../data/depthanything/moge_dataset/NYUv2/00838/image.png
365,365,../../data/moge_dataset/NYUv2/00839/image.jpg,../../data/moge_dataset/NYUv2/00839/depth.png,../../data/moge_dataset/NYUv2/00839/meta.json,NYUv2,../../data/depthanything/moge_dataset/NYUv2/00839/image.png
366,366,../../data/moge_dataset/NYUv2/00840/image.jpg,../../data/moge_dataset/NYUv2/00840/depth.png,../../data/moge_dataset/NYUv2/00840/meta.json,NYUv2,../../data/depthanything/moge_dataset/NYUv2/00840/image.png
367,367,../../data/moge_dataset/NYUv2/00841/image.jpg,../../data/moge_dataset/NYUv2/00841/depth.png,../../data/moge_dataset/NYUv2/00841/meta.json,NYUv2,../../data/depthanything/moge_dataset/NYUv2/00841/image.png
368,368,../../data/moge_dataset/NYUv2/00842/image.jpg,../../data/moge_dataset/NYUv2/00842/depth.png,../../data/moge_dataset/NYUv2/00842/meta.json,NYUv2,../../data/depthanything/moge_dataset/NYUv2/00842/image.png
369,369,../../data/moge_dataset/NYUv2/00843/image.jpg,../../data/moge_dataset/NYUv2/00843/depth.png,../../data/moge_dataset/NYUv2/00843/meta.json,NYUv2,../../data/depthanything/moge_dataset/NYUv2/00843/image.png
370,370,../../data/moge_dataset/NYUv2/00844/image.jpg,../../data/moge_dataset/NYUv2/00844/depth.png,../../data/moge_dataset/NYUv2/00844/meta.json,NYUv2,../../data/depthanything/moge_dataset/NYUv2/00844/image.png
371,371,../../data/moge_dataset/NYUv2/00845/image.jpg,../../data/moge_dataset/NYUv2/00845/depth.png,../../data/moge_dataset/NYUv2/00845/meta.json,NYUv2,../../data/depthanything/moge_dataset/NYUv2/00845/image.png
372,372,../../data/moge_dataset/NYUv2/00849/image.jpg,../../data/moge_dataset/NYUv2/00849/depth.png,../../data/moge_dataset/NYUv2/00849/meta.json,NYUv2,../../data/depthanything/moge_dataset/NYUv2/00849/image.png
373,373,../../data/moge_dataset/NYUv2/00850/image.jpg,../../data/moge_dataset/NYUv2/00850/depth.png,../../data/moge_dataset/NYUv2/00850/meta.json,NYUv2,../../data/depthanything/moge_dataset/NYUv2/00850/image.png
374,374,../../data/moge_dataset/NYUv2/00851/image.jpg,../../data/moge_dataset/NYUv2/00851/depth.png,../../data/moge_dataset/NYUv2/00851/meta.json,NYUv2,../../data/depthanything/moge_dataset/NYUv2/00851/image.png
375,375,../../data/moge_dataset/NYUv2/00856/image.jpg,../../data/moge_dataset/NYUv2/00856/depth.png,../../data/moge_dataset/NYUv2/00856/meta.json,NYUv2,../../data/depthanything/moge_dataset/NYUv2/00856/image.png
376,376,../../data/moge_dataset/NYUv2/00857/image.jpg,../../data/moge_dataset/NYUv2/00857/depth.png,../../data/moge_dataset/NYUv2/00857/meta.json,NYUv2,../../data/depthanything/moge_dataset/NYUv2/00857/image.png
377,377,../../data/moge_dataset/NYUv2/00858/image.jpg,../../data/moge_dataset/NYUv2/00858/depth.png,../../data/moge_dataset/NYUv2/00858/meta.json,NYUv2,../../data/depthanything/moge_dataset/NYUv2/00858/image.png
378,378,../../data/moge_dataset/NYUv2/00859/image.jpg,../../data/moge_dataset/NYUv2/00859/depth.png,../../data/moge_dataset/NYUv2/00859/meta.json,NYUv2,../../data/depthanything/moge_dataset/NYUv2/00859/image.png
379,379,../../data/moge_dataset/NYUv2/00860/image.jpg,../../data/moge_dataset/NYUv2/00860/depth.png,../../data/moge_dataset/NYUv2/00860/meta.json,NYUv2,../../data/depthanything/moge_dataset/NYUv2/00860/image.png
380,380,../../data/moge_dataset/NYUv2/00861/image.jpg,../../data/moge_dataset/NYUv2/00861/depth.png,../../data/moge_dataset/NYUv2/00861/meta.json,NYUv2,../../data/depthanything/moge_dataset/NYUv2/00861/image.png
381,381,../../data/moge_dataset/NYUv2/00868/image.jpg,../../data/moge_dataset/NYUv2/00868/depth.png,../../data/moge_dataset/NYUv2/00868/meta.json,NYUv2,../../data/depthanything/moge_dataset/NYUv2/00868/image.png
382,382,../../data/moge_dataset/NYUv2/00869/image.jpg,../../data/moge_dataset/NYUv2/00869/depth.png,../../data/moge_dataset/NYUv2/00869/meta.json,NYUv2,../../data/depthanything/moge_dataset/NYUv2/00869/image.png
383,383,../../data/moge_dataset/NYUv2/00870/image.jpg,../../data/moge_dataset/NYUv2/00870/depth.png,../../data/moge_dataset/NYUv2/00870/meta.json,NYUv2,../../data/depthanything/moge_dataset/NYUv2/00870/image.png
384,384,../../data/moge_dataset/NYUv2/00905/image.jpg,../../data/moge_dataset/NYUv2/00905/depth.png,../../data/moge_dataset/NYUv2/00905/meta.json,NYUv2,../../data/depthanything/moge_dataset/NYUv2/00905/image.png
385,385,../../data/moge_dataset/NYUv2/00906/image.jpg,../../data/moge_dataset/NYUv2/00906/depth.png,../../data/moge_dataset/NYUv2/00906/meta.json,NYUv2,../../data/depthanything/moge_dataset/NYUv2/00906/image.png
386,386,../../data/moge_dataset/NYUv2/00907/image.jpg,../../data/moge_dataset/NYUv2/00907/depth.png,../../data/moge_dataset/NYUv2/00907/meta.json,NYUv2,../../data/depthanything/moge_dataset/NYUv2/00907/image.png
387,387,../../data/moge_dataset/NYUv2/00916/image.jpg,../../data/moge_dataset/NYUv2/00916/depth.png,../../data/moge_dataset/NYUv2/00916/meta.json,NYUv2,../../data/depthanything/moge_dataset/NYUv2/00916/image.png
388,388,../../data/moge_dataset/NYUv2/00917/image.jpg,../../data/moge_dataset/NYUv2/00917/depth.png,../../data/moge_dataset/NYUv2/00917/meta.json,NYUv2,../../data/depthanything/moge_dataset/NYUv2/00917/image.png
389,389,../../data/moge_dataset/NYUv2/00918/image.jpg,../../data/moge_dataset/NYUv2/00918/depth.png,../../data/moge_dataset/NYUv2/00918/meta.json,NYUv2,../../data/depthanything/moge_dataset/NYUv2/00918/image.png
390,390,../../data/moge_dataset/NYUv2/00925/image.jpg,../../data/moge_dataset/NYUv2/00925/depth.png,../../data/moge_dataset/NYUv2/00925/meta.json,NYUv2,../../data/depthanything/moge_dataset/NYUv2/00925/image.png
391,391,../../data/moge_dataset/NYUv2/00926/image.jpg,../../data/moge_dataset/NYUv2/00926/depth.png,../../data/moge_dataset/NYUv2/00926/meta.json,NYUv2,../../data/depthanything/moge_dataset/NYUv2/00926/image.png
392,392,../../data/moge_dataset/NYUv2/00927/image.jpg,../../data/moge_dataset/NYUv2/00927/depth.png,../../data/moge_dataset/NYUv2/00927/meta.json,NYUv2,../../data/depthanything/moge_dataset/NYUv2/00927/image.png
393,393,../../data/moge_dataset/NYUv2/00931/image.jpg,../../data/moge_dataset/NYUv2/00931/depth.png,../../data/moge_dataset/NYUv2/00931/meta.json,NYUv2,../../data/depthanything/moge_dataset/NYUv2/00931/image.png
394,394,../../data/moge_dataset/NYUv2/00932/image.jpg,../../data/moge_dataset/NYUv2/00932/depth.png,../../data/moge_dataset/NYUv2/00932/meta.json,NYUv2,../../data/depthanything/moge_dataset/NYUv2/00932/image.png
395,395,../../data/moge_dataset/NYUv2/00933/image.jpg,../../data/moge_dataset/NYUv2/00933/depth.png,../../data/moge_dataset/NYUv2/00933/meta.json,NYUv2,../../data/depthanything/moge_dataset/NYUv2/00933/image.png
396,396,../../data/moge_dataset/NYUv2/00934/image.jpg,../../data/moge_dataset/NYUv2/00934/depth.png,../../data/moge_dataset/NYUv2/00934/meta.json,NYUv2,../../data/depthanything/moge_dataset/NYUv2/00934/image.png
397,397,../../data/moge_dataset/NYUv2/00944/image.jpg,../../data/moge_dataset/NYUv2/00944/depth.png,../../data/moge_dataset/NYUv2/00944/meta.json,NYUv2,../../data/depthanything/moge_dataset/NYUv2/00944/image.png
398,398,../../data/moge_dataset/NYUv2/00945/image.jpg,../../data/moge_dataset/NYUv2/00945/depth.png,../../data/moge_dataset/NYUv2/00945/meta.json,NYUv2,../../data/depthanything/moge_dataset/NYUv2/00945/image.png
399,399,../../data/moge_dataset/NYUv2/00946/image.jpg,../../data/moge_dataset/NYUv2/00946/depth.png,../../data/moge_dataset/NYUv2/00946/meta.json,NYUv2,../../data/depthanything/moge_dataset/NYUv2/00946/image.png
400,400,../../data/moge_dataset/NYUv2/00958/image.jpg,../../data/moge_dataset/NYUv2/00958/depth.png,../../data/moge_dataset/NYUv2/00958/meta.json,NYUv2,../../data/depthanything/moge_dataset/NYUv2/00958/image.png
401,401,../../data/moge_dataset/NYUv2/00959/image.jpg,../../data/moge_dataset/NYUv2/00959/depth.png,../../data/moge_dataset/NYUv2/00959/meta.json,NYUv2,../../data/depthanything/moge_dataset/NYUv2/00959/image.png
402,402,../../data/moge_dataset/NYUv2/00960/image.jpg,../../data/moge_dataset/NYUv2/00960/depth.png,../../data/moge_dataset/NYUv2/00960/meta.json,NYUv2,../../data/depthanything/moge_dataset/NYUv2/00960/image.png
403,403,../../data/moge_dataset/NYUv2/00961/image.jpg,../../data/moge_dataset/NYUv2/00961/depth.png,../../data/moge_dataset/NYUv2/00961/meta.json,NYUv2,../../data/depthanything/moge_dataset/NYUv2/00961/image.png
404,404,../../data/moge_dataset/NYUv2/00964/image.jpg,../../data/moge_dataset/NYUv2/00964/depth.png,../../data/moge_dataset/NYUv2/00964/meta.json,NYUv2,../../data/depthanything/moge_dataset/NYUv2/00964/image.png
405,405,../../data/moge_dataset/NYUv2/00965/image.jpg,../../data/moge_dataset/NYUv2/00965/depth.png,../../data/moge_dataset/NYUv2/00965/meta.json,NYUv2,../../data/depthanything/moge_dataset/NYUv2/00965/image.png
406,406,../../data/moge_dataset/NYUv2/00966/image.jpg,../../data/moge_dataset/NYUv2/00966/depth.png,../../data/moge_dataset/NYUv2/00966/meta.json,NYUv2,../../data/depthanything/moge_dataset/NYUv2/00966/image.png
407,407,../../data/moge_dataset/NYUv2/00969/image.jpg,../../data/moge_dataset/NYUv2/00969/depth.png,../../data/moge_dataset/NYUv2/00969/meta.json,NYUv2,../../data/depthanything/moge_dataset/NYUv2/00969/image.png
408,408,../../data/moge_dataset/NYUv2/00970/image.jpg,../../data/moge_dataset/NYUv2/00970/depth.png,../../data/moge_dataset/NYUv2/00970/meta.json,NYUv2,../../data/depthanything/moge_dataset/NYUv2/00970/image.png
409,409,../../data/moge_dataset/NYUv2/00971/image.jpg,../../data/moge_dataset/NYUv2/00971/depth.png,../../data/moge_dataset/NYUv2/00971/meta.json,NYUv2,../../data/depthanything/moge_dataset/NYUv2/00971/image.png
410,410,../../data/moge_dataset/NYUv2/00972/image.jpg,../../data/moge_dataset/NYUv2/00972/depth.png,../../data/moge_dataset/NYUv2/00972/meta.json,NYUv2,../../data/depthanything/moge_dataset/NYUv2/00972/image.png
411,411,../../data/moge_dataset/NYUv2/00973/image.jpg,../../data/moge_dataset/NYUv2/00973/depth.png,../../data/moge_dataset/NYUv2/00973/meta.json,NYUv2,../../data/depthanything/moge_dataset/NYUv2/00973/image.png
412,412,../../data/moge_dataset/NYUv2/00974/image.jpg,../../data/moge_dataset/NYUv2/00974/depth.png,../../data/moge_dataset/NYUv2/00974/meta.json,NYUv2,../../data/depthanything/moge_dataset/NYUv2/00974/image.png
413,413,../../data/moge_dataset/NYUv2/00975/image.jpg,../../data/moge_dataset/NYUv2/00975/depth.png,../../data/moge_dataset/NYUv2/00975/meta.json,NYUv2,../../data/depthanything/moge_dataset/NYUv2/00975/image.png
414,414,../../data/moge_dataset/NYUv2/00976/image.jpg,../../data/moge_dataset/NYUv2/00976/depth.png,../../data/moge_dataset/NYUv2/00976/meta.json,NYUv2,../../data/depthanything/moge_dataset/NYUv2/00976/image.png
415,415,../../data/moge_dataset/NYUv2/00990/image.jpg,../../data/moge_dataset/NYUv2/00990/depth.png,../../data/moge_dataset/NYUv2/00990/meta.json,NYUv2,../../data/depthanything/moge_dataset/NYUv2/00990/image.png
416,416,../../data/moge_dataset/NYUv2/00991/image.jpg,../../data/moge_dataset/NYUv2/00991/depth.png,../../data/moge_dataset/NYUv2/00991/meta.json,NYUv2,../../data/depthanything/moge_dataset/NYUv2/00991/image.png
417,417,../../data/moge_dataset/NYUv2/00992/image.jpg,../../data/moge_dataset/NYUv2/00992/depth.png,../../data/moge_dataset/NYUv2/00992/meta.json,NYUv2,../../data/depthanything/moge_dataset/NYUv2/00992/image.png
418,418,../../data/moge_dataset/NYUv2/00993/image.jpg,../../data/moge_dataset/NYUv2/00993/depth.png,../../data/moge_dataset/NYUv2/00993/meta.json,NYUv2,../../data/depthanything/moge_dataset/NYUv2/00993/image.png
419,419,../../data/moge_dataset/NYUv2/00994/image.jpg,../../data/moge_dataset/NYUv2/00994/depth.png,../../data/moge_dataset/NYUv2/00994/meta.json,NYUv2,../../data/depthanything/moge_dataset/NYUv2/00994/image.png
420,420,../../data/moge_dataset/NYUv2/01000/image.jpg,../../data/moge_dataset/NYUv2/01000/depth.png,../../data/moge_dataset/NYUv2/01000/meta.json,NYUv2,../../data/depthanything/moge_dataset/NYUv2/01000/image.png
421,421,../../data/moge_dataset/NYUv2/01001/image.jpg,../../data/moge_dataset/NYUv2/01001/depth.png,../../data/moge_dataset/NYUv2/01001/meta.json,NYUv2,../../data/depthanything/moge_dataset/NYUv2/01001/image.png
422,422,../../data/moge_dataset/NYUv2/01002/image.jpg,../../data/moge_dataset/NYUv2/01002/depth.png,../../data/moge_dataset/NYUv2/01002/meta.json,NYUv2,../../data/depthanything/moge_dataset/NYUv2/01002/image.png
423,423,../../data/moge_dataset/NYUv2/01003/image.jpg,../../data/moge_dataset/NYUv2/01003/depth.png,../../data/moge_dataset/NYUv2/01003/meta.json,NYUv2,../../data/depthanything/moge_dataset/NYUv2/01003/image.png
424,424,../../data/moge_dataset/NYUv2/01009/image.jpg,../../data/moge_dataset/NYUv2/01009/depth.png,../../data/moge_dataset/NYUv2/01009/meta.json,NYUv2,../../data/depthanything/moge_dataset/NYUv2/01009/image.png
425,425,../../data/moge_dataset/NYUv2/01010/image.jpg,../../data/moge_dataset/NYUv2/01010/depth.png,../../data/moge_dataset/NYUv2/01010/meta.json,NYUv2,../../data/depthanything/moge_dataset/NYUv2/01010/image.png
426,426,../../data/moge_dataset/NYUv2/01011/image.jpg,../../data/moge_dataset/NYUv2/01011/depth.png,../../data/moge_dataset/NYUv2/01011/meta.json,NYUv2,../../data/depthanything/moge_dataset/NYUv2/01011/image.png
427,427,../../data/moge_dataset/NYUv2/01020/image.jpg,../../data/moge_dataset/NYUv2/01020/depth.png,../../data/moge_dataset/NYUv2/01020/meta.json,NYUv2,../../data/depthanything/moge_dataset/NYUv2/01020/image.png
428,428,../../data/moge_dataset/NYUv2/01021/image.jpg,../../data/moge_dataset/NYUv2/01021/depth.png,../../data/moge_dataset/NYUv2/01021/meta.json,NYUv2,../../data/depthanything/moge_dataset/NYUv2/01021/image.png
429,429,../../data/moge_dataset/NYUv2/01022/image.jpg,../../data/moge_dataset/NYUv2/01022/depth.png,../../data/moge_dataset/NYUv2/01022/meta.json,NYUv2,../../data/depthanything/moge_dataset/NYUv2/01022/image.png
430,430,../../data/moge_dataset/NYUv2/01031/image.jpg,../../data/moge_dataset/NYUv2/01031/depth.png,../../data/moge_dataset/NYUv2/01031/meta.json,NYUv2,../../data/depthanything/moge_dataset/NYUv2/01031/image.png
431,431,../../data/moge_dataset/NYUv2/01032/image.jpg,../../data/moge_dataset/NYUv2/01032/depth.png,../../data/moge_dataset/NYUv2/01032/meta.json,NYUv2,../../data/depthanything/moge_dataset/NYUv2/01032/image.png
432,432,../../data/moge_dataset/NYUv2/01033/image.jpg,../../data/moge_dataset/NYUv2/01033/depth.png,../../data/moge_dataset/NYUv2/01033/meta.json,NYUv2,../../data/depthanything/moge_dataset/NYUv2/01033/image.png
433,433,../../data/moge_dataset/NYUv2/01037/image.jpg,../../data/moge_dataset/NYUv2/01037/depth.png,../../data/moge_dataset/NYUv2/01037/meta.json,NYUv2,../../data/depthanything/moge_dataset/NYUv2/01037/image.png
434,434,../../data/moge_dataset/NYUv2/01038/image.jpg,../../data/moge_dataset/NYUv2/01038/depth.png,../../data/moge_dataset/NYUv2/01038/meta.json,NYUv2,../../data/depthanything/moge_dataset/NYUv2/01038/image.png
435,435,../../data/moge_dataset/NYUv2/01047/image.jpg,../../data/moge_dataset/NYUv2/01047/depth.png,../../data/moge_dataset/NYUv2/01047/meta.json,NYUv2,../../data/depthanything/moge_dataset/NYUv2/01047/image.png
436,436,../../data/moge_dataset/NYUv2/01048/image.jpg,../../data/moge_dataset/NYUv2/01048/depth.png,../../data/moge_dataset/NYUv2/01048/meta.json,NYUv2,../../data/depthanything/moge_dataset/NYUv2/01048/image.png
437,437,../../data/moge_dataset/NYUv2/01051/image.jpg,../../data/moge_dataset/NYUv2/01051/depth.png,../../data/moge_dataset/NYUv2/01051/meta.json,NYUv2,../../data/depthanything/moge_dataset/NYUv2/01051/image.png
438,438,../../data/moge_dataset/NYUv2/01052/image.jpg,../../data/moge_dataset/NYUv2/01052/depth.png,../../data/moge_dataset/NYUv2/01052/meta.json,NYUv2,../../data/depthanything/moge_dataset/NYUv2/01052/image.png
439,439,../../data/moge_dataset/NYUv2/01056/image.jpg,../../data/moge_dataset/NYUv2/01056/depth.png,../../data/moge_dataset/NYUv2/01056/meta.json,NYUv2,../../data/depthanything/moge_dataset/NYUv2/01056/image.png
440,440,../../data/moge_dataset/NYUv2/01057/image.jpg,../../data/moge_dataset/NYUv2/01057/depth.png,../../data/moge_dataset/NYUv2/01057/meta.json,NYUv2,../../data/depthanything/moge_dataset/NYUv2/01057/image.png
441,441,../../data/moge_dataset/NYUv2/01074/image.jpg,../../data/moge_dataset/NYUv2/01074/depth.png,../../data/moge_dataset/NYUv2/01074/meta.json,NYUv2,../../data/depthanything/moge_dataset/NYUv2/01074/image.png
442,442,../../data/moge_dataset/NYUv2/01075/image.jpg,../../data/moge_dataset/NYUv2/01075/depth.png,../../data/moge_dataset/NYUv2/01075/meta.json,NYUv2,../../data/depthanything/moge_dataset/NYUv2/01075/image.png
443,443,../../data/moge_dataset/NYUv2/01076/image.jpg,../../data/moge_dataset/NYUv2/01076/depth.png,../../data/moge_dataset/NYUv2/01076/meta.json,NYUv2,../../data/depthanything/moge_dataset/NYUv2/01076/image.png
444,444,../../data/moge_dataset/NYUv2/01077/image.jpg,../../data/moge_dataset/NYUv2/01077/depth.png,../../data/moge_dataset/NYUv2/01077/meta.json,NYUv2,../../data/depthanything/moge_dataset/NYUv2/01077/image.png
445,445,../../data/moge_dataset/NYUv2/01078/image.jpg,../../data/moge_dataset/NYUv2/01078/depth.png,../../data/moge_dataset/NYUv2/01078/meta.json,NYUv2,../../data/depthanything/moge_dataset/NYUv2/01078/image.png
446,446,../../data/moge_dataset/NYUv2/01079/image.jpg,../../data/moge_dataset/NYUv2/01079/depth.png,../../data/moge_dataset/NYUv2/01079/meta.json,NYUv2,../../data/depthanything/moge_dataset/NYUv2/01079/image.png
447,447,../../data/moge_dataset/NYUv2/01080/image.jpg,../../data/moge_dataset/NYUv2/01080/depth.png,../../data/moge_dataset/NYUv2/01080/meta.json,NYUv2,../../data/depthanything/moge_dataset/NYUv2/01080/image.png
448,448,../../data/moge_dataset/NYUv2/01081/image.jpg,../../data/moge_dataset/NYUv2/01081/depth.png,../../data/moge_dataset/NYUv2/01081/meta.json,NYUv2,../../data/depthanything/moge_dataset/NYUv2/01081/image.png
449,449,../../data/moge_dataset/NYUv2/01082/image.jpg,../../data/moge_dataset/NYUv2/01082/depth.png,../../data/moge_dataset/NYUv2/01082/meta.json,NYUv2,../../data/depthanything/moge_dataset/NYUv2/01082/image.png
450,450,../../data/moge_dataset/NYUv2/01083/image.jpg,../../data/moge_dataset/NYUv2/01083/depth.png,../../data/moge_dataset/NYUv2/01083/meta.json,NYUv2,../../data/depthanything/moge_dataset/NYUv2/01083/image.png
451,451,../../data/moge_dataset/NYUv2/01087/image.jpg,../../data/moge_dataset/NYUv2/01087/depth.png,../../data/moge_dataset/NYUv2/01087/meta.json,NYUv2,../../data/depthanything/moge_dataset/NYUv2/01087/image.png
452,452,../../data/moge_dataset/NYUv2/01088/image.jpg,../../data/moge_dataset/NYUv2/01088/depth.png,../../data/moge_dataset/NYUv2/01088/meta.json,NYUv2,../../data/depthanything/moge_dataset/NYUv2/01088/image.png
453,453,../../data/moge_dataset/NYUv2/01089/image.jpg,../../data/moge_dataset/NYUv2/01089/depth.png,../../data/moge_dataset/NYUv2/01089/meta.json,NYUv2,../../data/depthanything/moge_dataset/NYUv2/01089/image.png
454,454,../../data/moge_dataset/NYUv2/01090/image.jpg,../../data/moge_dataset/NYUv2/01090/depth.png,../../data/moge_dataset/NYUv2/01090/meta.json,NYUv2,../../data/depthanything/moge_dataset/NYUv2/01090/image.png
455,455,../../data/moge_dataset/NYUv2/01091/image.jpg,../../data/moge_dataset/NYUv2/01091/depth.png,../../data/moge_dataset/NYUv2/01091/meta.json,NYUv2,../../data/depthanything/moge_dataset/NYUv2/01091/image.png
456,456,../../data/moge_dataset/NYUv2/01092/image.jpg,../../data/moge_dataset/NYUv2/01092/depth.png,../../data/moge_dataset/NYUv2/01092/meta.json,NYUv2,../../data/depthanything/moge_dataset/NYUv2/01092/image.png
457,457,../../data/moge_dataset/NYUv2/01093/image.jpg,../../data/moge_dataset/NYUv2/01093/depth.png,../../data/moge_dataset/NYUv2/01093/meta.json,NYUv2,../../data/depthanything/moge_dataset/NYUv2/01093/image.png
458,458,../../data/moge_dataset/NYUv2/01094/image.jpg,../../data/moge_dataset/NYUv2/01094/depth.png,../../data/moge_dataset/NYUv2/01094/meta.json,NYUv2,../../data/depthanything/moge_dataset/NYUv2/01094/image.png
459,459,../../data/moge_dataset/NYUv2/01095/image.jpg,../../data/moge_dataset/NYUv2/01095/depth.png,../../data/moge_dataset/NYUv2/01095/meta.json,NYUv2,../../data/depthanything/moge_dataset/NYUv2/01095/image.png
460,460,../../data/moge_dataset/NYUv2/01097/image.jpg,../../data/moge_dataset/NYUv2/01097/depth.png,../../data/moge_dataset/NYUv2/01097/meta.json,NYUv2,../../data/depthanything/moge_dataset/NYUv2/01097/image.png
461,461,../../data/moge_dataset/NYUv2/01098/image.jpg,../../data/moge_dataset/NYUv2/01098/depth.png,../../data/moge_dataset/NYUv2/01098/meta.json,NYUv2,../../data/depthanything/moge_dataset/NYUv2/01098/image.png
462,462,../../data/moge_dataset/NYUv2/01099/image.jpg,../../data/moge_dataset/NYUv2/01099/depth.png,../../data/moge_dataset/NYUv2/01099/meta.json,NYUv2,../../data/depthanything/moge_dataset/NYUv2/01099/image.png
463,463,../../data/moge_dataset/NYUv2/01100/image.jpg,../../data/moge_dataset/NYUv2/01100/depth.png,../../data/moge_dataset/NYUv2/01100/meta.json,NYUv2,../../data/depthanything/moge_dataset/NYUv2/01100/image.png
464,464,../../data/moge_dataset/NYUv2/01101/image.jpg,../../data/moge_dataset/NYUv2/01101/depth.png,../../data/moge_dataset/NYUv2/01101/meta.json,NYUv2,../../data/depthanything/moge_dataset/NYUv2/01101/image.png
465,465,../../data/moge_dataset/NYUv2/01102/image.jpg,../../data/moge_dataset/NYUv2/01102/depth.png,../../data/moge_dataset/NYUv2/01102/meta.json,NYUv2,../../data/depthanything/moge_dataset/NYUv2/01102/image.png
466,466,../../data/moge_dataset/NYUv2/01103/image.jpg,../../data/moge_dataset/NYUv2/01103/depth.png,../../data/moge_dataset/NYUv2/01103/meta.json,NYUv2,../../data/depthanything/moge_dataset/NYUv2/01103/image.png
467,467,../../data/moge_dataset/NYUv2/01105/image.jpg,../../data/moge_dataset/NYUv2/01105/depth.png,../../data/moge_dataset/NYUv2/01105/meta.json,NYUv2,../../data/depthanything/moge_dataset/NYUv2/01105/image.png
468,468,../../data/moge_dataset/NYUv2/01106/image.jpg,../../data/moge_dataset/NYUv2/01106/depth.png,../../data/moge_dataset/NYUv2/01106/meta.json,NYUv2,../../data/depthanything/moge_dataset/NYUv2/01106/image.png
469,469,../../data/moge_dataset/NYUv2/01107/image.jpg,../../data/moge_dataset/NYUv2/01107/depth.png,../../data/moge_dataset/NYUv2/01107/meta.json,NYUv2,../../data/depthanything/moge_dataset/NYUv2/01107/image.png
470,470,../../data/moge_dataset/NYUv2/01108/image.jpg,../../data/moge_dataset/NYUv2/01108/depth.png,../../data/moge_dataset/NYUv2/01108/meta.json,NYUv2,../../data/depthanything/moge_dataset/NYUv2/01108/image.png
471,471,../../data/moge_dataset/NYUv2/01116/image.jpg,../../data/moge_dataset/NYUv2/01116/depth.png,../../data/moge_dataset/NYUv2/01116/meta.json,NYUv2,../../data/depthanything/moge_dataset/NYUv2/01116/image.png
472,472,../../data/moge_dataset/NYUv2/01117/image.jpg,../../data/moge_dataset/NYUv2/01117/depth.png,../../data/moge_dataset/NYUv2/01117/meta.json,NYUv2,../../data/depthanything/moge_dataset/NYUv2/01117/image.png
473,473,../../data/moge_dataset/NYUv2/01118/image.jpg,../../data/moge_dataset/NYUv2/01118/depth.png,../../data/moge_dataset/NYUv2/01118/meta.json,NYUv2,../../data/depthanything/moge_dataset/NYUv2/01118/image.png
474,474,../../data/moge_dataset/NYUv2/01122/image.jpg,../../data/moge_dataset/NYUv2/01122/depth.png,../../data/moge_dataset/NYUv2/01122/meta.json,NYUv2,../../data/depthanything/moge_dataset/NYUv2/01122/image.png
475,475,../../data/moge_dataset/NYUv2/01123/image.jpg,../../data/moge_dataset/NYUv2/01123/depth.png,../../data/moge_dataset/NYUv2/01123/meta.json,NYUv2,../../data/depthanything/moge_dataset/NYUv2/01123/image.png
476,476,../../data/moge_dataset/NYUv2/01124/image.jpg,../../data/moge_dataset/NYUv2/01124/depth.png,../../data/moge_dataset/NYUv2/01124/meta.json,NYUv2,../../data/depthanything/moge_dataset/NYUv2/01124/image.png
477,477,../../data/moge_dataset/NYUv2/01125/image.jpg,../../data/moge_dataset/NYUv2/01125/depth.png,../../data/moge_dataset/NYUv2/01125/meta.json,NYUv2,../../data/depthanything/moge_dataset/NYUv2/01125/image.png
478,478,../../data/moge_dataset/NYUv2/01126/image.jpg,../../data/moge_dataset/NYUv2/01126/depth.png,../../data/moge_dataset/NYUv2/01126/meta.json,NYUv2,../../data/depthanything/moge_dataset/NYUv2/01126/image.png
479,479,../../data/moge_dataset/NYUv2/01127/image.jpg,../../data/moge_dataset/NYUv2/01127/depth.png,../../data/moge_dataset/NYUv2/01127/meta.json,NYUv2,../../data/depthanything/moge_dataset/NYUv2/01127/image.png
480,480,../../data/moge_dataset/NYUv2/01128/image.jpg,../../data/moge_dataset/NYUv2/01128/depth.png,../../data/moge_dataset/NYUv2/01128/meta.json,NYUv2,../../data/depthanything/moge_dataset/NYUv2/01128/image.png
481,481,../../data/moge_dataset/NYUv2/01129/image.jpg,../../data/moge_dataset/NYUv2/01129/depth.png,../../data/moge_dataset/NYUv2/01129/meta.json,NYUv2,../../data/depthanything/moge_dataset/NYUv2/01129/image.png
482,482,../../data/moge_dataset/NYUv2/01130/image.jpg,../../data/moge_dataset/NYUv2/01130/depth.png,../../data/moge_dataset/NYUv2/01130/meta.json,NYUv2,../../data/depthanything/moge_dataset/NYUv2/01130/image.png
483,483,../../data/moge_dataset/NYUv2/01134/image.jpg,../../data/moge_dataset/NYUv2/01134/depth.png,../../data/moge_dataset/NYUv2/01134/meta.json,NYUv2,../../data/depthanything/moge_dataset/NYUv2/01134/image.png
484,484,../../data/moge_dataset/NYUv2/01135/image.jpg,../../data/moge_dataset/NYUv2/01135/depth.png,../../data/moge_dataset/NYUv2/01135/meta.json,NYUv2,../../data/depthanything/moge_dataset/NYUv2/01135/image.png
485,485,../../data/moge_dataset/NYUv2/01143/image.jpg,../../data/moge_dataset/NYUv2/01143/depth.png,../../data/moge_dataset/NYUv2/01143/meta.json,NYUv2,../../data/depthanything/moge_dataset/NYUv2/01143/image.png
486,486,../../data/moge_dataset/NYUv2/01144/image.jpg,../../data/moge_dataset/NYUv2/01144/depth.png,../../data/moge_dataset/NYUv2/01144/meta.json,NYUv2,../../data/depthanything/moge_dataset/NYUv2/01144/image.png
487,487,../../data/moge_dataset/NYUv2/01145/image.jpg,../../data/moge_dataset/NYUv2/01145/depth.png,../../data/moge_dataset/NYUv2/01145/meta.json,NYUv2,../../data/depthanything/moge_dataset/NYUv2/01145/image.png
488,488,../../data/moge_dataset/NYUv2/01146/image.jpg,../../data/moge_dataset/NYUv2/01146/depth.png,../../data/moge_dataset/NYUv2/01146/meta.json,NYUv2,../../data/depthanything/moge_dataset/NYUv2/01146/image.png
489,489,../../data/moge_dataset/NYUv2/01147/image.jpg,../../data/moge_dataset/NYUv2/01147/depth.png,../../data/moge_dataset/NYUv2/01147/meta.json,NYUv2,../../data/depthanything/moge_dataset/NYUv2/01147/image.png
490,490,../../data/moge_dataset/NYUv2/01148/image.jpg,../../data/moge_dataset/NYUv2/01148/depth.png,../../data/moge_dataset/NYUv2/01148/meta.json,NYUv2,../../data/depthanything/moge_dataset/NYUv2/01148/image.png
491,491,../../data/moge_dataset/NYUv2/01149/image.jpg,../../data/moge_dataset/NYUv2/01149/depth.png,../../data/moge_dataset/NYUv2/01149/meta.json,NYUv2,../../data/depthanything/moge_dataset/NYUv2/01149/image.png
492,492,../../data/moge_dataset/NYUv2/01150/image.jpg,../../data/moge_dataset/NYUv2/01150/depth.png,../../data/moge_dataset/NYUv2/01150/meta.json,NYUv2,../../data/depthanything/moge_dataset/NYUv2/01150/image.png
493,493,../../data/moge_dataset/NYUv2/01151/image.jpg,../../data/moge_dataset/NYUv2/01151/depth.png,../../data/moge_dataset/NYUv2/01151/meta.json,NYUv2,../../data/depthanything/moge_dataset/NYUv2/01151/image.png
494,494,../../data/moge_dataset/NYUv2/01152/image.jpg,../../data/moge_dataset/NYUv2/01152/depth.png,../../data/moge_dataset/NYUv2/01152/meta.json,NYUv2,../../data/depthanything/moge_dataset/NYUv2/01152/image.png
495,495,../../data/moge_dataset/NYUv2/01153/image.jpg,../../data/moge_dataset/NYUv2/01153/depth.png,../../data/moge_dataset/NYUv2/01153/meta.json,NYUv2,../../data/depthanything/moge_dataset/NYUv2/01153/image.png
496,496,../../data/moge_dataset/NYUv2/01154/image.jpg,../../data/moge_dataset/NYUv2/01154/depth.png,../../data/moge_dataset/NYUv2/01154/meta.json,NYUv2,../../data/depthanything/moge_dataset/NYUv2/01154/image.png
497,497,../../data/moge_dataset/NYUv2/01155/image.jpg,../../data/moge_dataset/NYUv2/01155/depth.png,../../data/moge_dataset/NYUv2/01155/meta.json,NYUv2,../../data/depthanything/moge_dataset/NYUv2/01155/image.png
498,498,../../data/moge_dataset/NYUv2/01156/image.jpg,../../data/moge_dataset/NYUv2/01156/depth.png,../../data/moge_dataset/NYUv2/01156/meta.json,NYUv2,../../data/depthanything/moge_dataset/NYUv2/01156/image.png
499,499,../../data/moge_dataset/NYUv2/01157/image.jpg,../../data/moge_dataset/NYUv2/01157/depth.png,../../data/moge_dataset/NYUv2/01157/meta.json,NYUv2,../../data/depthanything/moge_dataset/NYUv2/01157/image.png
500,500,../../data/moge_dataset/NYUv2/01161/image.jpg,../../data/moge_dataset/NYUv2/01161/depth.png,../../data/moge_dataset/NYUv2/01161/meta.json,NYUv2,../../data/depthanything/moge_dataset/NYUv2/01161/image.png
501,501,../../data/moge_dataset/NYUv2/01162/image.jpg,../../data/moge_dataset/NYUv2/01162/depth.png,../../data/moge_dataset/NYUv2/01162/meta.json,NYUv2,../../data/depthanything/moge_dataset/NYUv2/01162/image.png
502,502,../../data/moge_dataset/NYUv2/01163/image.jpg,../../data/moge_dataset/NYUv2/01163/depth.png,../../data/moge_dataset/NYUv2/01163/meta.json,NYUv2,../../data/depthanything/moge_dataset/NYUv2/01163/image.png
503,503,../../data/moge_dataset/NYUv2/01164/image.jpg,../../data/moge_dataset/NYUv2/01164/depth.png,../../data/moge_dataset/NYUv2/01164/meta.json,NYUv2,../../data/depthanything/moge_dataset/NYUv2/01164/image.png
504,504,../../data/moge_dataset/NYUv2/01165/image.jpg,../../data/moge_dataset/NYUv2/01165/depth.png,../../data/moge_dataset/NYUv2/01165/meta.json,NYUv2,../../data/depthanything/moge_dataset/NYUv2/01165/image.png
505,505,../../data/moge_dataset/NYUv2/01166/image.jpg,../../data/moge_dataset/NYUv2/01166/depth.png,../../data/moge_dataset/NYUv2/01166/meta.json,NYUv2,../../data/depthanything/moge_dataset/NYUv2/01166/image.png
506,506,../../data/moge_dataset/NYUv2/01169/image.jpg,../../data/moge_dataset/NYUv2/01169/depth.png,../../data/moge_dataset/NYUv2/01169/meta.json,NYUv2,../../data/depthanything/moge_dataset/NYUv2/01169/image.png
507,507,../../data/moge_dataset/NYUv2/01170/image.jpg,../../data/moge_dataset/NYUv2/01170/depth.png,../../data/moge_dataset/NYUv2/01170/meta.json,NYUv2,../../data/depthanything/moge_dataset/NYUv2/01170/image.png
508,508,../../data/moge_dataset/NYUv2/01173/image.jpg,../../data/moge_dataset/NYUv2/01173/depth.png,../../data/moge_dataset/NYUv2/01173/meta.json,NYUv2,../../data/depthanything/moge_dataset/NYUv2/01173/image.png
509,509,../../data/moge_dataset/NYUv2/01174/image.jpg,../../data/moge_dataset/NYUv2/01174/depth.png,../../data/moge_dataset/NYUv2/01174/meta.json,NYUv2,../../data/depthanything/moge_dataset/NYUv2/01174/image.png
510,510,../../data/moge_dataset/NYUv2/01175/image.jpg,../../data/moge_dataset/NYUv2/01175/depth.png,../../data/moge_dataset/NYUv2/01175/meta.json,NYUv2,../../data/depthanything/moge_dataset/NYUv2/01175/image.png
511,511,../../data/moge_dataset/NYUv2/01178/image.jpg,../../data/moge_dataset/NYUv2/01178/depth.png,../../data/moge_dataset/NYUv2/01178/meta.json,NYUv2,../../data/depthanything/moge_dataset/NYUv2/01178/image.png
512,512,../../data/moge_dataset/NYUv2/01179/image.jpg,../../data/moge_dataset/NYUv2/01179/depth.png,../../data/moge_dataset/NYUv2/01179/meta.json,NYUv2,../../data/depthanything/moge_dataset/NYUv2/01179/image.png
513,513,../../data/moge_dataset/NYUv2/01180/image.jpg,../../data/moge_dataset/NYUv2/01180/depth.png,../../data/moge_dataset/NYUv2/01180/meta.json,NYUv2,../../data/depthanything/moge_dataset/NYUv2/01180/image.png
514,514,../../data/moge_dataset/NYUv2/01181/image.jpg,../../data/moge_dataset/NYUv2/01181/depth.png,../../data/moge_dataset/NYUv2/01181/meta.json,NYUv2,../../data/depthanything/moge_dataset/NYUv2/01181/image.png
515,515,../../data/moge_dataset/NYUv2/01182/image.jpg,../../data/moge_dataset/NYUv2/01182/depth.png,../../data/moge_dataset/NYUv2/01182/meta.json,NYUv2,../../data/depthanything/moge_dataset/NYUv2/01182/image.png
516,516,../../data/moge_dataset/NYUv2/01183/image.jpg,../../data/moge_dataset/NYUv2/01183/depth.png,../../data/moge_dataset/NYUv2/01183/meta.json,NYUv2,../../data/depthanything/moge_dataset/NYUv2/01183/image.png
517,517,../../data/moge_dataset/NYUv2/01191/image.jpg,../../data/moge_dataset/NYUv2/01191/depth.png,../../data/moge_dataset/NYUv2/01191/meta.json,NYUv2,../../data/depthanything/moge_dataset/NYUv2/01191/image.png
518,518,../../data/moge_dataset/NYUv2/01192/image.jpg,../../data/moge_dataset/NYUv2/01192/depth.png,../../data/moge_dataset/NYUv2/01192/meta.json,NYUv2,../../data/depthanything/moge_dataset/NYUv2/01192/image.png
519,519,../../data/moge_dataset/NYUv2/01193/image.jpg,../../data/moge_dataset/NYUv2/01193/depth.png,../../data/moge_dataset/NYUv2/01193/meta.json,NYUv2,../../data/depthanything/moge_dataset/NYUv2/01193/image.png
520,520,../../data/moge_dataset/NYUv2/01194/image.jpg,../../data/moge_dataset/NYUv2/01194/depth.png,../../data/moge_dataset/NYUv2/01194/meta.json,NYUv2,../../data/depthanything/moge_dataset/NYUv2/01194/image.png
521,521,../../data/moge_dataset/NYUv2/01195/image.jpg,../../data/moge_dataset/NYUv2/01195/depth.png,../../data/moge_dataset/NYUv2/01195/meta.json,NYUv2,../../data/depthanything/moge_dataset/NYUv2/01195/image.png
522,522,../../data/moge_dataset/NYUv2/01200/image.jpg,../../data/moge_dataset/NYUv2/01200/depth.png,../../data/moge_dataset/NYUv2/01200/meta.json,NYUv2,../../data/depthanything/moge_dataset/NYUv2/01200/image.png
523,523,../../data/moge_dataset/NYUv2/01201/image.jpg,../../data/moge_dataset/NYUv2/01201/depth.png,../../data/moge_dataset/NYUv2/01201/meta.json,NYUv2,../../data/depthanything/moge_dataset/NYUv2/01201/image.png
524,524,../../data/moge_dataset/NYUv2/01202/image.jpg,../../data/moge_dataset/NYUv2/01202/depth.png,../../data/moge_dataset/NYUv2/01202/meta.json,NYUv2,../../data/depthanything/moge_dataset/NYUv2/01202/image.png
525,525,../../data/moge_dataset/NYUv2/01203/image.jpg,../../data/moge_dataset/NYUv2/01203/depth.png,../../data/moge_dataset/NYUv2/01203/meta.json,NYUv2,../../data/depthanything/moge_dataset/NYUv2/01203/image.png
526,526,../../data/moge_dataset/NYUv2/01204/image.jpg,../../data/moge_dataset/NYUv2/01204/depth.png,../../data/moge_dataset/NYUv2/01204/meta.json,NYUv2,../../data/depthanything/moge_dataset/NYUv2/01204/image.png
527,527,../../data/moge_dataset/NYUv2/01205/image.jpg,../../data/moge_dataset/NYUv2/01205/depth.png,../../data/moge_dataset/NYUv2/01205/meta.json,NYUv2,../../data/depthanything/moge_dataset/NYUv2/01205/image.png
528,528,../../data/moge_dataset/NYUv2/01206/image.jpg,../../data/moge_dataset/NYUv2/01206/depth.png,../../data/moge_dataset/NYUv2/01206/meta.json,NYUv2,../../data/depthanything/moge_dataset/NYUv2/01206/image.png
529,529,../../data/moge_dataset/NYUv2/01207/image.jpg,../../data/moge_dataset/NYUv2/01207/depth.png,../../data/moge_dataset/NYUv2/01207/meta.json,NYUv2,../../data/depthanything/moge_dataset/NYUv2/01207/image.png
530,530,../../data/moge_dataset/NYUv2/01208/image.jpg,../../data/moge_dataset/NYUv2/01208/depth.png,../../data/moge_dataset/NYUv2/01208/meta.json,NYUv2,../../data/depthanything/moge_dataset/NYUv2/01208/image.png
531,531,../../data/moge_dataset/NYUv2/01209/image.jpg,../../data/moge_dataset/NYUv2/01209/depth.png,../../data/moge_dataset/NYUv2/01209/meta.json,NYUv2,../../data/depthanything/moge_dataset/NYUv2/01209/image.png
532,532,../../data/moge_dataset/NYUv2/01210/image.jpg,../../data/moge_dataset/NYUv2/01210/depth.png,../../data/moge_dataset/NYUv2/01210/meta.json,NYUv2,../../data/depthanything/moge_dataset/NYUv2/01210/image.png
533,533,../../data/moge_dataset/NYUv2/01211/image.jpg,../../data/moge_dataset/NYUv2/01211/depth.png,../../data/moge_dataset/NYUv2/01211/meta.json,NYUv2,../../data/depthanything/moge_dataset/NYUv2/01211/image.png
534,534,../../data/moge_dataset/NYUv2/01215/image.jpg,../../data/moge_dataset/NYUv2/01215/depth.png,../../data/moge_dataset/NYUv2/01215/meta.json,NYUv2,../../data/depthanything/moge_dataset/NYUv2/01215/image.png
535,535,../../data/moge_dataset/NYUv2/01216/image.jpg,../../data/moge_dataset/NYUv2/01216/depth.png,../../data/moge_dataset/NYUv2/01216/meta.json,NYUv2,../../data/depthanything/moge_dataset/NYUv2/01216/image.png
536,536,../../data/moge_dataset/NYUv2/01217/image.jpg,../../data/moge_dataset/NYUv2/01217/depth.png,../../data/moge_dataset/NYUv2/01217/meta.json,NYUv2,../../data/depthanything/moge_dataset/NYUv2/01217/image.png
537,537,../../data/moge_dataset/NYUv2/01218/image.jpg,../../data/moge_dataset/NYUv2/01218/depth.png,../../data/moge_dataset/NYUv2/01218/meta.json,NYUv2,../../data/depthanything/moge_dataset/NYUv2/01218/image.png
538,538,../../data/moge_dataset/NYUv2/01219/image.jpg,../../data/moge_dataset/NYUv2/01219/depth.png,../../data/moge_dataset/NYUv2/01219/meta.json,NYUv2,../../data/depthanything/moge_dataset/NYUv2/01219/image.png
539,539,../../data/moge_dataset/NYUv2/01225/image.jpg,../../data/moge_dataset/NYUv2/01225/depth.png,../../data/moge_dataset/NYUv2/01225/meta.json,NYUv2,../../data/depthanything/moge_dataset/NYUv2/01225/image.png
540,540,../../data/moge_dataset/NYUv2/01226/image.jpg,../../data/moge_dataset/NYUv2/01226/depth.png,../../data/moge_dataset/NYUv2/01226/meta.json,NYUv2,../../data/depthanything/moge_dataset/NYUv2/01226/image.png
541,541,../../data/moge_dataset/NYUv2/01227/image.jpg,../../data/moge_dataset/NYUv2/01227/depth.png,../../data/moge_dataset/NYUv2/01227/meta.json,NYUv2,../../data/depthanything/moge_dataset/NYUv2/01227/image.png
542,542,../../data/moge_dataset/NYUv2/01228/image.jpg,../../data/moge_dataset/NYUv2/01228/depth.png,../../data/moge_dataset/NYUv2/01228/meta.json,NYUv2,../../data/depthanything/moge_dataset/NYUv2/01228/image.png
543,543,../../data/moge_dataset/NYUv2/01229/image.jpg,../../data/moge_dataset/NYUv2/01229/depth.png,../../data/moge_dataset/NYUv2/01229/meta.json,NYUv2,../../data/depthanything/moge_dataset/NYUv2/01229/image.png
544,544,../../data/moge_dataset/NYUv2/01232/image.jpg,../../data/moge_dataset/NYUv2/01232/depth.png,../../data/moge_dataset/NYUv2/01232/meta.json,NYUv2,../../data/depthanything/moge_dataset/NYUv2/01232/image.png
545,545,../../data/moge_dataset/NYUv2/01233/image.jpg,../../data/moge_dataset/NYUv2/01233/depth.png,../../data/moge_dataset/NYUv2/01233/meta.json,NYUv2,../../data/depthanything/moge_dataset/NYUv2/01233/image.png
546,546,../../data/moge_dataset/NYUv2/01234/image.jpg,../../data/moge_dataset/NYUv2/01234/depth.png,../../data/moge_dataset/NYUv2/01234/meta.json,NYUv2,../../data/depthanything/moge_dataset/NYUv2/01234/image.png
547,547,../../data/moge_dataset/NYUv2/01246/image.jpg,../../data/moge_dataset/NYUv2/01246/depth.png,../../data/moge_dataset/NYUv2/01246/meta.json,NYUv2,../../data/depthanything/moge_dataset/NYUv2/01246/image.png
548,548,../../data/moge_dataset/NYUv2/01247/image.jpg,../../data/moge_dataset/NYUv2/01247/depth.png,../../data/moge_dataset/NYUv2/01247/meta.json,NYUv2,../../data/depthanything/moge_dataset/NYUv2/01247/image.png
549,549,../../data/moge_dataset/NYUv2/01248/image.jpg,../../data/moge_dataset/NYUv2/01248/depth.png,../../data/moge_dataset/NYUv2/01248/meta.json,NYUv2,../../data/depthanything/moge_dataset/NYUv2/01248/image.png
550,550,../../data/moge_dataset/NYUv2/01249/image.jpg,../../data/moge_dataset/NYUv2/01249/depth.png,../../data/moge_dataset/NYUv2/01249/meta.json,NYUv2,../../data/depthanything/moge_dataset/NYUv2/01249/image.png
551,551,../../data/moge_dataset/NYUv2/01253/image.jpg,../../data/moge_dataset/NYUv2/01253/depth.png,../../data/moge_dataset/NYUv2/01253/meta.json,NYUv2,../../data/depthanything/moge_dataset/NYUv2/01253/image.png
552,552,../../data/moge_dataset/NYUv2/01254/image.jpg,../../data/moge_dataset/NYUv2/01254/depth.png,../../data/moge_dataset/NYUv2/01254/meta.json,NYUv2,../../data/depthanything/moge_dataset/NYUv2/01254/image.png
553,553,../../data/moge_dataset/NYUv2/01255/image.jpg,../../data/moge_dataset/NYUv2/01255/depth.png,../../data/moge_dataset/NYUv2/01255/meta.json,NYUv2,../../data/depthanything/moge_dataset/NYUv2/01255/image.png
554,554,../../data/moge_dataset/NYUv2/01256/image.jpg,../../data/moge_dataset/NYUv2/01256/depth.png,../../data/moge_dataset/NYUv2/01256/meta.json,NYUv2,../../data/depthanything/moge_dataset/NYUv2/01256/image.png
555,555,../../data/moge_dataset/NYUv2/01257/image.jpg,../../data/moge_dataset/NYUv2/01257/depth.png,../../data/moge_dataset/NYUv2/01257/meta.json,NYUv2,../../data/depthanything/moge_dataset/NYUv2/01257/image.png
556,556,../../data/moge_dataset/NYUv2/01258/image.jpg,../../data/moge_dataset/NYUv2/01258/depth.png,../../data/moge_dataset/NYUv2/01258/meta.json,NYUv2,../../data/depthanything/moge_dataset/NYUv2/01258/image.png
557,557,../../data/moge_dataset/NYUv2/01259/image.jpg,../../data/moge_dataset/NYUv2/01259/depth.png,../../data/moge_dataset/NYUv2/01259/meta.json,NYUv2,../../data/depthanything/moge_dataset/NYUv2/01259/image.png
558,558,../../data/moge_dataset/NYUv2/01260/image.jpg,../../data/moge_dataset/NYUv2/01260/depth.png,../../data/moge_dataset/NYUv2/01260/meta.json,NYUv2,../../data/depthanything/moge_dataset/NYUv2/01260/image.png
559,559,../../data/moge_dataset/NYUv2/01261/image.jpg,../../data/moge_dataset/NYUv2/01261/depth.png,../../data/moge_dataset/NYUv2/01261/meta.json,NYUv2,../../data/depthanything/moge_dataset/NYUv2/01261/image.png
560,560,../../data/moge_dataset/NYUv2/01262/image.jpg,../../data/moge_dataset/NYUv2/01262/depth.png,../../data/moge_dataset/NYUv2/01262/meta.json,NYUv2,../../data/depthanything/moge_dataset/NYUv2/01262/image.png
561,561,../../data/moge_dataset/NYUv2/01263/image.jpg,../../data/moge_dataset/NYUv2/01263/depth.png,../../data/moge_dataset/NYUv2/01263/meta.json,NYUv2,../../data/depthanything/moge_dataset/NYUv2/01263/image.png
562,562,../../data/moge_dataset/NYUv2/01264/image.jpg,../../data/moge_dataset/NYUv2/01264/depth.png,../../data/moge_dataset/NYUv2/01264/meta.json,NYUv2,../../data/depthanything/moge_dataset/NYUv2/01264/image.png
563,563,../../data/moge_dataset/NYUv2/01274/image.jpg,../../data/moge_dataset/NYUv2/01274/depth.png,../../data/moge_dataset/NYUv2/01274/meta.json,NYUv2,../../data/depthanything/moge_dataset/NYUv2/01274/image.png
564,564,../../data/moge_dataset/NYUv2/01275/image.jpg,../../data/moge_dataset/NYUv2/01275/depth.png,../../data/moge_dataset/NYUv2/01275/meta.json,NYUv2,../../data/depthanything/moge_dataset/NYUv2/01275/image.png
565,565,../../data/moge_dataset/NYUv2/01276/image.jpg,../../data/moge_dataset/NYUv2/01276/depth.png,../../data/moge_dataset/NYUv2/01276/meta.json,NYUv2,../../data/depthanything/moge_dataset/NYUv2/01276/image.png
566,566,../../data/moge_dataset/NYUv2/01277/image.jpg,../../data/moge_dataset/NYUv2/01277/depth.png,../../data/moge_dataset/NYUv2/01277/meta.json,NYUv2,../../data/depthanything/moge_dataset/NYUv2/01277/image.png
567,567,../../data/moge_dataset/NYUv2/01278/image.jpg,../../data/moge_dataset/NYUv2/01278/depth.png,../../data/moge_dataset/NYUv2/01278/meta.json,NYUv2,../../data/depthanything/moge_dataset/NYUv2/01278/image.png
568,568,../../data/moge_dataset/NYUv2/01279/image.jpg,../../data/moge_dataset/NYUv2/01279/depth.png,../../data/moge_dataset/NYUv2/01279/meta.json,NYUv2,../../data/depthanything/moge_dataset/NYUv2/01279/image.png
569,569,../../data/moge_dataset/NYUv2/01284/image.jpg,../../data/moge_dataset/NYUv2/01284/depth.png,../../data/moge_dataset/NYUv2/01284/meta.json,NYUv2,../../data/depthanything/moge_dataset/NYUv2/01284/image.png
570,570,../../data/moge_dataset/NYUv2/01285/image.jpg,../../data/moge_dataset/NYUv2/01285/depth.png,../../data/moge_dataset/NYUv2/01285/meta.json,NYUv2,../../data/depthanything/moge_dataset/NYUv2/01285/image.png
571,571,../../data/moge_dataset/NYUv2/01286/image.jpg,../../data/moge_dataset/NYUv2/01286/depth.png,../../data/moge_dataset/NYUv2/01286/meta.json,NYUv2,../../data/depthanything/moge_dataset/NYUv2/01286/image.png
572,572,../../data/moge_dataset/NYUv2/01287/image.jpg,../../data/moge_dataset/NYUv2/01287/depth.png,../../data/moge_dataset/NYUv2/01287/meta.json,NYUv2,../../data/depthanything/moge_dataset/NYUv2/01287/image.png
573,573,../../data/moge_dataset/NYUv2/01288/image.jpg,../../data/moge_dataset/NYUv2/01288/depth.png,../../data/moge_dataset/NYUv2/01288/meta.json,NYUv2,../../data/depthanything/moge_dataset/NYUv2/01288/image.png
574,574,../../data/moge_dataset/NYUv2/01289/image.jpg,../../data/moge_dataset/NYUv2/01289/depth.png,../../data/moge_dataset/NYUv2/01289/meta.json,NYUv2,../../data/depthanything/moge_dataset/NYUv2/01289/image.png
575,575,../../data/moge_dataset/NYUv2/01290/image.jpg,../../data/moge_dataset/NYUv2/01290/depth.png,../../data/moge_dataset/NYUv2/01290/meta.json,NYUv2,../../data/depthanything/moge_dataset/NYUv2/01290/image.png
576,576,../../data/moge_dataset/NYUv2/01291/image.jpg,../../data/moge_dataset/NYUv2/01291/depth.png,../../data/moge_dataset/NYUv2/01291/meta.json,NYUv2,../../data/depthanything/moge_dataset/NYUv2/01291/image.png
577,577,../../data/moge_dataset/NYUv2/01292/image.jpg,../../data/moge_dataset/NYUv2/01292/depth.png,../../data/moge_dataset/NYUv2/01292/meta.json,NYUv2,../../data/depthanything/moge_dataset/NYUv2/01292/image.png
578,578,../../data/moge_dataset/NYUv2/01293/image.jpg,../../data/moge_dataset/NYUv2/01293/depth.png,../../data/moge_dataset/NYUv2/01293/meta.json,NYUv2,../../data/depthanything/moge_dataset/NYUv2/01293/image.png
579,579,../../data/moge_dataset/NYUv2/01294/image.jpg,../../data/moge_dataset/NYUv2/01294/depth.png,../../data/moge_dataset/NYUv2/01294/meta.json,NYUv2,../../data/depthanything/moge_dataset/NYUv2/01294/image.png
580,580,../../data/moge_dataset/NYUv2/01296/image.jpg,../../data/moge_dataset/NYUv2/01296/depth.png,../../data/moge_dataset/NYUv2/01296/meta.json,NYUv2,../../data/depthanything/moge_dataset/NYUv2/01296/image.png
581,581,../../data/moge_dataset/NYUv2/01297/image.jpg,../../data/moge_dataset/NYUv2/01297/depth.png,../../data/moge_dataset/NYUv2/01297/meta.json,NYUv2,../../data/depthanything/moge_dataset/NYUv2/01297/image.png
582,582,../../data/moge_dataset/NYUv2/01298/image.jpg,../../data/moge_dataset/NYUv2/01298/depth.png,../../data/moge_dataset/NYUv2/01298/meta.json,NYUv2,../../data/depthanything/moge_dataset/NYUv2/01298/image.png
583,583,../../data/moge_dataset/NYUv2/01301/image.jpg,../../data/moge_dataset/NYUv2/01301/depth.png,../../data/moge_dataset/NYUv2/01301/meta.json,NYUv2,../../data/depthanything/moge_dataset/NYUv2/01301/image.png
584,584,../../data/moge_dataset/NYUv2/01302/image.jpg,../../data/moge_dataset/NYUv2/01302/depth.png,../../data/moge_dataset/NYUv2/01302/meta.json,NYUv2,../../data/depthanything/moge_dataset/NYUv2/01302/image.png
585,585,../../data/moge_dataset/NYUv2/01303/image.jpg,../../data/moge_dataset/NYUv2/01303/depth.png,../../data/moge_dataset/NYUv2/01303/meta.json,NYUv2,../../data/depthanything/moge_dataset/NYUv2/01303/image.png
586,586,../../data/moge_dataset/NYUv2/01304/image.jpg,../../data/moge_dataset/NYUv2/01304/depth.png,../../data/moge_dataset/NYUv2/01304/meta.json,NYUv2,../../data/depthanything/moge_dataset/NYUv2/01304/image.png
587,587,../../data/moge_dataset/NYUv2/01305/image.jpg,../../data/moge_dataset/NYUv2/01305/depth.png,../../data/moge_dataset/NYUv2/01305/meta.json,NYUv2,../../data/depthanything/moge_dataset/NYUv2/01305/image.png
588,588,../../data/moge_dataset/NYUv2/01306/image.jpg,../../data/moge_dataset/NYUv2/01306/depth.png,../../data/moge_dataset/NYUv2/01306/meta.json,NYUv2,../../data/depthanything/moge_dataset/NYUv2/01306/image.png
589,589,../../data/moge_dataset/NYUv2/01307/image.jpg,../../data/moge_dataset/NYUv2/01307/depth.png,../../data/moge_dataset/NYUv2/01307/meta.json,NYUv2,../../data/depthanything/moge_dataset/NYUv2/01307/image.png
590,590,../../data/moge_dataset/NYUv2/01313/image.jpg,../../data/moge_dataset/NYUv2/01313/depth.png,../../data/moge_dataset/NYUv2/01313/meta.json,NYUv2,../../data/depthanything/moge_dataset/NYUv2/01313/image.png
591,591,../../data/moge_dataset/NYUv2/01314/image.jpg,../../data/moge_dataset/NYUv2/01314/depth.png,../../data/moge_dataset/NYUv2/01314/meta.json,NYUv2,../../data/depthanything/moge_dataset/NYUv2/01314/image.png
592,592,../../data/moge_dataset/NYUv2/01328/image.jpg,../../data/moge_dataset/NYUv2/01328/depth.png,../../data/moge_dataset/NYUv2/01328/meta.json,NYUv2,../../data/depthanything/moge_dataset/NYUv2/01328/image.png
593,593,../../data/moge_dataset/NYUv2/01329/image.jpg,../../data/moge_dataset/NYUv2/01329/depth.png,../../data/moge_dataset/NYUv2/01329/meta.json,NYUv2,../../data/depthanything/moge_dataset/NYUv2/01329/image.png
594,594,../../data/moge_dataset/NYUv2/01330/image.jpg,../../data/moge_dataset/NYUv2/01330/depth.png,../../data/moge_dataset/NYUv2/01330/meta.json,NYUv2,../../data/depthanything/moge_dataset/NYUv2/01330/image.png
595,595,../../data/moge_dataset/NYUv2/01331/image.jpg,../../data/moge_dataset/NYUv2/01331/depth.png,../../data/moge_dataset/NYUv2/01331/meta.json,NYUv2,../../data/depthanything/moge_dataset/NYUv2/01331/image.png
596,596,../../data/moge_dataset/NYUv2/01334/image.jpg,../../data/moge_dataset/NYUv2/01334/depth.png,../../data/moge_dataset/NYUv2/01334/meta.json,NYUv2,../../data/depthanything/moge_dataset/NYUv2/01334/image.png
597,597,../../data/moge_dataset/NYUv2/01335/image.jpg,../../data/moge_dataset/NYUv2/01335/depth.png,../../data/moge_dataset/NYUv2/01335/meta.json,NYUv2,../../data/depthanything/moge_dataset/NYUv2/01335/image.png
598,598,../../data/moge_dataset/NYUv2/01336/image.jpg,../../data/moge_dataset/NYUv2/01336/depth.png,../../data/moge_dataset/NYUv2/01336/meta.json,NYUv2,../../data/depthanything/moge_dataset/NYUv2/01336/image.png
599,599,../../data/moge_dataset/NYUv2/01337/image.jpg,../../data/moge_dataset/NYUv2/01337/depth.png,../../data/moge_dataset/NYUv2/01337/meta.json,NYUv2,../../data/depthanything/moge_dataset/NYUv2/01337/image.png
600,600,../../data/moge_dataset/NYUv2/01338/image.jpg,../../data/moge_dataset/NYUv2/01338/depth.png,../../data/moge_dataset/NYUv2/01338/meta.json,NYUv2,../../data/depthanything/moge_dataset/NYUv2/01338/image.png
601,601,../../data/moge_dataset/NYUv2/01339/image.jpg,../../data/moge_dataset/NYUv2/01339/depth.png,../../data/moge_dataset/NYUv2/01339/meta.json,NYUv2,../../data/depthanything/moge_dataset/NYUv2/01339/image.png
602,602,../../data/moge_dataset/NYUv2/01346/image.jpg,../../data/moge_dataset/NYUv2/01346/depth.png,../../data/moge_dataset/NYUv2/01346/meta.json,NYUv2,../../data/depthanything/moge_dataset/NYUv2/01346/image.png
603,603,../../data/moge_dataset/NYUv2/01347/image.jpg,../../data/moge_dataset/NYUv2/01347/depth.png,../../data/moge_dataset/NYUv2/01347/meta.json,NYUv2,../../data/depthanything/moge_dataset/NYUv2/01347/image.png
604,604,../../data/moge_dataset/NYUv2/01348/image.jpg,../../data/moge_dataset/NYUv2/01348/depth.png,../../data/moge_dataset/NYUv2/01348/meta.json,NYUv2,../../data/depthanything/moge_dataset/NYUv2/01348/image.png
605,605,../../data/moge_dataset/NYUv2/01352/image.jpg,../../data/moge_dataset/NYUv2/01352/depth.png,../../data/moge_dataset/NYUv2/01352/meta.json,NYUv2,../../data/depthanything/moge_dataset/NYUv2/01352/image.png
606,606,../../data/moge_dataset/NYUv2/01353/image.jpg,../../data/moge_dataset/NYUv2/01353/depth.png,../../data/moge_dataset/NYUv2/01353/meta.json,NYUv2,../../data/depthanything/moge_dataset/NYUv2/01353/image.png
607,607,../../data/moge_dataset/NYUv2/01354/image.jpg,../../data/moge_dataset/NYUv2/01354/depth.png,../../data/moge_dataset/NYUv2/01354/meta.json,NYUv2,../../data/depthanything/moge_dataset/NYUv2/01354/image.png
608,608,../../data/moge_dataset/NYUv2/01355/image.jpg,../../data/moge_dataset/NYUv2/01355/depth.png,../../data/moge_dataset/NYUv2/01355/meta.json,NYUv2,../../data/depthanything/moge_dataset/NYUv2/01355/image.png
609,609,../../data/moge_dataset/NYUv2/01363/image.jpg,../../data/moge_dataset/NYUv2/01363/depth.png,../../data/moge_dataset/NYUv2/01363/meta.json,NYUv2,../../data/depthanything/moge_dataset/NYUv2/01363/image.png
610,610,../../data/moge_dataset/NYUv2/01364/image.jpg,../../data/moge_dataset/NYUv2/01364/depth.png,../../data/moge_dataset/NYUv2/01364/meta.json,NYUv2,../../data/depthanything/moge_dataset/NYUv2/01364/image.png
611,611,../../data/moge_dataset/NYUv2/01367/image.jpg,../../data/moge_dataset/NYUv2/01367/depth.png,../../data/moge_dataset/NYUv2/01367/meta.json,NYUv2,../../data/depthanything/moge_dataset/NYUv2/01367/image.png
612,612,../../data/moge_dataset/NYUv2/01368/image.jpg,../../data/moge_dataset/NYUv2/01368/depth.png,../../data/moge_dataset/NYUv2/01368/meta.json,NYUv2,../../data/depthanything/moge_dataset/NYUv2/01368/image.png
613,613,../../data/moge_dataset/NYUv2/01383/image.jpg,../../data/moge_dataset/NYUv2/01383/depth.png,../../data/moge_dataset/NYUv2/01383/meta.json,NYUv2,../../data/depthanything/moge_dataset/NYUv2/01383/image.png
614,614,../../data/moge_dataset/NYUv2/01384/image.jpg,../../data/moge_dataset/NYUv2/01384/depth.png,../../data/moge_dataset/NYUv2/01384/meta.json,NYUv2,../../data/depthanything/moge_dataset/NYUv2/01384/image.png
615,615,../../data/moge_dataset/NYUv2/01385/image.jpg,../../data/moge_dataset/NYUv2/01385/depth.png,../../data/moge_dataset/NYUv2/01385/meta.json,NYUv2,../../data/depthanything/moge_dataset/NYUv2/01385/image.png
616,616,../../data/moge_dataset/NYUv2/01386/image.jpg,../../data/moge_dataset/NYUv2/01386/depth.png,../../data/moge_dataset/NYUv2/01386/meta.json,NYUv2,../../data/depthanything/moge_dataset/NYUv2/01386/image.png
617,617,../../data/moge_dataset/NYUv2/01387/image.jpg,../../data/moge_dataset/NYUv2/01387/depth.png,../../data/moge_dataset/NYUv2/01387/meta.json,NYUv2,../../data/depthanything/moge_dataset/NYUv2/01387/image.png
618,618,../../data/moge_dataset/NYUv2/01388/image.jpg,../../data/moge_dataset/NYUv2/01388/depth.png,../../data/moge_dataset/NYUv2/01388/meta.json,NYUv2,../../data/depthanything/moge_dataset/NYUv2/01388/image.png
619,619,../../data/moge_dataset/NYUv2/01389/image.jpg,../../data/moge_dataset/NYUv2/01389/depth.png,../../data/moge_dataset/NYUv2/01389/meta.json,NYUv2,../../data/depthanything/moge_dataset/NYUv2/01389/image.png
620,620,../../data/moge_dataset/NYUv2/01390/image.jpg,../../data/moge_dataset/NYUv2/01390/depth.png,../../data/moge_dataset/NYUv2/01390/meta.json,NYUv2,../../data/depthanything/moge_dataset/NYUv2/01390/image.png
621,621,../../data/moge_dataset/NYUv2/01393/image.jpg,../../data/moge_dataset/NYUv2/01393/depth.png,../../data/moge_dataset/NYUv2/01393/meta.json,NYUv2,../../data/depthanything/moge_dataset/NYUv2/01393/image.png
622,622,../../data/moge_dataset/NYUv2/01394/image.jpg,../../data/moge_dataset/NYUv2/01394/depth.png,../../data/moge_dataset/NYUv2/01394/meta.json,NYUv2,../../data/depthanything/moge_dataset/NYUv2/01394/image.png
623,623,../../data/moge_dataset/NYUv2/01395/image.jpg,../../data/moge_dataset/NYUv2/01395/depth.png,../../data/moge_dataset/NYUv2/01395/meta.json,NYUv2,../../data/depthanything/moge_dataset/NYUv2/01395/image.png
624,624,../../data/moge_dataset/NYUv2/01396/image.jpg,../../data/moge_dataset/NYUv2/01396/depth.png,../../data/moge_dataset/NYUv2/01396/meta.json,NYUv2,../../data/depthanything/moge_dataset/NYUv2/01396/image.png
625,625,../../data/moge_dataset/NYUv2/01397/image.jpg,../../data/moge_dataset/NYUv2/01397/depth.png,../../data/moge_dataset/NYUv2/01397/meta.json,NYUv2,../../data/depthanything/moge_dataset/NYUv2/01397/image.png
626,626,../../data/moge_dataset/NYUv2/01398/image.jpg,../../data/moge_dataset/NYUv2/01398/depth.png,../../data/moge_dataset/NYUv2/01398/meta.json,NYUv2,../../data/depthanything/moge_dataset/NYUv2/01398/image.png
627,627,../../data/moge_dataset/NYUv2/01399/image.jpg,../../data/moge_dataset/NYUv2/01399/depth.png,../../data/moge_dataset/NYUv2/01399/meta.json,NYUv2,../../data/depthanything/moge_dataset/NYUv2/01399/image.png
628,628,../../data/moge_dataset/NYUv2/01400/image.jpg,../../data/moge_dataset/NYUv2/01400/depth.png,../../data/moge_dataset/NYUv2/01400/meta.json,NYUv2,../../data/depthanything/moge_dataset/NYUv2/01400/image.png
629,629,../../data/moge_dataset/NYUv2/01406/image.jpg,../../data/moge_dataset/NYUv2/01406/depth.png,../../data/moge_dataset/NYUv2/01406/meta.json,NYUv2,../../data/depthanything/moge_dataset/NYUv2/01406/image.png
630,630,../../data/moge_dataset/NYUv2/01407/image.jpg,../../data/moge_dataset/NYUv2/01407/depth.png,../../data/moge_dataset/NYUv2/01407/meta.json,NYUv2,../../data/depthanything/moge_dataset/NYUv2/01407/image.png
631,631,../../data/moge_dataset/NYUv2/01408/image.jpg,../../data/moge_dataset/NYUv2/01408/depth.png,../../data/moge_dataset/NYUv2/01408/meta.json,NYUv2,../../data/depthanything/moge_dataset/NYUv2/01408/image.png
632,632,../../data/moge_dataset/NYUv2/01409/image.jpg,../../data/moge_dataset/NYUv2/01409/depth.png,../../data/moge_dataset/NYUv2/01409/meta.json,NYUv2,../../data/depthanything/moge_dataset/NYUv2/01409/image.png
633,633,../../data/moge_dataset/NYUv2/01410/image.jpg,../../data/moge_dataset/NYUv2/01410/depth.png,../../data/moge_dataset/NYUv2/01410/meta.json,NYUv2,../../data/depthanything/moge_dataset/NYUv2/01410/image.png
634,634,../../data/moge_dataset/NYUv2/01411/image.jpg,../../data/moge_dataset/NYUv2/01411/depth.png,../../data/moge_dataset/NYUv2/01411/meta.json,NYUv2,../../data/depthanything/moge_dataset/NYUv2/01411/image.png
635,635,../../data/moge_dataset/NYUv2/01412/image.jpg,../../data/moge_dataset/NYUv2/01412/depth.png,../../data/moge_dataset/NYUv2/01412/meta.json,NYUv2,../../data/depthanything/moge_dataset/NYUv2/01412/image.png
636,636,../../data/moge_dataset/NYUv2/01413/image.jpg,../../data/moge_dataset/NYUv2/01413/depth.png,../../data/moge_dataset/NYUv2/01413/meta.json,NYUv2,../../data/depthanything/moge_dataset/NYUv2/01413/image.png
637,637,../../data/moge_dataset/NYUv2/01420/image.jpg,../../data/moge_dataset/NYUv2/01420/depth.png,../../data/moge_dataset/NYUv2/01420/meta.json,NYUv2,../../data/depthanything/moge_dataset/NYUv2/01420/image.png
638,638,../../data/moge_dataset/NYUv2/01421/image.jpg,../../data/moge_dataset/NYUv2/01421/depth.png,../../data/moge_dataset/NYUv2/01421/meta.json,NYUv2,../../data/depthanything/moge_dataset/NYUv2/01421/image.png
639,639,../../data/moge_dataset/NYUv2/01422/image.jpg,../../data/moge_dataset/NYUv2/01422/depth.png,../../data/moge_dataset/NYUv2/01422/meta.json,NYUv2,../../data/depthanything/moge_dataset/NYUv2/01422/image.png
640,640,../../data/moge_dataset/NYUv2/01423/image.jpg,../../data/moge_dataset/NYUv2/01423/depth.png,../../data/moge_dataset/NYUv2/01423/meta.json,NYUv2,../../data/depthanything/moge_dataset/NYUv2/01423/image.png
641,641,../../data/moge_dataset/NYUv2/01429/image.jpg,../../data/moge_dataset/NYUv2/01429/depth.png,../../data/moge_dataset/NYUv2/01429/meta.json,NYUv2,../../data/depthanything/moge_dataset/NYUv2/01429/image.png
642,642,../../data/moge_dataset/NYUv2/01430/image.jpg,../../data/moge_dataset/NYUv2/01430/depth.png,../../data/moge_dataset/NYUv2/01430/meta.json,NYUv2,../../data/depthanything/moge_dataset/NYUv2/01430/image.png
643,643,../../data/moge_dataset/NYUv2/01431/image.jpg,../../data/moge_dataset/NYUv2/01431/depth.png,../../data/moge_dataset/NYUv2/01431/meta.json,NYUv2,../../data/depthanything/moge_dataset/NYUv2/01431/image.png
644,644,../../data/moge_dataset/NYUv2/01432/image.jpg,../../data/moge_dataset/NYUv2/01432/depth.png,../../data/moge_dataset/NYUv2/01432/meta.json,NYUv2,../../data/depthanything/moge_dataset/NYUv2/01432/image.png
645,645,../../data/moge_dataset/NYUv2/01440/image.jpg,../../data/moge_dataset/NYUv2/01440/depth.png,../../data/moge_dataset/NYUv2/01440/meta.json,NYUv2,../../data/depthanything/moge_dataset/NYUv2/01440/image.png
646,646,../../data/moge_dataset/NYUv2/01441/image.jpg,../../data/moge_dataset/NYUv2/01441/depth.png,../../data/moge_dataset/NYUv2/01441/meta.json,NYUv2,../../data/depthanything/moge_dataset/NYUv2/01441/image.png
647,647,../../data/moge_dataset/NYUv2/01442/image.jpg,../../data/moge_dataset/NYUv2/01442/depth.png,../../data/moge_dataset/NYUv2/01442/meta.json,NYUv2,../../data/depthanything/moge_dataset/NYUv2/01442/image.png
648,648,../../data/moge_dataset/NYUv2/01443/image.jpg,../../data/moge_dataset/NYUv2/01443/depth.png,../../data/moge_dataset/NYUv2/01443/meta.json,NYUv2,../../data/depthanything/moge_dataset/NYUv2/01443/image.png
649,649,../../data/moge_dataset/NYUv2/01444/image.jpg,../../data/moge_dataset/NYUv2/01444/depth.png,../../data/moge_dataset/NYUv2/01444/meta.json,NYUv2,../../data/depthanything/moge_dataset/NYUv2/01444/image.png
650,650,../../data/moge_dataset/NYUv2/01445/image.jpg,../../data/moge_dataset/NYUv2/01445/depth.png,../../data/moge_dataset/NYUv2/01445/meta.json,NYUv2,../../data/depthanything/moge_dataset/NYUv2/01445/image.png
651,651,../../data/moge_dataset/NYUv2/01446/image.jpg,../../data/moge_dataset/NYUv2/01446/depth.png,../../data/moge_dataset/NYUv2/01446/meta.json,NYUv2,../../data/depthanything/moge_dataset/NYUv2/01446/image.png
652,652,../../data/moge_dataset/NYUv2/01447/image.jpg,../../data/moge_dataset/NYUv2/01447/depth.png,../../data/moge_dataset/NYUv2/01447/meta.json,NYUv2,../../data/depthanything/moge_dataset/NYUv2/01447/image.png
653,653,../../data/moge_dataset/NYUv2/01448/image.jpg,../../data/moge_dataset/NYUv2/01448/depth.png,../../data/moge_dataset/NYUv2/01448/meta.json,NYUv2,../../data/depthanything/moge_dataset/NYUv2/01448/image.png
