,Unnamed: 0,image,depth,meta,dataset,control_geo
0,0,../../data/moge_dataset/Spring/0001/0001/image.jpg,../../data/moge_dataset/Spring/0001/0001/depth.png,../../data/moge_dataset/Spring/0001/0001/meta.json,Spring,../../data/depthanything/moge_dataset/Spring/0001/0001/image.png
1,1,../../data/moge_dataset/Spring/0001/0006/image.jpg,../../data/moge_dataset/Spring/0001/0006/depth.png,../../data/moge_dataset/Spring/0001/0006/meta.json,Spring,../../data/depthanything/moge_dataset/Spring/0001/0006/image.png
2,2,../../data/moge_dataset/Spring/0001/0011/image.jpg,../../data/moge_dataset/Spring/0001/0011/depth.png,../../data/moge_dataset/Spring/0001/0011/meta.json,Spring,../../data/depthanything/moge_dataset/Spring/0001/0011/image.png
3,3,../../data/moge_dataset/Spring/0001/0016/image.jpg,../../data/moge_dataset/Spring/0001/0016/depth.png,../../data/moge_dataset/Spring/0001/0016/meta.json,Spring,../../data/depthanything/moge_dataset/Spring/0001/0016/image.png
4,4,../../data/moge_dataset/Spring/0001/0021/image.jpg,../../data/moge_dataset/Spring/0001/0021/depth.png,../../data/moge_dataset/Spring/0001/0021/meta.json,Spring,../../data/depthanything/moge_dataset/Spring/0001/0021/image.png
5,5,../../data/moge_dataset/Spring/0001/0026/image.jpg,../../data/moge_dataset/Spring/0001/0026/depth.png,../../data/moge_dataset/Spring/0001/0026/meta.json,Spring,../../data/depthanything/moge_dataset/Spring/0001/0026/image.png
6,6,../../data/moge_dataset/Spring/0001/0031/image.jpg,../../data/moge_dataset/Spring/0001/0031/depth.png,../../data/moge_dataset/Spring/0001/0031/meta.json,Spring,../../data/depthanything/moge_dataset/Spring/0001/0031/image.png
7,7,../../data/moge_dataset/Spring/0001/0036/image.jpg,../../data/moge_dataset/Spring/0001/0036/depth.png,../../data/moge_dataset/Spring/0001/0036/meta.json,Spring,../../data/depthanything/moge_dataset/Spring/0001/0036/image.png
8,8,../../data/moge_dataset/Spring/0001/0041/image.jpg,../../data/moge_dataset/Spring/0001/0041/depth.png,../../data/moge_dataset/Spring/0001/0041/meta.json,Spring,../../data/depthanything/moge_dataset/Spring/0001/0041/image.png
9,9,../../data/moge_dataset/Spring/0001/0046/image.jpg,../../data/moge_dataset/Spring/0001/0046/depth.png,../../data/moge_dataset/Spring/0001/0046/meta.json,Spring,../../data/depthanything/moge_dataset/Spring/0001/0046/image.png
10,10,../../data/moge_dataset/Spring/0001/0051/image.jpg,../../data/moge_dataset/Spring/0001/0051/depth.png,../../data/moge_dataset/Spring/0001/0051/meta.json,Spring,../../data/depthanything/moge_dataset/Spring/0001/0051/image.png
11,11,../../data/moge_dataset/Spring/0001/0056/image.jpg,../../data/moge_dataset/Spring/0001/0056/depth.png,../../data/moge_dataset/Spring/0001/0056/meta.json,Spring,../../data/depthanything/moge_dataset/Spring/0001/0056/image.png
12,12,../../data/moge_dataset/Spring/0001/0061/image.jpg,../../data/moge_dataset/Spring/0001/0061/depth.png,../../data/moge_dataset/Spring/0001/0061/meta.json,Spring,../../data/depthanything/moge_dataset/Spring/0001/0061/image.png
13,13,../../data/moge_dataset/Spring/0001/0066/image.jpg,../../data/moge_dataset/Spring/0001/0066/depth.png,../../data/moge_dataset/Spring/0001/0066/meta.json,Spring,../../data/depthanything/moge_dataset/Spring/0001/0066/image.png
14,14,../../data/moge_dataset/Spring/0001/0071/image.jpg,../../data/moge_dataset/Spring/0001/0071/depth.png,../../data/moge_dataset/Spring/0001/0071/meta.json,Spring,../../data/depthanything/moge_dataset/Spring/0001/0071/image.png
15,15,../../data/moge_dataset/Spring/0001/0076/image.jpg,../../data/moge_dataset/Spring/0001/0076/depth.png,../../data/moge_dataset/Spring/0001/0076/meta.json,Spring,../../data/depthanything/moge_dataset/Spring/0001/0076/image.png
16,16,../../data/moge_dataset/Spring/0001/0081/image.jpg,../../data/moge_dataset/Spring/0001/0081/depth.png,../../data/moge_dataset/Spring/0001/0081/meta.json,Spring,../../data/depthanything/moge_dataset/Spring/0001/0081/image.png
17,17,../../data/moge_dataset/Spring/0001/0086/image.jpg,../../data/moge_dataset/Spring/0001/0086/depth.png,../../data/moge_dataset/Spring/0001/0086/meta.json,Spring,../../data/depthanything/moge_dataset/Spring/0001/0086/image.png
18,18,../../data/moge_dataset/Spring/0001/0091/image.jpg,../../data/moge_dataset/Spring/0001/0091/depth.png,../../data/moge_dataset/Spring/0001/0091/meta.json,Spring,../../data/depthanything/moge_dataset/Spring/0001/0091/image.png
19,19,../../data/moge_dataset/Spring/0001/0096/image.jpg,../../data/moge_dataset/Spring/0001/0096/depth.png,../../data/moge_dataset/Spring/0001/0096/meta.json,Spring,../../data/depthanything/moge_dataset/Spring/0001/0096/image.png
20,20,../../data/moge_dataset/Spring/0001/0101/image.jpg,../../data/moge_dataset/Spring/0001/0101/depth.png,../../data/moge_dataset/Spring/0001/0101/meta.json,Spring,../../data/depthanything/moge_dataset/Spring/0001/0101/image.png
21,21,../../data/moge_dataset/Spring/0001/0106/image.jpg,../../data/moge_dataset/Spring/0001/0106/depth.png,../../data/moge_dataset/Spring/0001/0106/meta.json,Spring,../../data/depthanything/moge_dataset/Spring/0001/0106/image.png
22,22,../../data/moge_dataset/Spring/0001/0111/image.jpg,../../data/moge_dataset/Spring/0001/0111/depth.png,../../data/moge_dataset/Spring/0001/0111/meta.json,Spring,../../data/depthanything/moge_dataset/Spring/0001/0111/image.png
23,23,../../data/moge_dataset/Spring/0001/0116/image.jpg,../../data/moge_dataset/Spring/0001/0116/depth.png,../../data/moge_dataset/Spring/0001/0116/meta.json,Spring,../../data/depthanything/moge_dataset/Spring/0001/0116/image.png
24,24,../../data/moge_dataset/Spring/0001/0121/image.jpg,../../data/moge_dataset/Spring/0001/0121/depth.png,../../data/moge_dataset/Spring/0001/0121/meta.json,Spring,../../data/depthanything/moge_dataset/Spring/0001/0121/image.png
25,25,../../data/moge_dataset/Spring/0001/0126/image.jpg,../../data/moge_dataset/Spring/0001/0126/depth.png,../../data/moge_dataset/Spring/0001/0126/meta.json,Spring,../../data/depthanything/moge_dataset/Spring/0001/0126/image.png
26,26,../../data/moge_dataset/Spring/0001/0131/image.jpg,../../data/moge_dataset/Spring/0001/0131/depth.png,../../data/moge_dataset/Spring/0001/0131/meta.json,Spring,../../data/depthanything/moge_dataset/Spring/0001/0131/image.png
27,27,../../data/moge_dataset/Spring/0001/0136/image.jpg,../../data/moge_dataset/Spring/0001/0136/depth.png,../../data/moge_dataset/Spring/0001/0136/meta.json,Spring,../../data/depthanything/moge_dataset/Spring/0001/0136/image.png
28,28,../../data/moge_dataset/Spring/0001/0141/image.jpg,../../data/moge_dataset/Spring/0001/0141/depth.png,../../data/moge_dataset/Spring/0001/0141/meta.json,Spring,../../data/depthanything/moge_dataset/Spring/0001/0141/image.png
29,29,../../data/moge_dataset/Spring/0001/0146/image.jpg,../../data/moge_dataset/Spring/0001/0146/depth.png,../../data/moge_dataset/Spring/0001/0146/meta.json,Spring,../../data/depthanything/moge_dataset/Spring/0001/0146/image.png
30,30,../../data/moge_dataset/Spring/0001/0151/image.jpg,../../data/moge_dataset/Spring/0001/0151/depth.png,../../data/moge_dataset/Spring/0001/0151/meta.json,Spring,../../data/depthanything/moge_dataset/Spring/0001/0151/image.png
31,31,../../data/moge_dataset/Spring/0001/0156/image.jpg,../../data/moge_dataset/Spring/0001/0156/depth.png,../../data/moge_dataset/Spring/0001/0156/meta.json,Spring,../../data/depthanything/moge_dataset/Spring/0001/0156/image.png
32,32,../../data/moge_dataset/Spring/0001/0161/image.jpg,../../data/moge_dataset/Spring/0001/0161/depth.png,../../data/moge_dataset/Spring/0001/0161/meta.json,Spring,../../data/depthanything/moge_dataset/Spring/0001/0161/image.png
33,33,../../data/moge_dataset/Spring/0001/0166/image.jpg,../../data/moge_dataset/Spring/0001/0166/depth.png,../../data/moge_dataset/Spring/0001/0166/meta.json,Spring,../../data/depthanything/moge_dataset/Spring/0001/0166/image.png
34,34,../../data/moge_dataset/Spring/0001/0171/image.jpg,../../data/moge_dataset/Spring/0001/0171/depth.png,../../data/moge_dataset/Spring/0001/0171/meta.json,Spring,../../data/depthanything/moge_dataset/Spring/0001/0171/image.png
35,35,../../data/moge_dataset/Spring/0001/0176/image.jpg,../../data/moge_dataset/Spring/0001/0176/depth.png,../../data/moge_dataset/Spring/0001/0176/meta.json,Spring,../../data/depthanything/moge_dataset/Spring/0001/0176/image.png
36,36,../../data/moge_dataset/Spring/0001/0181/image.jpg,../../data/moge_dataset/Spring/0001/0181/depth.png,../../data/moge_dataset/Spring/0001/0181/meta.json,Spring,../../data/depthanything/moge_dataset/Spring/0001/0181/image.png
37,37,../../data/moge_dataset/Spring/0001/0186/image.jpg,../../data/moge_dataset/Spring/0001/0186/depth.png,../../data/moge_dataset/Spring/0001/0186/meta.json,Spring,../../data/depthanything/moge_dataset/Spring/0001/0186/image.png
38,38,../../data/moge_dataset/Spring/0001/0191/image.jpg,../../data/moge_dataset/Spring/0001/0191/depth.png,../../data/moge_dataset/Spring/0001/0191/meta.json,Spring,../../data/depthanything/moge_dataset/Spring/0001/0191/image.png
39,39,../../data/moge_dataset/Spring/0001/0196/image.jpg,../../data/moge_dataset/Spring/0001/0196/depth.png,../../data/moge_dataset/Spring/0001/0196/meta.json,Spring,../../data/depthanything/moge_dataset/Spring/0001/0196/image.png
40,40,../../data/moge_dataset/Spring/0001/0201/image.jpg,../../data/moge_dataset/Spring/0001/0201/depth.png,../../data/moge_dataset/Spring/0001/0201/meta.json,Spring,../../data/depthanything/moge_dataset/Spring/0001/0201/image.png
41,41,../../data/moge_dataset/Spring/0001/0206/image.jpg,../../data/moge_dataset/Spring/0001/0206/depth.png,../../data/moge_dataset/Spring/0001/0206/meta.json,Spring,../../data/depthanything/moge_dataset/Spring/0001/0206/image.png
42,42,../../data/moge_dataset/Spring/0001/0211/image.jpg,../../data/moge_dataset/Spring/0001/0211/depth.png,../../data/moge_dataset/Spring/0001/0211/meta.json,Spring,../../data/depthanything/moge_dataset/Spring/0001/0211/image.png
43,43,../../data/moge_dataset/Spring/0001/0216/image.jpg,../../data/moge_dataset/Spring/0001/0216/depth.png,../../data/moge_dataset/Spring/0001/0216/meta.json,Spring,../../data/depthanything/moge_dataset/Spring/0001/0216/image.png
44,44,../../data/moge_dataset/Spring/0001/0221/image.jpg,../../data/moge_dataset/Spring/0001/0221/depth.png,../../data/moge_dataset/Spring/0001/0221/meta.json,Spring,../../data/depthanything/moge_dataset/Spring/0001/0221/image.png
45,45,../../data/moge_dataset/Spring/0001/0226/image.jpg,../../data/moge_dataset/Spring/0001/0226/depth.png,../../data/moge_dataset/Spring/0001/0226/meta.json,Spring,../../data/depthanything/moge_dataset/Spring/0001/0226/image.png
46,46,../../data/moge_dataset/Spring/0001/0231/image.jpg,../../data/moge_dataset/Spring/0001/0231/depth.png,../../data/moge_dataset/Spring/0001/0231/meta.json,Spring,../../data/depthanything/moge_dataset/Spring/0001/0231/image.png
47,47,../../data/moge_dataset/Spring/0001/0236/image.jpg,../../data/moge_dataset/Spring/0001/0236/depth.png,../../data/moge_dataset/Spring/0001/0236/meta.json,Spring,../../data/depthanything/moge_dataset/Spring/0001/0236/image.png
48,48,../../data/moge_dataset/Spring/0001/0241/image.jpg,../../data/moge_dataset/Spring/0001/0241/depth.png,../../data/moge_dataset/Spring/0001/0241/meta.json,Spring,../../data/depthanything/moge_dataset/Spring/0001/0241/image.png
49,49,../../data/moge_dataset/Spring/0001/0246/image.jpg,../../data/moge_dataset/Spring/0001/0246/depth.png,../../data/moge_dataset/Spring/0001/0246/meta.json,Spring,../../data/depthanything/moge_dataset/Spring/0001/0246/image.png
50,50,../../data/moge_dataset/Spring/0002/0003/image.jpg,../../data/moge_dataset/Spring/0002/0003/depth.png,../../data/moge_dataset/Spring/0002/0003/meta.json,Spring,../../data/depthanything/moge_dataset/Spring/0002/0003/image.png
51,51,../../data/moge_dataset/Spring/0002/0008/image.jpg,../../data/moge_dataset/Spring/0002/0008/depth.png,../../data/moge_dataset/Spring/0002/0008/meta.json,Spring,../../data/depthanything/moge_dataset/Spring/0002/0008/image.png
52,52,../../data/moge_dataset/Spring/0002/0013/image.jpg,../../data/moge_dataset/Spring/0002/0013/depth.png,../../data/moge_dataset/Spring/0002/0013/meta.json,Spring,../../data/depthanything/moge_dataset/Spring/0002/0013/image.png
53,53,../../data/moge_dataset/Spring/0002/0018/image.jpg,../../data/moge_dataset/Spring/0002/0018/depth.png,../../data/moge_dataset/Spring/0002/0018/meta.json,Spring,../../data/depthanything/moge_dataset/Spring/0002/0018/image.png
54,54,../../data/moge_dataset/Spring/0002/0023/image.jpg,../../data/moge_dataset/Spring/0002/0023/depth.png,../../data/moge_dataset/Spring/0002/0023/meta.json,Spring,../../data/depthanything/moge_dataset/Spring/0002/0023/image.png
55,55,../../data/moge_dataset/Spring/0002/0028/image.jpg,../../data/moge_dataset/Spring/0002/0028/depth.png,../../data/moge_dataset/Spring/0002/0028/meta.json,Spring,../../data/depthanything/moge_dataset/Spring/0002/0028/image.png
56,56,../../data/moge_dataset/Spring/0002/0033/image.jpg,../../data/moge_dataset/Spring/0002/0033/depth.png,../../data/moge_dataset/Spring/0002/0033/meta.json,Spring,../../data/depthanything/moge_dataset/Spring/0002/0033/image.png
57,57,../../data/moge_dataset/Spring/0002/0038/image.jpg,../../data/moge_dataset/Spring/0002/0038/depth.png,../../data/moge_dataset/Spring/0002/0038/meta.json,Spring,../../data/depthanything/moge_dataset/Spring/0002/0038/image.png
58,58,../../data/moge_dataset/Spring/0002/0043/image.jpg,../../data/moge_dataset/Spring/0002/0043/depth.png,../../data/moge_dataset/Spring/0002/0043/meta.json,Spring,../../data/depthanything/moge_dataset/Spring/0002/0043/image.png
59,59,../../data/moge_dataset/Spring/0002/0048/image.jpg,../../data/moge_dataset/Spring/0002/0048/depth.png,../../data/moge_dataset/Spring/0002/0048/meta.json,Spring,../../data/depthanything/moge_dataset/Spring/0002/0048/image.png
60,60,../../data/moge_dataset/Spring/0002/0053/image.jpg,../../data/moge_dataset/Spring/0002/0053/depth.png,../../data/moge_dataset/Spring/0002/0053/meta.json,Spring,../../data/depthanything/moge_dataset/Spring/0002/0053/image.png
61,61,../../data/moge_dataset/Spring/0002/0058/image.jpg,../../data/moge_dataset/Spring/0002/0058/depth.png,../../data/moge_dataset/Spring/0002/0058/meta.json,Spring,../../data/depthanything/moge_dataset/Spring/0002/0058/image.png
62,62,../../data/moge_dataset/Spring/0002/0063/image.jpg,../../data/moge_dataset/Spring/0002/0063/depth.png,../../data/moge_dataset/Spring/0002/0063/meta.json,Spring,../../data/depthanything/moge_dataset/Spring/0002/0063/image.png
63,63,../../data/moge_dataset/Spring/0002/0068/image.jpg,../../data/moge_dataset/Spring/0002/0068/depth.png,../../data/moge_dataset/Spring/0002/0068/meta.json,Spring,../../data/depthanything/moge_dataset/Spring/0002/0068/image.png
64,64,../../data/moge_dataset/Spring/0002/0073/image.jpg,../../data/moge_dataset/Spring/0002/0073/depth.png,../../data/moge_dataset/Spring/0002/0073/meta.json,Spring,../../data/depthanything/moge_dataset/Spring/0002/0073/image.png
65,65,../../data/moge_dataset/Spring/0002/0078/image.jpg,../../data/moge_dataset/Spring/0002/0078/depth.png,../../data/moge_dataset/Spring/0002/0078/meta.json,Spring,../../data/depthanything/moge_dataset/Spring/0002/0078/image.png
66,66,../../data/moge_dataset/Spring/0002/0083/image.jpg,../../data/moge_dataset/Spring/0002/0083/depth.png,../../data/moge_dataset/Spring/0002/0083/meta.json,Spring,../../data/depthanything/moge_dataset/Spring/0002/0083/image.png
67,67,../../data/moge_dataset/Spring/0002/0088/image.jpg,../../data/moge_dataset/Spring/0002/0088/depth.png,../../data/moge_dataset/Spring/0002/0088/meta.json,Spring,../../data/depthanything/moge_dataset/Spring/0002/0088/image.png
68,68,../../data/moge_dataset/Spring/0002/0093/image.jpg,../../data/moge_dataset/Spring/0002/0093/depth.png,../../data/moge_dataset/Spring/0002/0093/meta.json,Spring,../../data/depthanything/moge_dataset/Spring/0002/0093/image.png
69,69,../../data/moge_dataset/Spring/0002/0098/image.jpg,../../data/moge_dataset/Spring/0002/0098/depth.png,../../data/moge_dataset/Spring/0002/0098/meta.json,Spring,../../data/depthanything/moge_dataset/Spring/0002/0098/image.png
70,70,../../data/moge_dataset/Spring/0002/0103/image.jpg,../../data/moge_dataset/Spring/0002/0103/depth.png,../../data/moge_dataset/Spring/0002/0103/meta.json,Spring,../../data/depthanything/moge_dataset/Spring/0002/0103/image.png
71,71,../../data/moge_dataset/Spring/0002/0108/image.jpg,../../data/moge_dataset/Spring/0002/0108/depth.png,../../data/moge_dataset/Spring/0002/0108/meta.json,Spring,../../data/depthanything/moge_dataset/Spring/0002/0108/image.png
72,72,../../data/moge_dataset/Spring/0002/0113/image.jpg,../../data/moge_dataset/Spring/0002/0113/depth.png,../../data/moge_dataset/Spring/0002/0113/meta.json,Spring,../../data/depthanything/moge_dataset/Spring/0002/0113/image.png
73,73,../../data/moge_dataset/Spring/0002/0118/image.jpg,../../data/moge_dataset/Spring/0002/0118/depth.png,../../data/moge_dataset/Spring/0002/0118/meta.json,Spring,../../data/depthanything/moge_dataset/Spring/0002/0118/image.png
74,74,../../data/moge_dataset/Spring/0002/0123/image.jpg,../../data/moge_dataset/Spring/0002/0123/depth.png,../../data/moge_dataset/Spring/0002/0123/meta.json,Spring,../../data/depthanything/moge_dataset/Spring/0002/0123/image.png
75,75,../../data/moge_dataset/Spring/0002/0128/image.jpg,../../data/moge_dataset/Spring/0002/0128/depth.png,../../data/moge_dataset/Spring/0002/0128/meta.json,Spring,../../data/depthanything/moge_dataset/Spring/0002/0128/image.png
76,76,../../data/moge_dataset/Spring/0004/0002/image.jpg,../../data/moge_dataset/Spring/0004/0002/depth.png,../../data/moge_dataset/Spring/0004/0002/meta.json,Spring,../../data/depthanything/moge_dataset/Spring/0004/0002/image.png
77,77,../../data/moge_dataset/Spring/0004/0007/image.jpg,../../data/moge_dataset/Spring/0004/0007/depth.png,../../data/moge_dataset/Spring/0004/0007/meta.json,Spring,../../data/depthanything/moge_dataset/Spring/0004/0007/image.png
78,78,../../data/moge_dataset/Spring/0004/0012/image.jpg,../../data/moge_dataset/Spring/0004/0012/depth.png,../../data/moge_dataset/Spring/0004/0012/meta.json,Spring,../../data/depthanything/moge_dataset/Spring/0004/0012/image.png
79,79,../../data/moge_dataset/Spring/0004/0017/image.jpg,../../data/moge_dataset/Spring/0004/0017/depth.png,../../data/moge_dataset/Spring/0004/0017/meta.json,Spring,../../data/depthanything/moge_dataset/Spring/0004/0017/image.png
80,80,../../data/moge_dataset/Spring/0004/0022/image.jpg,../../data/moge_dataset/Spring/0004/0022/depth.png,../../data/moge_dataset/Spring/0004/0022/meta.json,Spring,../../data/depthanything/moge_dataset/Spring/0004/0022/image.png
81,81,../../data/moge_dataset/Spring/0004/0027/image.jpg,../../data/moge_dataset/Spring/0004/0027/depth.png,../../data/moge_dataset/Spring/0004/0027/meta.json,Spring,../../data/depthanything/moge_dataset/Spring/0004/0027/image.png
82,82,../../data/moge_dataset/Spring/0004/0032/image.jpg,../../data/moge_dataset/Spring/0004/0032/depth.png,../../data/moge_dataset/Spring/0004/0032/meta.json,Spring,../../data/depthanything/moge_dataset/Spring/0004/0032/image.png
83,83,../../data/moge_dataset/Spring/0004/0037/image.jpg,../../data/moge_dataset/Spring/0004/0037/depth.png,../../data/moge_dataset/Spring/0004/0037/meta.json,Spring,../../data/depthanything/moge_dataset/Spring/0004/0037/image.png
84,84,../../data/moge_dataset/Spring/0004/0042/image.jpg,../../data/moge_dataset/Spring/0004/0042/depth.png,../../data/moge_dataset/Spring/0004/0042/meta.json,Spring,../../data/depthanything/moge_dataset/Spring/0004/0042/image.png
85,85,../../data/moge_dataset/Spring/0004/0047/image.jpg,../../data/moge_dataset/Spring/0004/0047/depth.png,../../data/moge_dataset/Spring/0004/0047/meta.json,Spring,../../data/depthanything/moge_dataset/Spring/0004/0047/image.png
86,86,../../data/moge_dataset/Spring/0004/0052/image.jpg,../../data/moge_dataset/Spring/0004/0052/depth.png,../../data/moge_dataset/Spring/0004/0052/meta.json,Spring,../../data/depthanything/moge_dataset/Spring/0004/0052/image.png
87,87,../../data/moge_dataset/Spring/0004/0057/image.jpg,../../data/moge_dataset/Spring/0004/0057/depth.png,../../data/moge_dataset/Spring/0004/0057/meta.json,Spring,../../data/depthanything/moge_dataset/Spring/0004/0057/image.png
88,88,../../data/moge_dataset/Spring/0004/0062/image.jpg,../../data/moge_dataset/Spring/0004/0062/depth.png,../../data/moge_dataset/Spring/0004/0062/meta.json,Spring,../../data/depthanything/moge_dataset/Spring/0004/0062/image.png
89,89,../../data/moge_dataset/Spring/0004/0067/image.jpg,../../data/moge_dataset/Spring/0004/0067/depth.png,../../data/moge_dataset/Spring/0004/0067/meta.json,Spring,../../data/depthanything/moge_dataset/Spring/0004/0067/image.png
90,90,../../data/moge_dataset/Spring/0004/0072/image.jpg,../../data/moge_dataset/Spring/0004/0072/depth.png,../../data/moge_dataset/Spring/0004/0072/meta.json,Spring,../../data/depthanything/moge_dataset/Spring/0004/0072/image.png
91,91,../../data/moge_dataset/Spring/0004/0077/image.jpg,../../data/moge_dataset/Spring/0004/0077/depth.png,../../data/moge_dataset/Spring/0004/0077/meta.json,Spring,../../data/depthanything/moge_dataset/Spring/0004/0077/image.png
92,92,../../data/moge_dataset/Spring/0004/0082/image.jpg,../../data/moge_dataset/Spring/0004/0082/depth.png,../../data/moge_dataset/Spring/0004/0082/meta.json,Spring,../../data/depthanything/moge_dataset/Spring/0004/0082/image.png
93,93,../../data/moge_dataset/Spring/0004/0087/image.jpg,../../data/moge_dataset/Spring/0004/0087/depth.png,../../data/moge_dataset/Spring/0004/0087/meta.json,Spring,../../data/depthanything/moge_dataset/Spring/0004/0087/image.png
94,94,../../data/moge_dataset/Spring/0004/0092/image.jpg,../../data/moge_dataset/Spring/0004/0092/depth.png,../../data/moge_dataset/Spring/0004/0092/meta.json,Spring,../../data/depthanything/moge_dataset/Spring/0004/0092/image.png
95,95,../../data/moge_dataset/Spring/0004/0097/image.jpg,../../data/moge_dataset/Spring/0004/0097/depth.png,../../data/moge_dataset/Spring/0004/0097/meta.json,Spring,../../data/depthanything/moge_dataset/Spring/0004/0097/image.png
96,96,../../data/moge_dataset/Spring/0005/0004/image.jpg,../../data/moge_dataset/Spring/0005/0004/depth.png,../../data/moge_dataset/Spring/0005/0004/meta.json,Spring,../../data/depthanything/moge_dataset/Spring/0005/0004/image.png
97,97,../../data/moge_dataset/Spring/0005/0009/image.jpg,../../data/moge_dataset/Spring/0005/0009/depth.png,../../data/moge_dataset/Spring/0005/0009/meta.json,Spring,../../data/depthanything/moge_dataset/Spring/0005/0009/image.png
98,98,../../data/moge_dataset/Spring/0005/0014/image.jpg,../../data/moge_dataset/Spring/0005/0014/depth.png,../../data/moge_dataset/Spring/0005/0014/meta.json,Spring,../../data/depthanything/moge_dataset/Spring/0005/0014/image.png
99,99,../../data/moge_dataset/Spring/0005/0019/image.jpg,../../data/moge_dataset/Spring/0005/0019/depth.png,../../data/moge_dataset/Spring/0005/0019/meta.json,Spring,../../data/depthanything/moge_dataset/Spring/0005/0019/image.png
100,100,../../data/moge_dataset/Spring/0005/0024/image.jpg,../../data/moge_dataset/Spring/0005/0024/depth.png,../../data/moge_dataset/Spring/0005/0024/meta.json,Spring,../../data/depthanything/moge_dataset/Spring/0005/0024/image.png
101,101,../../data/moge_dataset/Spring/0005/0029/image.jpg,../../data/moge_dataset/Spring/0005/0029/depth.png,../../data/moge_dataset/Spring/0005/0029/meta.json,Spring,../../data/depthanything/moge_dataset/Spring/0005/0029/image.png
102,102,../../data/moge_dataset/Spring/0005/0034/image.jpg,../../data/moge_dataset/Spring/0005/0034/depth.png,../../data/moge_dataset/Spring/0005/0034/meta.json,Spring,../../data/depthanything/moge_dataset/Spring/0005/0034/image.png
103,103,../../data/moge_dataset/Spring/0005/0039/image.jpg,../../data/moge_dataset/Spring/0005/0039/depth.png,../../data/moge_dataset/Spring/0005/0039/meta.json,Spring,../../data/depthanything/moge_dataset/Spring/0005/0039/image.png
104,104,../../data/moge_dataset/Spring/0005/0044/image.jpg,../../data/moge_dataset/Spring/0005/0044/depth.png,../../data/moge_dataset/Spring/0005/0044/meta.json,Spring,../../data/depthanything/moge_dataset/Spring/0005/0044/image.png
105,105,../../data/moge_dataset/Spring/0005/0049/image.jpg,../../data/moge_dataset/Spring/0005/0049/depth.png,../../data/moge_dataset/Spring/0005/0049/meta.json,Spring,../../data/depthanything/moge_dataset/Spring/0005/0049/image.png
106,106,../../data/moge_dataset/Spring/0005/0054/image.jpg,../../data/moge_dataset/Spring/0005/0054/depth.png,../../data/moge_dataset/Spring/0005/0054/meta.json,Spring,../../data/depthanything/moge_dataset/Spring/0005/0054/image.png
107,107,../../data/moge_dataset/Spring/0005/0059/image.jpg,../../data/moge_dataset/Spring/0005/0059/depth.png,../../data/moge_dataset/Spring/0005/0059/meta.json,Spring,../../data/depthanything/moge_dataset/Spring/0005/0059/image.png
108,108,../../data/moge_dataset/Spring/0005/0064/image.jpg,../../data/moge_dataset/Spring/0005/0064/depth.png,../../data/moge_dataset/Spring/0005/0064/meta.json,Spring,../../data/depthanything/moge_dataset/Spring/0005/0064/image.png
109,109,../../data/moge_dataset/Spring/0005/0069/image.jpg,../../data/moge_dataset/Spring/0005/0069/depth.png,../../data/moge_dataset/Spring/0005/0069/meta.json,Spring,../../data/depthanything/moge_dataset/Spring/0005/0069/image.png
110,110,../../data/moge_dataset/Spring/0005/0074/image.jpg,../../data/moge_dataset/Spring/0005/0074/depth.png,../../data/moge_dataset/Spring/0005/0074/meta.json,Spring,../../data/depthanything/moge_dataset/Spring/0005/0074/image.png
111,111,../../data/moge_dataset/Spring/0005/0079/image.jpg,../../data/moge_dataset/Spring/0005/0079/depth.png,../../data/moge_dataset/Spring/0005/0079/meta.json,Spring,../../data/depthanything/moge_dataset/Spring/0005/0079/image.png
112,112,../../data/moge_dataset/Spring/0005/0084/image.jpg,../../data/moge_dataset/Spring/0005/0084/depth.png,../../data/moge_dataset/Spring/0005/0084/meta.json,Spring,../../data/depthanything/moge_dataset/Spring/0005/0084/image.png
113,113,../../data/moge_dataset/Spring/0005/0089/image.jpg,../../data/moge_dataset/Spring/0005/0089/depth.png,../../data/moge_dataset/Spring/0005/0089/meta.json,Spring,../../data/depthanything/moge_dataset/Spring/0005/0089/image.png
114,114,../../data/moge_dataset/Spring/0005/0094/image.jpg,../../data/moge_dataset/Spring/0005/0094/depth.png,../../data/moge_dataset/Spring/0005/0094/meta.json,Spring,../../data/depthanything/moge_dataset/Spring/0005/0094/image.png
115,115,../../data/moge_dataset/Spring/0005/0099/image.jpg,../../data/moge_dataset/Spring/0005/0099/depth.png,../../data/moge_dataset/Spring/0005/0099/meta.json,Spring,../../data/depthanything/moge_dataset/Spring/0005/0099/image.png
116,116,../../data/moge_dataset/Spring/0005/0104/image.jpg,../../data/moge_dataset/Spring/0005/0104/depth.png,../../data/moge_dataset/Spring/0005/0104/meta.json,Spring,../../data/depthanything/moge_dataset/Spring/0005/0104/image.png
117,117,../../data/moge_dataset/Spring/0005/0109/image.jpg,../../data/moge_dataset/Spring/0005/0109/depth.png,../../data/moge_dataset/Spring/0005/0109/meta.json,Spring,../../data/depthanything/moge_dataset/Spring/0005/0109/image.png
118,118,../../data/moge_dataset/Spring/0005/0114/image.jpg,../../data/moge_dataset/Spring/0005/0114/depth.png,../../data/moge_dataset/Spring/0005/0114/meta.json,Spring,../../data/depthanything/moge_dataset/Spring/0005/0114/image.png
119,119,../../data/moge_dataset/Spring/0006/0003/image.jpg,../../data/moge_dataset/Spring/0006/0003/depth.png,../../data/moge_dataset/Spring/0006/0003/meta.json,Spring,../../data/depthanything/moge_dataset/Spring/0006/0003/image.png
120,120,../../data/moge_dataset/Spring/0006/0008/image.jpg,../../data/moge_dataset/Spring/0006/0008/depth.png,../../data/moge_dataset/Spring/0006/0008/meta.json,Spring,../../data/depthanything/moge_dataset/Spring/0006/0008/image.png
121,121,../../data/moge_dataset/Spring/0006/0013/image.jpg,../../data/moge_dataset/Spring/0006/0013/depth.png,../../data/moge_dataset/Spring/0006/0013/meta.json,Spring,../../data/depthanything/moge_dataset/Spring/0006/0013/image.png
122,122,../../data/moge_dataset/Spring/0006/0018/image.jpg,../../data/moge_dataset/Spring/0006/0018/depth.png,../../data/moge_dataset/Spring/0006/0018/meta.json,Spring,../../data/depthanything/moge_dataset/Spring/0006/0018/image.png
123,123,../../data/moge_dataset/Spring/0006/0023/image.jpg,../../data/moge_dataset/Spring/0006/0023/depth.png,../../data/moge_dataset/Spring/0006/0023/meta.json,Spring,../../data/depthanything/moge_dataset/Spring/0006/0023/image.png
124,124,../../data/moge_dataset/Spring/0006/0028/image.jpg,../../data/moge_dataset/Spring/0006/0028/depth.png,../../data/moge_dataset/Spring/0006/0028/meta.json,Spring,../../data/depthanything/moge_dataset/Spring/0006/0028/image.png
125,125,../../data/moge_dataset/Spring/0006/0033/image.jpg,../../data/moge_dataset/Spring/0006/0033/depth.png,../../data/moge_dataset/Spring/0006/0033/meta.json,Spring,../../data/depthanything/moge_dataset/Spring/0006/0033/image.png
126,126,../../data/moge_dataset/Spring/0006/0038/image.jpg,../../data/moge_dataset/Spring/0006/0038/depth.png,../../data/moge_dataset/Spring/0006/0038/meta.json,Spring,../../data/depthanything/moge_dataset/Spring/0006/0038/image.png
127,127,../../data/moge_dataset/Spring/0006/0043/image.jpg,../../data/moge_dataset/Spring/0006/0043/depth.png,../../data/moge_dataset/Spring/0006/0043/meta.json,Spring,../../data/depthanything/moge_dataset/Spring/0006/0043/image.png
128,128,../../data/moge_dataset/Spring/0006/0048/image.jpg,../../data/moge_dataset/Spring/0006/0048/depth.png,../../data/moge_dataset/Spring/0006/0048/meta.json,Spring,../../data/depthanything/moge_dataset/Spring/0006/0048/image.png
129,129,../../data/moge_dataset/Spring/0006/0053/image.jpg,../../data/moge_dataset/Spring/0006/0053/depth.png,../../data/moge_dataset/Spring/0006/0053/meta.json,Spring,../../data/depthanything/moge_dataset/Spring/0006/0053/image.png
130,130,../../data/moge_dataset/Spring/0006/0058/image.jpg,../../data/moge_dataset/Spring/0006/0058/depth.png,../../data/moge_dataset/Spring/0006/0058/meta.json,Spring,../../data/depthanything/moge_dataset/Spring/0006/0058/image.png
131,131,../../data/moge_dataset/Spring/0006/0063/image.jpg,../../data/moge_dataset/Spring/0006/0063/depth.png,../../data/moge_dataset/Spring/0006/0063/meta.json,Spring,../../data/depthanything/moge_dataset/Spring/0006/0063/image.png
132,132,../../data/moge_dataset/Spring/0006/0068/image.jpg,../../data/moge_dataset/Spring/0006/0068/depth.png,../../data/moge_dataset/Spring/0006/0068/meta.json,Spring,../../data/depthanything/moge_dataset/Spring/0006/0068/image.png
133,133,../../data/moge_dataset/Spring/0006/0073/image.jpg,../../data/moge_dataset/Spring/0006/0073/depth.png,../../data/moge_dataset/Spring/0006/0073/meta.json,Spring,../../data/depthanything/moge_dataset/Spring/0006/0073/image.png
134,134,../../data/moge_dataset/Spring/0006/0078/image.jpg,../../data/moge_dataset/Spring/0006/0078/depth.png,../../data/moge_dataset/Spring/0006/0078/meta.json,Spring,../../data/depthanything/moge_dataset/Spring/0006/0078/image.png
135,135,../../data/moge_dataset/Spring/0006/0083/image.jpg,../../data/moge_dataset/Spring/0006/0083/depth.png,../../data/moge_dataset/Spring/0006/0083/meta.json,Spring,../../data/depthanything/moge_dataset/Spring/0006/0083/image.png
136,136,../../data/moge_dataset/Spring/0006/0088/image.jpg,../../data/moge_dataset/Spring/0006/0088/depth.png,../../data/moge_dataset/Spring/0006/0088/meta.json,Spring,../../data/depthanything/moge_dataset/Spring/0006/0088/image.png
137,137,../../data/moge_dataset/Spring/0006/0093/image.jpg,../../data/moge_dataset/Spring/0006/0093/depth.png,../../data/moge_dataset/Spring/0006/0093/meta.json,Spring,../../data/depthanything/moge_dataset/Spring/0006/0093/image.png
138,138,../../data/moge_dataset/Spring/0006/0098/image.jpg,../../data/moge_dataset/Spring/0006/0098/depth.png,../../data/moge_dataset/Spring/0006/0098/meta.json,Spring,../../data/depthanything/moge_dataset/Spring/0006/0098/image.png
139,139,../../data/moge_dataset/Spring/0006/0103/image.jpg,../../data/moge_dataset/Spring/0006/0103/depth.png,../../data/moge_dataset/Spring/0006/0103/meta.json,Spring,../../data/depthanything/moge_dataset/Spring/0006/0103/image.png
140,140,../../data/moge_dataset/Spring/0006/0108/image.jpg,../../data/moge_dataset/Spring/0006/0108/depth.png,../../data/moge_dataset/Spring/0006/0108/meta.json,Spring,../../data/depthanything/moge_dataset/Spring/0006/0108/image.png
141,141,../../data/moge_dataset/Spring/0006/0113/image.jpg,../../data/moge_dataset/Spring/0006/0113/depth.png,../../data/moge_dataset/Spring/0006/0113/meta.json,Spring,../../data/depthanything/moge_dataset/Spring/0006/0113/image.png
142,142,../../data/moge_dataset/Spring/0006/0118/image.jpg,../../data/moge_dataset/Spring/0006/0118/depth.png,../../data/moge_dataset/Spring/0006/0118/meta.json,Spring,../../data/depthanything/moge_dataset/Spring/0006/0118/image.png
143,143,../../data/moge_dataset/Spring/0006/0123/image.jpg,../../data/moge_dataset/Spring/0006/0123/depth.png,../../data/moge_dataset/Spring/0006/0123/meta.json,Spring,../../data/depthanything/moge_dataset/Spring/0006/0123/image.png
144,144,../../data/moge_dataset/Spring/0006/0128/image.jpg,../../data/moge_dataset/Spring/0006/0128/depth.png,../../data/moge_dataset/Spring/0006/0128/meta.json,Spring,../../data/depthanything/moge_dataset/Spring/0006/0128/image.png
145,145,../../data/moge_dataset/Spring/0006/0133/image.jpg,../../data/moge_dataset/Spring/0006/0133/depth.png,../../data/moge_dataset/Spring/0006/0133/meta.json,Spring,../../data/depthanything/moge_dataset/Spring/0006/0133/image.png
146,146,../../data/moge_dataset/Spring/0006/0138/image.jpg,../../data/moge_dataset/Spring/0006/0138/depth.png,../../data/moge_dataset/Spring/0006/0138/meta.json,Spring,../../data/depthanything/moge_dataset/Spring/0006/0138/image.png
147,147,../../data/moge_dataset/Spring/0006/0143/image.jpg,../../data/moge_dataset/Spring/0006/0143/depth.png,../../data/moge_dataset/Spring/0006/0143/meta.json,Spring,../../data/depthanything/moge_dataset/Spring/0006/0143/image.png
148,148,../../data/moge_dataset/Spring/0006/0148/image.jpg,../../data/moge_dataset/Spring/0006/0148/depth.png,../../data/moge_dataset/Spring/0006/0148/meta.json,Spring,../../data/depthanything/moge_dataset/Spring/0006/0148/image.png
149,149,../../data/moge_dataset/Spring/0006/0153/image.jpg,../../data/moge_dataset/Spring/0006/0153/depth.png,../../data/moge_dataset/Spring/0006/0153/meta.json,Spring,../../data/depthanything/moge_dataset/Spring/0006/0153/image.png
150,150,../../data/moge_dataset/Spring/0006/0158/image.jpg,../../data/moge_dataset/Spring/0006/0158/depth.png,../../data/moge_dataset/Spring/0006/0158/meta.json,Spring,../../data/depthanything/moge_dataset/Spring/0006/0158/image.png
151,151,../../data/moge_dataset/Spring/0006/0163/image.jpg,../../data/moge_dataset/Spring/0006/0163/depth.png,../../data/moge_dataset/Spring/0006/0163/meta.json,Spring,../../data/depthanything/moge_dataset/Spring/0006/0163/image.png
152,152,../../data/moge_dataset/Spring/0006/0168/image.jpg,../../data/moge_dataset/Spring/0006/0168/depth.png,../../data/moge_dataset/Spring/0006/0168/meta.json,Spring,../../data/depthanything/moge_dataset/Spring/0006/0168/image.png
153,153,../../data/moge_dataset/Spring/0006/0173/image.jpg,../../data/moge_dataset/Spring/0006/0173/depth.png,../../data/moge_dataset/Spring/0006/0173/meta.json,Spring,../../data/depthanything/moge_dataset/Spring/0006/0173/image.png
154,154,../../data/moge_dataset/Spring/0006/0178/image.jpg,../../data/moge_dataset/Spring/0006/0178/depth.png,../../data/moge_dataset/Spring/0006/0178/meta.json,Spring,../../data/depthanything/moge_dataset/Spring/0006/0178/image.png
155,155,../../data/moge_dataset/Spring/0006/0183/image.jpg,../../data/moge_dataset/Spring/0006/0183/depth.png,../../data/moge_dataset/Spring/0006/0183/meta.json,Spring,../../data/depthanything/moge_dataset/Spring/0006/0183/image.png
156,156,../../data/moge_dataset/Spring/0006/0188/image.jpg,../../data/moge_dataset/Spring/0006/0188/depth.png,../../data/moge_dataset/Spring/0006/0188/meta.json,Spring,../../data/depthanything/moge_dataset/Spring/0006/0188/image.png
157,157,../../data/moge_dataset/Spring/0007/0002/image.jpg,../../data/moge_dataset/Spring/0007/0002/depth.png,../../data/moge_dataset/Spring/0007/0002/meta.json,Spring,../../data/depthanything/moge_dataset/Spring/0007/0002/image.png
158,158,../../data/moge_dataset/Spring/0007/0007/image.jpg,../../data/moge_dataset/Spring/0007/0007/depth.png,../../data/moge_dataset/Spring/0007/0007/meta.json,Spring,../../data/depthanything/moge_dataset/Spring/0007/0007/image.png
159,159,../../data/moge_dataset/Spring/0007/0012/image.jpg,../../data/moge_dataset/Spring/0007/0012/depth.png,../../data/moge_dataset/Spring/0007/0012/meta.json,Spring,../../data/depthanything/moge_dataset/Spring/0007/0012/image.png
160,160,../../data/moge_dataset/Spring/0007/0017/image.jpg,../../data/moge_dataset/Spring/0007/0017/depth.png,../../data/moge_dataset/Spring/0007/0017/meta.json,Spring,../../data/depthanything/moge_dataset/Spring/0007/0017/image.png
161,161,../../data/moge_dataset/Spring/0007/0022/image.jpg,../../data/moge_dataset/Spring/0007/0022/depth.png,../../data/moge_dataset/Spring/0007/0022/meta.json,Spring,../../data/depthanything/moge_dataset/Spring/0007/0022/image.png
162,162,../../data/moge_dataset/Spring/0007/0027/image.jpg,../../data/moge_dataset/Spring/0007/0027/depth.png,../../data/moge_dataset/Spring/0007/0027/meta.json,Spring,../../data/depthanything/moge_dataset/Spring/0007/0027/image.png
163,163,../../data/moge_dataset/Spring/0007/0032/image.jpg,../../data/moge_dataset/Spring/0007/0032/depth.png,../../data/moge_dataset/Spring/0007/0032/meta.json,Spring,../../data/depthanything/moge_dataset/Spring/0007/0032/image.png
164,164,../../data/moge_dataset/Spring/0007/0037/image.jpg,../../data/moge_dataset/Spring/0007/0037/depth.png,../../data/moge_dataset/Spring/0007/0037/meta.json,Spring,../../data/depthanything/moge_dataset/Spring/0007/0037/image.png
165,165,../../data/moge_dataset/Spring/0007/0042/image.jpg,../../data/moge_dataset/Spring/0007/0042/depth.png,../../data/moge_dataset/Spring/0007/0042/meta.json,Spring,../../data/depthanything/moge_dataset/Spring/0007/0042/image.png
166,166,../../data/moge_dataset/Spring/0007/0047/image.jpg,../../data/moge_dataset/Spring/0007/0047/depth.png,../../data/moge_dataset/Spring/0007/0047/meta.json,Spring,../../data/depthanything/moge_dataset/Spring/0007/0047/image.png
167,167,../../data/moge_dataset/Spring/0007/0052/image.jpg,../../data/moge_dataset/Spring/0007/0052/depth.png,../../data/moge_dataset/Spring/0007/0052/meta.json,Spring,../../data/depthanything/moge_dataset/Spring/0007/0052/image.png
168,168,../../data/moge_dataset/Spring/0007/0057/image.jpg,../../data/moge_dataset/Spring/0007/0057/depth.png,../../data/moge_dataset/Spring/0007/0057/meta.json,Spring,../../data/depthanything/moge_dataset/Spring/0007/0057/image.png
169,169,../../data/moge_dataset/Spring/0007/0062/image.jpg,../../data/moge_dataset/Spring/0007/0062/depth.png,../../data/moge_dataset/Spring/0007/0062/meta.json,Spring,../../data/depthanything/moge_dataset/Spring/0007/0062/image.png
170,170,../../data/moge_dataset/Spring/0007/0067/image.jpg,../../data/moge_dataset/Spring/0007/0067/depth.png,../../data/moge_dataset/Spring/0007/0067/meta.json,Spring,../../data/depthanything/moge_dataset/Spring/0007/0067/image.png
171,171,../../data/moge_dataset/Spring/0007/0072/image.jpg,../../data/moge_dataset/Spring/0007/0072/depth.png,../../data/moge_dataset/Spring/0007/0072/meta.json,Spring,../../data/depthanything/moge_dataset/Spring/0007/0072/image.png
172,172,../../data/moge_dataset/Spring/0007/0077/image.jpg,../../data/moge_dataset/Spring/0007/0077/depth.png,../../data/moge_dataset/Spring/0007/0077/meta.json,Spring,../../data/depthanything/moge_dataset/Spring/0007/0077/image.png
173,173,../../data/moge_dataset/Spring/0007/0082/image.jpg,../../data/moge_dataset/Spring/0007/0082/depth.png,../../data/moge_dataset/Spring/0007/0082/meta.json,Spring,../../data/depthanything/moge_dataset/Spring/0007/0082/image.png
174,174,../../data/moge_dataset/Spring/0007/0087/image.jpg,../../data/moge_dataset/Spring/0007/0087/depth.png,../../data/moge_dataset/Spring/0007/0087/meta.json,Spring,../../data/depthanything/moge_dataset/Spring/0007/0087/image.png
175,175,../../data/moge_dataset/Spring/0007/0092/image.jpg,../../data/moge_dataset/Spring/0007/0092/depth.png,../../data/moge_dataset/Spring/0007/0092/meta.json,Spring,../../data/depthanything/moge_dataset/Spring/0007/0092/image.png
176,176,../../data/moge_dataset/Spring/0007/0097/image.jpg,../../data/moge_dataset/Spring/0007/0097/depth.png,../../data/moge_dataset/Spring/0007/0097/meta.json,Spring,../../data/depthanything/moge_dataset/Spring/0007/0097/image.png
177,177,../../data/moge_dataset/Spring/0007/0102/image.jpg,../../data/moge_dataset/Spring/0007/0102/depth.png,../../data/moge_dataset/Spring/0007/0102/meta.json,Spring,../../data/depthanything/moge_dataset/Spring/0007/0102/image.png
178,178,../../data/moge_dataset/Spring/0007/0107/image.jpg,../../data/moge_dataset/Spring/0007/0107/depth.png,../../data/moge_dataset/Spring/0007/0107/meta.json,Spring,../../data/depthanything/moge_dataset/Spring/0007/0107/image.png
179,179,../../data/moge_dataset/Spring/0007/0112/image.jpg,../../data/moge_dataset/Spring/0007/0112/depth.png,../../data/moge_dataset/Spring/0007/0112/meta.json,Spring,../../data/depthanything/moge_dataset/Spring/0007/0112/image.png
180,180,../../data/moge_dataset/Spring/0007/0117/image.jpg,../../data/moge_dataset/Spring/0007/0117/depth.png,../../data/moge_dataset/Spring/0007/0117/meta.json,Spring,../../data/depthanything/moge_dataset/Spring/0007/0117/image.png
181,181,../../data/moge_dataset/Spring/0007/0122/image.jpg,../../data/moge_dataset/Spring/0007/0122/depth.png,../../data/moge_dataset/Spring/0007/0122/meta.json,Spring,../../data/depthanything/moge_dataset/Spring/0007/0122/image.png
182,182,../../data/moge_dataset/Spring/0007/0127/image.jpg,../../data/moge_dataset/Spring/0007/0127/depth.png,../../data/moge_dataset/Spring/0007/0127/meta.json,Spring,../../data/depthanything/moge_dataset/Spring/0007/0127/image.png
183,183,../../data/moge_dataset/Spring/0007/0132/image.jpg,../../data/moge_dataset/Spring/0007/0132/depth.png,../../data/moge_dataset/Spring/0007/0132/meta.json,Spring,../../data/depthanything/moge_dataset/Spring/0007/0132/image.png
184,184,../../data/moge_dataset/Spring/0007/0137/image.jpg,../../data/moge_dataset/Spring/0007/0137/depth.png,../../data/moge_dataset/Spring/0007/0137/meta.json,Spring,../../data/depthanything/moge_dataset/Spring/0007/0137/image.png
185,185,../../data/moge_dataset/Spring/0007/0142/image.jpg,../../data/moge_dataset/Spring/0007/0142/depth.png,../../data/moge_dataset/Spring/0007/0142/meta.json,Spring,../../data/depthanything/moge_dataset/Spring/0007/0142/image.png
186,186,../../data/moge_dataset/Spring/0007/0147/image.jpg,../../data/moge_dataset/Spring/0007/0147/depth.png,../../data/moge_dataset/Spring/0007/0147/meta.json,Spring,../../data/depthanything/moge_dataset/Spring/0007/0147/image.png
187,187,../../data/moge_dataset/Spring/0008/0004/image.jpg,../../data/moge_dataset/Spring/0008/0004/depth.png,../../data/moge_dataset/Spring/0008/0004/meta.json,Spring,../../data/depthanything/moge_dataset/Spring/0008/0004/image.png
188,188,../../data/moge_dataset/Spring/0008/0009/image.jpg,../../data/moge_dataset/Spring/0008/0009/depth.png,../../data/moge_dataset/Spring/0008/0009/meta.json,Spring,../../data/depthanything/moge_dataset/Spring/0008/0009/image.png
189,189,../../data/moge_dataset/Spring/0008/0014/image.jpg,../../data/moge_dataset/Spring/0008/0014/depth.png,../../data/moge_dataset/Spring/0008/0014/meta.json,Spring,../../data/depthanything/moge_dataset/Spring/0008/0014/image.png
190,190,../../data/moge_dataset/Spring/0008/0019/image.jpg,../../data/moge_dataset/Spring/0008/0019/depth.png,../../data/moge_dataset/Spring/0008/0019/meta.json,Spring,../../data/depthanything/moge_dataset/Spring/0008/0019/image.png
191,191,../../data/moge_dataset/Spring/0008/0024/image.jpg,../../data/moge_dataset/Spring/0008/0024/depth.png,../../data/moge_dataset/Spring/0008/0024/meta.json,Spring,../../data/depthanything/moge_dataset/Spring/0008/0024/image.png
192,192,../../data/moge_dataset/Spring/0008/0029/image.jpg,../../data/moge_dataset/Spring/0008/0029/depth.png,../../data/moge_dataset/Spring/0008/0029/meta.json,Spring,../../data/depthanything/moge_dataset/Spring/0008/0029/image.png
193,193,../../data/moge_dataset/Spring/0008/0034/image.jpg,../../data/moge_dataset/Spring/0008/0034/depth.png,../../data/moge_dataset/Spring/0008/0034/meta.json,Spring,../../data/depthanything/moge_dataset/Spring/0008/0034/image.png
194,194,../../data/moge_dataset/Spring/0008/0039/image.jpg,../../data/moge_dataset/Spring/0008/0039/depth.png,../../data/moge_dataset/Spring/0008/0039/meta.json,Spring,../../data/depthanything/moge_dataset/Spring/0008/0039/image.png
195,195,../../data/moge_dataset/Spring/0008/0044/image.jpg,../../data/moge_dataset/Spring/0008/0044/depth.png,../../data/moge_dataset/Spring/0008/0044/meta.json,Spring,../../data/depthanything/moge_dataset/Spring/0008/0044/image.png
196,196,../../data/moge_dataset/Spring/0008/0049/image.jpg,../../data/moge_dataset/Spring/0008/0049/depth.png,../../data/moge_dataset/Spring/0008/0049/meta.json,Spring,../../data/depthanything/moge_dataset/Spring/0008/0049/image.png
197,197,../../data/moge_dataset/Spring/0008/0054/image.jpg,../../data/moge_dataset/Spring/0008/0054/depth.png,../../data/moge_dataset/Spring/0008/0054/meta.json,Spring,../../data/depthanything/moge_dataset/Spring/0008/0054/image.png
198,198,../../data/moge_dataset/Spring/0008/0059/image.jpg,../../data/moge_dataset/Spring/0008/0059/depth.png,../../data/moge_dataset/Spring/0008/0059/meta.json,Spring,../../data/depthanything/moge_dataset/Spring/0008/0059/image.png
199,199,../../data/moge_dataset/Spring/0008/0064/image.jpg,../../data/moge_dataset/Spring/0008/0064/depth.png,../../data/moge_dataset/Spring/0008/0064/meta.json,Spring,../../data/depthanything/moge_dataset/Spring/0008/0064/image.png
200,200,../../data/moge_dataset/Spring/0008/0069/image.jpg,../../data/moge_dataset/Spring/0008/0069/depth.png,../../data/moge_dataset/Spring/0008/0069/meta.json,Spring,../../data/depthanything/moge_dataset/Spring/0008/0069/image.png
201,201,../../data/moge_dataset/Spring/0008/0074/image.jpg,../../data/moge_dataset/Spring/0008/0074/depth.png,../../data/moge_dataset/Spring/0008/0074/meta.json,Spring,../../data/depthanything/moge_dataset/Spring/0008/0074/image.png
202,202,../../data/moge_dataset/Spring/0008/0079/image.jpg,../../data/moge_dataset/Spring/0008/0079/depth.png,../../data/moge_dataset/Spring/0008/0079/meta.json,Spring,../../data/depthanything/moge_dataset/Spring/0008/0079/image.png
203,203,../../data/moge_dataset/Spring/0008/0084/image.jpg,../../data/moge_dataset/Spring/0008/0084/depth.png,../../data/moge_dataset/Spring/0008/0084/meta.json,Spring,../../data/depthanything/moge_dataset/Spring/0008/0084/image.png
204,204,../../data/moge_dataset/Spring/0008/0089/image.jpg,../../data/moge_dataset/Spring/0008/0089/depth.png,../../data/moge_dataset/Spring/0008/0089/meta.json,Spring,../../data/depthanything/moge_dataset/Spring/0008/0089/image.png
205,205,../../data/moge_dataset/Spring/0008/0094/image.jpg,../../data/moge_dataset/Spring/0008/0094/depth.png,../../data/moge_dataset/Spring/0008/0094/meta.json,Spring,../../data/depthanything/moge_dataset/Spring/0008/0094/image.png
206,206,../../data/moge_dataset/Spring/0008/0099/image.jpg,../../data/moge_dataset/Spring/0008/0099/depth.png,../../data/moge_dataset/Spring/0008/0099/meta.json,Spring,../../data/depthanything/moge_dataset/Spring/0008/0099/image.png
207,207,../../data/moge_dataset/Spring/0008/0104/image.jpg,../../data/moge_dataset/Spring/0008/0104/depth.png,../../data/moge_dataset/Spring/0008/0104/meta.json,Spring,../../data/depthanything/moge_dataset/Spring/0008/0104/image.png
208,208,../../data/moge_dataset/Spring/0008/0109/image.jpg,../../data/moge_dataset/Spring/0008/0109/depth.png,../../data/moge_dataset/Spring/0008/0109/meta.json,Spring,../../data/depthanything/moge_dataset/Spring/0008/0109/image.png
209,209,../../data/moge_dataset/Spring/0008/0114/image.jpg,../../data/moge_dataset/Spring/0008/0114/depth.png,../../data/moge_dataset/Spring/0008/0114/meta.json,Spring,../../data/depthanything/moge_dataset/Spring/0008/0114/image.png
210,210,../../data/moge_dataset/Spring/0008/0119/image.jpg,../../data/moge_dataset/Spring/0008/0119/depth.png,../../data/moge_dataset/Spring/0008/0119/meta.json,Spring,../../data/depthanything/moge_dataset/Spring/0008/0119/image.png
211,211,../../data/moge_dataset/Spring/0008/0124/image.jpg,../../data/moge_dataset/Spring/0008/0124/depth.png,../../data/moge_dataset/Spring/0008/0124/meta.json,Spring,../../data/depthanything/moge_dataset/Spring/0008/0124/image.png
212,212,../../data/moge_dataset/Spring/0008/0129/image.jpg,../../data/moge_dataset/Spring/0008/0129/depth.png,../../data/moge_dataset/Spring/0008/0129/meta.json,Spring,../../data/depthanything/moge_dataset/Spring/0008/0129/image.png
213,213,../../data/moge_dataset/Spring/0008/0134/image.jpg,../../data/moge_dataset/Spring/0008/0134/depth.png,../../data/moge_dataset/Spring/0008/0134/meta.json,Spring,../../data/depthanything/moge_dataset/Spring/0008/0134/image.png
214,214,../../data/moge_dataset/Spring/0008/0139/image.jpg,../../data/moge_dataset/Spring/0008/0139/depth.png,../../data/moge_dataset/Spring/0008/0139/meta.json,Spring,../../data/depthanything/moge_dataset/Spring/0008/0139/image.png
215,215,../../data/moge_dataset/Spring/0008/0144/image.jpg,../../data/moge_dataset/Spring/0008/0144/depth.png,../../data/moge_dataset/Spring/0008/0144/meta.json,Spring,../../data/depthanything/moge_dataset/Spring/0008/0144/image.png
216,216,../../data/moge_dataset/Spring/0008/0149/image.jpg,../../data/moge_dataset/Spring/0008/0149/depth.png,../../data/moge_dataset/Spring/0008/0149/meta.json,Spring,../../data/depthanything/moge_dataset/Spring/0008/0149/image.png
217,217,../../data/moge_dataset/Spring/0008/0154/image.jpg,../../data/moge_dataset/Spring/0008/0154/depth.png,../../data/moge_dataset/Spring/0008/0154/meta.json,Spring,../../data/depthanything/moge_dataset/Spring/0008/0154/image.png
218,218,../../data/moge_dataset/Spring/0008/0159/image.jpg,../../data/moge_dataset/Spring/0008/0159/depth.png,../../data/moge_dataset/Spring/0008/0159/meta.json,Spring,../../data/depthanything/moge_dataset/Spring/0008/0159/image.png
219,219,../../data/moge_dataset/Spring/0008/0164/image.jpg,../../data/moge_dataset/Spring/0008/0164/depth.png,../../data/moge_dataset/Spring/0008/0164/meta.json,Spring,../../data/depthanything/moge_dataset/Spring/0008/0164/image.png
220,220,../../data/moge_dataset/Spring/0008/0169/image.jpg,../../data/moge_dataset/Spring/0008/0169/depth.png,../../data/moge_dataset/Spring/0008/0169/meta.json,Spring,../../data/depthanything/moge_dataset/Spring/0008/0169/image.png
221,221,../../data/moge_dataset/Spring/0008/0174/image.jpg,../../data/moge_dataset/Spring/0008/0174/depth.png,../../data/moge_dataset/Spring/0008/0174/meta.json,Spring,../../data/depthanything/moge_dataset/Spring/0008/0174/image.png
222,222,../../data/moge_dataset/Spring/0009/0002/image.jpg,../../data/moge_dataset/Spring/0009/0002/depth.png,../../data/moge_dataset/Spring/0009/0002/meta.json,Spring,../../data/depthanything/moge_dataset/Spring/0009/0002/image.png
223,223,../../data/moge_dataset/Spring/0009/0007/image.jpg,../../data/moge_dataset/Spring/0009/0007/depth.png,../../data/moge_dataset/Spring/0009/0007/meta.json,Spring,../../data/depthanything/moge_dataset/Spring/0009/0007/image.png
224,224,../../data/moge_dataset/Spring/0009/0012/image.jpg,../../data/moge_dataset/Spring/0009/0012/depth.png,../../data/moge_dataset/Spring/0009/0012/meta.json,Spring,../../data/depthanything/moge_dataset/Spring/0009/0012/image.png
225,225,../../data/moge_dataset/Spring/0009/0017/image.jpg,../../data/moge_dataset/Spring/0009/0017/depth.png,../../data/moge_dataset/Spring/0009/0017/meta.json,Spring,../../data/depthanything/moge_dataset/Spring/0009/0017/image.png
226,226,../../data/moge_dataset/Spring/0009/0022/image.jpg,../../data/moge_dataset/Spring/0009/0022/depth.png,../../data/moge_dataset/Spring/0009/0022/meta.json,Spring,../../data/depthanything/moge_dataset/Spring/0009/0022/image.png
227,227,../../data/moge_dataset/Spring/0009/0027/image.jpg,../../data/moge_dataset/Spring/0009/0027/depth.png,../../data/moge_dataset/Spring/0009/0027/meta.json,Spring,../../data/depthanything/moge_dataset/Spring/0009/0027/image.png
228,228,../../data/moge_dataset/Spring/0009/0032/image.jpg,../../data/moge_dataset/Spring/0009/0032/depth.png,../../data/moge_dataset/Spring/0009/0032/meta.json,Spring,../../data/depthanything/moge_dataset/Spring/0009/0032/image.png
229,229,../../data/moge_dataset/Spring/0009/0037/image.jpg,../../data/moge_dataset/Spring/0009/0037/depth.png,../../data/moge_dataset/Spring/0009/0037/meta.json,Spring,../../data/depthanything/moge_dataset/Spring/0009/0037/image.png
230,230,../../data/moge_dataset/Spring/0009/0042/image.jpg,../../data/moge_dataset/Spring/0009/0042/depth.png,../../data/moge_dataset/Spring/0009/0042/meta.json,Spring,../../data/depthanything/moge_dataset/Spring/0009/0042/image.png
231,231,../../data/moge_dataset/Spring/0009/0047/image.jpg,../../data/moge_dataset/Spring/0009/0047/depth.png,../../data/moge_dataset/Spring/0009/0047/meta.json,Spring,../../data/depthanything/moge_dataset/Spring/0009/0047/image.png
232,232,../../data/moge_dataset/Spring/0009/0052/image.jpg,../../data/moge_dataset/Spring/0009/0052/depth.png,../../data/moge_dataset/Spring/0009/0052/meta.json,Spring,../../data/depthanything/moge_dataset/Spring/0009/0052/image.png
233,233,../../data/moge_dataset/Spring/0009/0057/image.jpg,../../data/moge_dataset/Spring/0009/0057/depth.png,../../data/moge_dataset/Spring/0009/0057/meta.json,Spring,../../data/depthanything/moge_dataset/Spring/0009/0057/image.png
234,234,../../data/moge_dataset/Spring/0009/0062/image.jpg,../../data/moge_dataset/Spring/0009/0062/depth.png,../../data/moge_dataset/Spring/0009/0062/meta.json,Spring,../../data/depthanything/moge_dataset/Spring/0009/0062/image.png
235,235,../../data/moge_dataset/Spring/0009/0067/image.jpg,../../data/moge_dataset/Spring/0009/0067/depth.png,../../data/moge_dataset/Spring/0009/0067/meta.json,Spring,../../data/depthanything/moge_dataset/Spring/0009/0067/image.png
236,236,../../data/moge_dataset/Spring/0009/0072/image.jpg,../../data/moge_dataset/Spring/0009/0072/depth.png,../../data/moge_dataset/Spring/0009/0072/meta.json,Spring,../../data/depthanything/moge_dataset/Spring/0009/0072/image.png
237,237,../../data/moge_dataset/Spring/0009/0077/image.jpg,../../data/moge_dataset/Spring/0009/0077/depth.png,../../data/moge_dataset/Spring/0009/0077/meta.json,Spring,../../data/depthanything/moge_dataset/Spring/0009/0077/image.png
238,238,../../data/moge_dataset/Spring/0009/0082/image.jpg,../../data/moge_dataset/Spring/0009/0082/depth.png,../../data/moge_dataset/Spring/0009/0082/meta.json,Spring,../../data/depthanything/moge_dataset/Spring/0009/0082/image.png
239,239,../../data/moge_dataset/Spring/0009/0087/image.jpg,../../data/moge_dataset/Spring/0009/0087/depth.png,../../data/moge_dataset/Spring/0009/0087/meta.json,Spring,../../data/depthanything/moge_dataset/Spring/0009/0087/image.png
240,240,../../data/moge_dataset/Spring/0009/0092/image.jpg,../../data/moge_dataset/Spring/0009/0092/depth.png,../../data/moge_dataset/Spring/0009/0092/meta.json,Spring,../../data/depthanything/moge_dataset/Spring/0009/0092/image.png
241,241,../../data/moge_dataset/Spring/0009/0097/image.jpg,../../data/moge_dataset/Spring/0009/0097/depth.png,../../data/moge_dataset/Spring/0009/0097/meta.json,Spring,../../data/depthanything/moge_dataset/Spring/0009/0097/image.png
242,242,../../data/moge_dataset/Spring/0009/0102/image.jpg,../../data/moge_dataset/Spring/0009/0102/depth.png,../../data/moge_dataset/Spring/0009/0102/meta.json,Spring,../../data/depthanything/moge_dataset/Spring/0009/0102/image.png
243,243,../../data/moge_dataset/Spring/0009/0107/image.jpg,../../data/moge_dataset/Spring/0009/0107/depth.png,../../data/moge_dataset/Spring/0009/0107/meta.json,Spring,../../data/depthanything/moge_dataset/Spring/0009/0107/image.png
244,244,../../data/moge_dataset/Spring/0009/0112/image.jpg,../../data/moge_dataset/Spring/0009/0112/depth.png,../../data/moge_dataset/Spring/0009/0112/meta.json,Spring,../../data/depthanything/moge_dataset/Spring/0009/0112/image.png
245,245,../../data/moge_dataset/Spring/0009/0117/image.jpg,../../data/moge_dataset/Spring/0009/0117/depth.png,../../data/moge_dataset/Spring/0009/0117/meta.json,Spring,../../data/depthanything/moge_dataset/Spring/0009/0117/image.png
246,246,../../data/moge_dataset/Spring/0009/0122/image.jpg,../../data/moge_dataset/Spring/0009/0122/depth.png,../../data/moge_dataset/Spring/0009/0122/meta.json,Spring,../../data/depthanything/moge_dataset/Spring/0009/0122/image.png
247,247,../../data/moge_dataset/Spring/0010/0005/image.jpg,../../data/moge_dataset/Spring/0010/0005/depth.png,../../data/moge_dataset/Spring/0010/0005/meta.json,Spring,../../data/depthanything/moge_dataset/Spring/0010/0005/image.png
248,248,../../data/moge_dataset/Spring/0010/0010/image.jpg,../../data/moge_dataset/Spring/0010/0010/depth.png,../../data/moge_dataset/Spring/0010/0010/meta.json,Spring,../../data/depthanything/moge_dataset/Spring/0010/0010/image.png
249,249,../../data/moge_dataset/Spring/0010/0015/image.jpg,../../data/moge_dataset/Spring/0010/0015/depth.png,../../data/moge_dataset/Spring/0010/0015/meta.json,Spring,../../data/depthanything/moge_dataset/Spring/0010/0015/image.png
250,250,../../data/moge_dataset/Spring/0010/0020/image.jpg,../../data/moge_dataset/Spring/0010/0020/depth.png,../../data/moge_dataset/Spring/0010/0020/meta.json,Spring,../../data/depthanything/moge_dataset/Spring/0010/0020/image.png
251,251,../../data/moge_dataset/Spring/0010/0025/image.jpg,../../data/moge_dataset/Spring/0010/0025/depth.png,../../data/moge_dataset/Spring/0010/0025/meta.json,Spring,../../data/depthanything/moge_dataset/Spring/0010/0025/image.png
252,252,../../data/moge_dataset/Spring/0010/0030/image.jpg,../../data/moge_dataset/Spring/0010/0030/depth.png,../../data/moge_dataset/Spring/0010/0030/meta.json,Spring,../../data/depthanything/moge_dataset/Spring/0010/0030/image.png
253,253,../../data/moge_dataset/Spring/0010/0035/image.jpg,../../data/moge_dataset/Spring/0010/0035/depth.png,../../data/moge_dataset/Spring/0010/0035/meta.json,Spring,../../data/depthanything/moge_dataset/Spring/0010/0035/image.png
254,254,../../data/moge_dataset/Spring/0010/0040/image.jpg,../../data/moge_dataset/Spring/0010/0040/depth.png,../../data/moge_dataset/Spring/0010/0040/meta.json,Spring,../../data/depthanything/moge_dataset/Spring/0010/0040/image.png
255,255,../../data/moge_dataset/Spring/0010/0045/image.jpg,../../data/moge_dataset/Spring/0010/0045/depth.png,../../data/moge_dataset/Spring/0010/0045/meta.json,Spring,../../data/depthanything/moge_dataset/Spring/0010/0045/image.png
256,256,../../data/moge_dataset/Spring/0010/0050/image.jpg,../../data/moge_dataset/Spring/0010/0050/depth.png,../../data/moge_dataset/Spring/0010/0050/meta.json,Spring,../../data/depthanything/moge_dataset/Spring/0010/0050/image.png
257,257,../../data/moge_dataset/Spring/0010/0055/image.jpg,../../data/moge_dataset/Spring/0010/0055/depth.png,../../data/moge_dataset/Spring/0010/0055/meta.json,Spring,../../data/depthanything/moge_dataset/Spring/0010/0055/image.png
258,258,../../data/moge_dataset/Spring/0010/0060/image.jpg,../../data/moge_dataset/Spring/0010/0060/depth.png,../../data/moge_dataset/Spring/0010/0060/meta.json,Spring,../../data/depthanything/moge_dataset/Spring/0010/0060/image.png
259,259,../../data/moge_dataset/Spring/0010/0065/image.jpg,../../data/moge_dataset/Spring/0010/0065/depth.png,../../data/moge_dataset/Spring/0010/0065/meta.json,Spring,../../data/depthanything/moge_dataset/Spring/0010/0065/image.png
260,260,../../data/moge_dataset/Spring/0010/0070/image.jpg,../../data/moge_dataset/Spring/0010/0070/depth.png,../../data/moge_dataset/Spring/0010/0070/meta.json,Spring,../../data/depthanything/moge_dataset/Spring/0010/0070/image.png
261,261,../../data/moge_dataset/Spring/0010/0075/image.jpg,../../data/moge_dataset/Spring/0010/0075/depth.png,../../data/moge_dataset/Spring/0010/0075/meta.json,Spring,../../data/depthanything/moge_dataset/Spring/0010/0075/image.png
262,262,../../data/moge_dataset/Spring/0010/0080/image.jpg,../../data/moge_dataset/Spring/0010/0080/depth.png,../../data/moge_dataset/Spring/0010/0080/meta.json,Spring,../../data/depthanything/moge_dataset/Spring/0010/0080/image.png
263,263,../../data/moge_dataset/Spring/0010/0085/image.jpg,../../data/moge_dataset/Spring/0010/0085/depth.png,../../data/moge_dataset/Spring/0010/0085/meta.json,Spring,../../data/depthanything/moge_dataset/Spring/0010/0085/image.png
264,264,../../data/moge_dataset/Spring/0010/0090/image.jpg,../../data/moge_dataset/Spring/0010/0090/depth.png,../../data/moge_dataset/Spring/0010/0090/meta.json,Spring,../../data/depthanything/moge_dataset/Spring/0010/0090/image.png
265,265,../../data/moge_dataset/Spring/0010/0095/image.jpg,../../data/moge_dataset/Spring/0010/0095/depth.png,../../data/moge_dataset/Spring/0010/0095/meta.json,Spring,../../data/depthanything/moge_dataset/Spring/0010/0095/image.png
266,266,../../data/moge_dataset/Spring/0010/0100/image.jpg,../../data/moge_dataset/Spring/0010/0100/depth.png,../../data/moge_dataset/Spring/0010/0100/meta.json,Spring,../../data/depthanything/moge_dataset/Spring/0010/0100/image.png
267,267,../../data/moge_dataset/Spring/0010/0105/image.jpg,../../data/moge_dataset/Spring/0010/0105/depth.png,../../data/moge_dataset/Spring/0010/0105/meta.json,Spring,../../data/depthanything/moge_dataset/Spring/0010/0105/image.png
268,268,../../data/moge_dataset/Spring/0010/0110/image.jpg,../../data/moge_dataset/Spring/0010/0110/depth.png,../../data/moge_dataset/Spring/0010/0110/meta.json,Spring,../../data/depthanything/moge_dataset/Spring/0010/0110/image.png
269,269,../../data/moge_dataset/Spring/0010/0115/image.jpg,../../data/moge_dataset/Spring/0010/0115/depth.png,../../data/moge_dataset/Spring/0010/0115/meta.json,Spring,../../data/depthanything/moge_dataset/Spring/0010/0115/image.png
270,270,../../data/moge_dataset/Spring/0010/0120/image.jpg,../../data/moge_dataset/Spring/0010/0120/depth.png,../../data/moge_dataset/Spring/0010/0120/meta.json,Spring,../../data/depthanything/moge_dataset/Spring/0010/0120/image.png
271,271,../../data/moge_dataset/Spring/0011/0003/image.jpg,../../data/moge_dataset/Spring/0011/0003/depth.png,../../data/moge_dataset/Spring/0011/0003/meta.json,Spring,../../data/depthanything/moge_dataset/Spring/0011/0003/image.png
272,272,../../data/moge_dataset/Spring/0011/0008/image.jpg,../../data/moge_dataset/Spring/0011/0008/depth.png,../../data/moge_dataset/Spring/0011/0008/meta.json,Spring,../../data/depthanything/moge_dataset/Spring/0011/0008/image.png
273,273,../../data/moge_dataset/Spring/0011/0013/image.jpg,../../data/moge_dataset/Spring/0011/0013/depth.png,../../data/moge_dataset/Spring/0011/0013/meta.json,Spring,../../data/depthanything/moge_dataset/Spring/0011/0013/image.png
274,274,../../data/moge_dataset/Spring/0011/0018/image.jpg,../../data/moge_dataset/Spring/0011/0018/depth.png,../../data/moge_dataset/Spring/0011/0018/meta.json,Spring,../../data/depthanything/moge_dataset/Spring/0011/0018/image.png
275,275,../../data/moge_dataset/Spring/0011/0023/image.jpg,../../data/moge_dataset/Spring/0011/0023/depth.png,../../data/moge_dataset/Spring/0011/0023/meta.json,Spring,../../data/depthanything/moge_dataset/Spring/0011/0023/image.png
276,276,../../data/moge_dataset/Spring/0011/0028/image.jpg,../../data/moge_dataset/Spring/0011/0028/depth.png,../../data/moge_dataset/Spring/0011/0028/meta.json,Spring,../../data/depthanything/moge_dataset/Spring/0011/0028/image.png
277,277,../../data/moge_dataset/Spring/0011/0033/image.jpg,../../data/moge_dataset/Spring/0011/0033/depth.png,../../data/moge_dataset/Spring/0011/0033/meta.json,Spring,../../data/depthanything/moge_dataset/Spring/0011/0033/image.png
278,278,../../data/moge_dataset/Spring/0011/0038/image.jpg,../../data/moge_dataset/Spring/0011/0038/depth.png,../../data/moge_dataset/Spring/0011/0038/meta.json,Spring,../../data/depthanything/moge_dataset/Spring/0011/0038/image.png
279,279,../../data/moge_dataset/Spring/0011/0043/image.jpg,../../data/moge_dataset/Spring/0011/0043/depth.png,../../data/moge_dataset/Spring/0011/0043/meta.json,Spring,../../data/depthanything/moge_dataset/Spring/0011/0043/image.png
280,280,../../data/moge_dataset/Spring/0011/0048/image.jpg,../../data/moge_dataset/Spring/0011/0048/depth.png,../../data/moge_dataset/Spring/0011/0048/meta.json,Spring,../../data/depthanything/moge_dataset/Spring/0011/0048/image.png
281,281,../../data/moge_dataset/Spring/0011/0053/image.jpg,../../data/moge_dataset/Spring/0011/0053/depth.png,../../data/moge_dataset/Spring/0011/0053/meta.json,Spring,../../data/depthanything/moge_dataset/Spring/0011/0053/image.png
282,282,../../data/moge_dataset/Spring/0011/0058/image.jpg,../../data/moge_dataset/Spring/0011/0058/depth.png,../../data/moge_dataset/Spring/0011/0058/meta.json,Spring,../../data/depthanything/moge_dataset/Spring/0011/0058/image.png
283,283,../../data/moge_dataset/Spring/0011/0063/image.jpg,../../data/moge_dataset/Spring/0011/0063/depth.png,../../data/moge_dataset/Spring/0011/0063/meta.json,Spring,../../data/depthanything/moge_dataset/Spring/0011/0063/image.png
284,284,../../data/moge_dataset/Spring/0011/0068/image.jpg,../../data/moge_dataset/Spring/0011/0068/depth.png,../../data/moge_dataset/Spring/0011/0068/meta.json,Spring,../../data/depthanything/moge_dataset/Spring/0011/0068/image.png
285,285,../../data/moge_dataset/Spring/0011/0073/image.jpg,../../data/moge_dataset/Spring/0011/0073/depth.png,../../data/moge_dataset/Spring/0011/0073/meta.json,Spring,../../data/depthanything/moge_dataset/Spring/0011/0073/image.png
286,286,../../data/moge_dataset/Spring/0011/0078/image.jpg,../../data/moge_dataset/Spring/0011/0078/depth.png,../../data/moge_dataset/Spring/0011/0078/meta.json,Spring,../../data/depthanything/moge_dataset/Spring/0011/0078/image.png
287,287,../../data/moge_dataset/Spring/0011/0083/image.jpg,../../data/moge_dataset/Spring/0011/0083/depth.png,../../data/moge_dataset/Spring/0011/0083/meta.json,Spring,../../data/depthanything/moge_dataset/Spring/0011/0083/image.png
288,288,../../data/moge_dataset/Spring/0011/0088/image.jpg,../../data/moge_dataset/Spring/0011/0088/depth.png,../../data/moge_dataset/Spring/0011/0088/meta.json,Spring,../../data/depthanything/moge_dataset/Spring/0011/0088/image.png
289,289,../../data/moge_dataset/Spring/0011/0093/image.jpg,../../data/moge_dataset/Spring/0011/0093/depth.png,../../data/moge_dataset/Spring/0011/0093/meta.json,Spring,../../data/depthanything/moge_dataset/Spring/0011/0093/image.png
290,290,../../data/moge_dataset/Spring/0012/0003/image.jpg,../../data/moge_dataset/Spring/0012/0003/depth.png,../../data/moge_dataset/Spring/0012/0003/meta.json,Spring,../../data/depthanything/moge_dataset/Spring/0012/0003/image.png
291,291,../../data/moge_dataset/Spring/0012/0008/image.jpg,../../data/moge_dataset/Spring/0012/0008/depth.png,../../data/moge_dataset/Spring/0012/0008/meta.json,Spring,../../data/depthanything/moge_dataset/Spring/0012/0008/image.png
292,292,../../data/moge_dataset/Spring/0012/0013/image.jpg,../../data/moge_dataset/Spring/0012/0013/depth.png,../../data/moge_dataset/Spring/0012/0013/meta.json,Spring,../../data/depthanything/moge_dataset/Spring/0012/0013/image.png
293,293,../../data/moge_dataset/Spring/0012/0018/image.jpg,../../data/moge_dataset/Spring/0012/0018/depth.png,../../data/moge_dataset/Spring/0012/0018/meta.json,Spring,../../data/depthanything/moge_dataset/Spring/0012/0018/image.png
294,294,../../data/moge_dataset/Spring/0012/0023/image.jpg,../../data/moge_dataset/Spring/0012/0023/depth.png,../../data/moge_dataset/Spring/0012/0023/meta.json,Spring,../../data/depthanything/moge_dataset/Spring/0012/0023/image.png
295,295,../../data/moge_dataset/Spring/0012/0028/image.jpg,../../data/moge_dataset/Spring/0012/0028/depth.png,../../data/moge_dataset/Spring/0012/0028/meta.json,Spring,../../data/depthanything/moge_dataset/Spring/0012/0028/image.png
296,296,../../data/moge_dataset/Spring/0012/0033/image.jpg,../../data/moge_dataset/Spring/0012/0033/depth.png,../../data/moge_dataset/Spring/0012/0033/meta.json,Spring,../../data/depthanything/moge_dataset/Spring/0012/0033/image.png
297,297,../../data/moge_dataset/Spring/0012/0038/image.jpg,../../data/moge_dataset/Spring/0012/0038/depth.png,../../data/moge_dataset/Spring/0012/0038/meta.json,Spring,../../data/depthanything/moge_dataset/Spring/0012/0038/image.png
298,298,../../data/moge_dataset/Spring/0012/0043/image.jpg,../../data/moge_dataset/Spring/0012/0043/depth.png,../../data/moge_dataset/Spring/0012/0043/meta.json,Spring,../../data/depthanything/moge_dataset/Spring/0012/0043/image.png
299,299,../../data/moge_dataset/Spring/0012/0048/image.jpg,../../data/moge_dataset/Spring/0012/0048/depth.png,../../data/moge_dataset/Spring/0012/0048/meta.json,Spring,../../data/depthanything/moge_dataset/Spring/0012/0048/image.png
300,300,../../data/moge_dataset/Spring/0012/0053/image.jpg,../../data/moge_dataset/Spring/0012/0053/depth.png,../../data/moge_dataset/Spring/0012/0053/meta.json,Spring,../../data/depthanything/moge_dataset/Spring/0012/0053/image.png
301,301,../../data/moge_dataset/Spring/0012/0058/image.jpg,../../data/moge_dataset/Spring/0012/0058/depth.png,../../data/moge_dataset/Spring/0012/0058/meta.json,Spring,../../data/depthanything/moge_dataset/Spring/0012/0058/image.png
302,302,../../data/moge_dataset/Spring/0012/0063/image.jpg,../../data/moge_dataset/Spring/0012/0063/depth.png,../../data/moge_dataset/Spring/0012/0063/meta.json,Spring,../../data/depthanything/moge_dataset/Spring/0012/0063/image.png
303,303,../../data/moge_dataset/Spring/0012/0068/image.jpg,../../data/moge_dataset/Spring/0012/0068/depth.png,../../data/moge_dataset/Spring/0012/0068/meta.json,Spring,../../data/depthanything/moge_dataset/Spring/0012/0068/image.png
304,304,../../data/moge_dataset/Spring/0012/0073/image.jpg,../../data/moge_dataset/Spring/0012/0073/depth.png,../../data/moge_dataset/Spring/0012/0073/meta.json,Spring,../../data/depthanything/moge_dataset/Spring/0012/0073/image.png
305,305,../../data/moge_dataset/Spring/0012/0078/image.jpg,../../data/moge_dataset/Spring/0012/0078/depth.png,../../data/moge_dataset/Spring/0012/0078/meta.json,Spring,../../data/depthanything/moge_dataset/Spring/0012/0078/image.png
306,306,../../data/moge_dataset/Spring/0012/0083/image.jpg,../../data/moge_dataset/Spring/0012/0083/depth.png,../../data/moge_dataset/Spring/0012/0083/meta.json,Spring,../../data/depthanything/moge_dataset/Spring/0012/0083/image.png
307,307,../../data/moge_dataset/Spring/0012/0088/image.jpg,../../data/moge_dataset/Spring/0012/0088/depth.png,../../data/moge_dataset/Spring/0012/0088/meta.json,Spring,../../data/depthanything/moge_dataset/Spring/0012/0088/image.png
308,308,../../data/moge_dataset/Spring/0012/0093/image.jpg,../../data/moge_dataset/Spring/0012/0093/depth.png,../../data/moge_dataset/Spring/0012/0093/meta.json,Spring,../../data/depthanything/moge_dataset/Spring/0012/0093/image.png
309,309,../../data/moge_dataset/Spring/0012/0098/image.jpg,../../data/moge_dataset/Spring/0012/0098/depth.png,../../data/moge_dataset/Spring/0012/0098/meta.json,Spring,../../data/depthanything/moge_dataset/Spring/0012/0098/image.png
310,310,../../data/moge_dataset/Spring/0012/0103/image.jpg,../../data/moge_dataset/Spring/0012/0103/depth.png,../../data/moge_dataset/Spring/0012/0103/meta.json,Spring,../../data/depthanything/moge_dataset/Spring/0012/0103/image.png
311,311,../../data/moge_dataset/Spring/0012/0108/image.jpg,../../data/moge_dataset/Spring/0012/0108/depth.png,../../data/moge_dataset/Spring/0012/0108/meta.json,Spring,../../data/depthanything/moge_dataset/Spring/0012/0108/image.png
312,312,../../data/moge_dataset/Spring/0012/0113/image.jpg,../../data/moge_dataset/Spring/0012/0113/depth.png,../../data/moge_dataset/Spring/0012/0113/meta.json,Spring,../../data/depthanything/moge_dataset/Spring/0012/0113/image.png
313,313,../../data/moge_dataset/Spring/0012/0118/image.jpg,../../data/moge_dataset/Spring/0012/0118/depth.png,../../data/moge_dataset/Spring/0012/0118/meta.json,Spring,../../data/depthanything/moge_dataset/Spring/0012/0118/image.png
314,314,../../data/moge_dataset/Spring/0012/0123/image.jpg,../../data/moge_dataset/Spring/0012/0123/depth.png,../../data/moge_dataset/Spring/0012/0123/meta.json,Spring,../../data/depthanything/moge_dataset/Spring/0012/0123/image.png
315,315,../../data/moge_dataset/Spring/0012/0128/image.jpg,../../data/moge_dataset/Spring/0012/0128/depth.png,../../data/moge_dataset/Spring/0012/0128/meta.json,Spring,../../data/depthanything/moge_dataset/Spring/0012/0128/image.png
316,316,../../data/moge_dataset/Spring/0012/0133/image.jpg,../../data/moge_dataset/Spring/0012/0133/depth.png,../../data/moge_dataset/Spring/0012/0133/meta.json,Spring,../../data/depthanything/moge_dataset/Spring/0012/0133/image.png
317,317,../../data/moge_dataset/Spring/0012/0138/image.jpg,../../data/moge_dataset/Spring/0012/0138/depth.png,../../data/moge_dataset/Spring/0012/0138/meta.json,Spring,../../data/depthanything/moge_dataset/Spring/0012/0138/image.png
318,318,../../data/moge_dataset/Spring/0012/0143/image.jpg,../../data/moge_dataset/Spring/0012/0143/depth.png,../../data/moge_dataset/Spring/0012/0143/meta.json,Spring,../../data/depthanything/moge_dataset/Spring/0012/0143/image.png
319,319,../../data/moge_dataset/Spring/0012/0148/image.jpg,../../data/moge_dataset/Spring/0012/0148/depth.png,../../data/moge_dataset/Spring/0012/0148/meta.json,Spring,../../data/depthanything/moge_dataset/Spring/0012/0148/image.png
320,320,../../data/moge_dataset/Spring/0012/0153/image.jpg,../../data/moge_dataset/Spring/0012/0153/depth.png,../../data/moge_dataset/Spring/0012/0153/meta.json,Spring,../../data/depthanything/moge_dataset/Spring/0012/0153/image.png
321,321,../../data/moge_dataset/Spring/0012/0158/image.jpg,../../data/moge_dataset/Spring/0012/0158/depth.png,../../data/moge_dataset/Spring/0012/0158/meta.json,Spring,../../data/depthanything/moge_dataset/Spring/0012/0158/image.png
322,322,../../data/moge_dataset/Spring/0012/0163/image.jpg,../../data/moge_dataset/Spring/0012/0163/depth.png,../../data/moge_dataset/Spring/0012/0163/meta.json,Spring,../../data/depthanything/moge_dataset/Spring/0012/0163/image.png
323,323,../../data/moge_dataset/Spring/0012/0168/image.jpg,../../data/moge_dataset/Spring/0012/0168/depth.png,../../data/moge_dataset/Spring/0012/0168/meta.json,Spring,../../data/depthanything/moge_dataset/Spring/0012/0168/image.png
324,324,../../data/moge_dataset/Spring/0012/0173/image.jpg,../../data/moge_dataset/Spring/0012/0173/depth.png,../../data/moge_dataset/Spring/0012/0173/meta.json,Spring,../../data/depthanything/moge_dataset/Spring/0012/0173/image.png
325,325,../../data/moge_dataset/Spring/0012/0178/image.jpg,../../data/moge_dataset/Spring/0012/0178/depth.png,../../data/moge_dataset/Spring/0012/0178/meta.json,Spring,../../data/depthanything/moge_dataset/Spring/0012/0178/image.png
326,326,../../data/moge_dataset/Spring/0012/0183/image.jpg,../../data/moge_dataset/Spring/0012/0183/depth.png,../../data/moge_dataset/Spring/0012/0183/meta.json,Spring,../../data/depthanything/moge_dataset/Spring/0012/0183/image.png
327,327,../../data/moge_dataset/Spring/0012/0188/image.jpg,../../data/moge_dataset/Spring/0012/0188/depth.png,../../data/moge_dataset/Spring/0012/0188/meta.json,Spring,../../data/depthanything/moge_dataset/Spring/0012/0188/image.png
328,328,../../data/moge_dataset/Spring/0012/0193/image.jpg,../../data/moge_dataset/Spring/0012/0193/depth.png,../../data/moge_dataset/Spring/0012/0193/meta.json,Spring,../../data/depthanything/moge_dataset/Spring/0012/0193/image.png
329,329,../../data/moge_dataset/Spring/0012/0198/image.jpg,../../data/moge_dataset/Spring/0012/0198/depth.png,../../data/moge_dataset/Spring/0012/0198/meta.json,Spring,../../data/depthanything/moge_dataset/Spring/0012/0198/image.png
330,330,../../data/moge_dataset/Spring/0012/0203/image.jpg,../../data/moge_dataset/Spring/0012/0203/depth.png,../../data/moge_dataset/Spring/0012/0203/meta.json,Spring,../../data/depthanything/moge_dataset/Spring/0012/0203/image.png
331,331,../../data/moge_dataset/Spring/0012/0208/image.jpg,../../data/moge_dataset/Spring/0012/0208/depth.png,../../data/moge_dataset/Spring/0012/0208/meta.json,Spring,../../data/depthanything/moge_dataset/Spring/0012/0208/image.png
332,332,../../data/moge_dataset/Spring/0012/0213/image.jpg,../../data/moge_dataset/Spring/0012/0213/depth.png,../../data/moge_dataset/Spring/0012/0213/meta.json,Spring,../../data/depthanything/moge_dataset/Spring/0012/0213/image.png
333,333,../../data/moge_dataset/Spring/0012/0218/image.jpg,../../data/moge_dataset/Spring/0012/0218/depth.png,../../data/moge_dataset/Spring/0012/0218/meta.json,Spring,../../data/depthanything/moge_dataset/Spring/0012/0218/image.png
334,334,../../data/moge_dataset/Spring/0012/0223/image.jpg,../../data/moge_dataset/Spring/0012/0223/depth.png,../../data/moge_dataset/Spring/0012/0223/meta.json,Spring,../../data/depthanything/moge_dataset/Spring/0012/0223/image.png
335,335,../../data/moge_dataset/Spring/0012/0228/image.jpg,../../data/moge_dataset/Spring/0012/0228/depth.png,../../data/moge_dataset/Spring/0012/0228/meta.json,Spring,../../data/depthanything/moge_dataset/Spring/0012/0228/image.png
336,336,../../data/moge_dataset/Spring/0012/0233/image.jpg,../../data/moge_dataset/Spring/0012/0233/depth.png,../../data/moge_dataset/Spring/0012/0233/meta.json,Spring,../../data/depthanything/moge_dataset/Spring/0012/0233/image.png
337,337,../../data/moge_dataset/Spring/0012/0238/image.jpg,../../data/moge_dataset/Spring/0012/0238/depth.png,../../data/moge_dataset/Spring/0012/0238/meta.json,Spring,../../data/depthanything/moge_dataset/Spring/0012/0238/image.png
338,338,../../data/moge_dataset/Spring/0012/0243/image.jpg,../../data/moge_dataset/Spring/0012/0243/depth.png,../../data/moge_dataset/Spring/0012/0243/meta.json,Spring,../../data/depthanything/moge_dataset/Spring/0012/0243/image.png
339,339,../../data/moge_dataset/Spring/0012/0248/image.jpg,../../data/moge_dataset/Spring/0012/0248/depth.png,../../data/moge_dataset/Spring/0012/0248/meta.json,Spring,../../data/depthanything/moge_dataset/Spring/0012/0248/image.png
340,340,../../data/moge_dataset/Spring/0012/0253/image.jpg,../../data/moge_dataset/Spring/0012/0253/depth.png,../../data/moge_dataset/Spring/0012/0253/meta.json,Spring,../../data/depthanything/moge_dataset/Spring/0012/0253/image.png
341,341,../../data/moge_dataset/Spring/0012/0258/image.jpg,../../data/moge_dataset/Spring/0012/0258/depth.png,../../data/moge_dataset/Spring/0012/0258/meta.json,Spring,../../data/depthanything/moge_dataset/Spring/0012/0258/image.png
342,342,../../data/moge_dataset/Spring/0012/0263/image.jpg,../../data/moge_dataset/Spring/0012/0263/depth.png,../../data/moge_dataset/Spring/0012/0263/meta.json,Spring,../../data/depthanything/moge_dataset/Spring/0012/0263/image.png
343,343,../../data/moge_dataset/Spring/0013/0002/image.jpg,../../data/moge_dataset/Spring/0013/0002/depth.png,../../data/moge_dataset/Spring/0013/0002/meta.json,Spring,../../data/depthanything/moge_dataset/Spring/0013/0002/image.png
344,344,../../data/moge_dataset/Spring/0013/0007/image.jpg,../../data/moge_dataset/Spring/0013/0007/depth.png,../../data/moge_dataset/Spring/0013/0007/meta.json,Spring,../../data/depthanything/moge_dataset/Spring/0013/0007/image.png
345,345,../../data/moge_dataset/Spring/0013/0012/image.jpg,../../data/moge_dataset/Spring/0013/0012/depth.png,../../data/moge_dataset/Spring/0013/0012/meta.json,Spring,../../data/depthanything/moge_dataset/Spring/0013/0012/image.png
346,346,../../data/moge_dataset/Spring/0013/0017/image.jpg,../../data/moge_dataset/Spring/0013/0017/depth.png,../../data/moge_dataset/Spring/0013/0017/meta.json,Spring,../../data/depthanything/moge_dataset/Spring/0013/0017/image.png
347,347,../../data/moge_dataset/Spring/0013/0022/image.jpg,../../data/moge_dataset/Spring/0013/0022/depth.png,../../data/moge_dataset/Spring/0013/0022/meta.json,Spring,../../data/depthanything/moge_dataset/Spring/0013/0022/image.png
348,348,../../data/moge_dataset/Spring/0013/0027/image.jpg,../../data/moge_dataset/Spring/0013/0027/depth.png,../../data/moge_dataset/Spring/0013/0027/meta.json,Spring,../../data/depthanything/moge_dataset/Spring/0013/0027/image.png
349,349,../../data/moge_dataset/Spring/0013/0032/image.jpg,../../data/moge_dataset/Spring/0013/0032/depth.png,../../data/moge_dataset/Spring/0013/0032/meta.json,Spring,../../data/depthanything/moge_dataset/Spring/0013/0032/image.png
350,350,../../data/moge_dataset/Spring/0013/0037/image.jpg,../../data/moge_dataset/Spring/0013/0037/depth.png,../../data/moge_dataset/Spring/0013/0037/meta.json,Spring,../../data/depthanything/moge_dataset/Spring/0013/0037/image.png
351,351,../../data/moge_dataset/Spring/0013/0042/image.jpg,../../data/moge_dataset/Spring/0013/0042/depth.png,../../data/moge_dataset/Spring/0013/0042/meta.json,Spring,../../data/depthanything/moge_dataset/Spring/0013/0042/image.png
352,352,../../data/moge_dataset/Spring/0013/0047/image.jpg,../../data/moge_dataset/Spring/0013/0047/depth.png,../../data/moge_dataset/Spring/0013/0047/meta.json,Spring,../../data/depthanything/moge_dataset/Spring/0013/0047/image.png
353,353,../../data/moge_dataset/Spring/0013/0052/image.jpg,../../data/moge_dataset/Spring/0013/0052/depth.png,../../data/moge_dataset/Spring/0013/0052/meta.json,Spring,../../data/depthanything/moge_dataset/Spring/0013/0052/image.png
354,354,../../data/moge_dataset/Spring/0013/0057/image.jpg,../../data/moge_dataset/Spring/0013/0057/depth.png,../../data/moge_dataset/Spring/0013/0057/meta.json,Spring,../../data/depthanything/moge_dataset/Spring/0013/0057/image.png
355,355,../../data/moge_dataset/Spring/0013/0062/image.jpg,../../data/moge_dataset/Spring/0013/0062/depth.png,../../data/moge_dataset/Spring/0013/0062/meta.json,Spring,../../data/depthanything/moge_dataset/Spring/0013/0062/image.png
356,356,../../data/moge_dataset/Spring/0013/0067/image.jpg,../../data/moge_dataset/Spring/0013/0067/depth.png,../../data/moge_dataset/Spring/0013/0067/meta.json,Spring,../../data/depthanything/moge_dataset/Spring/0013/0067/image.png
357,357,../../data/moge_dataset/Spring/0013/0072/image.jpg,../../data/moge_dataset/Spring/0013/0072/depth.png,../../data/moge_dataset/Spring/0013/0072/meta.json,Spring,../../data/depthanything/moge_dataset/Spring/0013/0072/image.png
358,358,../../data/moge_dataset/Spring/0013/0077/image.jpg,../../data/moge_dataset/Spring/0013/0077/depth.png,../../data/moge_dataset/Spring/0013/0077/meta.json,Spring,../../data/depthanything/moge_dataset/Spring/0013/0077/image.png
359,359,../../data/moge_dataset/Spring/0013/0082/image.jpg,../../data/moge_dataset/Spring/0013/0082/depth.png,../../data/moge_dataset/Spring/0013/0082/meta.json,Spring,../../data/depthanything/moge_dataset/Spring/0013/0082/image.png
360,360,../../data/moge_dataset/Spring/0014/0003/image.jpg,../../data/moge_dataset/Spring/0014/0003/depth.png,../../data/moge_dataset/Spring/0014/0003/meta.json,Spring,../../data/depthanything/moge_dataset/Spring/0014/0003/image.png
361,361,../../data/moge_dataset/Spring/0014/0008/image.jpg,../../data/moge_dataset/Spring/0014/0008/depth.png,../../data/moge_dataset/Spring/0014/0008/meta.json,Spring,../../data/depthanything/moge_dataset/Spring/0014/0008/image.png
362,362,../../data/moge_dataset/Spring/0014/0013/image.jpg,../../data/moge_dataset/Spring/0014/0013/depth.png,../../data/moge_dataset/Spring/0014/0013/meta.json,Spring,../../data/depthanything/moge_dataset/Spring/0014/0013/image.png
363,363,../../data/moge_dataset/Spring/0014/0018/image.jpg,../../data/moge_dataset/Spring/0014/0018/depth.png,../../data/moge_dataset/Spring/0014/0018/meta.json,Spring,../../data/depthanything/moge_dataset/Spring/0014/0018/image.png
364,364,../../data/moge_dataset/Spring/0014/0023/image.jpg,../../data/moge_dataset/Spring/0014/0023/depth.png,../../data/moge_dataset/Spring/0014/0023/meta.json,Spring,../../data/depthanything/moge_dataset/Spring/0014/0023/image.png
365,365,../../data/moge_dataset/Spring/0014/0028/image.jpg,../../data/moge_dataset/Spring/0014/0028/depth.png,../../data/moge_dataset/Spring/0014/0028/meta.json,Spring,../../data/depthanything/moge_dataset/Spring/0014/0028/image.png
366,366,../../data/moge_dataset/Spring/0014/0033/image.jpg,../../data/moge_dataset/Spring/0014/0033/depth.png,../../data/moge_dataset/Spring/0014/0033/meta.json,Spring,../../data/depthanything/moge_dataset/Spring/0014/0033/image.png
367,367,../../data/moge_dataset/Spring/0014/0038/image.jpg,../../data/moge_dataset/Spring/0014/0038/depth.png,../../data/moge_dataset/Spring/0014/0038/meta.json,Spring,../../data/depthanything/moge_dataset/Spring/0014/0038/image.png
368,368,../../data/moge_dataset/Spring/0014/0043/image.jpg,../../data/moge_dataset/Spring/0014/0043/depth.png,../../data/moge_dataset/Spring/0014/0043/meta.json,Spring,../../data/depthanything/moge_dataset/Spring/0014/0043/image.png
369,369,../../data/moge_dataset/Spring/0014/0048/image.jpg,../../data/moge_dataset/Spring/0014/0048/depth.png,../../data/moge_dataset/Spring/0014/0048/meta.json,Spring,../../data/depthanything/moge_dataset/Spring/0014/0048/image.png
370,370,../../data/moge_dataset/Spring/0014/0053/image.jpg,../../data/moge_dataset/Spring/0014/0053/depth.png,../../data/moge_dataset/Spring/0014/0053/meta.json,Spring,../../data/depthanything/moge_dataset/Spring/0014/0053/image.png
371,371,../../data/moge_dataset/Spring/0014/0058/image.jpg,../../data/moge_dataset/Spring/0014/0058/depth.png,../../data/moge_dataset/Spring/0014/0058/meta.json,Spring,../../data/depthanything/moge_dataset/Spring/0014/0058/image.png
372,372,../../data/moge_dataset/Spring/0014/0063/image.jpg,../../data/moge_dataset/Spring/0014/0063/depth.png,../../data/moge_dataset/Spring/0014/0063/meta.json,Spring,../../data/depthanything/moge_dataset/Spring/0014/0063/image.png
373,373,../../data/moge_dataset/Spring/0014/0068/image.jpg,../../data/moge_dataset/Spring/0014/0068/depth.png,../../data/moge_dataset/Spring/0014/0068/meta.json,Spring,../../data/depthanything/moge_dataset/Spring/0014/0068/image.png
374,374,../../data/moge_dataset/Spring/0014/0073/image.jpg,../../data/moge_dataset/Spring/0014/0073/depth.png,../../data/moge_dataset/Spring/0014/0073/meta.json,Spring,../../data/depthanything/moge_dataset/Spring/0014/0073/image.png
375,375,../../data/moge_dataset/Spring/0014/0078/image.jpg,../../data/moge_dataset/Spring/0014/0078/depth.png,../../data/moge_dataset/Spring/0014/0078/meta.json,Spring,../../data/depthanything/moge_dataset/Spring/0014/0078/image.png
376,376,../../data/moge_dataset/Spring/0014/0083/image.jpg,../../data/moge_dataset/Spring/0014/0083/depth.png,../../data/moge_dataset/Spring/0014/0083/meta.json,Spring,../../data/depthanything/moge_dataset/Spring/0014/0083/image.png
377,377,../../data/moge_dataset/Spring/0014/0088/image.jpg,../../data/moge_dataset/Spring/0014/0088/depth.png,../../data/moge_dataset/Spring/0014/0088/meta.json,Spring,../../data/depthanything/moge_dataset/Spring/0014/0088/image.png
378,378,../../data/moge_dataset/Spring/0014/0093/image.jpg,../../data/moge_dataset/Spring/0014/0093/depth.png,../../data/moge_dataset/Spring/0014/0093/meta.json,Spring,../../data/depthanything/moge_dataset/Spring/0014/0093/image.png
379,379,../../data/moge_dataset/Spring/0014/0098/image.jpg,../../data/moge_dataset/Spring/0014/0098/depth.png,../../data/moge_dataset/Spring/0014/0098/meta.json,Spring,../../data/depthanything/moge_dataset/Spring/0014/0098/image.png
380,380,../../data/moge_dataset/Spring/0014/0103/image.jpg,../../data/moge_dataset/Spring/0014/0103/depth.png,../../data/moge_dataset/Spring/0014/0103/meta.json,Spring,../../data/depthanything/moge_dataset/Spring/0014/0103/image.png
381,381,../../data/moge_dataset/Spring/0014/0108/image.jpg,../../data/moge_dataset/Spring/0014/0108/depth.png,../../data/moge_dataset/Spring/0014/0108/meta.json,Spring,../../data/depthanything/moge_dataset/Spring/0014/0108/image.png
382,382,../../data/moge_dataset/Spring/0014/0113/image.jpg,../../data/moge_dataset/Spring/0014/0113/depth.png,../../data/moge_dataset/Spring/0014/0113/meta.json,Spring,../../data/depthanything/moge_dataset/Spring/0014/0113/image.png
383,383,../../data/moge_dataset/Spring/0014/0118/image.jpg,../../data/moge_dataset/Spring/0014/0118/depth.png,../../data/moge_dataset/Spring/0014/0118/meta.json,Spring,../../data/depthanything/moge_dataset/Spring/0014/0118/image.png
384,384,../../data/moge_dataset/Spring/0014/0123/image.jpg,../../data/moge_dataset/Spring/0014/0123/depth.png,../../data/moge_dataset/Spring/0014/0123/meta.json,Spring,../../data/depthanything/moge_dataset/Spring/0014/0123/image.png
385,385,../../data/moge_dataset/Spring/0014/0128/image.jpg,../../data/moge_dataset/Spring/0014/0128/depth.png,../../data/moge_dataset/Spring/0014/0128/meta.json,Spring,../../data/depthanything/moge_dataset/Spring/0014/0128/image.png
386,386,../../data/moge_dataset/Spring/0014/0133/image.jpg,../../data/moge_dataset/Spring/0014/0133/depth.png,../../data/moge_dataset/Spring/0014/0133/meta.json,Spring,../../data/depthanything/moge_dataset/Spring/0014/0133/image.png
387,387,../../data/moge_dataset/Spring/0014/0138/image.jpg,../../data/moge_dataset/Spring/0014/0138/depth.png,../../data/moge_dataset/Spring/0014/0138/meta.json,Spring,../../data/depthanything/moge_dataset/Spring/0014/0138/image.png
388,388,../../data/moge_dataset/Spring/0014/0143/image.jpg,../../data/moge_dataset/Spring/0014/0143/depth.png,../../data/moge_dataset/Spring/0014/0143/meta.json,Spring,../../data/depthanything/moge_dataset/Spring/0014/0143/image.png
389,389,../../data/moge_dataset/Spring/0014/0148/image.jpg,../../data/moge_dataset/Spring/0014/0148/depth.png,../../data/moge_dataset/Spring/0014/0148/meta.json,Spring,../../data/depthanything/moge_dataset/Spring/0014/0148/image.png
390,390,../../data/moge_dataset/Spring/0014/0153/image.jpg,../../data/moge_dataset/Spring/0014/0153/depth.png,../../data/moge_dataset/Spring/0014/0153/meta.json,Spring,../../data/depthanything/moge_dataset/Spring/0014/0153/image.png
391,391,../../data/moge_dataset/Spring/0014/0158/image.jpg,../../data/moge_dataset/Spring/0014/0158/depth.png,../../data/moge_dataset/Spring/0014/0158/meta.json,Spring,../../data/depthanything/moge_dataset/Spring/0014/0158/image.png
392,392,../../data/moge_dataset/Spring/0015/0005/image.jpg,../../data/moge_dataset/Spring/0015/0005/depth.png,../../data/moge_dataset/Spring/0015/0005/meta.json,Spring,../../data/depthanything/moge_dataset/Spring/0015/0005/image.png
393,393,../../data/moge_dataset/Spring/0015/0010/image.jpg,../../data/moge_dataset/Spring/0015/0010/depth.png,../../data/moge_dataset/Spring/0015/0010/meta.json,Spring,../../data/depthanything/moge_dataset/Spring/0015/0010/image.png
394,394,../../data/moge_dataset/Spring/0015/0015/image.jpg,../../data/moge_dataset/Spring/0015/0015/depth.png,../../data/moge_dataset/Spring/0015/0015/meta.json,Spring,../../data/depthanything/moge_dataset/Spring/0015/0015/image.png
395,395,../../data/moge_dataset/Spring/0015/0020/image.jpg,../../data/moge_dataset/Spring/0015/0020/depth.png,../../data/moge_dataset/Spring/0015/0020/meta.json,Spring,../../data/depthanything/moge_dataset/Spring/0015/0020/image.png
396,396,../../data/moge_dataset/Spring/0015/0025/image.jpg,../../data/moge_dataset/Spring/0015/0025/depth.png,../../data/moge_dataset/Spring/0015/0025/meta.json,Spring,../../data/depthanything/moge_dataset/Spring/0015/0025/image.png
397,397,../../data/moge_dataset/Spring/0015/0030/image.jpg,../../data/moge_dataset/Spring/0015/0030/depth.png,../../data/moge_dataset/Spring/0015/0030/meta.json,Spring,../../data/depthanything/moge_dataset/Spring/0015/0030/image.png
398,398,../../data/moge_dataset/Spring/0015/0035/image.jpg,../../data/moge_dataset/Spring/0015/0035/depth.png,../../data/moge_dataset/Spring/0015/0035/meta.json,Spring,../../data/depthanything/moge_dataset/Spring/0015/0035/image.png
399,399,../../data/moge_dataset/Spring/0015/0040/image.jpg,../../data/moge_dataset/Spring/0015/0040/depth.png,../../data/moge_dataset/Spring/0015/0040/meta.json,Spring,../../data/depthanything/moge_dataset/Spring/0015/0040/image.png
400,400,../../data/moge_dataset/Spring/0015/0045/image.jpg,../../data/moge_dataset/Spring/0015/0045/depth.png,../../data/moge_dataset/Spring/0015/0045/meta.json,Spring,../../data/depthanything/moge_dataset/Spring/0015/0045/image.png
401,401,../../data/moge_dataset/Spring/0015/0050/image.jpg,../../data/moge_dataset/Spring/0015/0050/depth.png,../../data/moge_dataset/Spring/0015/0050/meta.json,Spring,../../data/depthanything/moge_dataset/Spring/0015/0050/image.png
402,402,../../data/moge_dataset/Spring/0015/0055/image.jpg,../../data/moge_dataset/Spring/0015/0055/depth.png,../../data/moge_dataset/Spring/0015/0055/meta.json,Spring,../../data/depthanything/moge_dataset/Spring/0015/0055/image.png
403,403,../../data/moge_dataset/Spring/0015/0060/image.jpg,../../data/moge_dataset/Spring/0015/0060/depth.png,../../data/moge_dataset/Spring/0015/0060/meta.json,Spring,../../data/depthanything/moge_dataset/Spring/0015/0060/image.png
404,404,../../data/moge_dataset/Spring/0015/0065/image.jpg,../../data/moge_dataset/Spring/0015/0065/depth.png,../../data/moge_dataset/Spring/0015/0065/meta.json,Spring,../../data/depthanything/moge_dataset/Spring/0015/0065/image.png
405,405,../../data/moge_dataset/Spring/0015/0070/image.jpg,../../data/moge_dataset/Spring/0015/0070/depth.png,../../data/moge_dataset/Spring/0015/0070/meta.json,Spring,../../data/depthanything/moge_dataset/Spring/0015/0070/image.png
406,406,../../data/moge_dataset/Spring/0015/0075/image.jpg,../../data/moge_dataset/Spring/0015/0075/depth.png,../../data/moge_dataset/Spring/0015/0075/meta.json,Spring,../../data/depthanything/moge_dataset/Spring/0015/0075/image.png
407,407,../../data/moge_dataset/Spring/0015/0080/image.jpg,../../data/moge_dataset/Spring/0015/0080/depth.png,../../data/moge_dataset/Spring/0015/0080/meta.json,Spring,../../data/depthanything/moge_dataset/Spring/0015/0080/image.png
408,408,../../data/moge_dataset/Spring/0015/0085/image.jpg,../../data/moge_dataset/Spring/0015/0085/depth.png,../../data/moge_dataset/Spring/0015/0085/meta.json,Spring,../../data/depthanything/moge_dataset/Spring/0015/0085/image.png
409,409,../../data/moge_dataset/Spring/0015/0090/image.jpg,../../data/moge_dataset/Spring/0015/0090/depth.png,../../data/moge_dataset/Spring/0015/0090/meta.json,Spring,../../data/depthanything/moge_dataset/Spring/0015/0090/image.png
410,410,../../data/moge_dataset/Spring/0015/0095/image.jpg,../../data/moge_dataset/Spring/0015/0095/depth.png,../../data/moge_dataset/Spring/0015/0095/meta.json,Spring,../../data/depthanything/moge_dataset/Spring/0015/0095/image.png
411,411,../../data/moge_dataset/Spring/0015/0100/image.jpg,../../data/moge_dataset/Spring/0015/0100/depth.png,../../data/moge_dataset/Spring/0015/0100/meta.json,Spring,../../data/depthanything/moge_dataset/Spring/0015/0100/image.png
412,412,../../data/moge_dataset/Spring/0015/0105/image.jpg,../../data/moge_dataset/Spring/0015/0105/depth.png,../../data/moge_dataset/Spring/0015/0105/meta.json,Spring,../../data/depthanything/moge_dataset/Spring/0015/0105/image.png
413,413,../../data/moge_dataset/Spring/0015/0110/image.jpg,../../data/moge_dataset/Spring/0015/0110/depth.png,../../data/moge_dataset/Spring/0015/0110/meta.json,Spring,../../data/depthanything/moge_dataset/Spring/0015/0110/image.png
414,414,../../data/moge_dataset/Spring/0015/0115/image.jpg,../../data/moge_dataset/Spring/0015/0115/depth.png,../../data/moge_dataset/Spring/0015/0115/meta.json,Spring,../../data/depthanything/moge_dataset/Spring/0015/0115/image.png
415,415,../../data/moge_dataset/Spring/0015/0120/image.jpg,../../data/moge_dataset/Spring/0015/0120/depth.png,../../data/moge_dataset/Spring/0015/0120/meta.json,Spring,../../data/depthanything/moge_dataset/Spring/0015/0120/image.png
416,416,../../data/moge_dataset/Spring/0015/0125/image.jpg,../../data/moge_dataset/Spring/0015/0125/depth.png,../../data/moge_dataset/Spring/0015/0125/meta.json,Spring,../../data/depthanything/moge_dataset/Spring/0015/0125/image.png
417,417,../../data/moge_dataset/Spring/0015/0130/image.jpg,../../data/moge_dataset/Spring/0015/0130/depth.png,../../data/moge_dataset/Spring/0015/0130/meta.json,Spring,../../data/depthanything/moge_dataset/Spring/0015/0130/image.png
418,418,../../data/moge_dataset/Spring/0015/0135/image.jpg,../../data/moge_dataset/Spring/0015/0135/depth.png,../../data/moge_dataset/Spring/0015/0135/meta.json,Spring,../../data/depthanything/moge_dataset/Spring/0015/0135/image.png
419,419,../../data/moge_dataset/Spring/0015/0140/image.jpg,../../data/moge_dataset/Spring/0015/0140/depth.png,../../data/moge_dataset/Spring/0015/0140/meta.json,Spring,../../data/depthanything/moge_dataset/Spring/0015/0140/image.png
420,420,../../data/moge_dataset/Spring/0015/0145/image.jpg,../../data/moge_dataset/Spring/0015/0145/depth.png,../../data/moge_dataset/Spring/0015/0145/meta.json,Spring,../../data/depthanything/moge_dataset/Spring/0015/0145/image.png
421,421,../../data/moge_dataset/Spring/0015/0150/image.jpg,../../data/moge_dataset/Spring/0015/0150/depth.png,../../data/moge_dataset/Spring/0015/0150/meta.json,Spring,../../data/depthanything/moge_dataset/Spring/0015/0150/image.png
422,422,../../data/moge_dataset/Spring/0015/0155/image.jpg,../../data/moge_dataset/Spring/0015/0155/depth.png,../../data/moge_dataset/Spring/0015/0155/meta.json,Spring,../../data/depthanything/moge_dataset/Spring/0015/0155/image.png
423,423,../../data/moge_dataset/Spring/0015/0160/image.jpg,../../data/moge_dataset/Spring/0015/0160/depth.png,../../data/moge_dataset/Spring/0015/0160/meta.json,Spring,../../data/depthanything/moge_dataset/Spring/0015/0160/image.png
424,424,../../data/moge_dataset/Spring/0015/0165/image.jpg,../../data/moge_dataset/Spring/0015/0165/depth.png,../../data/moge_dataset/Spring/0015/0165/meta.json,Spring,../../data/depthanything/moge_dataset/Spring/0015/0165/image.png
425,425,../../data/moge_dataset/Spring/0015/0170/image.jpg,../../data/moge_dataset/Spring/0015/0170/depth.png,../../data/moge_dataset/Spring/0015/0170/meta.json,Spring,../../data/depthanything/moge_dataset/Spring/0015/0170/image.png
426,426,../../data/moge_dataset/Spring/0015/0175/image.jpg,../../data/moge_dataset/Spring/0015/0175/depth.png,../../data/moge_dataset/Spring/0015/0175/meta.json,Spring,../../data/depthanything/moge_dataset/Spring/0015/0175/image.png
427,427,../../data/moge_dataset/Spring/0015/0180/image.jpg,../../data/moge_dataset/Spring/0015/0180/depth.png,../../data/moge_dataset/Spring/0015/0180/meta.json,Spring,../../data/depthanything/moge_dataset/Spring/0015/0180/image.png
428,428,../../data/moge_dataset/Spring/0015/0185/image.jpg,../../data/moge_dataset/Spring/0015/0185/depth.png,../../data/moge_dataset/Spring/0015/0185/meta.json,Spring,../../data/depthanything/moge_dataset/Spring/0015/0185/image.png
429,429,../../data/moge_dataset/Spring/0015/0190/image.jpg,../../data/moge_dataset/Spring/0015/0190/depth.png,../../data/moge_dataset/Spring/0015/0190/meta.json,Spring,../../data/depthanything/moge_dataset/Spring/0015/0190/image.png
430,430,../../data/moge_dataset/Spring/0015/0195/image.jpg,../../data/moge_dataset/Spring/0015/0195/depth.png,../../data/moge_dataset/Spring/0015/0195/meta.json,Spring,../../data/depthanything/moge_dataset/Spring/0015/0195/image.png
431,431,../../data/moge_dataset/Spring/0015/0200/image.jpg,../../data/moge_dataset/Spring/0015/0200/depth.png,../../data/moge_dataset/Spring/0015/0200/meta.json,Spring,../../data/depthanything/moge_dataset/Spring/0015/0200/image.png
432,432,../../data/moge_dataset/Spring/0015/0205/image.jpg,../../data/moge_dataset/Spring/0015/0205/depth.png,../../data/moge_dataset/Spring/0015/0205/meta.json,Spring,../../data/depthanything/moge_dataset/Spring/0015/0205/image.png
433,433,../../data/moge_dataset/Spring/0015/0210/image.jpg,../../data/moge_dataset/Spring/0015/0210/depth.png,../../data/moge_dataset/Spring/0015/0210/meta.json,Spring,../../data/depthanything/moge_dataset/Spring/0015/0210/image.png
434,434,../../data/moge_dataset/Spring/0015/0215/image.jpg,../../data/moge_dataset/Spring/0015/0215/depth.png,../../data/moge_dataset/Spring/0015/0215/meta.json,Spring,../../data/depthanything/moge_dataset/Spring/0015/0215/image.png
435,435,../../data/moge_dataset/Spring/0015/0220/image.jpg,../../data/moge_dataset/Spring/0015/0220/depth.png,../../data/moge_dataset/Spring/0015/0220/meta.json,Spring,../../data/depthanything/moge_dataset/Spring/0015/0220/image.png
436,436,../../data/moge_dataset/Spring/0015/0225/image.jpg,../../data/moge_dataset/Spring/0015/0225/depth.png,../../data/moge_dataset/Spring/0015/0225/meta.json,Spring,../../data/depthanything/moge_dataset/Spring/0015/0225/image.png
437,437,../../data/moge_dataset/Spring/0015/0230/image.jpg,../../data/moge_dataset/Spring/0015/0230/depth.png,../../data/moge_dataset/Spring/0015/0230/meta.json,Spring,../../data/depthanything/moge_dataset/Spring/0015/0230/image.png
438,438,../../data/moge_dataset/Spring/0015/0235/image.jpg,../../data/moge_dataset/Spring/0015/0235/depth.png,../../data/moge_dataset/Spring/0015/0235/meta.json,Spring,../../data/depthanything/moge_dataset/Spring/0015/0235/image.png
439,439,../../data/moge_dataset/Spring/0015/0240/image.jpg,../../data/moge_dataset/Spring/0015/0240/depth.png,../../data/moge_dataset/Spring/0015/0240/meta.json,Spring,../../data/depthanything/moge_dataset/Spring/0015/0240/image.png
440,440,../../data/moge_dataset/Spring/0015/0245/image.jpg,../../data/moge_dataset/Spring/0015/0245/depth.png,../../data/moge_dataset/Spring/0015/0245/meta.json,Spring,../../data/depthanything/moge_dataset/Spring/0015/0245/image.png
441,441,../../data/moge_dataset/Spring/0015/0250/image.jpg,../../data/moge_dataset/Spring/0015/0250/depth.png,../../data/moge_dataset/Spring/0015/0250/meta.json,Spring,../../data/depthanything/moge_dataset/Spring/0015/0250/image.png
442,442,../../data/moge_dataset/Spring/0015/0255/image.jpg,../../data/moge_dataset/Spring/0015/0255/depth.png,../../data/moge_dataset/Spring/0015/0255/meta.json,Spring,../../data/depthanything/moge_dataset/Spring/0015/0255/image.png
443,443,../../data/moge_dataset/Spring/0015/0260/image.jpg,../../data/moge_dataset/Spring/0015/0260/depth.png,../../data/moge_dataset/Spring/0015/0260/meta.json,Spring,../../data/depthanything/moge_dataset/Spring/0015/0260/image.png
444,444,../../data/moge_dataset/Spring/0016/0002/image.jpg,../../data/moge_dataset/Spring/0016/0002/depth.png,../../data/moge_dataset/Spring/0016/0002/meta.json,Spring,../../data/depthanything/moge_dataset/Spring/0016/0002/image.png
445,445,../../data/moge_dataset/Spring/0016/0007/image.jpg,../../data/moge_dataset/Spring/0016/0007/depth.png,../../data/moge_dataset/Spring/0016/0007/meta.json,Spring,../../data/depthanything/moge_dataset/Spring/0016/0007/image.png
446,446,../../data/moge_dataset/Spring/0016/0012/image.jpg,../../data/moge_dataset/Spring/0016/0012/depth.png,../../data/moge_dataset/Spring/0016/0012/meta.json,Spring,../../data/depthanything/moge_dataset/Spring/0016/0012/image.png
447,447,../../data/moge_dataset/Spring/0016/0017/image.jpg,../../data/moge_dataset/Spring/0016/0017/depth.png,../../data/moge_dataset/Spring/0016/0017/meta.json,Spring,../../data/depthanything/moge_dataset/Spring/0016/0017/image.png
448,448,../../data/moge_dataset/Spring/0016/0022/image.jpg,../../data/moge_dataset/Spring/0016/0022/depth.png,../../data/moge_dataset/Spring/0016/0022/meta.json,Spring,../../data/depthanything/moge_dataset/Spring/0016/0022/image.png
449,449,../../data/moge_dataset/Spring/0016/0027/image.jpg,../../data/moge_dataset/Spring/0016/0027/depth.png,../../data/moge_dataset/Spring/0016/0027/meta.json,Spring,../../data/depthanything/moge_dataset/Spring/0016/0027/image.png
450,450,../../data/moge_dataset/Spring/0016/0032/image.jpg,../../data/moge_dataset/Spring/0016/0032/depth.png,../../data/moge_dataset/Spring/0016/0032/meta.json,Spring,../../data/depthanything/moge_dataset/Spring/0016/0032/image.png
451,451,../../data/moge_dataset/Spring/0016/0037/image.jpg,../../data/moge_dataset/Spring/0016/0037/depth.png,../../data/moge_dataset/Spring/0016/0037/meta.json,Spring,../../data/depthanything/moge_dataset/Spring/0016/0037/image.png
452,452,../../data/moge_dataset/Spring/0016/0042/image.jpg,../../data/moge_dataset/Spring/0016/0042/depth.png,../../data/moge_dataset/Spring/0016/0042/meta.json,Spring,../../data/depthanything/moge_dataset/Spring/0016/0042/image.png
453,453,../../data/moge_dataset/Spring/0016/0047/image.jpg,../../data/moge_dataset/Spring/0016/0047/depth.png,../../data/moge_dataset/Spring/0016/0047/meta.json,Spring,../../data/depthanything/moge_dataset/Spring/0016/0047/image.png
454,454,../../data/moge_dataset/Spring/0016/0052/image.jpg,../../data/moge_dataset/Spring/0016/0052/depth.png,../../data/moge_dataset/Spring/0016/0052/meta.json,Spring,../../data/depthanything/moge_dataset/Spring/0016/0052/image.png
455,455,../../data/moge_dataset/Spring/0016/0057/image.jpg,../../data/moge_dataset/Spring/0016/0057/depth.png,../../data/moge_dataset/Spring/0016/0057/meta.json,Spring,../../data/depthanything/moge_dataset/Spring/0016/0057/image.png
456,456,../../data/moge_dataset/Spring/0016/0062/image.jpg,../../data/moge_dataset/Spring/0016/0062/depth.png,../../data/moge_dataset/Spring/0016/0062/meta.json,Spring,../../data/depthanything/moge_dataset/Spring/0016/0062/image.png
457,457,../../data/moge_dataset/Spring/0016/0067/image.jpg,../../data/moge_dataset/Spring/0016/0067/depth.png,../../data/moge_dataset/Spring/0016/0067/meta.json,Spring,../../data/depthanything/moge_dataset/Spring/0016/0067/image.png
458,458,../../data/moge_dataset/Spring/0016/0072/image.jpg,../../data/moge_dataset/Spring/0016/0072/depth.png,../../data/moge_dataset/Spring/0016/0072/meta.json,Spring,../../data/depthanything/moge_dataset/Spring/0016/0072/image.png
459,459,../../data/moge_dataset/Spring/0016/0077/image.jpg,../../data/moge_dataset/Spring/0016/0077/depth.png,../../data/moge_dataset/Spring/0016/0077/meta.json,Spring,../../data/depthanything/moge_dataset/Spring/0016/0077/image.png
460,460,../../data/moge_dataset/Spring/0016/0082/image.jpg,../../data/moge_dataset/Spring/0016/0082/depth.png,../../data/moge_dataset/Spring/0016/0082/meta.json,Spring,../../data/depthanything/moge_dataset/Spring/0016/0082/image.png
461,461,../../data/moge_dataset/Spring/0016/0087/image.jpg,../../data/moge_dataset/Spring/0016/0087/depth.png,../../data/moge_dataset/Spring/0016/0087/meta.json,Spring,../../data/depthanything/moge_dataset/Spring/0016/0087/image.png
462,462,../../data/moge_dataset/Spring/0016/0092/image.jpg,../../data/moge_dataset/Spring/0016/0092/depth.png,../../data/moge_dataset/Spring/0016/0092/meta.json,Spring,../../data/depthanything/moge_dataset/Spring/0016/0092/image.png
463,463,../../data/moge_dataset/Spring/0016/0097/image.jpg,../../data/moge_dataset/Spring/0016/0097/depth.png,../../data/moge_dataset/Spring/0016/0097/meta.json,Spring,../../data/depthanything/moge_dataset/Spring/0016/0097/image.png
464,464,../../data/moge_dataset/Spring/0016/0102/image.jpg,../../data/moge_dataset/Spring/0016/0102/depth.png,../../data/moge_dataset/Spring/0016/0102/meta.json,Spring,../../data/depthanything/moge_dataset/Spring/0016/0102/image.png
465,465,../../data/moge_dataset/Spring/0016/0107/image.jpg,../../data/moge_dataset/Spring/0016/0107/depth.png,../../data/moge_dataset/Spring/0016/0107/meta.json,Spring,../../data/depthanything/moge_dataset/Spring/0016/0107/image.png
466,466,../../data/moge_dataset/Spring/0016/0112/image.jpg,../../data/moge_dataset/Spring/0016/0112/depth.png,../../data/moge_dataset/Spring/0016/0112/meta.json,Spring,../../data/depthanything/moge_dataset/Spring/0016/0112/image.png
467,467,../../data/moge_dataset/Spring/0016/0117/image.jpg,../../data/moge_dataset/Spring/0016/0117/depth.png,../../data/moge_dataset/Spring/0016/0117/meta.json,Spring,../../data/depthanything/moge_dataset/Spring/0016/0117/image.png
468,468,../../data/moge_dataset/Spring/0016/0122/image.jpg,../../data/moge_dataset/Spring/0016/0122/depth.png,../../data/moge_dataset/Spring/0016/0122/meta.json,Spring,../../data/depthanything/moge_dataset/Spring/0016/0122/image.png
469,469,../../data/moge_dataset/Spring/0016/0127/image.jpg,../../data/moge_dataset/Spring/0016/0127/depth.png,../../data/moge_dataset/Spring/0016/0127/meta.json,Spring,../../data/depthanything/moge_dataset/Spring/0016/0127/image.png
470,470,../../data/moge_dataset/Spring/0016/0132/image.jpg,../../data/moge_dataset/Spring/0016/0132/depth.png,../../data/moge_dataset/Spring/0016/0132/meta.json,Spring,../../data/depthanything/moge_dataset/Spring/0016/0132/image.png
471,471,../../data/moge_dataset/Spring/0016/0137/image.jpg,../../data/moge_dataset/Spring/0016/0137/depth.png,../../data/moge_dataset/Spring/0016/0137/meta.json,Spring,../../data/depthanything/moge_dataset/Spring/0016/0137/image.png
472,472,../../data/moge_dataset/Spring/0016/0142/image.jpg,../../data/moge_dataset/Spring/0016/0142/depth.png,../../data/moge_dataset/Spring/0016/0142/meta.json,Spring,../../data/depthanything/moge_dataset/Spring/0016/0142/image.png
473,473,../../data/moge_dataset/Spring/0016/0147/image.jpg,../../data/moge_dataset/Spring/0016/0147/depth.png,../../data/moge_dataset/Spring/0016/0147/meta.json,Spring,../../data/depthanything/moge_dataset/Spring/0016/0147/image.png
474,474,../../data/moge_dataset/Spring/0016/0152/image.jpg,../../data/moge_dataset/Spring/0016/0152/depth.png,../../data/moge_dataset/Spring/0016/0152/meta.json,Spring,../../data/depthanything/moge_dataset/Spring/0016/0152/image.png
475,475,../../data/moge_dataset/Spring/0016/0157/image.jpg,../../data/moge_dataset/Spring/0016/0157/depth.png,../../data/moge_dataset/Spring/0016/0157/meta.json,Spring,../../data/depthanything/moge_dataset/Spring/0016/0157/image.png
476,476,../../data/moge_dataset/Spring/0016/0162/image.jpg,../../data/moge_dataset/Spring/0016/0162/depth.png,../../data/moge_dataset/Spring/0016/0162/meta.json,Spring,../../data/depthanything/moge_dataset/Spring/0016/0162/image.png
477,477,../../data/moge_dataset/Spring/0016/0167/image.jpg,../../data/moge_dataset/Spring/0016/0167/depth.png,../../data/moge_dataset/Spring/0016/0167/meta.json,Spring,../../data/depthanything/moge_dataset/Spring/0016/0167/image.png
478,478,../../data/moge_dataset/Spring/0016/0172/image.jpg,../../data/moge_dataset/Spring/0016/0172/depth.png,../../data/moge_dataset/Spring/0016/0172/meta.json,Spring,../../data/depthanything/moge_dataset/Spring/0016/0172/image.png
479,479,../../data/moge_dataset/Spring/0016/0177/image.jpg,../../data/moge_dataset/Spring/0016/0177/depth.png,../../data/moge_dataset/Spring/0016/0177/meta.json,Spring,../../data/depthanything/moge_dataset/Spring/0016/0177/image.png
480,480,../../data/moge_dataset/Spring/0016/0182/image.jpg,../../data/moge_dataset/Spring/0016/0182/depth.png,../../data/moge_dataset/Spring/0016/0182/meta.json,Spring,../../data/depthanything/moge_dataset/Spring/0016/0182/image.png
481,481,../../data/moge_dataset/Spring/0016/0187/image.jpg,../../data/moge_dataset/Spring/0016/0187/depth.png,../../data/moge_dataset/Spring/0016/0187/meta.json,Spring,../../data/depthanything/moge_dataset/Spring/0016/0187/image.png
482,482,../../data/moge_dataset/Spring/0016/0192/image.jpg,../../data/moge_dataset/Spring/0016/0192/depth.png,../../data/moge_dataset/Spring/0016/0192/meta.json,Spring,../../data/depthanything/moge_dataset/Spring/0016/0192/image.png
483,483,../../data/moge_dataset/Spring/0016/0197/image.jpg,../../data/moge_dataset/Spring/0016/0197/depth.png,../../data/moge_dataset/Spring/0016/0197/meta.json,Spring,../../data/depthanything/moge_dataset/Spring/0016/0197/image.png
484,484,../../data/moge_dataset/Spring/0016/0202/image.jpg,../../data/moge_dataset/Spring/0016/0202/depth.png,../../data/moge_dataset/Spring/0016/0202/meta.json,Spring,../../data/depthanything/moge_dataset/Spring/0016/0202/image.png
485,485,../../data/moge_dataset/Spring/0016/0207/image.jpg,../../data/moge_dataset/Spring/0016/0207/depth.png,../../data/moge_dataset/Spring/0016/0207/meta.json,Spring,../../data/depthanything/moge_dataset/Spring/0016/0207/image.png
486,486,../../data/moge_dataset/Spring/0016/0212/image.jpg,../../data/moge_dataset/Spring/0016/0212/depth.png,../../data/moge_dataset/Spring/0016/0212/meta.json,Spring,../../data/depthanything/moge_dataset/Spring/0016/0212/image.png
487,487,../../data/moge_dataset/Spring/0016/0217/image.jpg,../../data/moge_dataset/Spring/0016/0217/depth.png,../../data/moge_dataset/Spring/0016/0217/meta.json,Spring,../../data/depthanything/moge_dataset/Spring/0016/0217/image.png
488,488,../../data/moge_dataset/Spring/0016/0222/image.jpg,../../data/moge_dataset/Spring/0016/0222/depth.png,../../data/moge_dataset/Spring/0016/0222/meta.json,Spring,../../data/depthanything/moge_dataset/Spring/0016/0222/image.png
489,489,../../data/moge_dataset/Spring/0016/0227/image.jpg,../../data/moge_dataset/Spring/0016/0227/depth.png,../../data/moge_dataset/Spring/0016/0227/meta.json,Spring,../../data/depthanything/moge_dataset/Spring/0016/0227/image.png
490,490,../../data/moge_dataset/Spring/0016/0232/image.jpg,../../data/moge_dataset/Spring/0016/0232/depth.png,../../data/moge_dataset/Spring/0016/0232/meta.json,Spring,../../data/depthanything/moge_dataset/Spring/0016/0232/image.png
491,491,../../data/moge_dataset/Spring/0016/0237/image.jpg,../../data/moge_dataset/Spring/0016/0237/depth.png,../../data/moge_dataset/Spring/0016/0237/meta.json,Spring,../../data/depthanything/moge_dataset/Spring/0016/0237/image.png
492,492,../../data/moge_dataset/Spring/0016/0242/image.jpg,../../data/moge_dataset/Spring/0016/0242/depth.png,../../data/moge_dataset/Spring/0016/0242/meta.json,Spring,../../data/depthanything/moge_dataset/Spring/0016/0242/image.png
493,493,../../data/moge_dataset/Spring/0016/0247/image.jpg,../../data/moge_dataset/Spring/0016/0247/depth.png,../../data/moge_dataset/Spring/0016/0247/meta.json,Spring,../../data/depthanything/moge_dataset/Spring/0016/0247/image.png
494,494,../../data/moge_dataset/Spring/0016/0252/image.jpg,../../data/moge_dataset/Spring/0016/0252/depth.png,../../data/moge_dataset/Spring/0016/0252/meta.json,Spring,../../data/depthanything/moge_dataset/Spring/0016/0252/image.png
495,495,../../data/moge_dataset/Spring/0016/0257/image.jpg,../../data/moge_dataset/Spring/0016/0257/depth.png,../../data/moge_dataset/Spring/0016/0257/meta.json,Spring,../../data/depthanything/moge_dataset/Spring/0016/0257/image.png
496,496,../../data/moge_dataset/Spring/0016/0262/image.jpg,../../data/moge_dataset/Spring/0016/0262/depth.png,../../data/moge_dataset/Spring/0016/0262/meta.json,Spring,../../data/depthanything/moge_dataset/Spring/0016/0262/image.png
497,497,../../data/moge_dataset/Spring/0016/0267/image.jpg,../../data/moge_dataset/Spring/0016/0267/depth.png,../../data/moge_dataset/Spring/0016/0267/meta.json,Spring,../../data/depthanything/moge_dataset/Spring/0016/0267/image.png
498,498,../../data/moge_dataset/Spring/0016/0272/image.jpg,../../data/moge_dataset/Spring/0016/0272/depth.png,../../data/moge_dataset/Spring/0016/0272/meta.json,Spring,../../data/depthanything/moge_dataset/Spring/0016/0272/image.png
499,499,../../data/moge_dataset/Spring/0016/0277/image.jpg,../../data/moge_dataset/Spring/0016/0277/depth.png,../../data/moge_dataset/Spring/0016/0277/meta.json,Spring,../../data/depthanything/moge_dataset/Spring/0016/0277/image.png
500,500,../../data/moge_dataset/Spring/0016/0282/image.jpg,../../data/moge_dataset/Spring/0016/0282/depth.png,../../data/moge_dataset/Spring/0016/0282/meta.json,Spring,../../data/depthanything/moge_dataset/Spring/0016/0282/image.png
501,501,../../data/moge_dataset/Spring/0017/0005/image.jpg,../../data/moge_dataset/Spring/0017/0005/depth.png,../../data/moge_dataset/Spring/0017/0005/meta.json,Spring,../../data/depthanything/moge_dataset/Spring/0017/0005/image.png
502,502,../../data/moge_dataset/Spring/0017/0010/image.jpg,../../data/moge_dataset/Spring/0017/0010/depth.png,../../data/moge_dataset/Spring/0017/0010/meta.json,Spring,../../data/depthanything/moge_dataset/Spring/0017/0010/image.png
503,503,../../data/moge_dataset/Spring/0017/0015/image.jpg,../../data/moge_dataset/Spring/0017/0015/depth.png,../../data/moge_dataset/Spring/0017/0015/meta.json,Spring,../../data/depthanything/moge_dataset/Spring/0017/0015/image.png
504,504,../../data/moge_dataset/Spring/0017/0020/image.jpg,../../data/moge_dataset/Spring/0017/0020/depth.png,../../data/moge_dataset/Spring/0017/0020/meta.json,Spring,../../data/depthanything/moge_dataset/Spring/0017/0020/image.png
505,505,../../data/moge_dataset/Spring/0017/0025/image.jpg,../../data/moge_dataset/Spring/0017/0025/depth.png,../../data/moge_dataset/Spring/0017/0025/meta.json,Spring,../../data/depthanything/moge_dataset/Spring/0017/0025/image.png
506,506,../../data/moge_dataset/Spring/0017/0030/image.jpg,../../data/moge_dataset/Spring/0017/0030/depth.png,../../data/moge_dataset/Spring/0017/0030/meta.json,Spring,../../data/depthanything/moge_dataset/Spring/0017/0030/image.png
507,507,../../data/moge_dataset/Spring/0017/0035/image.jpg,../../data/moge_dataset/Spring/0017/0035/depth.png,../../data/moge_dataset/Spring/0017/0035/meta.json,Spring,../../data/depthanything/moge_dataset/Spring/0017/0035/image.png
508,508,../../data/moge_dataset/Spring/0017/0040/image.jpg,../../data/moge_dataset/Spring/0017/0040/depth.png,../../data/moge_dataset/Spring/0017/0040/meta.json,Spring,../../data/depthanything/moge_dataset/Spring/0017/0040/image.png
509,509,../../data/moge_dataset/Spring/0017/0045/image.jpg,../../data/moge_dataset/Spring/0017/0045/depth.png,../../data/moge_dataset/Spring/0017/0045/meta.json,Spring,../../data/depthanything/moge_dataset/Spring/0017/0045/image.png
510,510,../../data/moge_dataset/Spring/0018/0002/image.jpg,../../data/moge_dataset/Spring/0018/0002/depth.png,../../data/moge_dataset/Spring/0018/0002/meta.json,Spring,../../data/depthanything/moge_dataset/Spring/0018/0002/image.png
511,511,../../data/moge_dataset/Spring/0018/0007/image.jpg,../../data/moge_dataset/Spring/0018/0007/depth.png,../../data/moge_dataset/Spring/0018/0007/meta.json,Spring,../../data/depthanything/moge_dataset/Spring/0018/0007/image.png
512,512,../../data/moge_dataset/Spring/0018/0012/image.jpg,../../data/moge_dataset/Spring/0018/0012/depth.png,../../data/moge_dataset/Spring/0018/0012/meta.json,Spring,../../data/depthanything/moge_dataset/Spring/0018/0012/image.png
513,513,../../data/moge_dataset/Spring/0018/0017/image.jpg,../../data/moge_dataset/Spring/0018/0017/depth.png,../../data/moge_dataset/Spring/0018/0017/meta.json,Spring,../../data/depthanything/moge_dataset/Spring/0018/0017/image.png
514,514,../../data/moge_dataset/Spring/0018/0022/image.jpg,../../data/moge_dataset/Spring/0018/0022/depth.png,../../data/moge_dataset/Spring/0018/0022/meta.json,Spring,../../data/depthanything/moge_dataset/Spring/0018/0022/image.png
515,515,../../data/moge_dataset/Spring/0018/0027/image.jpg,../../data/moge_dataset/Spring/0018/0027/depth.png,../../data/moge_dataset/Spring/0018/0027/meta.json,Spring,../../data/depthanything/moge_dataset/Spring/0018/0027/image.png
516,516,../../data/moge_dataset/Spring/0018/0032/image.jpg,../../data/moge_dataset/Spring/0018/0032/depth.png,../../data/moge_dataset/Spring/0018/0032/meta.json,Spring,../../data/depthanything/moge_dataset/Spring/0018/0032/image.png
517,517,../../data/moge_dataset/Spring/0018/0037/image.jpg,../../data/moge_dataset/Spring/0018/0037/depth.png,../../data/moge_dataset/Spring/0018/0037/meta.json,Spring,../../data/depthanything/moge_dataset/Spring/0018/0037/image.png
518,518,../../data/moge_dataset/Spring/0018/0042/image.jpg,../../data/moge_dataset/Spring/0018/0042/depth.png,../../data/moge_dataset/Spring/0018/0042/meta.json,Spring,../../data/depthanything/moge_dataset/Spring/0018/0042/image.png
519,519,../../data/moge_dataset/Spring/0018/0047/image.jpg,../../data/moge_dataset/Spring/0018/0047/depth.png,../../data/moge_dataset/Spring/0018/0047/meta.json,Spring,../../data/depthanything/moge_dataset/Spring/0018/0047/image.png
520,520,../../data/moge_dataset/Spring/0018/0052/image.jpg,../../data/moge_dataset/Spring/0018/0052/depth.png,../../data/moge_dataset/Spring/0018/0052/meta.json,Spring,../../data/depthanything/moge_dataset/Spring/0018/0052/image.png
521,521,../../data/moge_dataset/Spring/0018/0057/image.jpg,../../data/moge_dataset/Spring/0018/0057/depth.png,../../data/moge_dataset/Spring/0018/0057/meta.json,Spring,../../data/depthanything/moge_dataset/Spring/0018/0057/image.png
522,522,../../data/moge_dataset/Spring/0018/0062/image.jpg,../../data/moge_dataset/Spring/0018/0062/depth.png,../../data/moge_dataset/Spring/0018/0062/meta.json,Spring,../../data/depthanything/moge_dataset/Spring/0018/0062/image.png
523,523,../../data/moge_dataset/Spring/0018/0067/image.jpg,../../data/moge_dataset/Spring/0018/0067/depth.png,../../data/moge_dataset/Spring/0018/0067/meta.json,Spring,../../data/depthanything/moge_dataset/Spring/0018/0067/image.png
524,524,../../data/moge_dataset/Spring/0018/0072/image.jpg,../../data/moge_dataset/Spring/0018/0072/depth.png,../../data/moge_dataset/Spring/0018/0072/meta.json,Spring,../../data/depthanything/moge_dataset/Spring/0018/0072/image.png
525,525,../../data/moge_dataset/Spring/0018/0077/image.jpg,../../data/moge_dataset/Spring/0018/0077/depth.png,../../data/moge_dataset/Spring/0018/0077/meta.json,Spring,../../data/depthanything/moge_dataset/Spring/0018/0077/image.png
526,526,../../data/moge_dataset/Spring/0018/0082/image.jpg,../../data/moge_dataset/Spring/0018/0082/depth.png,../../data/moge_dataset/Spring/0018/0082/meta.json,Spring,../../data/depthanything/moge_dataset/Spring/0018/0082/image.png
527,527,../../data/moge_dataset/Spring/0018/0087/image.jpg,../../data/moge_dataset/Spring/0018/0087/depth.png,../../data/moge_dataset/Spring/0018/0087/meta.json,Spring,../../data/depthanything/moge_dataset/Spring/0018/0087/image.png
528,528,../../data/moge_dataset/Spring/0018/0092/image.jpg,../../data/moge_dataset/Spring/0018/0092/depth.png,../../data/moge_dataset/Spring/0018/0092/meta.json,Spring,../../data/depthanything/moge_dataset/Spring/0018/0092/image.png
529,529,../../data/moge_dataset/Spring/0018/0097/image.jpg,../../data/moge_dataset/Spring/0018/0097/depth.png,../../data/moge_dataset/Spring/0018/0097/meta.json,Spring,../../data/depthanything/moge_dataset/Spring/0018/0097/image.png
530,530,../../data/moge_dataset/Spring/0018/0102/image.jpg,../../data/moge_dataset/Spring/0018/0102/depth.png,../../data/moge_dataset/Spring/0018/0102/meta.json,Spring,../../data/depthanything/moge_dataset/Spring/0018/0102/image.png
531,531,../../data/moge_dataset/Spring/0018/0107/image.jpg,../../data/moge_dataset/Spring/0018/0107/depth.png,../../data/moge_dataset/Spring/0018/0107/meta.json,Spring,../../data/depthanything/moge_dataset/Spring/0018/0107/image.png
532,532,../../data/moge_dataset/Spring/0020/0001/image.jpg,../../data/moge_dataset/Spring/0020/0001/depth.png,../../data/moge_dataset/Spring/0020/0001/meta.json,Spring,../../data/depthanything/moge_dataset/Spring/0020/0001/image.png
533,533,../../data/moge_dataset/Spring/0020/0006/image.jpg,../../data/moge_dataset/Spring/0020/0006/depth.png,../../data/moge_dataset/Spring/0020/0006/meta.json,Spring,../../data/depthanything/moge_dataset/Spring/0020/0006/image.png
534,534,../../data/moge_dataset/Spring/0020/0011/image.jpg,../../data/moge_dataset/Spring/0020/0011/depth.png,../../data/moge_dataset/Spring/0020/0011/meta.json,Spring,../../data/depthanything/moge_dataset/Spring/0020/0011/image.png
535,535,../../data/moge_dataset/Spring/0020/0016/image.jpg,../../data/moge_dataset/Spring/0020/0016/depth.png,../../data/moge_dataset/Spring/0020/0016/meta.json,Spring,../../data/depthanything/moge_dataset/Spring/0020/0016/image.png
536,536,../../data/moge_dataset/Spring/0020/0021/image.jpg,../../data/moge_dataset/Spring/0020/0021/depth.png,../../data/moge_dataset/Spring/0020/0021/meta.json,Spring,../../data/depthanything/moge_dataset/Spring/0020/0021/image.png
537,537,../../data/moge_dataset/Spring/0020/0026/image.jpg,../../data/moge_dataset/Spring/0020/0026/depth.png,../../data/moge_dataset/Spring/0020/0026/meta.json,Spring,../../data/depthanything/moge_dataset/Spring/0020/0026/image.png
538,538,../../data/moge_dataset/Spring/0020/0031/image.jpg,../../data/moge_dataset/Spring/0020/0031/depth.png,../../data/moge_dataset/Spring/0020/0031/meta.json,Spring,../../data/depthanything/moge_dataset/Spring/0020/0031/image.png
539,539,../../data/moge_dataset/Spring/0020/0036/image.jpg,../../data/moge_dataset/Spring/0020/0036/depth.png,../../data/moge_dataset/Spring/0020/0036/meta.json,Spring,../../data/depthanything/moge_dataset/Spring/0020/0036/image.png
540,540,../../data/moge_dataset/Spring/0020/0041/image.jpg,../../data/moge_dataset/Spring/0020/0041/depth.png,../../data/moge_dataset/Spring/0020/0041/meta.json,Spring,../../data/depthanything/moge_dataset/Spring/0020/0041/image.png
541,541,../../data/moge_dataset/Spring/0020/0046/image.jpg,../../data/moge_dataset/Spring/0020/0046/depth.png,../../data/moge_dataset/Spring/0020/0046/meta.json,Spring,../../data/depthanything/moge_dataset/Spring/0020/0046/image.png
542,542,../../data/moge_dataset/Spring/0020/0051/image.jpg,../../data/moge_dataset/Spring/0020/0051/depth.png,../../data/moge_dataset/Spring/0020/0051/meta.json,Spring,../../data/depthanything/moge_dataset/Spring/0020/0051/image.png
543,543,../../data/moge_dataset/Spring/0020/0056/image.jpg,../../data/moge_dataset/Spring/0020/0056/depth.png,../../data/moge_dataset/Spring/0020/0056/meta.json,Spring,../../data/depthanything/moge_dataset/Spring/0020/0056/image.png
544,544,../../data/moge_dataset/Spring/0020/0061/image.jpg,../../data/moge_dataset/Spring/0020/0061/depth.png,../../data/moge_dataset/Spring/0020/0061/meta.json,Spring,../../data/depthanything/moge_dataset/Spring/0020/0061/image.png
545,545,../../data/moge_dataset/Spring/0020/0066/image.jpg,../../data/moge_dataset/Spring/0020/0066/depth.png,../../data/moge_dataset/Spring/0020/0066/meta.json,Spring,../../data/depthanything/moge_dataset/Spring/0020/0066/image.png
546,546,../../data/moge_dataset/Spring/0020/0071/image.jpg,../../data/moge_dataset/Spring/0020/0071/depth.png,../../data/moge_dataset/Spring/0020/0071/meta.json,Spring,../../data/depthanything/moge_dataset/Spring/0020/0071/image.png
547,547,../../data/moge_dataset/Spring/0020/0076/image.jpg,../../data/moge_dataset/Spring/0020/0076/depth.png,../../data/moge_dataset/Spring/0020/0076/meta.json,Spring,../../data/depthanything/moge_dataset/Spring/0020/0076/image.png
548,548,../../data/moge_dataset/Spring/0020/0081/image.jpg,../../data/moge_dataset/Spring/0020/0081/depth.png,../../data/moge_dataset/Spring/0020/0081/meta.json,Spring,../../data/depthanything/moge_dataset/Spring/0020/0081/image.png
549,549,../../data/moge_dataset/Spring/0020/0086/image.jpg,../../data/moge_dataset/Spring/0020/0086/depth.png,../../data/moge_dataset/Spring/0020/0086/meta.json,Spring,../../data/depthanything/moge_dataset/Spring/0020/0086/image.png
550,550,../../data/moge_dataset/Spring/0020/0091/image.jpg,../../data/moge_dataset/Spring/0020/0091/depth.png,../../data/moge_dataset/Spring/0020/0091/meta.json,Spring,../../data/depthanything/moge_dataset/Spring/0020/0091/image.png
551,551,../../data/moge_dataset/Spring/0020/0096/image.jpg,../../data/moge_dataset/Spring/0020/0096/depth.png,../../data/moge_dataset/Spring/0020/0096/meta.json,Spring,../../data/depthanything/moge_dataset/Spring/0020/0096/image.png
552,552,../../data/moge_dataset/Spring/0020/0101/image.jpg,../../data/moge_dataset/Spring/0020/0101/depth.png,../../data/moge_dataset/Spring/0020/0101/meta.json,Spring,../../data/depthanything/moge_dataset/Spring/0020/0101/image.png
553,553,../../data/moge_dataset/Spring/0020/0106/image.jpg,../../data/moge_dataset/Spring/0020/0106/depth.png,../../data/moge_dataset/Spring/0020/0106/meta.json,Spring,../../data/depthanything/moge_dataset/Spring/0020/0106/image.png
554,554,../../data/moge_dataset/Spring/0020/0111/image.jpg,../../data/moge_dataset/Spring/0020/0111/depth.png,../../data/moge_dataset/Spring/0020/0111/meta.json,Spring,../../data/depthanything/moge_dataset/Spring/0020/0111/image.png
555,555,../../data/moge_dataset/Spring/0020/0116/image.jpg,../../data/moge_dataset/Spring/0020/0116/depth.png,../../data/moge_dataset/Spring/0020/0116/meta.json,Spring,../../data/depthanything/moge_dataset/Spring/0020/0116/image.png
556,556,../../data/moge_dataset/Spring/0020/0121/image.jpg,../../data/moge_dataset/Spring/0020/0121/depth.png,../../data/moge_dataset/Spring/0020/0121/meta.json,Spring,../../data/depthanything/moge_dataset/Spring/0020/0121/image.png
557,557,../../data/moge_dataset/Spring/0020/0126/image.jpg,../../data/moge_dataset/Spring/0020/0126/depth.png,../../data/moge_dataset/Spring/0020/0126/meta.json,Spring,../../data/depthanything/moge_dataset/Spring/0020/0126/image.png
558,558,../../data/moge_dataset/Spring/0020/0131/image.jpg,../../data/moge_dataset/Spring/0020/0131/depth.png,../../data/moge_dataset/Spring/0020/0131/meta.json,Spring,../../data/depthanything/moge_dataset/Spring/0020/0131/image.png
559,559,../../data/moge_dataset/Spring/0020/0136/image.jpg,../../data/moge_dataset/Spring/0020/0136/depth.png,../../data/moge_dataset/Spring/0020/0136/meta.json,Spring,../../data/depthanything/moge_dataset/Spring/0020/0136/image.png
560,560,../../data/moge_dataset/Spring/0020/0141/image.jpg,../../data/moge_dataset/Spring/0020/0141/depth.png,../../data/moge_dataset/Spring/0020/0141/meta.json,Spring,../../data/depthanything/moge_dataset/Spring/0020/0141/image.png
561,561,../../data/moge_dataset/Spring/0020/0146/image.jpg,../../data/moge_dataset/Spring/0020/0146/depth.png,../../data/moge_dataset/Spring/0020/0146/meta.json,Spring,../../data/depthanything/moge_dataset/Spring/0020/0146/image.png
562,562,../../data/moge_dataset/Spring/0020/0151/image.jpg,../../data/moge_dataset/Spring/0020/0151/depth.png,../../data/moge_dataset/Spring/0020/0151/meta.json,Spring,../../data/depthanything/moge_dataset/Spring/0020/0151/image.png
563,563,../../data/moge_dataset/Spring/0020/0156/image.jpg,../../data/moge_dataset/Spring/0020/0156/depth.png,../../data/moge_dataset/Spring/0020/0156/meta.json,Spring,../../data/depthanything/moge_dataset/Spring/0020/0156/image.png
564,564,../../data/moge_dataset/Spring/0020/0161/image.jpg,../../data/moge_dataset/Spring/0020/0161/depth.png,../../data/moge_dataset/Spring/0020/0161/meta.json,Spring,../../data/depthanything/moge_dataset/Spring/0020/0161/image.png
565,565,../../data/moge_dataset/Spring/0020/0166/image.jpg,../../data/moge_dataset/Spring/0020/0166/depth.png,../../data/moge_dataset/Spring/0020/0166/meta.json,Spring,../../data/depthanything/moge_dataset/Spring/0020/0166/image.png
566,566,../../data/moge_dataset/Spring/0020/0171/image.jpg,../../data/moge_dataset/Spring/0020/0171/depth.png,../../data/moge_dataset/Spring/0020/0171/meta.json,Spring,../../data/depthanything/moge_dataset/Spring/0020/0171/image.png
567,567,../../data/moge_dataset/Spring/0020/0176/image.jpg,../../data/moge_dataset/Spring/0020/0176/depth.png,../../data/moge_dataset/Spring/0020/0176/meta.json,Spring,../../data/depthanything/moge_dataset/Spring/0020/0176/image.png
568,568,../../data/moge_dataset/Spring/0020/0181/image.jpg,../../data/moge_dataset/Spring/0020/0181/depth.png,../../data/moge_dataset/Spring/0020/0181/meta.json,Spring,../../data/depthanything/moge_dataset/Spring/0020/0181/image.png
569,569,../../data/moge_dataset/Spring/0020/0186/image.jpg,../../data/moge_dataset/Spring/0020/0186/depth.png,../../data/moge_dataset/Spring/0020/0186/meta.json,Spring,../../data/depthanything/moge_dataset/Spring/0020/0186/image.png
570,570,../../data/moge_dataset/Spring/0020/0191/image.jpg,../../data/moge_dataset/Spring/0020/0191/depth.png,../../data/moge_dataset/Spring/0020/0191/meta.json,Spring,../../data/depthanything/moge_dataset/Spring/0020/0191/image.png
571,571,../../data/moge_dataset/Spring/0020/0196/image.jpg,../../data/moge_dataset/Spring/0020/0196/depth.png,../../data/moge_dataset/Spring/0020/0196/meta.json,Spring,../../data/depthanything/moge_dataset/Spring/0020/0196/image.png
572,572,../../data/moge_dataset/Spring/0020/0201/image.jpg,../../data/moge_dataset/Spring/0020/0201/depth.png,../../data/moge_dataset/Spring/0020/0201/meta.json,Spring,../../data/depthanything/moge_dataset/Spring/0020/0201/image.png
573,573,../../data/moge_dataset/Spring/0020/0206/image.jpg,../../data/moge_dataset/Spring/0020/0206/depth.png,../../data/moge_dataset/Spring/0020/0206/meta.json,Spring,../../data/depthanything/moge_dataset/Spring/0020/0206/image.png
574,574,../../data/moge_dataset/Spring/0020/0211/image.jpg,../../data/moge_dataset/Spring/0020/0211/depth.png,../../data/moge_dataset/Spring/0020/0211/meta.json,Spring,../../data/depthanything/moge_dataset/Spring/0020/0211/image.png
575,575,../../data/moge_dataset/Spring/0020/0216/image.jpg,../../data/moge_dataset/Spring/0020/0216/depth.png,../../data/moge_dataset/Spring/0020/0216/meta.json,Spring,../../data/depthanything/moge_dataset/Spring/0020/0216/image.png
576,576,../../data/moge_dataset/Spring/0020/0221/image.jpg,../../data/moge_dataset/Spring/0020/0221/depth.png,../../data/moge_dataset/Spring/0020/0221/meta.json,Spring,../../data/depthanything/moge_dataset/Spring/0020/0221/image.png
577,577,../../data/moge_dataset/Spring/0020/0226/image.jpg,../../data/moge_dataset/Spring/0020/0226/depth.png,../../data/moge_dataset/Spring/0020/0226/meta.json,Spring,../../data/depthanything/moge_dataset/Spring/0020/0226/image.png
578,578,../../data/moge_dataset/Spring/0020/0231/image.jpg,../../data/moge_dataset/Spring/0020/0231/depth.png,../../data/moge_dataset/Spring/0020/0231/meta.json,Spring,../../data/depthanything/moge_dataset/Spring/0020/0231/image.png
579,579,../../data/moge_dataset/Spring/0020/0236/image.jpg,../../data/moge_dataset/Spring/0020/0236/depth.png,../../data/moge_dataset/Spring/0020/0236/meta.json,Spring,../../data/depthanything/moge_dataset/Spring/0020/0236/image.png
580,580,../../data/moge_dataset/Spring/0020/0241/image.jpg,../../data/moge_dataset/Spring/0020/0241/depth.png,../../data/moge_dataset/Spring/0020/0241/meta.json,Spring,../../data/depthanything/moge_dataset/Spring/0020/0241/image.png
581,581,../../data/moge_dataset/Spring/0020/0246/image.jpg,../../data/moge_dataset/Spring/0020/0246/depth.png,../../data/moge_dataset/Spring/0020/0246/meta.json,Spring,../../data/depthanything/moge_dataset/Spring/0020/0246/image.png
582,582,../../data/moge_dataset/Spring/0020/0251/image.jpg,../../data/moge_dataset/Spring/0020/0251/depth.png,../../data/moge_dataset/Spring/0020/0251/meta.json,Spring,../../data/depthanything/moge_dataset/Spring/0020/0251/image.png
583,583,../../data/moge_dataset/Spring/0020/0256/image.jpg,../../data/moge_dataset/Spring/0020/0256/depth.png,../../data/moge_dataset/Spring/0020/0256/meta.json,Spring,../../data/depthanything/moge_dataset/Spring/0020/0256/image.png
584,584,../../data/moge_dataset/Spring/0020/0261/image.jpg,../../data/moge_dataset/Spring/0020/0261/depth.png,../../data/moge_dataset/Spring/0020/0261/meta.json,Spring,../../data/depthanything/moge_dataset/Spring/0020/0261/image.png
585,585,../../data/moge_dataset/Spring/0020/0266/image.jpg,../../data/moge_dataset/Spring/0020/0266/depth.png,../../data/moge_dataset/Spring/0020/0266/meta.json,Spring,../../data/depthanything/moge_dataset/Spring/0020/0266/image.png
586,586,../../data/moge_dataset/Spring/0020/0271/image.jpg,../../data/moge_dataset/Spring/0020/0271/depth.png,../../data/moge_dataset/Spring/0020/0271/meta.json,Spring,../../data/depthanything/moge_dataset/Spring/0020/0271/image.png
587,587,../../data/moge_dataset/Spring/0020/0276/image.jpg,../../data/moge_dataset/Spring/0020/0276/depth.png,../../data/moge_dataset/Spring/0020/0276/meta.json,Spring,../../data/depthanything/moge_dataset/Spring/0020/0276/image.png
588,588,../../data/moge_dataset/Spring/0020/0281/image.jpg,../../data/moge_dataset/Spring/0020/0281/depth.png,../../data/moge_dataset/Spring/0020/0281/meta.json,Spring,../../data/depthanything/moge_dataset/Spring/0020/0281/image.png
589,589,../../data/moge_dataset/Spring/0020/0286/image.jpg,../../data/moge_dataset/Spring/0020/0286/depth.png,../../data/moge_dataset/Spring/0020/0286/meta.json,Spring,../../data/depthanything/moge_dataset/Spring/0020/0286/image.png
590,590,../../data/moge_dataset/Spring/0020/0291/image.jpg,../../data/moge_dataset/Spring/0020/0291/depth.png,../../data/moge_dataset/Spring/0020/0291/meta.json,Spring,../../data/depthanything/moge_dataset/Spring/0020/0291/image.png
591,591,../../data/moge_dataset/Spring/0020/0296/image.jpg,../../data/moge_dataset/Spring/0020/0296/depth.png,../../data/moge_dataset/Spring/0020/0296/meta.json,Spring,../../data/depthanything/moge_dataset/Spring/0020/0296/image.png
592,592,../../data/moge_dataset/Spring/0020/0301/image.jpg,../../data/moge_dataset/Spring/0020/0301/depth.png,../../data/moge_dataset/Spring/0020/0301/meta.json,Spring,../../data/depthanything/moge_dataset/Spring/0020/0301/image.png
593,593,../../data/moge_dataset/Spring/0020/0306/image.jpg,../../data/moge_dataset/Spring/0020/0306/depth.png,../../data/moge_dataset/Spring/0020/0306/meta.json,Spring,../../data/depthanything/moge_dataset/Spring/0020/0306/image.png
594,594,../../data/moge_dataset/Spring/0021/0003/image.jpg,../../data/moge_dataset/Spring/0021/0003/depth.png,../../data/moge_dataset/Spring/0021/0003/meta.json,Spring,../../data/depthanything/moge_dataset/Spring/0021/0003/image.png
595,595,../../data/moge_dataset/Spring/0021/0008/image.jpg,../../data/moge_dataset/Spring/0021/0008/depth.png,../../data/moge_dataset/Spring/0021/0008/meta.json,Spring,../../data/depthanything/moge_dataset/Spring/0021/0008/image.png
596,596,../../data/moge_dataset/Spring/0021/0013/image.jpg,../../data/moge_dataset/Spring/0021/0013/depth.png,../../data/moge_dataset/Spring/0021/0013/meta.json,Spring,../../data/depthanything/moge_dataset/Spring/0021/0013/image.png
597,597,../../data/moge_dataset/Spring/0021/0018/image.jpg,../../data/moge_dataset/Spring/0021/0018/depth.png,../../data/moge_dataset/Spring/0021/0018/meta.json,Spring,../../data/depthanything/moge_dataset/Spring/0021/0018/image.png
598,598,../../data/moge_dataset/Spring/0021/0023/image.jpg,../../data/moge_dataset/Spring/0021/0023/depth.png,../../data/moge_dataset/Spring/0021/0023/meta.json,Spring,../../data/depthanything/moge_dataset/Spring/0021/0023/image.png
599,599,../../data/moge_dataset/Spring/0021/0028/image.jpg,../../data/moge_dataset/Spring/0021/0028/depth.png,../../data/moge_dataset/Spring/0021/0028/meta.json,Spring,../../data/depthanything/moge_dataset/Spring/0021/0028/image.png
600,600,../../data/moge_dataset/Spring/0021/0033/image.jpg,../../data/moge_dataset/Spring/0021/0033/depth.png,../../data/moge_dataset/Spring/0021/0033/meta.json,Spring,../../data/depthanything/moge_dataset/Spring/0021/0033/image.png
601,601,../../data/moge_dataset/Spring/0021/0038/image.jpg,../../data/moge_dataset/Spring/0021/0038/depth.png,../../data/moge_dataset/Spring/0021/0038/meta.json,Spring,../../data/depthanything/moge_dataset/Spring/0021/0038/image.png
602,602,../../data/moge_dataset/Spring/0021/0043/image.jpg,../../data/moge_dataset/Spring/0021/0043/depth.png,../../data/moge_dataset/Spring/0021/0043/meta.json,Spring,../../data/depthanything/moge_dataset/Spring/0021/0043/image.png
603,603,../../data/moge_dataset/Spring/0021/0048/image.jpg,../../data/moge_dataset/Spring/0021/0048/depth.png,../../data/moge_dataset/Spring/0021/0048/meta.json,Spring,../../data/depthanything/moge_dataset/Spring/0021/0048/image.png
604,604,../../data/moge_dataset/Spring/0021/0053/image.jpg,../../data/moge_dataset/Spring/0021/0053/depth.png,../../data/moge_dataset/Spring/0021/0053/meta.json,Spring,../../data/depthanything/moge_dataset/Spring/0021/0053/image.png
605,605,../../data/moge_dataset/Spring/0021/0058/image.jpg,../../data/moge_dataset/Spring/0021/0058/depth.png,../../data/moge_dataset/Spring/0021/0058/meta.json,Spring,../../data/depthanything/moge_dataset/Spring/0021/0058/image.png
606,606,../../data/moge_dataset/Spring/0021/0063/image.jpg,../../data/moge_dataset/Spring/0021/0063/depth.png,../../data/moge_dataset/Spring/0021/0063/meta.json,Spring,../../data/depthanything/moge_dataset/Spring/0021/0063/image.png
607,607,../../data/moge_dataset/Spring/0021/0068/image.jpg,../../data/moge_dataset/Spring/0021/0068/depth.png,../../data/moge_dataset/Spring/0021/0068/meta.json,Spring,../../data/depthanything/moge_dataset/Spring/0021/0068/image.png
608,608,../../data/moge_dataset/Spring/0021/0073/image.jpg,../../data/moge_dataset/Spring/0021/0073/depth.png,../../data/moge_dataset/Spring/0021/0073/meta.json,Spring,../../data/depthanything/moge_dataset/Spring/0021/0073/image.png
609,609,../../data/moge_dataset/Spring/0021/0078/image.jpg,../../data/moge_dataset/Spring/0021/0078/depth.png,../../data/moge_dataset/Spring/0021/0078/meta.json,Spring,../../data/depthanything/moge_dataset/Spring/0021/0078/image.png
610,610,../../data/moge_dataset/Spring/0021/0083/image.jpg,../../data/moge_dataset/Spring/0021/0083/depth.png,../../data/moge_dataset/Spring/0021/0083/meta.json,Spring,../../data/depthanything/moge_dataset/Spring/0021/0083/image.png
611,611,../../data/moge_dataset/Spring/0021/0088/image.jpg,../../data/moge_dataset/Spring/0021/0088/depth.png,../../data/moge_dataset/Spring/0021/0088/meta.json,Spring,../../data/depthanything/moge_dataset/Spring/0021/0088/image.png
612,612,../../data/moge_dataset/Spring/0021/0093/image.jpg,../../data/moge_dataset/Spring/0021/0093/depth.png,../../data/moge_dataset/Spring/0021/0093/meta.json,Spring,../../data/depthanything/moge_dataset/Spring/0021/0093/image.png
613,613,../../data/moge_dataset/Spring/0021/0098/image.jpg,../../data/moge_dataset/Spring/0021/0098/depth.png,../../data/moge_dataset/Spring/0021/0098/meta.json,Spring,../../data/depthanything/moge_dataset/Spring/0021/0098/image.png
614,614,../../data/moge_dataset/Spring/0021/0103/image.jpg,../../data/moge_dataset/Spring/0021/0103/depth.png,../../data/moge_dataset/Spring/0021/0103/meta.json,Spring,../../data/depthanything/moge_dataset/Spring/0021/0103/image.png
615,615,../../data/moge_dataset/Spring/0021/0108/image.jpg,../../data/moge_dataset/Spring/0021/0108/depth.png,../../data/moge_dataset/Spring/0021/0108/meta.json,Spring,../../data/depthanything/moge_dataset/Spring/0021/0108/image.png
616,616,../../data/moge_dataset/Spring/0021/0113/image.jpg,../../data/moge_dataset/Spring/0021/0113/depth.png,../../data/moge_dataset/Spring/0021/0113/meta.json,Spring,../../data/depthanything/moge_dataset/Spring/0021/0113/image.png
617,617,../../data/moge_dataset/Spring/0021/0118/image.jpg,../../data/moge_dataset/Spring/0021/0118/depth.png,../../data/moge_dataset/Spring/0021/0118/meta.json,Spring,../../data/depthanything/moge_dataset/Spring/0021/0118/image.png
618,618,../../data/moge_dataset/Spring/0021/0123/image.jpg,../../data/moge_dataset/Spring/0021/0123/depth.png,../../data/moge_dataset/Spring/0021/0123/meta.json,Spring,../../data/depthanything/moge_dataset/Spring/0021/0123/image.png
619,619,../../data/moge_dataset/Spring/0021/0128/image.jpg,../../data/moge_dataset/Spring/0021/0128/depth.png,../../data/moge_dataset/Spring/0021/0128/meta.json,Spring,../../data/depthanything/moge_dataset/Spring/0021/0128/image.png
620,620,../../data/moge_dataset/Spring/0021/0133/image.jpg,../../data/moge_dataset/Spring/0021/0133/depth.png,../../data/moge_dataset/Spring/0021/0133/meta.json,Spring,../../data/depthanything/moge_dataset/Spring/0021/0133/image.png
621,621,../../data/moge_dataset/Spring/0021/0138/image.jpg,../../data/moge_dataset/Spring/0021/0138/depth.png,../../data/moge_dataset/Spring/0021/0138/meta.json,Spring,../../data/depthanything/moge_dataset/Spring/0021/0138/image.png
622,622,../../data/moge_dataset/Spring/0021/0143/image.jpg,../../data/moge_dataset/Spring/0021/0143/depth.png,../../data/moge_dataset/Spring/0021/0143/meta.json,Spring,../../data/depthanything/moge_dataset/Spring/0021/0143/image.png
623,623,../../data/moge_dataset/Spring/0021/0148/image.jpg,../../data/moge_dataset/Spring/0021/0148/depth.png,../../data/moge_dataset/Spring/0021/0148/meta.json,Spring,../../data/depthanything/moge_dataset/Spring/0021/0148/image.png
624,624,../../data/moge_dataset/Spring/0021/0153/image.jpg,../../data/moge_dataset/Spring/0021/0153/depth.png,../../data/moge_dataset/Spring/0021/0153/meta.json,Spring,../../data/depthanything/moge_dataset/Spring/0021/0153/image.png
625,625,../../data/moge_dataset/Spring/0021/0158/image.jpg,../../data/moge_dataset/Spring/0021/0158/depth.png,../../data/moge_dataset/Spring/0021/0158/meta.json,Spring,../../data/depthanything/moge_dataset/Spring/0021/0158/image.png
626,626,../../data/moge_dataset/Spring/0021/0163/image.jpg,../../data/moge_dataset/Spring/0021/0163/depth.png,../../data/moge_dataset/Spring/0021/0163/meta.json,Spring,../../data/depthanything/moge_dataset/Spring/0021/0163/image.png
627,627,../../data/moge_dataset/Spring/0021/0168/image.jpg,../../data/moge_dataset/Spring/0021/0168/depth.png,../../data/moge_dataset/Spring/0021/0168/meta.json,Spring,../../data/depthanything/moge_dataset/Spring/0021/0168/image.png
628,628,../../data/moge_dataset/Spring/0021/0173/image.jpg,../../data/moge_dataset/Spring/0021/0173/depth.png,../../data/moge_dataset/Spring/0021/0173/meta.json,Spring,../../data/depthanything/moge_dataset/Spring/0021/0173/image.png
629,629,../../data/moge_dataset/Spring/0021/0178/image.jpg,../../data/moge_dataset/Spring/0021/0178/depth.png,../../data/moge_dataset/Spring/0021/0178/meta.json,Spring,../../data/depthanything/moge_dataset/Spring/0021/0178/image.png
630,630,../../data/moge_dataset/Spring/0021/0183/image.jpg,../../data/moge_dataset/Spring/0021/0183/depth.png,../../data/moge_dataset/Spring/0021/0183/meta.json,Spring,../../data/depthanything/moge_dataset/Spring/0021/0183/image.png
631,631,../../data/moge_dataset/Spring/0021/0188/image.jpg,../../data/moge_dataset/Spring/0021/0188/depth.png,../../data/moge_dataset/Spring/0021/0188/meta.json,Spring,../../data/depthanything/moge_dataset/Spring/0021/0188/image.png
632,632,../../data/moge_dataset/Spring/0021/0193/image.jpg,../../data/moge_dataset/Spring/0021/0193/depth.png,../../data/moge_dataset/Spring/0021/0193/meta.json,Spring,../../data/depthanything/moge_dataset/Spring/0021/0193/image.png
633,633,../../data/moge_dataset/Spring/0021/0198/image.jpg,../../data/moge_dataset/Spring/0021/0198/depth.png,../../data/moge_dataset/Spring/0021/0198/meta.json,Spring,../../data/depthanything/moge_dataset/Spring/0021/0198/image.png
634,634,../../data/moge_dataset/Spring/0021/0203/image.jpg,../../data/moge_dataset/Spring/0021/0203/depth.png,../../data/moge_dataset/Spring/0021/0203/meta.json,Spring,../../data/depthanything/moge_dataset/Spring/0021/0203/image.png
635,635,../../data/moge_dataset/Spring/0021/0208/image.jpg,../../data/moge_dataset/Spring/0021/0208/depth.png,../../data/moge_dataset/Spring/0021/0208/meta.json,Spring,../../data/depthanything/moge_dataset/Spring/0021/0208/image.png
636,636,../../data/moge_dataset/Spring/0021/0213/image.jpg,../../data/moge_dataset/Spring/0021/0213/depth.png,../../data/moge_dataset/Spring/0021/0213/meta.json,Spring,../../data/depthanything/moge_dataset/Spring/0021/0213/image.png
637,637,../../data/moge_dataset/Spring/0021/0218/image.jpg,../../data/moge_dataset/Spring/0021/0218/depth.png,../../data/moge_dataset/Spring/0021/0218/meta.json,Spring,../../data/depthanything/moge_dataset/Spring/0021/0218/image.png
638,638,../../data/moge_dataset/Spring/0021/0223/image.jpg,../../data/moge_dataset/Spring/0021/0223/depth.png,../../data/moge_dataset/Spring/0021/0223/meta.json,Spring,../../data/depthanything/moge_dataset/Spring/0021/0223/image.png
639,639,../../data/moge_dataset/Spring/0021/0228/image.jpg,../../data/moge_dataset/Spring/0021/0228/depth.png,../../data/moge_dataset/Spring/0021/0228/meta.json,Spring,../../data/depthanything/moge_dataset/Spring/0021/0228/image.png
640,640,../../data/moge_dataset/Spring/0021/0233/image.jpg,../../data/moge_dataset/Spring/0021/0233/depth.png,../../data/moge_dataset/Spring/0021/0233/meta.json,Spring,../../data/depthanything/moge_dataset/Spring/0021/0233/image.png
641,641,../../data/moge_dataset/Spring/0021/0238/image.jpg,../../data/moge_dataset/Spring/0021/0238/depth.png,../../data/moge_dataset/Spring/0021/0238/meta.json,Spring,../../data/depthanything/moge_dataset/Spring/0021/0238/image.png
642,642,../../data/moge_dataset/Spring/0021/0243/image.jpg,../../data/moge_dataset/Spring/0021/0243/depth.png,../../data/moge_dataset/Spring/0021/0243/meta.json,Spring,../../data/depthanything/moge_dataset/Spring/0021/0243/image.png
643,643,../../data/moge_dataset/Spring/0021/0248/image.jpg,../../data/moge_dataset/Spring/0021/0248/depth.png,../../data/moge_dataset/Spring/0021/0248/meta.json,Spring,../../data/depthanything/moge_dataset/Spring/0021/0248/image.png
644,644,../../data/moge_dataset/Spring/0021/0253/image.jpg,../../data/moge_dataset/Spring/0021/0253/depth.png,../../data/moge_dataset/Spring/0021/0253/meta.json,Spring,../../data/depthanything/moge_dataset/Spring/0021/0253/image.png
645,645,../../data/moge_dataset/Spring/0021/0258/image.jpg,../../data/moge_dataset/Spring/0021/0258/depth.png,../../data/moge_dataset/Spring/0021/0258/meta.json,Spring,../../data/depthanything/moge_dataset/Spring/0021/0258/image.png
646,646,../../data/moge_dataset/Spring/0021/0263/image.jpg,../../data/moge_dataset/Spring/0021/0263/depth.png,../../data/moge_dataset/Spring/0021/0263/meta.json,Spring,../../data/depthanything/moge_dataset/Spring/0021/0263/image.png
647,647,../../data/moge_dataset/Spring/0021/0268/image.jpg,../../data/moge_dataset/Spring/0021/0268/depth.png,../../data/moge_dataset/Spring/0021/0268/meta.json,Spring,../../data/depthanything/moge_dataset/Spring/0021/0268/image.png
648,648,../../data/moge_dataset/Spring/0021/0273/image.jpg,../../data/moge_dataset/Spring/0021/0273/depth.png,../../data/moge_dataset/Spring/0021/0273/meta.json,Spring,../../data/depthanything/moge_dataset/Spring/0021/0273/image.png
649,649,../../data/moge_dataset/Spring/0021/0278/image.jpg,../../data/moge_dataset/Spring/0021/0278/depth.png,../../data/moge_dataset/Spring/0021/0278/meta.json,Spring,../../data/depthanything/moge_dataset/Spring/0021/0278/image.png
650,650,../../data/moge_dataset/Spring/0021/0283/image.jpg,../../data/moge_dataset/Spring/0021/0283/depth.png,../../data/moge_dataset/Spring/0021/0283/meta.json,Spring,../../data/depthanything/moge_dataset/Spring/0021/0283/image.png
651,651,../../data/moge_dataset/Spring/0021/0288/image.jpg,../../data/moge_dataset/Spring/0021/0288/depth.png,../../data/moge_dataset/Spring/0021/0288/meta.json,Spring,../../data/depthanything/moge_dataset/Spring/0021/0288/image.png
652,652,../../data/moge_dataset/Spring/0021/0293/image.jpg,../../data/moge_dataset/Spring/0021/0293/depth.png,../../data/moge_dataset/Spring/0021/0293/meta.json,Spring,../../data/depthanything/moge_dataset/Spring/0021/0293/image.png
653,653,../../data/moge_dataset/Spring/0021/0298/image.jpg,../../data/moge_dataset/Spring/0021/0298/depth.png,../../data/moge_dataset/Spring/0021/0298/meta.json,Spring,../../data/depthanything/moge_dataset/Spring/0021/0298/image.png
654,654,../../data/moge_dataset/Spring/0022/0004/image.jpg,../../data/moge_dataset/Spring/0022/0004/depth.png,../../data/moge_dataset/Spring/0022/0004/meta.json,Spring,../../data/depthanything/moge_dataset/Spring/0022/0004/image.png
655,655,../../data/moge_dataset/Spring/0022/0009/image.jpg,../../data/moge_dataset/Spring/0022/0009/depth.png,../../data/moge_dataset/Spring/0022/0009/meta.json,Spring,../../data/depthanything/moge_dataset/Spring/0022/0009/image.png
656,656,../../data/moge_dataset/Spring/0022/0014/image.jpg,../../data/moge_dataset/Spring/0022/0014/depth.png,../../data/moge_dataset/Spring/0022/0014/meta.json,Spring,../../data/depthanything/moge_dataset/Spring/0022/0014/image.png
657,657,../../data/moge_dataset/Spring/0022/0019/image.jpg,../../data/moge_dataset/Spring/0022/0019/depth.png,../../data/moge_dataset/Spring/0022/0019/meta.json,Spring,../../data/depthanything/moge_dataset/Spring/0022/0019/image.png
658,658,../../data/moge_dataset/Spring/0023/0005/image.jpg,../../data/moge_dataset/Spring/0023/0005/depth.png,../../data/moge_dataset/Spring/0023/0005/meta.json,Spring,../../data/depthanything/moge_dataset/Spring/0023/0005/image.png
659,659,../../data/moge_dataset/Spring/0023/0010/image.jpg,../../data/moge_dataset/Spring/0023/0010/depth.png,../../data/moge_dataset/Spring/0023/0010/meta.json,Spring,../../data/depthanything/moge_dataset/Spring/0023/0010/image.png
660,660,../../data/moge_dataset/Spring/0023/0015/image.jpg,../../data/moge_dataset/Spring/0023/0015/depth.png,../../data/moge_dataset/Spring/0023/0015/meta.json,Spring,../../data/depthanything/moge_dataset/Spring/0023/0015/image.png
661,661,../../data/moge_dataset/Spring/0023/0020/image.jpg,../../data/moge_dataset/Spring/0023/0020/depth.png,../../data/moge_dataset/Spring/0023/0020/meta.json,Spring,../../data/depthanything/moge_dataset/Spring/0023/0020/image.png
662,662,../../data/moge_dataset/Spring/0023/0025/image.jpg,../../data/moge_dataset/Spring/0023/0025/depth.png,../../data/moge_dataset/Spring/0023/0025/meta.json,Spring,../../data/depthanything/moge_dataset/Spring/0023/0025/image.png
663,663,../../data/moge_dataset/Spring/0023/0030/image.jpg,../../data/moge_dataset/Spring/0023/0030/depth.png,../../data/moge_dataset/Spring/0023/0030/meta.json,Spring,../../data/depthanything/moge_dataset/Spring/0023/0030/image.png
664,664,../../data/moge_dataset/Spring/0023/0035/image.jpg,../../data/moge_dataset/Spring/0023/0035/depth.png,../../data/moge_dataset/Spring/0023/0035/meta.json,Spring,../../data/depthanything/moge_dataset/Spring/0023/0035/image.png
665,665,../../data/moge_dataset/Spring/0023/0040/image.jpg,../../data/moge_dataset/Spring/0023/0040/depth.png,../../data/moge_dataset/Spring/0023/0040/meta.json,Spring,../../data/depthanything/moge_dataset/Spring/0023/0040/image.png
666,666,../../data/moge_dataset/Spring/0023/0045/image.jpg,../../data/moge_dataset/Spring/0023/0045/depth.png,../../data/moge_dataset/Spring/0023/0045/meta.json,Spring,../../data/depthanything/moge_dataset/Spring/0023/0045/image.png
667,667,../../data/moge_dataset/Spring/0023/0050/image.jpg,../../data/moge_dataset/Spring/0023/0050/depth.png,../../data/moge_dataset/Spring/0023/0050/meta.json,Spring,../../data/depthanything/moge_dataset/Spring/0023/0050/image.png
668,668,../../data/moge_dataset/Spring/0023/0055/image.jpg,../../data/moge_dataset/Spring/0023/0055/depth.png,../../data/moge_dataset/Spring/0023/0055/meta.json,Spring,../../data/depthanything/moge_dataset/Spring/0023/0055/image.png
669,669,../../data/moge_dataset/Spring/0023/0060/image.jpg,../../data/moge_dataset/Spring/0023/0060/depth.png,../../data/moge_dataset/Spring/0023/0060/meta.json,Spring,../../data/depthanything/moge_dataset/Spring/0023/0060/image.png
670,670,../../data/moge_dataset/Spring/0023/0065/image.jpg,../../data/moge_dataset/Spring/0023/0065/depth.png,../../data/moge_dataset/Spring/0023/0065/meta.json,Spring,../../data/depthanything/moge_dataset/Spring/0023/0065/image.png
671,671,../../data/moge_dataset/Spring/0023/0070/image.jpg,../../data/moge_dataset/Spring/0023/0070/depth.png,../../data/moge_dataset/Spring/0023/0070/meta.json,Spring,../../data/depthanything/moge_dataset/Spring/0023/0070/image.png
672,672,../../data/moge_dataset/Spring/0023/0075/image.jpg,../../data/moge_dataset/Spring/0023/0075/depth.png,../../data/moge_dataset/Spring/0023/0075/meta.json,Spring,../../data/depthanything/moge_dataset/Spring/0023/0075/image.png
673,673,../../data/moge_dataset/Spring/0023/0080/image.jpg,../../data/moge_dataset/Spring/0023/0080/depth.png,../../data/moge_dataset/Spring/0023/0080/meta.json,Spring,../../data/depthanything/moge_dataset/Spring/0023/0080/image.png
674,674,../../data/moge_dataset/Spring/0024/0002/image.jpg,../../data/moge_dataset/Spring/0024/0002/depth.png,../../data/moge_dataset/Spring/0024/0002/meta.json,Spring,../../data/depthanything/moge_dataset/Spring/0024/0002/image.png
675,675,../../data/moge_dataset/Spring/0024/0007/image.jpg,../../data/moge_dataset/Spring/0024/0007/depth.png,../../data/moge_dataset/Spring/0024/0007/meta.json,Spring,../../data/depthanything/moge_dataset/Spring/0024/0007/image.png
676,676,../../data/moge_dataset/Spring/0024/0012/image.jpg,../../data/moge_dataset/Spring/0024/0012/depth.png,../../data/moge_dataset/Spring/0024/0012/meta.json,Spring,../../data/depthanything/moge_dataset/Spring/0024/0012/image.png
677,677,../../data/moge_dataset/Spring/0024/0017/image.jpg,../../data/moge_dataset/Spring/0024/0017/depth.png,../../data/moge_dataset/Spring/0024/0017/meta.json,Spring,../../data/depthanything/moge_dataset/Spring/0024/0017/image.png
678,678,../../data/moge_dataset/Spring/0024/0022/image.jpg,../../data/moge_dataset/Spring/0024/0022/depth.png,../../data/moge_dataset/Spring/0024/0022/meta.json,Spring,../../data/depthanything/moge_dataset/Spring/0024/0022/image.png
679,679,../../data/moge_dataset/Spring/0024/0027/image.jpg,../../data/moge_dataset/Spring/0024/0027/depth.png,../../data/moge_dataset/Spring/0024/0027/meta.json,Spring,../../data/depthanything/moge_dataset/Spring/0024/0027/image.png
680,680,../../data/moge_dataset/Spring/0024/0032/image.jpg,../../data/moge_dataset/Spring/0024/0032/depth.png,../../data/moge_dataset/Spring/0024/0032/meta.json,Spring,../../data/depthanything/moge_dataset/Spring/0024/0032/image.png
681,681,../../data/moge_dataset/Spring/0024/0037/image.jpg,../../data/moge_dataset/Spring/0024/0037/depth.png,../../data/moge_dataset/Spring/0024/0037/meta.json,Spring,../../data/depthanything/moge_dataset/Spring/0024/0037/image.png
682,682,../../data/moge_dataset/Spring/0024/0042/image.jpg,../../data/moge_dataset/Spring/0024/0042/depth.png,../../data/moge_dataset/Spring/0024/0042/meta.json,Spring,../../data/depthanything/moge_dataset/Spring/0024/0042/image.png
683,683,../../data/moge_dataset/Spring/0024/0047/image.jpg,../../data/moge_dataset/Spring/0024/0047/depth.png,../../data/moge_dataset/Spring/0024/0047/meta.json,Spring,../../data/depthanything/moge_dataset/Spring/0024/0047/image.png
684,684,../../data/moge_dataset/Spring/0024/0052/image.jpg,../../data/moge_dataset/Spring/0024/0052/depth.png,../../data/moge_dataset/Spring/0024/0052/meta.json,Spring,../../data/depthanything/moge_dataset/Spring/0024/0052/image.png
685,685,../../data/moge_dataset/Spring/0024/0057/image.jpg,../../data/moge_dataset/Spring/0024/0057/depth.png,../../data/moge_dataset/Spring/0024/0057/meta.json,Spring,../../data/depthanything/moge_dataset/Spring/0024/0057/image.png
686,686,../../data/moge_dataset/Spring/0024/0062/image.jpg,../../data/moge_dataset/Spring/0024/0062/depth.png,../../data/moge_dataset/Spring/0024/0062/meta.json,Spring,../../data/depthanything/moge_dataset/Spring/0024/0062/image.png
687,687,../../data/moge_dataset/Spring/0025/0003/image.jpg,../../data/moge_dataset/Spring/0025/0003/depth.png,../../data/moge_dataset/Spring/0025/0003/meta.json,Spring,../../data/depthanything/moge_dataset/Spring/0025/0003/image.png
688,688,../../data/moge_dataset/Spring/0025/0008/image.jpg,../../data/moge_dataset/Spring/0025/0008/depth.png,../../data/moge_dataset/Spring/0025/0008/meta.json,Spring,../../data/depthanything/moge_dataset/Spring/0025/0008/image.png
689,689,../../data/moge_dataset/Spring/0025/0013/image.jpg,../../data/moge_dataset/Spring/0025/0013/depth.png,../../data/moge_dataset/Spring/0025/0013/meta.json,Spring,../../data/depthanything/moge_dataset/Spring/0025/0013/image.png
690,690,../../data/moge_dataset/Spring/0025/0018/image.jpg,../../data/moge_dataset/Spring/0025/0018/depth.png,../../data/moge_dataset/Spring/0025/0018/meta.json,Spring,../../data/depthanything/moge_dataset/Spring/0025/0018/image.png
691,691,../../data/moge_dataset/Spring/0025/0023/image.jpg,../../data/moge_dataset/Spring/0025/0023/depth.png,../../data/moge_dataset/Spring/0025/0023/meta.json,Spring,../../data/depthanything/moge_dataset/Spring/0025/0023/image.png
692,692,../../data/moge_dataset/Spring/0025/0028/image.jpg,../../data/moge_dataset/Spring/0025/0028/depth.png,../../data/moge_dataset/Spring/0025/0028/meta.json,Spring,../../data/depthanything/moge_dataset/Spring/0025/0028/image.png
693,693,../../data/moge_dataset/Spring/0025/0033/image.jpg,../../data/moge_dataset/Spring/0025/0033/depth.png,../../data/moge_dataset/Spring/0025/0033/meta.json,Spring,../../data/depthanything/moge_dataset/Spring/0025/0033/image.png
694,694,../../data/moge_dataset/Spring/0025/0038/image.jpg,../../data/moge_dataset/Spring/0025/0038/depth.png,../../data/moge_dataset/Spring/0025/0038/meta.json,Spring,../../data/depthanything/moge_dataset/Spring/0025/0038/image.png
695,695,../../data/moge_dataset/Spring/0025/0043/image.jpg,../../data/moge_dataset/Spring/0025/0043/depth.png,../../data/moge_dataset/Spring/0025/0043/meta.json,Spring,../../data/depthanything/moge_dataset/Spring/0025/0043/image.png
696,696,../../data/moge_dataset/Spring/0025/0048/image.jpg,../../data/moge_dataset/Spring/0025/0048/depth.png,../../data/moge_dataset/Spring/0025/0048/meta.json,Spring,../../data/depthanything/moge_dataset/Spring/0025/0048/image.png
697,697,../../data/moge_dataset/Spring/0025/0053/image.jpg,../../data/moge_dataset/Spring/0025/0053/depth.png,../../data/moge_dataset/Spring/0025/0053/meta.json,Spring,../../data/depthanything/moge_dataset/Spring/0025/0053/image.png
698,698,../../data/moge_dataset/Spring/0025/0058/image.jpg,../../data/moge_dataset/Spring/0025/0058/depth.png,../../data/moge_dataset/Spring/0025/0058/meta.json,Spring,../../data/depthanything/moge_dataset/Spring/0025/0058/image.png
699,699,../../data/moge_dataset/Spring/0025/0063/image.jpg,../../data/moge_dataset/Spring/0025/0063/depth.png,../../data/moge_dataset/Spring/0025/0063/meta.json,Spring,../../data/depthanything/moge_dataset/Spring/0025/0063/image.png
700,700,../../data/moge_dataset/Spring/0025/0068/image.jpg,../../data/moge_dataset/Spring/0025/0068/depth.png,../../data/moge_dataset/Spring/0025/0068/meta.json,Spring,../../data/depthanything/moge_dataset/Spring/0025/0068/image.png
701,701,../../data/moge_dataset/Spring/0025/0073/image.jpg,../../data/moge_dataset/Spring/0025/0073/depth.png,../../data/moge_dataset/Spring/0025/0073/meta.json,Spring,../../data/depthanything/moge_dataset/Spring/0025/0073/image.png
702,702,../../data/moge_dataset/Spring/0025/0078/image.jpg,../../data/moge_dataset/Spring/0025/0078/depth.png,../../data/moge_dataset/Spring/0025/0078/meta.json,Spring,../../data/depthanything/moge_dataset/Spring/0025/0078/image.png
703,703,../../data/moge_dataset/Spring/0025/0083/image.jpg,../../data/moge_dataset/Spring/0025/0083/depth.png,../../data/moge_dataset/Spring/0025/0083/meta.json,Spring,../../data/depthanything/moge_dataset/Spring/0025/0083/image.png
704,704,../../data/moge_dataset/Spring/0025/0088/image.jpg,../../data/moge_dataset/Spring/0025/0088/depth.png,../../data/moge_dataset/Spring/0025/0088/meta.json,Spring,../../data/depthanything/moge_dataset/Spring/0025/0088/image.png
705,705,../../data/moge_dataset/Spring/0025/0093/image.jpg,../../data/moge_dataset/Spring/0025/0093/depth.png,../../data/moge_dataset/Spring/0025/0093/meta.json,Spring,../../data/depthanything/moge_dataset/Spring/0025/0093/image.png
706,706,../../data/moge_dataset/Spring/0025/0098/image.jpg,../../data/moge_dataset/Spring/0025/0098/depth.png,../../data/moge_dataset/Spring/0025/0098/meta.json,Spring,../../data/depthanything/moge_dataset/Spring/0025/0098/image.png
707,707,../../data/moge_dataset/Spring/0025/0103/image.jpg,../../data/moge_dataset/Spring/0025/0103/depth.png,../../data/moge_dataset/Spring/0025/0103/meta.json,Spring,../../data/depthanything/moge_dataset/Spring/0025/0103/image.png
708,708,../../data/moge_dataset/Spring/0025/0108/image.jpg,../../data/moge_dataset/Spring/0025/0108/depth.png,../../data/moge_dataset/Spring/0025/0108/meta.json,Spring,../../data/depthanything/moge_dataset/Spring/0025/0108/image.png
709,709,../../data/moge_dataset/Spring/0025/0113/image.jpg,../../data/moge_dataset/Spring/0025/0113/depth.png,../../data/moge_dataset/Spring/0025/0113/meta.json,Spring,../../data/depthanything/moge_dataset/Spring/0025/0113/image.png
710,710,../../data/moge_dataset/Spring/0025/0118/image.jpg,../../data/moge_dataset/Spring/0025/0118/depth.png,../../data/moge_dataset/Spring/0025/0118/meta.json,Spring,../../data/depthanything/moge_dataset/Spring/0025/0118/image.png
711,711,../../data/moge_dataset/Spring/0025/0123/image.jpg,../../data/moge_dataset/Spring/0025/0123/depth.png,../../data/moge_dataset/Spring/0025/0123/meta.json,Spring,../../data/depthanything/moge_dataset/Spring/0025/0123/image.png
712,712,../../data/moge_dataset/Spring/0026/0001/image.jpg,../../data/moge_dataset/Spring/0026/0001/depth.png,../../data/moge_dataset/Spring/0026/0001/meta.json,Spring,../../data/depthanything/moge_dataset/Spring/0026/0001/image.png
713,713,../../data/moge_dataset/Spring/0026/0006/image.jpg,../../data/moge_dataset/Spring/0026/0006/depth.png,../../data/moge_dataset/Spring/0026/0006/meta.json,Spring,../../data/depthanything/moge_dataset/Spring/0026/0006/image.png
714,714,../../data/moge_dataset/Spring/0026/0011/image.jpg,../../data/moge_dataset/Spring/0026/0011/depth.png,../../data/moge_dataset/Spring/0026/0011/meta.json,Spring,../../data/depthanything/moge_dataset/Spring/0026/0011/image.png
715,715,../../data/moge_dataset/Spring/0026/0016/image.jpg,../../data/moge_dataset/Spring/0026/0016/depth.png,../../data/moge_dataset/Spring/0026/0016/meta.json,Spring,../../data/depthanything/moge_dataset/Spring/0026/0016/image.png
716,716,../../data/moge_dataset/Spring/0026/0021/image.jpg,../../data/moge_dataset/Spring/0026/0021/depth.png,../../data/moge_dataset/Spring/0026/0021/meta.json,Spring,../../data/depthanything/moge_dataset/Spring/0026/0021/image.png
717,717,../../data/moge_dataset/Spring/0026/0026/image.jpg,../../data/moge_dataset/Spring/0026/0026/depth.png,../../data/moge_dataset/Spring/0026/0026/meta.json,Spring,../../data/depthanything/moge_dataset/Spring/0026/0026/image.png
718,718,../../data/moge_dataset/Spring/0027/0002/image.jpg,../../data/moge_dataset/Spring/0027/0002/depth.png,../../data/moge_dataset/Spring/0027/0002/meta.json,Spring,../../data/depthanything/moge_dataset/Spring/0027/0002/image.png
719,719,../../data/moge_dataset/Spring/0027/0007/image.jpg,../../data/moge_dataset/Spring/0027/0007/depth.png,../../data/moge_dataset/Spring/0027/0007/meta.json,Spring,../../data/depthanything/moge_dataset/Spring/0027/0007/image.png
720,720,../../data/moge_dataset/Spring/0027/0012/image.jpg,../../data/moge_dataset/Spring/0027/0012/depth.png,../../data/moge_dataset/Spring/0027/0012/meta.json,Spring,../../data/depthanything/moge_dataset/Spring/0027/0012/image.png
721,721,../../data/moge_dataset/Spring/0030/0004/image.jpg,../../data/moge_dataset/Spring/0030/0004/depth.png,../../data/moge_dataset/Spring/0030/0004/meta.json,Spring,../../data/depthanything/moge_dataset/Spring/0030/0004/image.png
722,722,../../data/moge_dataset/Spring/0030/0009/image.jpg,../../data/moge_dataset/Spring/0030/0009/depth.png,../../data/moge_dataset/Spring/0030/0009/meta.json,Spring,../../data/depthanything/moge_dataset/Spring/0030/0009/image.png
723,723,../../data/moge_dataset/Spring/0030/0014/image.jpg,../../data/moge_dataset/Spring/0030/0014/depth.png,../../data/moge_dataset/Spring/0030/0014/meta.json,Spring,../../data/depthanything/moge_dataset/Spring/0030/0014/image.png
724,724,../../data/moge_dataset/Spring/0030/0019/image.jpg,../../data/moge_dataset/Spring/0030/0019/depth.png,../../data/moge_dataset/Spring/0030/0019/meta.json,Spring,../../data/depthanything/moge_dataset/Spring/0030/0019/image.png
725,725,../../data/moge_dataset/Spring/0030/0024/image.jpg,../../data/moge_dataset/Spring/0030/0024/depth.png,../../data/moge_dataset/Spring/0030/0024/meta.json,Spring,../../data/depthanything/moge_dataset/Spring/0030/0024/image.png
726,726,../../data/moge_dataset/Spring/0030/0029/image.jpg,../../data/moge_dataset/Spring/0030/0029/depth.png,../../data/moge_dataset/Spring/0030/0029/meta.json,Spring,../../data/depthanything/moge_dataset/Spring/0030/0029/image.png
727,727,../../data/moge_dataset/Spring/0030/0034/image.jpg,../../data/moge_dataset/Spring/0030/0034/depth.png,../../data/moge_dataset/Spring/0030/0034/meta.json,Spring,../../data/depthanything/moge_dataset/Spring/0030/0034/image.png
728,728,../../data/moge_dataset/Spring/0030/0039/image.jpg,../../data/moge_dataset/Spring/0030/0039/depth.png,../../data/moge_dataset/Spring/0030/0039/meta.json,Spring,../../data/depthanything/moge_dataset/Spring/0030/0039/image.png
729,729,../../data/moge_dataset/Spring/0030/0044/image.jpg,../../data/moge_dataset/Spring/0030/0044/depth.png,../../data/moge_dataset/Spring/0030/0044/meta.json,Spring,../../data/depthanything/moge_dataset/Spring/0030/0044/image.png
730,730,../../data/moge_dataset/Spring/0030/0049/image.jpg,../../data/moge_dataset/Spring/0030/0049/depth.png,../../data/moge_dataset/Spring/0030/0049/meta.json,Spring,../../data/depthanything/moge_dataset/Spring/0030/0049/image.png
731,731,../../data/moge_dataset/Spring/0030/0054/image.jpg,../../data/moge_dataset/Spring/0030/0054/depth.png,../../data/moge_dataset/Spring/0030/0054/meta.json,Spring,../../data/depthanything/moge_dataset/Spring/0030/0054/image.png
732,732,../../data/moge_dataset/Spring/0030/0059/image.jpg,../../data/moge_dataset/Spring/0030/0059/depth.png,../../data/moge_dataset/Spring/0030/0059/meta.json,Spring,../../data/depthanything/moge_dataset/Spring/0030/0059/image.png
733,733,../../data/moge_dataset/Spring/0030/0064/image.jpg,../../data/moge_dataset/Spring/0030/0064/depth.png,../../data/moge_dataset/Spring/0030/0064/meta.json,Spring,../../data/depthanything/moge_dataset/Spring/0030/0064/image.png
734,734,../../data/moge_dataset/Spring/0030/0069/image.jpg,../../data/moge_dataset/Spring/0030/0069/depth.png,../../data/moge_dataset/Spring/0030/0069/meta.json,Spring,../../data/depthanything/moge_dataset/Spring/0030/0069/image.png
735,735,../../data/moge_dataset/Spring/0030/0074/image.jpg,../../data/moge_dataset/Spring/0030/0074/depth.png,../../data/moge_dataset/Spring/0030/0074/meta.json,Spring,../../data/depthanything/moge_dataset/Spring/0030/0074/image.png
736,736,../../data/moge_dataset/Spring/0030/0079/image.jpg,../../data/moge_dataset/Spring/0030/0079/depth.png,../../data/moge_dataset/Spring/0030/0079/meta.json,Spring,../../data/depthanything/moge_dataset/Spring/0030/0079/image.png
737,737,../../data/moge_dataset/Spring/0030/0084/image.jpg,../../data/moge_dataset/Spring/0030/0084/depth.png,../../data/moge_dataset/Spring/0030/0084/meta.json,Spring,../../data/depthanything/moge_dataset/Spring/0030/0084/image.png
738,738,../../data/moge_dataset/Spring/0030/0089/image.jpg,../../data/moge_dataset/Spring/0030/0089/depth.png,../../data/moge_dataset/Spring/0030/0089/meta.json,Spring,../../data/depthanything/moge_dataset/Spring/0030/0089/image.png
739,739,../../data/moge_dataset/Spring/0030/0094/image.jpg,../../data/moge_dataset/Spring/0030/0094/depth.png,../../data/moge_dataset/Spring/0030/0094/meta.json,Spring,../../data/depthanything/moge_dataset/Spring/0030/0094/image.png
740,740,../../data/moge_dataset/Spring/0030/0099/image.jpg,../../data/moge_dataset/Spring/0030/0099/depth.png,../../data/moge_dataset/Spring/0030/0099/meta.json,Spring,../../data/depthanything/moge_dataset/Spring/0030/0099/image.png
741,741,../../data/moge_dataset/Spring/0030/0104/image.jpg,../../data/moge_dataset/Spring/0030/0104/depth.png,../../data/moge_dataset/Spring/0030/0104/meta.json,Spring,../../data/depthanything/moge_dataset/Spring/0030/0104/image.png
742,742,../../data/moge_dataset/Spring/0030/0109/image.jpg,../../data/moge_dataset/Spring/0030/0109/depth.png,../../data/moge_dataset/Spring/0030/0109/meta.json,Spring,../../data/depthanything/moge_dataset/Spring/0030/0109/image.png
743,743,../../data/moge_dataset/Spring/0030/0114/image.jpg,../../data/moge_dataset/Spring/0030/0114/depth.png,../../data/moge_dataset/Spring/0030/0114/meta.json,Spring,../../data/depthanything/moge_dataset/Spring/0030/0114/image.png
744,744,../../data/moge_dataset/Spring/0030/0119/image.jpg,../../data/moge_dataset/Spring/0030/0119/depth.png,../../data/moge_dataset/Spring/0030/0119/meta.json,Spring,../../data/depthanything/moge_dataset/Spring/0030/0119/image.png
745,745,../../data/moge_dataset/Spring/0030/0124/image.jpg,../../data/moge_dataset/Spring/0030/0124/depth.png,../../data/moge_dataset/Spring/0030/0124/meta.json,Spring,../../data/depthanything/moge_dataset/Spring/0030/0124/image.png
746,746,../../data/moge_dataset/Spring/0032/0003/image.jpg,../../data/moge_dataset/Spring/0032/0003/depth.png,../../data/moge_dataset/Spring/0032/0003/meta.json,Spring,../../data/depthanything/moge_dataset/Spring/0032/0003/image.png
747,747,../../data/moge_dataset/Spring/0032/0008/image.jpg,../../data/moge_dataset/Spring/0032/0008/depth.png,../../data/moge_dataset/Spring/0032/0008/meta.json,Spring,../../data/depthanything/moge_dataset/Spring/0032/0008/image.png
748,748,../../data/moge_dataset/Spring/0032/0013/image.jpg,../../data/moge_dataset/Spring/0032/0013/depth.png,../../data/moge_dataset/Spring/0032/0013/meta.json,Spring,../../data/depthanything/moge_dataset/Spring/0032/0013/image.png
749,749,../../data/moge_dataset/Spring/0032/0018/image.jpg,../../data/moge_dataset/Spring/0032/0018/depth.png,../../data/moge_dataset/Spring/0032/0018/meta.json,Spring,../../data/depthanything/moge_dataset/Spring/0032/0018/image.png
750,750,../../data/moge_dataset/Spring/0032/0023/image.jpg,../../data/moge_dataset/Spring/0032/0023/depth.png,../../data/moge_dataset/Spring/0032/0023/meta.json,Spring,../../data/depthanything/moge_dataset/Spring/0032/0023/image.png
751,751,../../data/moge_dataset/Spring/0032/0028/image.jpg,../../data/moge_dataset/Spring/0032/0028/depth.png,../../data/moge_dataset/Spring/0032/0028/meta.json,Spring,../../data/depthanything/moge_dataset/Spring/0032/0028/image.png
752,752,../../data/moge_dataset/Spring/0032/0033/image.jpg,../../data/moge_dataset/Spring/0032/0033/depth.png,../../data/moge_dataset/Spring/0032/0033/meta.json,Spring,../../data/depthanything/moge_dataset/Spring/0032/0033/image.png
753,753,../../data/moge_dataset/Spring/0032/0038/image.jpg,../../data/moge_dataset/Spring/0032/0038/depth.png,../../data/moge_dataset/Spring/0032/0038/meta.json,Spring,../../data/depthanything/moge_dataset/Spring/0032/0038/image.png
754,754,../../data/moge_dataset/Spring/0032/0043/image.jpg,../../data/moge_dataset/Spring/0032/0043/depth.png,../../data/moge_dataset/Spring/0032/0043/meta.json,Spring,../../data/depthanything/moge_dataset/Spring/0032/0043/image.png
755,755,../../data/moge_dataset/Spring/0032/0048/image.jpg,../../data/moge_dataset/Spring/0032/0048/depth.png,../../data/moge_dataset/Spring/0032/0048/meta.json,Spring,../../data/depthanything/moge_dataset/Spring/0032/0048/image.png
756,756,../../data/moge_dataset/Spring/0032/0053/image.jpg,../../data/moge_dataset/Spring/0032/0053/depth.png,../../data/moge_dataset/Spring/0032/0053/meta.json,Spring,../../data/depthanything/moge_dataset/Spring/0032/0053/image.png
757,757,../../data/moge_dataset/Spring/0032/0058/image.jpg,../../data/moge_dataset/Spring/0032/0058/depth.png,../../data/moge_dataset/Spring/0032/0058/meta.json,Spring,../../data/depthanything/moge_dataset/Spring/0032/0058/image.png
758,758,../../data/moge_dataset/Spring/0032/0063/image.jpg,../../data/moge_dataset/Spring/0032/0063/depth.png,../../data/moge_dataset/Spring/0032/0063/meta.json,Spring,../../data/depthanything/moge_dataset/Spring/0032/0063/image.png
759,759,../../data/moge_dataset/Spring/0032/0068/image.jpg,../../data/moge_dataset/Spring/0032/0068/depth.png,../../data/moge_dataset/Spring/0032/0068/meta.json,Spring,../../data/depthanything/moge_dataset/Spring/0032/0068/image.png
760,760,../../data/moge_dataset/Spring/0032/0073/image.jpg,../../data/moge_dataset/Spring/0032/0073/depth.png,../../data/moge_dataset/Spring/0032/0073/meta.json,Spring,../../data/depthanything/moge_dataset/Spring/0032/0073/image.png
761,761,../../data/moge_dataset/Spring/0033/0005/image.jpg,../../data/moge_dataset/Spring/0033/0005/depth.png,../../data/moge_dataset/Spring/0033/0005/meta.json,Spring,../../data/depthanything/moge_dataset/Spring/0033/0005/image.png
762,762,../../data/moge_dataset/Spring/0033/0010/image.jpg,../../data/moge_dataset/Spring/0033/0010/depth.png,../../data/moge_dataset/Spring/0033/0010/meta.json,Spring,../../data/depthanything/moge_dataset/Spring/0033/0010/image.png
763,763,../../data/moge_dataset/Spring/0033/0015/image.jpg,../../data/moge_dataset/Spring/0033/0015/depth.png,../../data/moge_dataset/Spring/0033/0015/meta.json,Spring,../../data/depthanything/moge_dataset/Spring/0033/0015/image.png
764,764,../../data/moge_dataset/Spring/0033/0020/image.jpg,../../data/moge_dataset/Spring/0033/0020/depth.png,../../data/moge_dataset/Spring/0033/0020/meta.json,Spring,../../data/depthanything/moge_dataset/Spring/0033/0020/image.png
765,765,../../data/moge_dataset/Spring/0033/0025/image.jpg,../../data/moge_dataset/Spring/0033/0025/depth.png,../../data/moge_dataset/Spring/0033/0025/meta.json,Spring,../../data/depthanything/moge_dataset/Spring/0033/0025/image.png
766,766,../../data/moge_dataset/Spring/0033/0030/image.jpg,../../data/moge_dataset/Spring/0033/0030/depth.png,../../data/moge_dataset/Spring/0033/0030/meta.json,Spring,../../data/depthanything/moge_dataset/Spring/0033/0030/image.png
767,767,../../data/moge_dataset/Spring/0033/0035/image.jpg,../../data/moge_dataset/Spring/0033/0035/depth.png,../../data/moge_dataset/Spring/0033/0035/meta.json,Spring,../../data/depthanything/moge_dataset/Spring/0033/0035/image.png
768,768,../../data/moge_dataset/Spring/0033/0040/image.jpg,../../data/moge_dataset/Spring/0033/0040/depth.png,../../data/moge_dataset/Spring/0033/0040/meta.json,Spring,../../data/depthanything/moge_dataset/Spring/0033/0040/image.png
769,769,../../data/moge_dataset/Spring/0033/0045/image.jpg,../../data/moge_dataset/Spring/0033/0045/depth.png,../../data/moge_dataset/Spring/0033/0045/meta.json,Spring,../../data/depthanything/moge_dataset/Spring/0033/0045/image.png
770,770,../../data/moge_dataset/Spring/0033/0050/image.jpg,../../data/moge_dataset/Spring/0033/0050/depth.png,../../data/moge_dataset/Spring/0033/0050/meta.json,Spring,../../data/depthanything/moge_dataset/Spring/0033/0050/image.png
771,771,../../data/moge_dataset/Spring/0033/0055/image.jpg,../../data/moge_dataset/Spring/0033/0055/depth.png,../../data/moge_dataset/Spring/0033/0055/meta.json,Spring,../../data/depthanything/moge_dataset/Spring/0033/0055/image.png
772,772,../../data/moge_dataset/Spring/0033/0060/image.jpg,../../data/moge_dataset/Spring/0033/0060/depth.png,../../data/moge_dataset/Spring/0033/0060/meta.json,Spring,../../data/depthanything/moge_dataset/Spring/0033/0060/image.png
773,773,../../data/moge_dataset/Spring/0033/0065/image.jpg,../../data/moge_dataset/Spring/0033/0065/depth.png,../../data/moge_dataset/Spring/0033/0065/meta.json,Spring,../../data/depthanything/moge_dataset/Spring/0033/0065/image.png
774,774,../../data/moge_dataset/Spring/0036/0004/image.jpg,../../data/moge_dataset/Spring/0036/0004/depth.png,../../data/moge_dataset/Spring/0036/0004/meta.json,Spring,../../data/depthanything/moge_dataset/Spring/0036/0004/image.png
775,775,../../data/moge_dataset/Spring/0036/0009/image.jpg,../../data/moge_dataset/Spring/0036/0009/depth.png,../../data/moge_dataset/Spring/0036/0009/meta.json,Spring,../../data/depthanything/moge_dataset/Spring/0036/0009/image.png
776,776,../../data/moge_dataset/Spring/0036/0014/image.jpg,../../data/moge_dataset/Spring/0036/0014/depth.png,../../data/moge_dataset/Spring/0036/0014/meta.json,Spring,../../data/depthanything/moge_dataset/Spring/0036/0014/image.png
777,777,../../data/moge_dataset/Spring/0036/0019/image.jpg,../../data/moge_dataset/Spring/0036/0019/depth.png,../../data/moge_dataset/Spring/0036/0019/meta.json,Spring,../../data/depthanything/moge_dataset/Spring/0036/0019/image.png
778,778,../../data/moge_dataset/Spring/0036/0024/image.jpg,../../data/moge_dataset/Spring/0036/0024/depth.png,../../data/moge_dataset/Spring/0036/0024/meta.json,Spring,../../data/depthanything/moge_dataset/Spring/0036/0024/image.png
779,779,../../data/moge_dataset/Spring/0036/0029/image.jpg,../../data/moge_dataset/Spring/0036/0029/depth.png,../../data/moge_dataset/Spring/0036/0029/meta.json,Spring,../../data/depthanything/moge_dataset/Spring/0036/0029/image.png
780,780,../../data/moge_dataset/Spring/0036/0034/image.jpg,../../data/moge_dataset/Spring/0036/0034/depth.png,../../data/moge_dataset/Spring/0036/0034/meta.json,Spring,../../data/depthanything/moge_dataset/Spring/0036/0034/image.png
781,781,../../data/moge_dataset/Spring/0036/0039/image.jpg,../../data/moge_dataset/Spring/0036/0039/depth.png,../../data/moge_dataset/Spring/0036/0039/meta.json,Spring,../../data/depthanything/moge_dataset/Spring/0036/0039/image.png
782,782,../../data/moge_dataset/Spring/0036/0044/image.jpg,../../data/moge_dataset/Spring/0036/0044/depth.png,../../data/moge_dataset/Spring/0036/0044/meta.json,Spring,../../data/depthanything/moge_dataset/Spring/0036/0044/image.png
783,783,../../data/moge_dataset/Spring/0036/0049/image.jpg,../../data/moge_dataset/Spring/0036/0049/depth.png,../../data/moge_dataset/Spring/0036/0049/meta.json,Spring,../../data/depthanything/moge_dataset/Spring/0036/0049/image.png
784,784,../../data/moge_dataset/Spring/0036/0054/image.jpg,../../data/moge_dataset/Spring/0036/0054/depth.png,../../data/moge_dataset/Spring/0036/0054/meta.json,Spring,../../data/depthanything/moge_dataset/Spring/0036/0054/image.png
785,785,../../data/moge_dataset/Spring/0036/0059/image.jpg,../../data/moge_dataset/Spring/0036/0059/depth.png,../../data/moge_dataset/Spring/0036/0059/meta.json,Spring,../../data/depthanything/moge_dataset/Spring/0036/0059/image.png
786,786,../../data/moge_dataset/Spring/0036/0064/image.jpg,../../data/moge_dataset/Spring/0036/0064/depth.png,../../data/moge_dataset/Spring/0036/0064/meta.json,Spring,../../data/depthanything/moge_dataset/Spring/0036/0064/image.png
787,787,../../data/moge_dataset/Spring/0036/0069/image.jpg,../../data/moge_dataset/Spring/0036/0069/depth.png,../../data/moge_dataset/Spring/0036/0069/meta.json,Spring,../../data/depthanything/moge_dataset/Spring/0036/0069/image.png
788,788,../../data/moge_dataset/Spring/0036/0074/image.jpg,../../data/moge_dataset/Spring/0036/0074/depth.png,../../data/moge_dataset/Spring/0036/0074/meta.json,Spring,../../data/depthanything/moge_dataset/Spring/0036/0074/image.png
789,789,../../data/moge_dataset/Spring/0036/0079/image.jpg,../../data/moge_dataset/Spring/0036/0079/depth.png,../../data/moge_dataset/Spring/0036/0079/meta.json,Spring,../../data/depthanything/moge_dataset/Spring/0036/0079/image.png
790,790,../../data/moge_dataset/Spring/0036/0084/image.jpg,../../data/moge_dataset/Spring/0036/0084/depth.png,../../data/moge_dataset/Spring/0036/0084/meta.json,Spring,../../data/depthanything/moge_dataset/Spring/0036/0084/image.png
791,791,../../data/moge_dataset/Spring/0036/0089/image.jpg,../../data/moge_dataset/Spring/0036/0089/depth.png,../../data/moge_dataset/Spring/0036/0089/meta.json,Spring,../../data/depthanything/moge_dataset/Spring/0036/0089/image.png
792,792,../../data/moge_dataset/Spring/0036/0094/image.jpg,../../data/moge_dataset/Spring/0036/0094/depth.png,../../data/moge_dataset/Spring/0036/0094/meta.json,Spring,../../data/depthanything/moge_dataset/Spring/0036/0094/image.png
793,793,../../data/moge_dataset/Spring/0036/0099/image.jpg,../../data/moge_dataset/Spring/0036/0099/depth.png,../../data/moge_dataset/Spring/0036/0099/meta.json,Spring,../../data/depthanything/moge_dataset/Spring/0036/0099/image.png
794,794,../../data/moge_dataset/Spring/0036/0104/image.jpg,../../data/moge_dataset/Spring/0036/0104/depth.png,../../data/moge_dataset/Spring/0036/0104/meta.json,Spring,../../data/depthanything/moge_dataset/Spring/0036/0104/image.png
795,795,../../data/moge_dataset/Spring/0037/0001/image.jpg,../../data/moge_dataset/Spring/0037/0001/depth.png,../../data/moge_dataset/Spring/0037/0001/meta.json,Spring,../../data/depthanything/moge_dataset/Spring/0037/0001/image.png
796,796,../../data/moge_dataset/Spring/0037/0006/image.jpg,../../data/moge_dataset/Spring/0037/0006/depth.png,../../data/moge_dataset/Spring/0037/0006/meta.json,Spring,../../data/depthanything/moge_dataset/Spring/0037/0006/image.png
797,797,../../data/moge_dataset/Spring/0037/0011/image.jpg,../../data/moge_dataset/Spring/0037/0011/depth.png,../../data/moge_dataset/Spring/0037/0011/meta.json,Spring,../../data/depthanything/moge_dataset/Spring/0037/0011/image.png
798,798,../../data/moge_dataset/Spring/0037/0016/image.jpg,../../data/moge_dataset/Spring/0037/0016/depth.png,../../data/moge_dataset/Spring/0037/0016/meta.json,Spring,../../data/depthanything/moge_dataset/Spring/0037/0016/image.png
799,799,../../data/moge_dataset/Spring/0037/0021/image.jpg,../../data/moge_dataset/Spring/0037/0021/depth.png,../../data/moge_dataset/Spring/0037/0021/meta.json,Spring,../../data/depthanything/moge_dataset/Spring/0037/0021/image.png
800,800,../../data/moge_dataset/Spring/0037/0026/image.jpg,../../data/moge_dataset/Spring/0037/0026/depth.png,../../data/moge_dataset/Spring/0037/0026/meta.json,Spring,../../data/depthanything/moge_dataset/Spring/0037/0026/image.png
801,801,../../data/moge_dataset/Spring/0037/0031/image.jpg,../../data/moge_dataset/Spring/0037/0031/depth.png,../../data/moge_dataset/Spring/0037/0031/meta.json,Spring,../../data/depthanything/moge_dataset/Spring/0037/0031/image.png
802,802,../../data/moge_dataset/Spring/0037/0036/image.jpg,../../data/moge_dataset/Spring/0037/0036/depth.png,../../data/moge_dataset/Spring/0037/0036/meta.json,Spring,../../data/depthanything/moge_dataset/Spring/0037/0036/image.png
803,803,../../data/moge_dataset/Spring/0037/0041/image.jpg,../../data/moge_dataset/Spring/0037/0041/depth.png,../../data/moge_dataset/Spring/0037/0041/meta.json,Spring,../../data/depthanything/moge_dataset/Spring/0037/0041/image.png
804,804,../../data/moge_dataset/Spring/0037/0046/image.jpg,../../data/moge_dataset/Spring/0037/0046/depth.png,../../data/moge_dataset/Spring/0037/0046/meta.json,Spring,../../data/depthanything/moge_dataset/Spring/0037/0046/image.png
805,805,../../data/moge_dataset/Spring/0037/0051/image.jpg,../../data/moge_dataset/Spring/0037/0051/depth.png,../../data/moge_dataset/Spring/0037/0051/meta.json,Spring,../../data/depthanything/moge_dataset/Spring/0037/0051/image.png
806,806,../../data/moge_dataset/Spring/0037/0056/image.jpg,../../data/moge_dataset/Spring/0037/0056/depth.png,../../data/moge_dataset/Spring/0037/0056/meta.json,Spring,../../data/depthanything/moge_dataset/Spring/0037/0056/image.png
807,807,../../data/moge_dataset/Spring/0037/0061/image.jpg,../../data/moge_dataset/Spring/0037/0061/depth.png,../../data/moge_dataset/Spring/0037/0061/meta.json,Spring,../../data/depthanything/moge_dataset/Spring/0037/0061/image.png
808,808,../../data/moge_dataset/Spring/0037/0066/image.jpg,../../data/moge_dataset/Spring/0037/0066/depth.png,../../data/moge_dataset/Spring/0037/0066/meta.json,Spring,../../data/depthanything/moge_dataset/Spring/0037/0066/image.png
809,809,../../data/moge_dataset/Spring/0037/0071/image.jpg,../../data/moge_dataset/Spring/0037/0071/depth.png,../../data/moge_dataset/Spring/0037/0071/meta.json,Spring,../../data/depthanything/moge_dataset/Spring/0037/0071/image.png
810,810,../../data/moge_dataset/Spring/0037/0076/image.jpg,../../data/moge_dataset/Spring/0037/0076/depth.png,../../data/moge_dataset/Spring/0037/0076/meta.json,Spring,../../data/depthanything/moge_dataset/Spring/0037/0076/image.png
811,811,../../data/moge_dataset/Spring/0038/0002/image.jpg,../../data/moge_dataset/Spring/0038/0002/depth.png,../../data/moge_dataset/Spring/0038/0002/meta.json,Spring,../../data/depthanything/moge_dataset/Spring/0038/0002/image.png
812,812,../../data/moge_dataset/Spring/0038/0007/image.jpg,../../data/moge_dataset/Spring/0038/0007/depth.png,../../data/moge_dataset/Spring/0038/0007/meta.json,Spring,../../data/depthanything/moge_dataset/Spring/0038/0007/image.png
813,813,../../data/moge_dataset/Spring/0038/0012/image.jpg,../../data/moge_dataset/Spring/0038/0012/depth.png,../../data/moge_dataset/Spring/0038/0012/meta.json,Spring,../../data/depthanything/moge_dataset/Spring/0038/0012/image.png
814,814,../../data/moge_dataset/Spring/0038/0017/image.jpg,../../data/moge_dataset/Spring/0038/0017/depth.png,../../data/moge_dataset/Spring/0038/0017/meta.json,Spring,../../data/depthanything/moge_dataset/Spring/0038/0017/image.png
815,815,../../data/moge_dataset/Spring/0038/0022/image.jpg,../../data/moge_dataset/Spring/0038/0022/depth.png,../../data/moge_dataset/Spring/0038/0022/meta.json,Spring,../../data/depthanything/moge_dataset/Spring/0038/0022/image.png
816,816,../../data/moge_dataset/Spring/0038/0027/image.jpg,../../data/moge_dataset/Spring/0038/0027/depth.png,../../data/moge_dataset/Spring/0038/0027/meta.json,Spring,../../data/depthanything/moge_dataset/Spring/0038/0027/image.png
817,817,../../data/moge_dataset/Spring/0038/0032/image.jpg,../../data/moge_dataset/Spring/0038/0032/depth.png,../../data/moge_dataset/Spring/0038/0032/meta.json,Spring,../../data/depthanything/moge_dataset/Spring/0038/0032/image.png
818,818,../../data/moge_dataset/Spring/0038/0037/image.jpg,../../data/moge_dataset/Spring/0038/0037/depth.png,../../data/moge_dataset/Spring/0038/0037/meta.json,Spring,../../data/depthanything/moge_dataset/Spring/0038/0037/image.png
819,819,../../data/moge_dataset/Spring/0038/0042/image.jpg,../../data/moge_dataset/Spring/0038/0042/depth.png,../../data/moge_dataset/Spring/0038/0042/meta.json,Spring,../../data/depthanything/moge_dataset/Spring/0038/0042/image.png
820,820,../../data/moge_dataset/Spring/0038/0047/image.jpg,../../data/moge_dataset/Spring/0038/0047/depth.png,../../data/moge_dataset/Spring/0038/0047/meta.json,Spring,../../data/depthanything/moge_dataset/Spring/0038/0047/image.png
821,821,../../data/moge_dataset/Spring/0038/0052/image.jpg,../../data/moge_dataset/Spring/0038/0052/depth.png,../../data/moge_dataset/Spring/0038/0052/meta.json,Spring,../../data/depthanything/moge_dataset/Spring/0038/0052/image.png
822,822,../../data/moge_dataset/Spring/0038/0057/image.jpg,../../data/moge_dataset/Spring/0038/0057/depth.png,../../data/moge_dataset/Spring/0038/0057/meta.json,Spring,../../data/depthanything/moge_dataset/Spring/0038/0057/image.png
823,823,../../data/moge_dataset/Spring/0038/0062/image.jpg,../../data/moge_dataset/Spring/0038/0062/depth.png,../../data/moge_dataset/Spring/0038/0062/meta.json,Spring,../../data/depthanything/moge_dataset/Spring/0038/0062/image.png
824,824,../../data/moge_dataset/Spring/0038/0067/image.jpg,../../data/moge_dataset/Spring/0038/0067/depth.png,../../data/moge_dataset/Spring/0038/0067/meta.json,Spring,../../data/depthanything/moge_dataset/Spring/0038/0067/image.png
825,825,../../data/moge_dataset/Spring/0038/0072/image.jpg,../../data/moge_dataset/Spring/0038/0072/depth.png,../../data/moge_dataset/Spring/0038/0072/meta.json,Spring,../../data/depthanything/moge_dataset/Spring/0038/0072/image.png
826,826,../../data/moge_dataset/Spring/0038/0077/image.jpg,../../data/moge_dataset/Spring/0038/0077/depth.png,../../data/moge_dataset/Spring/0038/0077/meta.json,Spring,../../data/depthanything/moge_dataset/Spring/0038/0077/image.png
827,827,../../data/moge_dataset/Spring/0038/0082/image.jpg,../../data/moge_dataset/Spring/0038/0082/depth.png,../../data/moge_dataset/Spring/0038/0082/meta.json,Spring,../../data/depthanything/moge_dataset/Spring/0038/0082/image.png
828,828,../../data/moge_dataset/Spring/0038/0087/image.jpg,../../data/moge_dataset/Spring/0038/0087/depth.png,../../data/moge_dataset/Spring/0038/0087/meta.json,Spring,../../data/depthanything/moge_dataset/Spring/0038/0087/image.png
829,829,../../data/moge_dataset/Spring/0038/0092/image.jpg,../../data/moge_dataset/Spring/0038/0092/depth.png,../../data/moge_dataset/Spring/0038/0092/meta.json,Spring,../../data/depthanything/moge_dataset/Spring/0038/0092/image.png
830,830,../../data/moge_dataset/Spring/0038/0097/image.jpg,../../data/moge_dataset/Spring/0038/0097/depth.png,../../data/moge_dataset/Spring/0038/0097/meta.json,Spring,../../data/depthanything/moge_dataset/Spring/0038/0097/image.png
831,831,../../data/moge_dataset/Spring/0038/0102/image.jpg,../../data/moge_dataset/Spring/0038/0102/depth.png,../../data/moge_dataset/Spring/0038/0102/meta.json,Spring,../../data/depthanything/moge_dataset/Spring/0038/0102/image.png
832,832,../../data/moge_dataset/Spring/0038/0107/image.jpg,../../data/moge_dataset/Spring/0038/0107/depth.png,../../data/moge_dataset/Spring/0038/0107/meta.json,Spring,../../data/depthanything/moge_dataset/Spring/0038/0107/image.png
833,833,../../data/moge_dataset/Spring/0038/0112/image.jpg,../../data/moge_dataset/Spring/0038/0112/depth.png,../../data/moge_dataset/Spring/0038/0112/meta.json,Spring,../../data/depthanything/moge_dataset/Spring/0038/0112/image.png
834,834,../../data/moge_dataset/Spring/0038/0117/image.jpg,../../data/moge_dataset/Spring/0038/0117/depth.png,../../data/moge_dataset/Spring/0038/0117/meta.json,Spring,../../data/depthanything/moge_dataset/Spring/0038/0117/image.png
835,835,../../data/moge_dataset/Spring/0038/0122/image.jpg,../../data/moge_dataset/Spring/0038/0122/depth.png,../../data/moge_dataset/Spring/0038/0122/meta.json,Spring,../../data/depthanything/moge_dataset/Spring/0038/0122/image.png
836,836,../../data/moge_dataset/Spring/0038/0127/image.jpg,../../data/moge_dataset/Spring/0038/0127/depth.png,../../data/moge_dataset/Spring/0038/0127/meta.json,Spring,../../data/depthanything/moge_dataset/Spring/0038/0127/image.png
837,837,../../data/moge_dataset/Spring/0038/0132/image.jpg,../../data/moge_dataset/Spring/0038/0132/depth.png,../../data/moge_dataset/Spring/0038/0132/meta.json,Spring,../../data/depthanything/moge_dataset/Spring/0038/0132/image.png
838,838,../../data/moge_dataset/Spring/0038/0137/image.jpg,../../data/moge_dataset/Spring/0038/0137/depth.png,../../data/moge_dataset/Spring/0038/0137/meta.json,Spring,../../data/depthanything/moge_dataset/Spring/0038/0137/image.png
839,839,../../data/moge_dataset/Spring/0038/0142/image.jpg,../../data/moge_dataset/Spring/0038/0142/depth.png,../../data/moge_dataset/Spring/0038/0142/meta.json,Spring,../../data/depthanything/moge_dataset/Spring/0038/0142/image.png
840,840,../../data/moge_dataset/Spring/0039/0002/image.jpg,../../data/moge_dataset/Spring/0039/0002/depth.png,../../data/moge_dataset/Spring/0039/0002/meta.json,Spring,../../data/depthanything/moge_dataset/Spring/0039/0002/image.png
841,841,../../data/moge_dataset/Spring/0039/0007/image.jpg,../../data/moge_dataset/Spring/0039/0007/depth.png,../../data/moge_dataset/Spring/0039/0007/meta.json,Spring,../../data/depthanything/moge_dataset/Spring/0039/0007/image.png
842,842,../../data/moge_dataset/Spring/0039/0012/image.jpg,../../data/moge_dataset/Spring/0039/0012/depth.png,../../data/moge_dataset/Spring/0039/0012/meta.json,Spring,../../data/depthanything/moge_dataset/Spring/0039/0012/image.png
843,843,../../data/moge_dataset/Spring/0039/0017/image.jpg,../../data/moge_dataset/Spring/0039/0017/depth.png,../../data/moge_dataset/Spring/0039/0017/meta.json,Spring,../../data/depthanything/moge_dataset/Spring/0039/0017/image.png
844,844,../../data/moge_dataset/Spring/0039/0022/image.jpg,../../data/moge_dataset/Spring/0039/0022/depth.png,../../data/moge_dataset/Spring/0039/0022/meta.json,Spring,../../data/depthanything/moge_dataset/Spring/0039/0022/image.png
845,845,../../data/moge_dataset/Spring/0039/0027/image.jpg,../../data/moge_dataset/Spring/0039/0027/depth.png,../../data/moge_dataset/Spring/0039/0027/meta.json,Spring,../../data/depthanything/moge_dataset/Spring/0039/0027/image.png
846,846,../../data/moge_dataset/Spring/0039/0032/image.jpg,../../data/moge_dataset/Spring/0039/0032/depth.png,../../data/moge_dataset/Spring/0039/0032/meta.json,Spring,../../data/depthanything/moge_dataset/Spring/0039/0032/image.png
847,847,../../data/moge_dataset/Spring/0039/0037/image.jpg,../../data/moge_dataset/Spring/0039/0037/depth.png,../../data/moge_dataset/Spring/0039/0037/meta.json,Spring,../../data/depthanything/moge_dataset/Spring/0039/0037/image.png
848,848,../../data/moge_dataset/Spring/0039/0042/image.jpg,../../data/moge_dataset/Spring/0039/0042/depth.png,../../data/moge_dataset/Spring/0039/0042/meta.json,Spring,../../data/depthanything/moge_dataset/Spring/0039/0042/image.png
849,849,../../data/moge_dataset/Spring/0039/0047/image.jpg,../../data/moge_dataset/Spring/0039/0047/depth.png,../../data/moge_dataset/Spring/0039/0047/meta.json,Spring,../../data/depthanything/moge_dataset/Spring/0039/0047/image.png
850,850,../../data/moge_dataset/Spring/0039/0052/image.jpg,../../data/moge_dataset/Spring/0039/0052/depth.png,../../data/moge_dataset/Spring/0039/0052/meta.json,Spring,../../data/depthanything/moge_dataset/Spring/0039/0052/image.png
851,851,../../data/moge_dataset/Spring/0039/0057/image.jpg,../../data/moge_dataset/Spring/0039/0057/depth.png,../../data/moge_dataset/Spring/0039/0057/meta.json,Spring,../../data/depthanything/moge_dataset/Spring/0039/0057/image.png
852,852,../../data/moge_dataset/Spring/0039/0062/image.jpg,../../data/moge_dataset/Spring/0039/0062/depth.png,../../data/moge_dataset/Spring/0039/0062/meta.json,Spring,../../data/depthanything/moge_dataset/Spring/0039/0062/image.png
853,853,../../data/moge_dataset/Spring/0039/0067/image.jpg,../../data/moge_dataset/Spring/0039/0067/depth.png,../../data/moge_dataset/Spring/0039/0067/meta.json,Spring,../../data/depthanything/moge_dataset/Spring/0039/0067/image.png
854,854,../../data/moge_dataset/Spring/0039/0072/image.jpg,../../data/moge_dataset/Spring/0039/0072/depth.png,../../data/moge_dataset/Spring/0039/0072/meta.json,Spring,../../data/depthanything/moge_dataset/Spring/0039/0072/image.png
855,855,../../data/moge_dataset/Spring/0039/0077/image.jpg,../../data/moge_dataset/Spring/0039/0077/depth.png,../../data/moge_dataset/Spring/0039/0077/meta.json,Spring,../../data/depthanything/moge_dataset/Spring/0039/0077/image.png
856,856,../../data/moge_dataset/Spring/0041/0005/image.jpg,../../data/moge_dataset/Spring/0041/0005/depth.png,../../data/moge_dataset/Spring/0041/0005/meta.json,Spring,../../data/depthanything/moge_dataset/Spring/0041/0005/image.png
857,857,../../data/moge_dataset/Spring/0041/0010/image.jpg,../../data/moge_dataset/Spring/0041/0010/depth.png,../../data/moge_dataset/Spring/0041/0010/meta.json,Spring,../../data/depthanything/moge_dataset/Spring/0041/0010/image.png
858,858,../../data/moge_dataset/Spring/0041/0015/image.jpg,../../data/moge_dataset/Spring/0041/0015/depth.png,../../data/moge_dataset/Spring/0041/0015/meta.json,Spring,../../data/depthanything/moge_dataset/Spring/0041/0015/image.png
859,859,../../data/moge_dataset/Spring/0041/0020/image.jpg,../../data/moge_dataset/Spring/0041/0020/depth.png,../../data/moge_dataset/Spring/0041/0020/meta.json,Spring,../../data/depthanything/moge_dataset/Spring/0041/0020/image.png
860,860,../../data/moge_dataset/Spring/0041/0025/image.jpg,../../data/moge_dataset/Spring/0041/0025/depth.png,../../data/moge_dataset/Spring/0041/0025/meta.json,Spring,../../data/depthanything/moge_dataset/Spring/0041/0025/image.png
861,861,../../data/moge_dataset/Spring/0041/0030/image.jpg,../../data/moge_dataset/Spring/0041/0030/depth.png,../../data/moge_dataset/Spring/0041/0030/meta.json,Spring,../../data/depthanything/moge_dataset/Spring/0041/0030/image.png
862,862,../../data/moge_dataset/Spring/0041/0035/image.jpg,../../data/moge_dataset/Spring/0041/0035/depth.png,../../data/moge_dataset/Spring/0041/0035/meta.json,Spring,../../data/depthanything/moge_dataset/Spring/0041/0035/image.png
863,863,../../data/moge_dataset/Spring/0041/0040/image.jpg,../../data/moge_dataset/Spring/0041/0040/depth.png,../../data/moge_dataset/Spring/0041/0040/meta.json,Spring,../../data/depthanything/moge_dataset/Spring/0041/0040/image.png
864,864,../../data/moge_dataset/Spring/0041/0045/image.jpg,../../data/moge_dataset/Spring/0041/0045/depth.png,../../data/moge_dataset/Spring/0041/0045/meta.json,Spring,../../data/depthanything/moge_dataset/Spring/0041/0045/image.png
865,865,../../data/moge_dataset/Spring/0041/0050/image.jpg,../../data/moge_dataset/Spring/0041/0050/depth.png,../../data/moge_dataset/Spring/0041/0050/meta.json,Spring,../../data/depthanything/moge_dataset/Spring/0041/0050/image.png
866,866,../../data/moge_dataset/Spring/0041/0055/image.jpg,../../data/moge_dataset/Spring/0041/0055/depth.png,../../data/moge_dataset/Spring/0041/0055/meta.json,Spring,../../data/depthanything/moge_dataset/Spring/0041/0055/image.png
867,867,../../data/moge_dataset/Spring/0041/0060/image.jpg,../../data/moge_dataset/Spring/0041/0060/depth.png,../../data/moge_dataset/Spring/0041/0060/meta.json,Spring,../../data/depthanything/moge_dataset/Spring/0041/0060/image.png
868,868,../../data/moge_dataset/Spring/0041/0065/image.jpg,../../data/moge_dataset/Spring/0041/0065/depth.png,../../data/moge_dataset/Spring/0041/0065/meta.json,Spring,../../data/depthanything/moge_dataset/Spring/0041/0065/image.png
869,869,../../data/moge_dataset/Spring/0041/0070/image.jpg,../../data/moge_dataset/Spring/0041/0070/depth.png,../../data/moge_dataset/Spring/0041/0070/meta.json,Spring,../../data/depthanything/moge_dataset/Spring/0041/0070/image.png
870,870,../../data/moge_dataset/Spring/0041/0075/image.jpg,../../data/moge_dataset/Spring/0041/0075/depth.png,../../data/moge_dataset/Spring/0041/0075/meta.json,Spring,../../data/depthanything/moge_dataset/Spring/0041/0075/image.png
871,871,../../data/moge_dataset/Spring/0041/0080/image.jpg,../../data/moge_dataset/Spring/0041/0080/depth.png,../../data/moge_dataset/Spring/0041/0080/meta.json,Spring,../../data/depthanything/moge_dataset/Spring/0041/0080/image.png
872,872,../../data/moge_dataset/Spring/0041/0085/image.jpg,../../data/moge_dataset/Spring/0041/0085/depth.png,../../data/moge_dataset/Spring/0041/0085/meta.json,Spring,../../data/depthanything/moge_dataset/Spring/0041/0085/image.png
873,873,../../data/moge_dataset/Spring/0041/0090/image.jpg,../../data/moge_dataset/Spring/0041/0090/depth.png,../../data/moge_dataset/Spring/0041/0090/meta.json,Spring,../../data/depthanything/moge_dataset/Spring/0041/0090/image.png
874,874,../../data/moge_dataset/Spring/0041/0095/image.jpg,../../data/moge_dataset/Spring/0041/0095/depth.png,../../data/moge_dataset/Spring/0041/0095/meta.json,Spring,../../data/depthanything/moge_dataset/Spring/0041/0095/image.png
875,875,../../data/moge_dataset/Spring/0043/0004/image.jpg,../../data/moge_dataset/Spring/0043/0004/depth.png,../../data/moge_dataset/Spring/0043/0004/meta.json,Spring,../../data/depthanything/moge_dataset/Spring/0043/0004/image.png
876,876,../../data/moge_dataset/Spring/0043/0009/image.jpg,../../data/moge_dataset/Spring/0043/0009/depth.png,../../data/moge_dataset/Spring/0043/0009/meta.json,Spring,../../data/depthanything/moge_dataset/Spring/0043/0009/image.png
877,877,../../data/moge_dataset/Spring/0043/0014/image.jpg,../../data/moge_dataset/Spring/0043/0014/depth.png,../../data/moge_dataset/Spring/0043/0014/meta.json,Spring,../../data/depthanything/moge_dataset/Spring/0043/0014/image.png
878,878,../../data/moge_dataset/Spring/0043/0019/image.jpg,../../data/moge_dataset/Spring/0043/0019/depth.png,../../data/moge_dataset/Spring/0043/0019/meta.json,Spring,../../data/depthanything/moge_dataset/Spring/0043/0019/image.png
879,879,../../data/moge_dataset/Spring/0043/0024/image.jpg,../../data/moge_dataset/Spring/0043/0024/depth.png,../../data/moge_dataset/Spring/0043/0024/meta.json,Spring,../../data/depthanything/moge_dataset/Spring/0043/0024/image.png
880,880,../../data/moge_dataset/Spring/0043/0029/image.jpg,../../data/moge_dataset/Spring/0043/0029/depth.png,../../data/moge_dataset/Spring/0043/0029/meta.json,Spring,../../data/depthanything/moge_dataset/Spring/0043/0029/image.png
881,881,../../data/moge_dataset/Spring/0043/0034/image.jpg,../../data/moge_dataset/Spring/0043/0034/depth.png,../../data/moge_dataset/Spring/0043/0034/meta.json,Spring,../../data/depthanything/moge_dataset/Spring/0043/0034/image.png
882,882,../../data/moge_dataset/Spring/0043/0039/image.jpg,../../data/moge_dataset/Spring/0043/0039/depth.png,../../data/moge_dataset/Spring/0043/0039/meta.json,Spring,../../data/depthanything/moge_dataset/Spring/0043/0039/image.png
883,883,../../data/moge_dataset/Spring/0043/0044/image.jpg,../../data/moge_dataset/Spring/0043/0044/depth.png,../../data/moge_dataset/Spring/0043/0044/meta.json,Spring,../../data/depthanything/moge_dataset/Spring/0043/0044/image.png
884,884,../../data/moge_dataset/Spring/0043/0049/image.jpg,../../data/moge_dataset/Spring/0043/0049/depth.png,../../data/moge_dataset/Spring/0043/0049/meta.json,Spring,../../data/depthanything/moge_dataset/Spring/0043/0049/image.png
885,885,../../data/moge_dataset/Spring/0043/0054/image.jpg,../../data/moge_dataset/Spring/0043/0054/depth.png,../../data/moge_dataset/Spring/0043/0054/meta.json,Spring,../../data/depthanything/moge_dataset/Spring/0043/0054/image.png
886,886,../../data/moge_dataset/Spring/0043/0059/image.jpg,../../data/moge_dataset/Spring/0043/0059/depth.png,../../data/moge_dataset/Spring/0043/0059/meta.json,Spring,../../data/depthanything/moge_dataset/Spring/0043/0059/image.png
887,887,../../data/moge_dataset/Spring/0043/0064/image.jpg,../../data/moge_dataset/Spring/0043/0064/depth.png,../../data/moge_dataset/Spring/0043/0064/meta.json,Spring,../../data/depthanything/moge_dataset/Spring/0043/0064/image.png
888,888,../../data/moge_dataset/Spring/0043/0069/image.jpg,../../data/moge_dataset/Spring/0043/0069/depth.png,../../data/moge_dataset/Spring/0043/0069/meta.json,Spring,../../data/depthanything/moge_dataset/Spring/0043/0069/image.png
889,889,../../data/moge_dataset/Spring/0043/0074/image.jpg,../../data/moge_dataset/Spring/0043/0074/depth.png,../../data/moge_dataset/Spring/0043/0074/meta.json,Spring,../../data/depthanything/moge_dataset/Spring/0043/0074/image.png
890,890,../../data/moge_dataset/Spring/0043/0079/image.jpg,../../data/moge_dataset/Spring/0043/0079/depth.png,../../data/moge_dataset/Spring/0043/0079/meta.json,Spring,../../data/depthanything/moge_dataset/Spring/0043/0079/image.png
891,891,../../data/moge_dataset/Spring/0043/0084/image.jpg,../../data/moge_dataset/Spring/0043/0084/depth.png,../../data/moge_dataset/Spring/0043/0084/meta.json,Spring,../../data/depthanything/moge_dataset/Spring/0043/0084/image.png
892,892,../../data/moge_dataset/Spring/0043/0089/image.jpg,../../data/moge_dataset/Spring/0043/0089/depth.png,../../data/moge_dataset/Spring/0043/0089/meta.json,Spring,../../data/depthanything/moge_dataset/Spring/0043/0089/image.png
893,893,../../data/moge_dataset/Spring/0044/0003/image.jpg,../../data/moge_dataset/Spring/0044/0003/depth.png,../../data/moge_dataset/Spring/0044/0003/meta.json,Spring,../../data/depthanything/moge_dataset/Spring/0044/0003/image.png
894,894,../../data/moge_dataset/Spring/0044/0008/image.jpg,../../data/moge_dataset/Spring/0044/0008/depth.png,../../data/moge_dataset/Spring/0044/0008/meta.json,Spring,../../data/depthanything/moge_dataset/Spring/0044/0008/image.png
895,895,../../data/moge_dataset/Spring/0044/0013/image.jpg,../../data/moge_dataset/Spring/0044/0013/depth.png,../../data/moge_dataset/Spring/0044/0013/meta.json,Spring,../../data/depthanything/moge_dataset/Spring/0044/0013/image.png
896,896,../../data/moge_dataset/Spring/0044/0018/image.jpg,../../data/moge_dataset/Spring/0044/0018/depth.png,../../data/moge_dataset/Spring/0044/0018/meta.json,Spring,../../data/depthanything/moge_dataset/Spring/0044/0018/image.png
897,897,../../data/moge_dataset/Spring/0044/0023/image.jpg,../../data/moge_dataset/Spring/0044/0023/depth.png,../../data/moge_dataset/Spring/0044/0023/meta.json,Spring,../../data/depthanything/moge_dataset/Spring/0044/0023/image.png
898,898,../../data/moge_dataset/Spring/0044/0028/image.jpg,../../data/moge_dataset/Spring/0044/0028/depth.png,../../data/moge_dataset/Spring/0044/0028/meta.json,Spring,../../data/depthanything/moge_dataset/Spring/0044/0028/image.png
899,899,../../data/moge_dataset/Spring/0044/0033/image.jpg,../../data/moge_dataset/Spring/0044/0033/depth.png,../../data/moge_dataset/Spring/0044/0033/meta.json,Spring,../../data/depthanything/moge_dataset/Spring/0044/0033/image.png
900,900,../../data/moge_dataset/Spring/0044/0038/image.jpg,../../data/moge_dataset/Spring/0044/0038/depth.png,../../data/moge_dataset/Spring/0044/0038/meta.json,Spring,../../data/depthanything/moge_dataset/Spring/0044/0038/image.png
901,901,../../data/moge_dataset/Spring/0044/0043/image.jpg,../../data/moge_dataset/Spring/0044/0043/depth.png,../../data/moge_dataset/Spring/0044/0043/meta.json,Spring,../../data/depthanything/moge_dataset/Spring/0044/0043/image.png
902,902,../../data/moge_dataset/Spring/0044/0048/image.jpg,../../data/moge_dataset/Spring/0044/0048/depth.png,../../data/moge_dataset/Spring/0044/0048/meta.json,Spring,../../data/depthanything/moge_dataset/Spring/0044/0048/image.png
903,903,../../data/moge_dataset/Spring/0044/0053/image.jpg,../../data/moge_dataset/Spring/0044/0053/depth.png,../../data/moge_dataset/Spring/0044/0053/meta.json,Spring,../../data/depthanything/moge_dataset/Spring/0044/0053/image.png
904,904,../../data/moge_dataset/Spring/0044/0058/image.jpg,../../data/moge_dataset/Spring/0044/0058/depth.png,../../data/moge_dataset/Spring/0044/0058/meta.json,Spring,../../data/depthanything/moge_dataset/Spring/0044/0058/image.png
905,905,../../data/moge_dataset/Spring/0044/0063/image.jpg,../../data/moge_dataset/Spring/0044/0063/depth.png,../../data/moge_dataset/Spring/0044/0063/meta.json,Spring,../../data/depthanything/moge_dataset/Spring/0044/0063/image.png
906,906,../../data/moge_dataset/Spring/0044/0068/image.jpg,../../data/moge_dataset/Spring/0044/0068/depth.png,../../data/moge_dataset/Spring/0044/0068/meta.json,Spring,../../data/depthanything/moge_dataset/Spring/0044/0068/image.png
907,907,../../data/moge_dataset/Spring/0045/0002/image.jpg,../../data/moge_dataset/Spring/0045/0002/depth.png,../../data/moge_dataset/Spring/0045/0002/meta.json,Spring,../../data/depthanything/moge_dataset/Spring/0045/0002/image.png
908,908,../../data/moge_dataset/Spring/0045/0007/image.jpg,../../data/moge_dataset/Spring/0045/0007/depth.png,../../data/moge_dataset/Spring/0045/0007/meta.json,Spring,../../data/depthanything/moge_dataset/Spring/0045/0007/image.png
909,909,../../data/moge_dataset/Spring/0045/0012/image.jpg,../../data/moge_dataset/Spring/0045/0012/depth.png,../../data/moge_dataset/Spring/0045/0012/meta.json,Spring,../../data/depthanything/moge_dataset/Spring/0045/0012/image.png
910,910,../../data/moge_dataset/Spring/0045/0017/image.jpg,../../data/moge_dataset/Spring/0045/0017/depth.png,../../data/moge_dataset/Spring/0045/0017/meta.json,Spring,../../data/depthanything/moge_dataset/Spring/0045/0017/image.png
911,911,../../data/moge_dataset/Spring/0045/0022/image.jpg,../../data/moge_dataset/Spring/0045/0022/depth.png,../../data/moge_dataset/Spring/0045/0022/meta.json,Spring,../../data/depthanything/moge_dataset/Spring/0045/0022/image.png
912,912,../../data/moge_dataset/Spring/0045/0027/image.jpg,../../data/moge_dataset/Spring/0045/0027/depth.png,../../data/moge_dataset/Spring/0045/0027/meta.json,Spring,../../data/depthanything/moge_dataset/Spring/0045/0027/image.png
913,913,../../data/moge_dataset/Spring/0045/0032/image.jpg,../../data/moge_dataset/Spring/0045/0032/depth.png,../../data/moge_dataset/Spring/0045/0032/meta.json,Spring,../../data/depthanything/moge_dataset/Spring/0045/0032/image.png
914,914,../../data/moge_dataset/Spring/0045/0037/image.jpg,../../data/moge_dataset/Spring/0045/0037/depth.png,../../data/moge_dataset/Spring/0045/0037/meta.json,Spring,../../data/depthanything/moge_dataset/Spring/0045/0037/image.png
915,915,../../data/moge_dataset/Spring/0045/0042/image.jpg,../../data/moge_dataset/Spring/0045/0042/depth.png,../../data/moge_dataset/Spring/0045/0042/meta.json,Spring,../../data/depthanything/moge_dataset/Spring/0045/0042/image.png
916,916,../../data/moge_dataset/Spring/0045/0047/image.jpg,../../data/moge_dataset/Spring/0045/0047/depth.png,../../data/moge_dataset/Spring/0045/0047/meta.json,Spring,../../data/depthanything/moge_dataset/Spring/0045/0047/image.png
917,917,../../data/moge_dataset/Spring/0045/0052/image.jpg,../../data/moge_dataset/Spring/0045/0052/depth.png,../../data/moge_dataset/Spring/0045/0052/meta.json,Spring,../../data/depthanything/moge_dataset/Spring/0045/0052/image.png
918,918,../../data/moge_dataset/Spring/0045/0057/image.jpg,../../data/moge_dataset/Spring/0045/0057/depth.png,../../data/moge_dataset/Spring/0045/0057/meta.json,Spring,../../data/depthanything/moge_dataset/Spring/0045/0057/image.png
919,919,../../data/moge_dataset/Spring/0045/0062/image.jpg,../../data/moge_dataset/Spring/0045/0062/depth.png,../../data/moge_dataset/Spring/0045/0062/meta.json,Spring,../../data/depthanything/moge_dataset/Spring/0045/0062/image.png
920,920,../../data/moge_dataset/Spring/0045/0067/image.jpg,../../data/moge_dataset/Spring/0045/0067/depth.png,../../data/moge_dataset/Spring/0045/0067/meta.json,Spring,../../data/depthanything/moge_dataset/Spring/0045/0067/image.png
921,921,../../data/moge_dataset/Spring/0045/0072/image.jpg,../../data/moge_dataset/Spring/0045/0072/depth.png,../../data/moge_dataset/Spring/0045/0072/meta.json,Spring,../../data/depthanything/moge_dataset/Spring/0045/0072/image.png
922,922,../../data/moge_dataset/Spring/0045/0077/image.jpg,../../data/moge_dataset/Spring/0045/0077/depth.png,../../data/moge_dataset/Spring/0045/0077/meta.json,Spring,../../data/depthanything/moge_dataset/Spring/0045/0077/image.png
923,923,../../data/moge_dataset/Spring/0045/0082/image.jpg,../../data/moge_dataset/Spring/0045/0082/depth.png,../../data/moge_dataset/Spring/0045/0082/meta.json,Spring,../../data/depthanything/moge_dataset/Spring/0045/0082/image.png
924,924,../../data/moge_dataset/Spring/0045/0087/image.jpg,../../data/moge_dataset/Spring/0045/0087/depth.png,../../data/moge_dataset/Spring/0045/0087/meta.json,Spring,../../data/depthanything/moge_dataset/Spring/0045/0087/image.png
925,925,../../data/moge_dataset/Spring/0045/0092/image.jpg,../../data/moge_dataset/Spring/0045/0092/depth.png,../../data/moge_dataset/Spring/0045/0092/meta.json,Spring,../../data/depthanything/moge_dataset/Spring/0045/0092/image.png
926,926,../../data/moge_dataset/Spring/0045/0097/image.jpg,../../data/moge_dataset/Spring/0045/0097/depth.png,../../data/moge_dataset/Spring/0045/0097/meta.json,Spring,../../data/depthanything/moge_dataset/Spring/0045/0097/image.png
927,927,../../data/moge_dataset/Spring/0045/0102/image.jpg,../../data/moge_dataset/Spring/0045/0102/depth.png,../../data/moge_dataset/Spring/0045/0102/meta.json,Spring,../../data/depthanything/moge_dataset/Spring/0045/0102/image.png
928,928,../../data/moge_dataset/Spring/0045/0107/image.jpg,../../data/moge_dataset/Spring/0045/0107/depth.png,../../data/moge_dataset/Spring/0045/0107/meta.json,Spring,../../data/depthanything/moge_dataset/Spring/0045/0107/image.png
929,929,../../data/moge_dataset/Spring/0045/0112/image.jpg,../../data/moge_dataset/Spring/0045/0112/depth.png,../../data/moge_dataset/Spring/0045/0112/meta.json,Spring,../../data/depthanything/moge_dataset/Spring/0045/0112/image.png
930,930,../../data/moge_dataset/Spring/0045/0117/image.jpg,../../data/moge_dataset/Spring/0045/0117/depth.png,../../data/moge_dataset/Spring/0045/0117/meta.json,Spring,../../data/depthanything/moge_dataset/Spring/0045/0117/image.png
931,931,../../data/moge_dataset/Spring/0045/0122/image.jpg,../../data/moge_dataset/Spring/0045/0122/depth.png,../../data/moge_dataset/Spring/0045/0122/meta.json,Spring,../../data/depthanything/moge_dataset/Spring/0045/0122/image.png
932,932,../../data/moge_dataset/Spring/0045/0127/image.jpg,../../data/moge_dataset/Spring/0045/0127/depth.png,../../data/moge_dataset/Spring/0045/0127/meta.json,Spring,../../data/depthanything/moge_dataset/Spring/0045/0127/image.png
933,933,../../data/moge_dataset/Spring/0045/0132/image.jpg,../../data/moge_dataset/Spring/0045/0132/depth.png,../../data/moge_dataset/Spring/0045/0132/meta.json,Spring,../../data/depthanything/moge_dataset/Spring/0045/0132/image.png
934,934,../../data/moge_dataset/Spring/0045/0137/image.jpg,../../data/moge_dataset/Spring/0045/0137/depth.png,../../data/moge_dataset/Spring/0045/0137/meta.json,Spring,../../data/depthanything/moge_dataset/Spring/0045/0137/image.png
935,935,../../data/moge_dataset/Spring/0045/0142/image.jpg,../../data/moge_dataset/Spring/0045/0142/depth.png,../../data/moge_dataset/Spring/0045/0142/meta.json,Spring,../../data/depthanything/moge_dataset/Spring/0045/0142/image.png
936,936,../../data/moge_dataset/Spring/0045/0147/image.jpg,../../data/moge_dataset/Spring/0045/0147/depth.png,../../data/moge_dataset/Spring/0045/0147/meta.json,Spring,../../data/depthanything/moge_dataset/Spring/0045/0147/image.png
937,937,../../data/moge_dataset/Spring/0045/0152/image.jpg,../../data/moge_dataset/Spring/0045/0152/depth.png,../../data/moge_dataset/Spring/0045/0152/meta.json,Spring,../../data/depthanything/moge_dataset/Spring/0045/0152/image.png
938,938,../../data/moge_dataset/Spring/0045/0157/image.jpg,../../data/moge_dataset/Spring/0045/0157/depth.png,../../data/moge_dataset/Spring/0045/0157/meta.json,Spring,../../data/depthanything/moge_dataset/Spring/0045/0157/image.png
939,939,../../data/moge_dataset/Spring/0045/0162/image.jpg,../../data/moge_dataset/Spring/0045/0162/depth.png,../../data/moge_dataset/Spring/0045/0162/meta.json,Spring,../../data/depthanything/moge_dataset/Spring/0045/0162/image.png
940,940,../../data/moge_dataset/Spring/0045/0167/image.jpg,../../data/moge_dataset/Spring/0045/0167/depth.png,../../data/moge_dataset/Spring/0045/0167/meta.json,Spring,../../data/depthanything/moge_dataset/Spring/0045/0167/image.png
941,941,../../data/moge_dataset/Spring/0045/0172/image.jpg,../../data/moge_dataset/Spring/0045/0172/depth.png,../../data/moge_dataset/Spring/0045/0172/meta.json,Spring,../../data/depthanything/moge_dataset/Spring/0045/0172/image.png
942,942,../../data/moge_dataset/Spring/0045/0177/image.jpg,../../data/moge_dataset/Spring/0045/0177/depth.png,../../data/moge_dataset/Spring/0045/0177/meta.json,Spring,../../data/depthanything/moge_dataset/Spring/0045/0177/image.png
943,943,../../data/moge_dataset/Spring/0045/0182/image.jpg,../../data/moge_dataset/Spring/0045/0182/depth.png,../../data/moge_dataset/Spring/0045/0182/meta.json,Spring,../../data/depthanything/moge_dataset/Spring/0045/0182/image.png
944,944,../../data/moge_dataset/Spring/0045/0187/image.jpg,../../data/moge_dataset/Spring/0045/0187/depth.png,../../data/moge_dataset/Spring/0045/0187/meta.json,Spring,../../data/depthanything/moge_dataset/Spring/0045/0187/image.png
945,945,../../data/moge_dataset/Spring/0045/0192/image.jpg,../../data/moge_dataset/Spring/0045/0192/depth.png,../../data/moge_dataset/Spring/0045/0192/meta.json,Spring,../../data/depthanything/moge_dataset/Spring/0045/0192/image.png
946,946,../../data/moge_dataset/Spring/0045/0197/image.jpg,../../data/moge_dataset/Spring/0045/0197/depth.png,../../data/moge_dataset/Spring/0045/0197/meta.json,Spring,../../data/depthanything/moge_dataset/Spring/0045/0197/image.png
947,947,../../data/moge_dataset/Spring/0047/0004/image.jpg,../../data/moge_dataset/Spring/0047/0004/depth.png,../../data/moge_dataset/Spring/0047/0004/meta.json,Spring,../../data/depthanything/moge_dataset/Spring/0047/0004/image.png
948,948,../../data/moge_dataset/Spring/0047/0009/image.jpg,../../data/moge_dataset/Spring/0047/0009/depth.png,../../data/moge_dataset/Spring/0047/0009/meta.json,Spring,../../data/depthanything/moge_dataset/Spring/0047/0009/image.png
949,949,../../data/moge_dataset/Spring/0047/0014/image.jpg,../../data/moge_dataset/Spring/0047/0014/depth.png,../../data/moge_dataset/Spring/0047/0014/meta.json,Spring,../../data/depthanything/moge_dataset/Spring/0047/0014/image.png
950,950,../../data/moge_dataset/Spring/0047/0019/image.jpg,../../data/moge_dataset/Spring/0047/0019/depth.png,../../data/moge_dataset/Spring/0047/0019/meta.json,Spring,../../data/depthanything/moge_dataset/Spring/0047/0019/image.png
951,951,../../data/moge_dataset/Spring/0047/0024/image.jpg,../../data/moge_dataset/Spring/0047/0024/depth.png,../../data/moge_dataset/Spring/0047/0024/meta.json,Spring,../../data/depthanything/moge_dataset/Spring/0047/0024/image.png
952,952,../../data/moge_dataset/Spring/0047/0029/image.jpg,../../data/moge_dataset/Spring/0047/0029/depth.png,../../data/moge_dataset/Spring/0047/0029/meta.json,Spring,../../data/depthanything/moge_dataset/Spring/0047/0029/image.png
953,953,../../data/moge_dataset/Spring/0047/0034/image.jpg,../../data/moge_dataset/Spring/0047/0034/depth.png,../../data/moge_dataset/Spring/0047/0034/meta.json,Spring,../../data/depthanything/moge_dataset/Spring/0047/0034/image.png
954,954,../../data/moge_dataset/Spring/0047/0039/image.jpg,../../data/moge_dataset/Spring/0047/0039/depth.png,../../data/moge_dataset/Spring/0047/0039/meta.json,Spring,../../data/depthanything/moge_dataset/Spring/0047/0039/image.png
955,955,../../data/moge_dataset/Spring/0047/0044/image.jpg,../../data/moge_dataset/Spring/0047/0044/depth.png,../../data/moge_dataset/Spring/0047/0044/meta.json,Spring,../../data/depthanything/moge_dataset/Spring/0047/0044/image.png
956,956,../../data/moge_dataset/Spring/0047/0049/image.jpg,../../data/moge_dataset/Spring/0047/0049/depth.png,../../data/moge_dataset/Spring/0047/0049/meta.json,Spring,../../data/depthanything/moge_dataset/Spring/0047/0049/image.png
957,957,../../data/moge_dataset/Spring/0047/0054/image.jpg,../../data/moge_dataset/Spring/0047/0054/depth.png,../../data/moge_dataset/Spring/0047/0054/meta.json,Spring,../../data/depthanything/moge_dataset/Spring/0047/0054/image.png
958,958,../../data/moge_dataset/Spring/0047/0059/image.jpg,../../data/moge_dataset/Spring/0047/0059/depth.png,../../data/moge_dataset/Spring/0047/0059/meta.json,Spring,../../data/depthanything/moge_dataset/Spring/0047/0059/image.png
959,959,../../data/moge_dataset/Spring/0047/0064/image.jpg,../../data/moge_dataset/Spring/0047/0064/depth.png,../../data/moge_dataset/Spring/0047/0064/meta.json,Spring,../../data/depthanything/moge_dataset/Spring/0047/0064/image.png
960,960,../../data/moge_dataset/Spring/0047/0069/image.jpg,../../data/moge_dataset/Spring/0047/0069/depth.png,../../data/moge_dataset/Spring/0047/0069/meta.json,Spring,../../data/depthanything/moge_dataset/Spring/0047/0069/image.png
961,961,../../data/moge_dataset/Spring/0047/0074/image.jpg,../../data/moge_dataset/Spring/0047/0074/depth.png,../../data/moge_dataset/Spring/0047/0074/meta.json,Spring,../../data/depthanything/moge_dataset/Spring/0047/0074/image.png
962,962,../../data/moge_dataset/Spring/0047/0079/image.jpg,../../data/moge_dataset/Spring/0047/0079/depth.png,../../data/moge_dataset/Spring/0047/0079/meta.json,Spring,../../data/depthanything/moge_dataset/Spring/0047/0079/image.png
963,963,../../data/moge_dataset/Spring/0047/0084/image.jpg,../../data/moge_dataset/Spring/0047/0084/depth.png,../../data/moge_dataset/Spring/0047/0084/meta.json,Spring,../../data/depthanything/moge_dataset/Spring/0047/0084/image.png
964,964,../../data/moge_dataset/Spring/0047/0089/image.jpg,../../data/moge_dataset/Spring/0047/0089/depth.png,../../data/moge_dataset/Spring/0047/0089/meta.json,Spring,../../data/depthanything/moge_dataset/Spring/0047/0089/image.png
965,965,../../data/moge_dataset/Spring/0047/0094/image.jpg,../../data/moge_dataset/Spring/0047/0094/depth.png,../../data/moge_dataset/Spring/0047/0094/meta.json,Spring,../../data/depthanything/moge_dataset/Spring/0047/0094/image.png
966,966,../../data/moge_dataset/Spring/0047/0099/image.jpg,../../data/moge_dataset/Spring/0047/0099/depth.png,../../data/moge_dataset/Spring/0047/0099/meta.json,Spring,../../data/depthanything/moge_dataset/Spring/0047/0099/image.png
967,967,../../data/moge_dataset/Spring/0047/0104/image.jpg,../../data/moge_dataset/Spring/0047/0104/depth.png,../../data/moge_dataset/Spring/0047/0104/meta.json,Spring,../../data/depthanything/moge_dataset/Spring/0047/0104/image.png
968,968,../../data/moge_dataset/Spring/0047/0109/image.jpg,../../data/moge_dataset/Spring/0047/0109/depth.png,../../data/moge_dataset/Spring/0047/0109/meta.json,Spring,../../data/depthanything/moge_dataset/Spring/0047/0109/image.png
969,969,../../data/moge_dataset/Spring/0047/0114/image.jpg,../../data/moge_dataset/Spring/0047/0114/depth.png,../../data/moge_dataset/Spring/0047/0114/meta.json,Spring,../../data/depthanything/moge_dataset/Spring/0047/0114/image.png
970,970,../../data/moge_dataset/Spring/0047/0119/image.jpg,../../data/moge_dataset/Spring/0047/0119/depth.png,../../data/moge_dataset/Spring/0047/0119/meta.json,Spring,../../data/depthanything/moge_dataset/Spring/0047/0119/image.png
971,971,../../data/moge_dataset/Spring/0047/0124/image.jpg,../../data/moge_dataset/Spring/0047/0124/depth.png,../../data/moge_dataset/Spring/0047/0124/meta.json,Spring,../../data/depthanything/moge_dataset/Spring/0047/0124/image.png
972,972,../../data/moge_dataset/Spring/0047/0129/image.jpg,../../data/moge_dataset/Spring/0047/0129/depth.png,../../data/moge_dataset/Spring/0047/0129/meta.json,Spring,../../data/depthanything/moge_dataset/Spring/0047/0129/image.png
973,973,../../data/moge_dataset/Spring/0047/0134/image.jpg,../../data/moge_dataset/Spring/0047/0134/depth.png,../../data/moge_dataset/Spring/0047/0134/meta.json,Spring,../../data/depthanything/moge_dataset/Spring/0047/0134/image.png
974,974,../../data/moge_dataset/Spring/0047/0139/image.jpg,../../data/moge_dataset/Spring/0047/0139/depth.png,../../data/moge_dataset/Spring/0047/0139/meta.json,Spring,../../data/depthanything/moge_dataset/Spring/0047/0139/image.png
975,975,../../data/moge_dataset/Spring/0047/0144/image.jpg,../../data/moge_dataset/Spring/0047/0144/depth.png,../../data/moge_dataset/Spring/0047/0144/meta.json,Spring,../../data/depthanything/moge_dataset/Spring/0047/0144/image.png
976,976,../../data/moge_dataset/Spring/0047/0149/image.jpg,../../data/moge_dataset/Spring/0047/0149/depth.png,../../data/moge_dataset/Spring/0047/0149/meta.json,Spring,../../data/depthanything/moge_dataset/Spring/0047/0149/image.png
977,977,../../data/moge_dataset/Spring/0047/0154/image.jpg,../../data/moge_dataset/Spring/0047/0154/depth.png,../../data/moge_dataset/Spring/0047/0154/meta.json,Spring,../../data/depthanything/moge_dataset/Spring/0047/0154/image.png
978,978,../../data/moge_dataset/Spring/0047/0159/image.jpg,../../data/moge_dataset/Spring/0047/0159/depth.png,../../data/moge_dataset/Spring/0047/0159/meta.json,Spring,../../data/depthanything/moge_dataset/Spring/0047/0159/image.png
979,979,../../data/moge_dataset/Spring/0047/0164/image.jpg,../../data/moge_dataset/Spring/0047/0164/depth.png,../../data/moge_dataset/Spring/0047/0164/meta.json,Spring,../../data/depthanything/moge_dataset/Spring/0047/0164/image.png
980,980,../../data/moge_dataset/Spring/0047/0169/image.jpg,../../data/moge_dataset/Spring/0047/0169/depth.png,../../data/moge_dataset/Spring/0047/0169/meta.json,Spring,../../data/depthanything/moge_dataset/Spring/0047/0169/image.png
981,981,../../data/moge_dataset/Spring/0047/0174/image.jpg,../../data/moge_dataset/Spring/0047/0174/depth.png,../../data/moge_dataset/Spring/0047/0174/meta.json,Spring,../../data/depthanything/moge_dataset/Spring/0047/0174/image.png
982,982,../../data/moge_dataset/Spring/0047/0179/image.jpg,../../data/moge_dataset/Spring/0047/0179/depth.png,../../data/moge_dataset/Spring/0047/0179/meta.json,Spring,../../data/depthanything/moge_dataset/Spring/0047/0179/image.png
983,983,../../data/moge_dataset/Spring/0047/0184/image.jpg,../../data/moge_dataset/Spring/0047/0184/depth.png,../../data/moge_dataset/Spring/0047/0184/meta.json,Spring,../../data/depthanything/moge_dataset/Spring/0047/0184/image.png
984,984,../../data/moge_dataset/Spring/0047/0189/image.jpg,../../data/moge_dataset/Spring/0047/0189/depth.png,../../data/moge_dataset/Spring/0047/0189/meta.json,Spring,../../data/depthanything/moge_dataset/Spring/0047/0189/image.png
985,985,../../data/moge_dataset/Spring/0047/0194/image.jpg,../../data/moge_dataset/Spring/0047/0194/depth.png,../../data/moge_dataset/Spring/0047/0194/meta.json,Spring,../../data/depthanything/moge_dataset/Spring/0047/0194/image.png
986,986,../../data/moge_dataset/Spring/0047/0199/image.jpg,../../data/moge_dataset/Spring/0047/0199/depth.png,../../data/moge_dataset/Spring/0047/0199/meta.json,Spring,../../data/depthanything/moge_dataset/Spring/0047/0199/image.png
987,987,../../data/moge_dataset/Spring/0047/0204/image.jpg,../../data/moge_dataset/Spring/0047/0204/depth.png,../../data/moge_dataset/Spring/0047/0204/meta.json,Spring,../../data/depthanything/moge_dataset/Spring/0047/0204/image.png
988,988,../../data/moge_dataset/Spring/0047/0209/image.jpg,../../data/moge_dataset/Spring/0047/0209/depth.png,../../data/moge_dataset/Spring/0047/0209/meta.json,Spring,../../data/depthanything/moge_dataset/Spring/0047/0209/image.png
989,989,../../data/moge_dataset/Spring/0047/0214/image.jpg,../../data/moge_dataset/Spring/0047/0214/depth.png,../../data/moge_dataset/Spring/0047/0214/meta.json,Spring,../../data/depthanything/moge_dataset/Spring/0047/0214/image.png
990,990,../../data/moge_dataset/Spring/0047/0219/image.jpg,../../data/moge_dataset/Spring/0047/0219/depth.png,../../data/moge_dataset/Spring/0047/0219/meta.json,Spring,../../data/depthanything/moge_dataset/Spring/0047/0219/image.png
991,991,../../data/moge_dataset/Spring/0047/0224/image.jpg,../../data/moge_dataset/Spring/0047/0224/depth.png,../../data/moge_dataset/Spring/0047/0224/meta.json,Spring,../../data/depthanything/moge_dataset/Spring/0047/0224/image.png
992,992,../../data/moge_dataset/Spring/0047/0229/image.jpg,../../data/moge_dataset/Spring/0047/0229/depth.png,../../data/moge_dataset/Spring/0047/0229/meta.json,Spring,../../data/depthanything/moge_dataset/Spring/0047/0229/image.png
993,993,../../data/moge_dataset/Spring/0047/0234/image.jpg,../../data/moge_dataset/Spring/0047/0234/depth.png,../../data/moge_dataset/Spring/0047/0234/meta.json,Spring,../../data/depthanything/moge_dataset/Spring/0047/0234/image.png
994,994,../../data/moge_dataset/Spring/0047/0239/image.jpg,../../data/moge_dataset/Spring/0047/0239/depth.png,../../data/moge_dataset/Spring/0047/0239/meta.json,Spring,../../data/depthanything/moge_dataset/Spring/0047/0239/image.png
995,995,../../data/moge_dataset/Spring/0047/0244/image.jpg,../../data/moge_dataset/Spring/0047/0244/depth.png,../../data/moge_dataset/Spring/0047/0244/meta.json,Spring,../../data/depthanything/moge_dataset/Spring/0047/0244/image.png
996,996,../../data/moge_dataset/Spring/0047/0249/image.jpg,../../data/moge_dataset/Spring/0047/0249/depth.png,../../data/moge_dataset/Spring/0047/0249/meta.json,Spring,../../data/depthanything/moge_dataset/Spring/0047/0249/image.png
997,997,../../data/moge_dataset/Spring/0047/0254/image.jpg,../../data/moge_dataset/Spring/0047/0254/depth.png,../../data/moge_dataset/Spring/0047/0254/meta.json,Spring,../../data/depthanything/moge_dataset/Spring/0047/0254/image.png
998,998,../../data/moge_dataset/Spring/0047/0259/image.jpg,../../data/moge_dataset/Spring/0047/0259/depth.png,../../data/moge_dataset/Spring/0047/0259/meta.json,Spring,../../data/depthanything/moge_dataset/Spring/0047/0259/image.png
999,999,../../data/moge_dataset/Spring/0047/0264/image.jpg,../../data/moge_dataset/Spring/0047/0264/depth.png,../../data/moge_dataset/Spring/0047/0264/meta.json,Spring,../../data/depthanything/moge_dataset/Spring/0047/0264/image.png
